"patron","x","y"
"p01",0.632630418734643,0.931027672346326
"p01",0.643578300520663,0.935320963678364
"p01",0.626166751925818,0.923184798097592
"p01",0.598029943100082,0.941927066439634
"p01",0.624254393575739,0.912433526806107
"p01",0.645108061405008,0.905306117810205
"p01",0.215919381814023,0.0225187868311087
"p01",0.239297053997905,0.0572700883384602
"p01",0.23079233385058,0.0442513242655179
"p01",0.21196460524822,0.0619994459743852
"p01",0.231144803972387,0.0750019218183302
"p01",0.232254833211915,0.0780896194102997
"p01",0.260645794708806,0.051294188291359
"p01",0.239256950102737,0.0646966573054409
"p01",0.233657314907368,0.063612582813393
"p01",0.194282625565517,0.0819801509145524
"p01",0.251341219807587,0.0519448938812317
"p01",0.379272561825807,0.581218833165056
"p01",0.395430214867315,0.577407116747849
"p01",0.375012511677098,0.570187372372443
"p01",0.402112785837345,0.596704981763951
"p01",0.405143737635096,0.592556133614716
"p01",0.397801667710636,0.619673938171126
"p01",0.813150415395611,0.537181384230343
"p01",0.842544636285128,0.547969623082166
"p01",0.827734423300627,0.522978780230097
"p01",0.798579605387891,0.533482130889503
"p01",0.788517148464734,0.557457260414532
"p01",0.796028208938299,0.562240167892769
"p01",0.780176697876755,0.540264728719832
"p01",0.869546824009447,0.70157284628492
"p01",0.865680648377906,0.676970985850316
"p01",0.852862155650509,0.645873032129446
"p01",0.841035744497698,0.641211673224562
"p01",0.86285885159202,0.674146259653368
"p01",0.87318760864893,0.674489708168203
"p01",0.862627629766197,0.672360783891119
"p01",0.836058002116542,0.670177323473265
"p01",0.678166089515591,0.815373270305856
"p01",0.668457509839589,0.822698732835287
"p01",0.636791595823988,0.825405547455792
"p01",0.494665854614662,0.732500565346801
"p01",0.494394579636253,0.746449496247719
"p01",0.469333584550367,0.733731146081451
"p01",0.484911837464326,0.745194229890676
"p01",0.720760639909224,0.85975488705308
"p01",0.762204330537477,0.823531598277781
"p01",0.749916430416049,0.835206934441485
"p01",0.755844353407901,0.814829968214043
"p01",0.692379272551992,0.845792038913135
"p01",0.989009355380441,0.0150184051055903
"p01",0.0676895333249503,0.743699133178371
"p01",0.0385919082453333,0.705888285176174
"p01",0.0635771644226276,0.730170081640518
"p01",0.0739276820245668,0.725659064373455
"p01",0.0660729292621694,0.725544871941554
"p01",0.0571614707906092,0.716205682043018
"p01",0.0484164917469632,0.7132063866971
"p01",0.0700290639477776,0.752339972363908
"p01",0.357633507387387,0.333251769465235
"p01",0.370499301505633,0.314037895847478
"p01",0.388927811465459,0.305471923774652
"p01",0.368872424217466,0.319904273748809
"p01",0.344304385051941,0.284029017385213
"p01",0.360443288404428,0.298475795719148
"p01",0.36268872202108,0.305515562436287
"p01",0.371661444602625,0.277367873664143
"p01",0.361795258634934,0.28026079313562
"p01",0.3379250686796,0.311957574047157
"p01",0.378084569264112,0.309556598974225
"p01",0.358073628822091,0.307491357981267
"p01",0.563627219642992,0.966132381625525
"p01",0.554048015004076,0.984246741889461
"p01",0.596716942956457,0.994022720041341
"p01",0.360148393386881,0.351404443501982
"p01",0.324058426126045,0.348083901985406
"p01",0.351284796069706,0.334714474137092
"p01",0.347802407585161,0.318379960261665
"p01",0.36682085751416,0.318825698407892
"p01",0.371034704675869,0.334814524678162
"p01",0.454233669532391,0.0568072468962103
"p01",0.474936409456378,0.0436832183212214
"p01",0.506442572990535,0.0296685397598085
"p01",0.490081975703294,0.040942022584038
"p01",0.483514655402483,0.0571250299085747
"p01",0.478771114971245,0.0760358344428011
"p01",0.264037574574313,0.19477980253334
"p01",0.269964571600491,0.195351499720126
"p01",0.279455783704177,0.198917249671507
"p01",0.283780296398606,0.185423446816488
"p01",0.269439509373272,0.199312632385306
"p01",0.252432640946574,0.218347229222907
"p01",0.273149485582565,0.197247772150442
"p01",0.994625339610007,0.69876368459643
"p01",0.973938710529878,0.687014521086576
"p01",0.995800187041175,0.679752580726719
"p01",0.236741100174063,0.928309140338688
"p01",0.236618223476914,0.9091428274605
"p01",0.24909437385034,0.885220044904637
"p01",0.22151553757512,0.928508236926404
"p01",0.212722026527663,0.924723621946168
"p01",0.245532528646528,0.918210826762614
"p01",0.224837075058408,0.923652939492872
"p01",0.992978325575408,0.0268845159540525
"p01",0.167993020950515,0.990342973639078
"p01",0.176490485058937,0.972446425202931
"p01",0.166429918652445,0.993428340874023
"p01",0.204228524917454,0.985849742654569
"p01",0.166743916833476,0.990642275975467
"p01",0.171308980861798,0.959791613943128
"p01",0.154480282782223,0.983822494666761
"p01",0.17160293158898,0.97433182016816
"p01",0.996545155321375,0.454466036393469
"p01",0.635604187078387,0.615340866669445
"p01",0.626965819567499,0.567975872073528
"p01",0.614247437959387,0.590637959194713
"p01",0.647776985536632,0.618034440555565
"p01",0.835123917849183,0.0141416626884579
"p01",0.844032222810676,0.00650266138470301
"p01",0.863151056450559,0.0305576720992041
"p01",0.97780266755188,0.388596064552232
"p01",0.948526121204787,0.394911643457204
"p01",0.95315300912193,0.371913429318072
"p01",0.946472406350975,0.399740886683656
"p01",0.959464694202449,0.395604661562089
"p01",0.952853394171082,0.383531646381443
"p01",0.952940411400978,0.422582150745229
"p01",0.936359556866596,0.384410309578386
"p01",0.793478392239143,0.669434263853345
"p01",0.810617985015079,0.650562304022978
"p01",0.815536777655927,0.653054718881091
"p01",0.793789622452978,0.639933656644269
"p01",0.820486255264426,0.66560698228997
"p01",0.818435630139265,0.639976079326102
"p01",0.830115872516063,0.680086412811064
"p01",0.683834839084093,0.0437937472882449
"p01",0.652326437616747,0.00959225129608393
"p01",0.674963594630802,0.0571793018780178
"p01",0.667414204504861,0.0500937395122983
"p01",0.665188479812307,0.0477792995838445
"p01",0.644818794712416,0.0271922740956962
"p01",0.634255488248369,0.04459854837472
"p01",0.660045758183338,0.0206866016266768
"p01",0.65758869114287,0.0320490793918196
"p01",0.652064741600112,0.0490477787355942
"p01",0.665841293942276,0.0234878745387748
"p01",0.64477070903607,0.0145978649503925
"p01",0.996770858905623,0.642141805558199
"p01",0.989804539027707,0.670973032209146
"p01",0.992135330999613,0.691948820298577
"p01",0.841654518742939,0.615045777127834
"p01",0.849525312727149,0.602602927609162
"p01",0.845531414907646,0.576165229490592
"p01",0.849788794468914,0.586070968123371
"p01",0.852870634656502,0.61129299774626
"p01",0.836875797226163,0.595981395467364
"p01",0.840229977497608,0.578664086961166
"p01",0.814273049687104,0.614925595774283
"p01",0.824176904099313,0.602644780644996
"p01",0.847712181088276,0.585500783080905
"p01",0.844378050758442,0.577735681681965
"p01",0.799456040661959,0.622959526250278
"p01",0.0651249442429568,0.0231546061827697
"p01",0.091917383501506,0.0230384683294684
"p01",0.0879530140500526,0.0350714778419148
"p01",0.0754539923203694,0.0452193689085786
"p01",0.0749621475762722,0.061394764239839
"p01",0.0897842806280295,0.0263355907437409
"p01",0.0795385408979088,0.0333963445052533
"p02",0.285628056049056,0.472218622450443
"p02",0.24629363194419,0.452480668418879
"p02",0.242917953800014,0.448738716718754
"p02",0.312827977855594,0.472673286106411
"p02",0.283203531175188,0.457914646015662
"p02",0.272561432923385,0.486426224726831
"p02",0.243054106226012,0.480577019930038
"p02",0.268230618101325,0.498930630645682
"p02",0.297753452660808,0.440234547592928
"p02",0.289628596255292,0.485809990461655
"p02",0.728382091292806,0.917623122372314
"p02",0.699704359481193,0.9187327270293
"p02",0.727116734750499,0.917464695225938
"p02",0.767252717189467,0.869182341220698
"p02",0.762882680173765,0.960549991253178
"p02",0.630891028206148,0.803164087728419
"p02",0.624799134471738,0.809113110989323
"p02",0.604579234583386,0.82585140774165
"p02",0.607088702870704,0.805432009647436
"p02",0.63980511264523,0.874772415545306
"p02",0.628545731424743,0.82391830514567
"p02",0.623778242751046,0.841024606665262
"p02",0.600771285243143,0.827411299188869
"p02",0.588979404337816,0.834907342785004
"p02",0.544826131862193,0.799867731698125
"p02",0.98743121462358,0.182548497384662
"p02",0.975062007102228,0.16295799624815
"p02",0.980577359733725,0.16820954411519
"p02",0.943981161464721,0.163623523723259
"p02",0.9816906114445,0.152917684330591
"p02",0.902540491642576,0.156833434865834
"p02",0.00854265075955951,0.198147492475169
"p02",0.0536245290345772,0.205052318414801
"p02",0.0155653292217677,0.22231359260421
"p02",0.0172376439630178,0.227715186895618
"p02",0.974489922680612,0.559661869176872
"p02",0.958624510001366,0.535159556881937
"p02",0.943510149149919,0.490185122848792
"p02",0.976437637660071,0.433349501082193
"p02",0.973394694607504,0.478155963093375
"p02",0.999608712640748,0.515363656219786
"p02",0.996558125738074,0.482045060246451
"p02",0.801881518065924,0.366346231114017
"p02",0.763450938335394,0.379690882626194
"p02",0.774277798601481,0.318392507888697
"p02",0.757171364126937,0.339982886669613
"p02",0.752346191130405,0.356741264453707
"p02",0.00452304862247194,0.890015577663684
"p02",0.0277157329990377,0.95260996290332
"p02",0.0627717724053694,0.912768485711452
"p02",0.00455305335650807,0.882996453707504
"p02",0.0548943264396948,0.871277907422625
"p02",0.0551678178204251,0.860364105909916
"p02",0.0206600315525705,0.85562331842225
"p02",0.452500326963932,0.694468431299384
"p02",0.441543364311546,0.707172629471296
"p02",0.456507188976844,0.715735871494121
"p02",0.445289777299766,0.670282352135899
"p02",0.534571413839744,0.778414663454744
"p02",0.538005398011728,0.775082957359427
"p02",0.5497608921923,0.738878279417637
"p02",0.544836420102424,0.806983164884325
"p02",0.478511187022298,0.751558043914074
"p02",0.544163715791797,0.771411697921257
"p02",0.494454088943654,0.784000814173411
"p02",0.798732172628104,0.272539789124913
"p02",0.791718949631812,0.254939525518184
"p02",0.811425280384314,0.345006929751381
"p02",0.80445449354427,0.281696953176583
"p02",0.784825233795822,0.296383809132246
"p02",0.778266727899307,0.297026213093445
"p02",0.809363568159141,0.280516879288272
"p02",0.791587615403721,0.290615466758188
"p02",0.824267051395229,0.257714801248241
"p02",0.806117202996687,0.311461665282268
"p02",0.71839321476815,0.112116177173692
"p02",0.738406413980737,0.0602831245649841
"p02",0.705504541569189,0.0778562078192468
"p02",0.735708842758072,0.108888810330357
"p02",0.687740702611531,0.0649605062214839
"p02",0.779827445017828,0.153241317225346
"p02",0.750263478851054,0.107518332763802
"p02",0.718276314467706,0.110319471356269
"p02",0.691787269979663,0.100753640944297
"p02",0.245058788042263,0.214277070906951
"p02",0.242304169487722,0.241919090430332
"p02",0.29407537215311,0.249753592855333
"p02",0.296363382606787,0.230415913511763
"p02",0.229817393292375,0.233224240201074
"p02",0.207301592303509,0.258380193721506
"p02",0.241930664173453,0.220685189758913
"p02",0.242181886314421,0.24374691695204
"p02",0.159820212253102,0.435204774042177
"p02",0.151272165162002,0.46706397402493
"p02",0.156005718976443,0.407197915427616
"p02",0.41793508704594,0.202852949252808
"p02",0.363190197826491,0.203103099059204
"p02",0.399500033957335,0.177218437173969
"p02",0.316366004676074,0.170539011120404
"p02",0.377429452197763,0.182311211113097
"p02",0.936478078811706,0.627105942097828
"p02",0.981241168780347,0.641686178066353
"p02",0.990088355487458,0.630805237002862
"p02",0.996202691039021,0.617290126665192
"p02",0.440484654233668,0.233080118127791
"p02",0.382747365673982,0.19871282572832
"p02",0.450567700000887,0.232068284801465
"p02",0.468183997282622,0.200236166564366
"p02",0.433246024261083,0.206624163647796
"p02",0.471245664013909,0.202844865582357
"p02",0.442538046340243,0.223218654287476
"p02",0.390940304706394,0.250230641496521
"p02",0.426933725173174,0.182696258412884
"p02",0.418517762833908,0.215495908245277
"p03",0.758076380189228,0.388717342682707
"p03",0.750316751555294,0.401027564870231
"p03",0.730691212681311,0.380785947587441
"p03",0.73713527901039,0.388960054927614
"p03",0.671325232236772,0.395507853146862
"p03",0.764202804773658,0.369508256842941
"p03",0.727642778129742,0.356981172201869
"p03",0.730873747380933,0.429114366630396
"p03",0.713883302926983,0.449819915454763
"p03",0.725378250253613,0.340873417545921
"p03",0.717848820135383,0.37575460047922
"p03",0.716103185002099,0.356815844405926
"p03",0.721627509596676,0.389827627603701
"p03",0.731263659326491,0.379731043844615
"p03",0.743630968526067,0.381599366204318
"p03",0.742959680781666,0.450700288328675
"p03",0.441084813591091,0.527597981064082
"p03",0.422693202640572,0.475794373281422
"p03",0.43088297248602,0.498831091394205
"p03",0.397421537463949,0.46601606870105
"p03",0.417111956377005,0.500992725444019
"p03",0.395510917187127,0.476123463553055
"p03",0.404378659954498,0.486542674358318
"p03",0.54933654403659,0.51248973958858
"p03",0.520742321090218,0.545193342601115
"p03",0.541168722142061,0.568153475506545
"p03",0.479020605375991,0.533177922437895
"p03",0.540559602476895,0.569030232172483
"p03",0.521652208680947,0.568900219901402
"p03",0.522995328482938,0.564974659885647
"p03",0.498116476786733,0.539298801106337
"p03",0.516072593066424,0.570249591405858
"p03",0.531623878397543,0.551381060789803
"p03",0.714771463350841,0.552109835620118
"p03",0.721376879716751,0.52600163152796
"p03",0.681783066683051,0.53586418485783
"p03",0.678259820495532,0.522689071980333
"p03",0.746095542035934,0.497548411311871
"p03",0.712477469211753,0.543903401213706
"p03",0.707578680999657,0.539972430728382
"p03",0.746821389466733,0.407123861353011
"p03",0.730606343550559,0.448405606104958
"p03",0.680065077530046,0.462112843011994
"p03",0.774443375348885,0.430400795063073
"p03",0.724289400676788,0.437343879317379
"p03",0.733519384193836,0.440576513026068
"p03",0.739614359832995,0.400091909901259
"p03",0.742046434362634,0.432946549743576
"p03",0.759155613676483,0.44329413370702
"p03",0.75124918953042,0.433227970244123
"p03",0.725468655744753,0.423157003294268
"p03",0.702266646784641,0.445710591113771
"p03",0.729752482695602,0.460331434050824
"p03",0.78810820686124,0.186418345457445
"p03",0.755962088139724,0.220883783583213
"p03",0.793259627882328,0.243409789368713
"p03",0.811258017024725,0.22146024053377
"p03",0.796914762958563,0.184432043921195
"p03",0.812741842256126,0.265876853062476
"p03",0.808451734997008,0.235533818493854
"p03",0.784129666145381,0.169136878241787
"p03",0.795748132963775,0.169084337791762
"p03",0.803062844596646,0.177492739813252
"p03",0.779047866340692,0.193087968755952
"p03",0.822365208597732,0.22921035352252
"p03",0.809891809539918,0.252425746570129
"p03",0.501676012321278,0.713268711376
"p03",0.411461179838134,0.764386088054422
"p03",0.447519507111572,0.743291804552125
"p03",0.432892544142049,0.759409051849628
"p03",0.41602004471536,0.774701885030608
"p03",0.448123578625792,0.761600717504999
"p03",0.443294650494427,0.739024259855707
"p03",0.416539439740995,0.721127899703342
"p03",0.435188756851322,0.735900386766766
"p03",0.460385909985048,0.743077917336208
"p03",0.417269666866569,0.763665854450934
"p03",0.483376128142411,0.748549042140619
"p03",0.400636877776277,0.757066573630057
"p03",0.162625096909394,0.168630615494409
"p03",0.201564179141915,0.131921691589485
"p03",0.127147755643203,0.127338745969109
"p03",0.175382905039936,0.129502922067007
"p03",0.119283589188717,0.15743814028258
"p03",0.195448418236294,0.153774179149282
"p03",0.201973622095979,0.11481077006318
"p03",0.193074064602868,0.153161120259948
"p03",0.1450275310779,0.597491142051034
"p03",0.125294244560929,0.633903327056208
"p03",0.0711272801046068,0.61971994831719
"p03",0.123592554266739,0.607271810616308
"p03",0.0912576160959693,0.578000318333147
"p03",0.132023455947769,0.583675409651854
"p03",0.167742703206487,0.551265615384916
"p03",0.1119468118128,0.617087556211352
"p03",0.135299340674113,0.637629162538106
"p03",0.126177372543599,0.615740811817739
"p03",0.119913125238448,0.638515227745877
"p03",0.126578828232003,0.625203637937823
"p03",0.134269005141325,0.492627466893454
"p03",0.171031222029324,0.557439195710334
"p03",0.16498845212163,0.51391659188351
"p03",0.113939774224671,0.506182983154283
"p03",0.160376565992779,0.500603626893124
"p03",0.17831930693816,0.476679132226649
"p03",0.14415562100366,0.515485342263158
"p03",0.160290779124883,0.488210096032403
"p03",0.176280569993088,0.469535033290635
"p03",0.144519194194395,0.474156085935695
"p03",0.140599645875138,0.464865970408937
"p03",0.173860683334793,0.530153763163456
"p03",0.156633219308295,0.530780495748243
"p03",0.979148278061426,0.00577731081054755
"p03",0.948812163405465,0.010306107899653
"p03",0.932908373332436,0.0509604208675231
"p03",0.994995825827203,0.054540807766836
"p03",0.995910496287221,0.0181863511319147
"p03",0.987210521229846,0.010370377784319
"p03",0.983479886712356,0.0497535103132599
"p03",0.893726035704126,0.837117005745699
"p03",0.88593512566167,0.867238863946823
"p03",0.886757591926229,0.856202535764484
"p03",0.911944520357711,0.861072214778479
"p03",0.892120692472413,0.887691717226667
"p03",0.896075594602338,0.84517378416539
"p03",0.906718355672101,0.86558060498017
"p03",0.278781591219868,0.315834326293177
"p03",0.360041948199267,0.385756041997683
"p03",0.30163649436802,0.316567468461777
"p03",0.317949627378143,0.334566679620471
"p03",0.307277798910325,0.32789325043145
"p03",0.315433419882676,0.366031474813219
"p03",0.323896486885947,0.31242288284677
"p03",0.304787534204121,0.361567850114383
"p03",0.276177847688211,0.356373647287554
"p03",0.318261789351205,0.329729395688313
"p03",0.284106933189157,0.333316067006261
"p03",0.325322544638841,0.308133384361641
"p03",0.321284813040976,0.340437225084271
"p03",0.864000817060507,0.558140307216812
"p03",0.854725216553982,0.551268777464449
"p03",0.860756054049065,0.522822429454295
"p03",0.889739159829954,0.501556458867535
"p03",0.918680531964791,0.470594036019532
"p03",0.873682716638668,0.545315945042483
"p03",0.889016200717677,0.499722981563114
"p03",0.910544732004168,0.542220879221756
"p03",0.869281981092503,0.546664168862135
"p03",0.867075890995914,0.550765311897078
"p03",0.00142892546034268,0.949302734322657
"p03",0.0409604218570981,0.410261746566964
"p03",0.0786198089154385,0.429021374270716
"p03",0.0512183054775067,0.427739377684626
"p03",0.0626563821829949,0.420039968168823
"p03",0.0784427067902312,0.39542912451707
"p03",0.0140570352165834,0.391441342977404
"p03",0.0574280720322694,0.427192547474655
"p03",0.0608268000364873,0.442052732664236
"p03",0.0994570515040531,0.412864907595066
"p03",0.0495761075964811,0.45433703737778
"p03",0.0709312624017943,0.450481991257862
"p03",0.452772096795873,0.679475417888507
"p03",0.40336254922599,0.618840824470153
"p03",0.438542778294673,0.631363245650951
"p03",0.431380143894085,0.631591299255469
"p03",0.383219652763545,0.644172007922566
"p03",0.440076065376828,0.668412658036518
"p03",0.430686160454881,0.641842194587292
"p03",0.407994663004521,0.61224960185304
"p03",0.430806528343947,0.636089189978051
"p03",0.434928553761857,0.63518787874498
"p03",0.412856972852828,0.682837091496992
"p03",0.375355255622115,0.659339590265781
"p03",0.399232893211752,0.674542199606077
"p03",0.417239987627818,0.653620882511873
"p03",0.435980484223766,0.675531635830728
"p03",0.0647718281991781,0.391322913488535
"p03",0.0808915121466851,0.361858076217709
"p03",0.0954442181918912,0.362932393562641
"p03",0.0799877479528819,0.378015943903522
"p03",0.0783655696400296,0.339387530569612
"p03",0.0533139661983037,0.364347382143762
"p03",0.0386503362742888,0.372327394325352
"p03",0.0686923958836333,0.381985983756871
"p03",0.0994565074251646,0.386816786951186
"p03",0.0252880626789846,0.422250399488715
"p03",0.0686143941261806,0.40815175922504
"p03",0.451990352715489,0.535823887117685
"p03",0.418444707174294,0.546219751240895
"p03",0.392908234795895,0.511164838355529
"p03",0.387703980279746,0.434872048244814
"p03",0.407733577604939,0.498000854815647
"p03",0.382449786765397,0.508018081447934
"p03",0.43279624099311,0.531493695137347
"p03",0.393589850124367,0.473350123947082
"p03",0.417044711206032,0.509440025711473
"p03",0.963454536667288,0.17618640742368
"p03",0.924531562799494,0.190346517099491
"p03",0.947915307802242,0.16696316971301
"p03",0.980283012106311,0.210277531232648
"p03",0.955434063881818,0.163185012194047
"p03",0.932775419297201,0.189852258198527
"p03",0.952981586665132,0.241603409906982
"p03",0.980294624450167,0.183244294459046
"p03",0.917037531341289,0.136254088506233
"p03",0.85146581314368,0.752573411649901
"p03",0.777417911793475,0.681384085446369
"p03",0.777426259486432,0.707954556465927
"p03",0.783742629450213,0.737834239108976
"p03",0.772190673848679,0.728879870353379
"p03",0.840695857107435,0.752308497906715
"p03",0.792232686234431,0.743017854974305
"p03",0.780145827798717,0.734119691975696
"p03",0.839767083167153,0.724141913566061
"p03",0.806419083966643,0.701923909329604
"p03",0.980437487428359,0.100958769393244
"p03",0.922162574620932,0.100942778546235
"p03",0.949877006766929,0.119581224399913
"p03",0.932672228438679,0.122451716387598
"p03",0.9167472960189,0.112603102536709
"p03",0.988157551522974,0.0876033735294913
"p03",0.913190003077274,0.108375151735267
"p03",0.321372665666022,0.015388729254038
"p03",0.231968746867653,0.0564597725794556
"p03",0.295111089745095,0.0310664168857633
"p03",0.323465825080577,0.00258289839408554
"p03",0.320469894558886,0.0215556711130379
"p03",0.290639643364691,0.0907488100487954
"p03",0.332458181900039,0.0215435288640727
"p03",0.302077056006211,0.0558196589002054
"p03",0.314934916808588,0.0312714163007238
"p03",0.342259456983251,0.0515572389162205
"p03",0.274938108474303,0.0520124590838941
"p03",0.624023692095993,0.789036185235192
"p03",0.65947132224774,0.81687423572941
"p03",0.656524332088733,0.782899797342059
"p03",0.641035553607776,0.786905144312894
"p03",0.612382004550692,0.834199631166778
"p03",0.624326925140475,0.821497170751132
"p03",0.6214256117297,0.777654414929545
"p03",0.605469175286584,0.799797266740325
"p03",0.607969942566175,0.280028867441112
"p03",0.588563580615951,0.223379117557747
"p03",0.616158960022598,0.245013052215725
"p03",0.5873144035781,0.247275284695746
"p03",0.629063036881855,0.215707873026724
"p03",0.587311345770647,0.240913670968866
"p03",0.596248740372149,0.238902887807172
"p03",0.53148810817385,0.27438907560257
"p03",0.623939631372142,0.238278855544878
"p03",0.205955729529567,0.323107572822987
"p03",0.226954585941908,0.312521611370839
"p03",0.255884847611716,0.302831894971843
"p03",0.199779151697766,0.316617698991457
"p03",0.224504046568888,0.297452698103848
"p03",0.188639352086504,0.289376071143725
"p03",0.22464584041774,0.324081155155866
"p03",0.250512845307934,0.307632349177566
"p03",0.224249779447103,0.266403514111391
"p03",0.22441030365361,0.318905276012498
"p03",0.78915022325681,0.703550855738954
"p03",0.796596336024277,0.726451241447363
"p03",0.806209954622665,0.706780662751758
"p03",0.876960267374059,0.695400018361581
"p03",0.79800939605162,0.678701998464201
"p03",0.859963364797165,0.683243933587681
"p03",0.80356836541822,0.731823402878955
"p03",0.803987512881819,0.726732646421087
"p03",0.809279746928,0.762189191822632
"p03",0.845405605081499,0.729819972019336
"p03",0.826116400207353,0.746413471628805
"p03",0.830598080015193,0.696782738571203
"p03",0.797263673502916,0.698738441875028
"p03",0.763743802815753,0.729660759108256
"p03",0.819534783664905,0.652258378633538
"p03",0.778295993850942,0.737562775444261
"p03",0.834548420438795,0.74650854543967
"p03",0.755846586651608,0.712779408028789
"p04",0.0913799239638253,0.00839726140394531
"p04",0.098444006029138,0.0276353483214624
"p04",0.0400708985377957,0.00261274320280264
"p04",0.747793780194226,0.0739157224300365
"p04",0.733959948452173,0.0993494125699085
"p04",0.799426869510705,0.137079442585462
"p04",0.745917595533548,0.124543245191627
"p04",0.777694611843114,0.130452929855653
"p04",0.73661019721701,0.10518786269151
"p04",0.996663175623121,0.9287901608547
"p04",0.995553627035817,0.928496987988237
"p04",0.97090294814306,0.936902122170775
"p04",0.987573533500504,0.950923535977115
"p04",0.407817103592771,0.651076814986504
"p04",0.38484124472298,0.632903898162386
"p04",0.397093280802112,0.594406011019097
"p04",0.411212166742506,0.637590313646386
"p04",0.108431979026749,0.542606897004731
"p04",0.121755020081419,0.494137586086521
"p04",0.140247954473188,0.501906651681035
"p04",0.0815587352482107,0.469243117386037
"p04",0.133983100393451,0.500280306750315
"p04",0.138000250930092,0.498661046794712
"p04",0.660769915780024,0.923656650023837
"p04",0.66214121652252,0.964735356755454
"p04",0.56775367781561,0.972292717505767
"p04",0.648388234410227,0.971412051348663
"p04",0.60923067075073,0.987281314068716
"p04",0.645974364712659,0.96136741353669
"p04",0.643739694150392,0.927946719037119
"p04",0.565078073156606,0.874447122831716
"p04",0.569170377331183,0.886847221698034
"p04",0.535712196083729,0.916804912984852
"p04",0.570435982194344,0.857962006009138
"p04",0.521923791571687,0.897695004782964
"p04",0.540138271976355,0.897874151502522
"p04",0.510506693129974,0.926747248599091
"p04",0.0148823556923965,0.788565696506739
"p04",0.00943040702353964,0.830269386758879
"p04",0.00917180320186967,0.840009126396233
"p04",0.510587768092785,0.222818344042866
"p04",0.507195645083439,0.137120312217906
"p04",0.50606797140511,0.153026403023166
"p04",0.483035375095855,0.230710608724177
"p04",0.522861432515081,0.174719865506784
"p04",0.51094258871281,0.218902223091384
"p04",0.475469445818978,0.0283686005268538
"p04",0.997020529433582,0.786066292854833
"p04",0.493265928011315,0.0272028536004348
"p04",0.501802942665813,0.0632605066554992
"p04",0.545596617691362,0.0638898131981308
"p04",0.509801487159129,0.0329553357706193
"p04",0.507127192132783,0.0383351922312707
"p04",0.00565704418393026,0.410401580502742
"p04",0.0182167332809557,0.38244339232097
"p04",0.536640153107644,0.228285797332034
"p04",0.561776224382791,0.236115806217163
"p04",0.505452710473279,0.264979655503486
"p04",0.56681502518184,0.235900678846667
"p04",0.51152747141,0.257805719641021
"p04",0.577208349681312,0.233132125633449
"p04",0.581233619540944,0.276958809279988
"p04",0.497544372375502,0.264757567256754
"p04",0.564860112392362,0.263209783828285
"p04",0.585201438882139,0.282900757593464
"p04",0.409769742139005,0.71125548503017
"p04",0.392954325019362,0.744312439064295
"p04",0.377087789503912,0.73820731469889
"p04",0.979865292777539,0.344267612239089
"p04",0.987263911985996,0.313924689395305
"p04",0.977466184382779,0.319560143965359
"p04",0.949364427774146,0.335426544756955
"p04",0.015954906850261,0.529158506335776
"p04",0.0080415860096314,0.518872410025777
"p04",0.643014641408626,0.121717215708714
"p04",0.711017597669639,0.14294137703527
"p04",0.424818734055843,0.102025566275711
"p04",0.439756642264077,0.0207424681247645
"p04",0.445314753653141,0.0862461155437357
"p04",0.449617046296927,0.0501512461710066
"p04",0.73281139990537,0.742183392480133
"p04",0.720507607472186,0.765827261946481
"p04",0.726042640676144,0.740747383495372
"p04",0.716410488249632,0.762882793707979
"p04",0.737112348568588,0.708932827325394
"p04",0.684507252451634,0.721993073317508
"p04",0.697136061350543,0.759860618974151
"p04",0.672950505718359,0.739987554233471
"p05",0.25726071570048,0.172341107742682
"p05",0.223039760630895,0.200724065383673
"p05",0.280077041253342,0.187001691063965
"p05",0.303822429681845,0.225402927829019
"p05",0.251261721345844,0.156735026530301
"p05",0.253002238864486,0.124444134464666
"p05",0.247277862458123,0.126816068307231
"p05",0.207069513731324,0.214279757108172
"p05",0.238876115423637,0.143972335426634
"p05",0.222862779897402,0.240006478265723
"p05",0.2742621692216,0.166289783816732
"p05",0.293810808492575,0.217624901382807
"p05",0.270807312488038,0.166951609901581
"p05",0.283472002141182,0.236942584505937
"p05",0.214265281329103,0.214824325718426
"p05",0.037094491844279,0.0160178334027077
"p05",0.061429350021929,0.0642283091610152
"p05",0.0199353249040034,0.0752670663608386
"p05",0.0089201307090972,0.0535934041694252
"p05",0.010658214168722,0.0969970113682064
"p05",0.261366885035476,0.486581081742673
"p05",0.371356116744749,0.594396792945606
"p05",0.278874383747955,0.542590273258506
"p05",0.331968883854741,0.598212818318358
"p05",0.270862023763004,0.536285032159206
"p05",0.287685892373315,0.618282456516107
"p05",0.323868098247407,0.533128721889463
"p05",0.413831445796199,0.515048392050911
"p05",0.255171638248759,0.615456270543837
"p05",0.359692395471345,0.507520495902309
"p05",0.604618921829629,0.998926535144798
"p05",0.601628302051508,0.991982563516877
"p05",0.621656350387255,0.981373977864708
"p05",0.578138354025057,0.985711465650818
"p05",0.255159913884381,0.965069061749083
"p05",0.292037515126625,0.950248634916622
"p05",0.221442714238334,0.975590990430641
"p05",0.228348659690658,0.888423072726853
"p05",0.310036048929824,0.96475581844586
"p05",0.293518992600287,0.980244671692521
"p05",0.205803126723574,0.926030376122573
"p05",0.913229205506856,0.896269463332096
"p05",0.832903574192404,0.924614058284956
"p05",0.923259705989143,0.893944231698391
"p05",0.883948932878611,0.942373383485541
"p05",0.86550442306317,0.872336447898073
"p05",0.847097062953551,0.625296062075231
"p05",0.757975370829788,0.617243323594265
"p05",0.817767257928684,0.690769971338385
"p05",0.812220343960327,0.7356441421052
"p05",0.706161415931665,0.739261507093161
"p05",0.74200130169977,0.672548146916872
"p05",0.709011561815887,0.714664915760293
"p05",0.742790079310961,0.649722805349519
"p05",0.850992838017899,0.708926784803102
"p05",0.521053424116878,0.214263764538998
"p05",0.483697408700249,0.317806904830283
"p05",0.51445759261485,0.232791220691226
"p05",0.487350369653431,0.27140649007108
"p05",0.498130109111583,0.354408346038796
"p05",0.562055223699527,0.282133189519703
"p05",0.468954835103555,0.368499767150977
"p05",0.502650220792217,0.324088222163957
"p05",0.527122694665655,0.297338815433639
"p05",0.534824221529392,0.331008079047956
"p05",0.123093212485543,0.0232655582936163
"p05",0.144856461232684,0.0146986129060547
"p05",0.503878467282249,0.0291346861700117
"p05",0.513750680425051,0.0480211879569999
"p05",0.525490733840312,0.0618903688058465
"p05",0.598819790734064,0.0408007870591778
"p05",0.564893905279263,0.095881704682847
"p05",0.55576744802534,0.0198175544524796
"p05",0.550303775209365,0.0455500478253028
"p05",0.359205684256201,0.575289381124571
"p05",0.377524689588312,0.599392231230504
"p05",0.410989695710753,0.642417955280432
"p05",0.432280295623768,0.627758133268845
"p05",0.297294032915681,0.671805055562473
"p05",0.44574633445795,0.624749548343909
"p05",0.41602164308428,0.59930297217177
"p05",0.403263329377783,0.655515554150298
"p05",0.417589241233291,0.63539349897249
"p05",0.429836085552011,0.637173037635151
"p05",0.44610230099935,0.590005613085155
"p05",0.336812111197691,0.209536520646373
"p05",0.278500553757743,0.190742794951447
"p05",0.303626163244168,0.246859015653598
"p05",0.276259781663854,0.117153633308032
"p05",0.28936603863377,0.242162279785898
"p05",0.283446821158854,0.126273120706594
"p05",0.249815805461239,0.238712651889723
"p05",0.313720803014101,0.271860956124205
"p05",0.310356435675059,0.218286302917771
"p05",0.484337990246014,0.658420055645562
"p05",0.319380913561862,0.65180932546846
"p05",0.353527760801651,0.56967924834989
"p05",0.437780747369861,0.59994511235343
"p05",0.361266934003382,0.558873091514113
"p05",0.431802672410156,0.640596918545096
"p05",0.429671064048311,0.563175077590013
"p05",0.405164792273195,0.663430867941145
"p05",0.390327388791774,0.605633702201788
"p05",0.519747014005029,0.709741881470788
"p05",0.542895600374564,0.730243781058413
"p05",0.55469430324082,0.821743440521922
"p05",0.586782958367942,0.791313710723389
"p05",0.560704145051583,0.675690717962524
"p05",0.521047969308155,0.771858936989761
"p05",0.584138136119666,0.671888910133645
"p05",0.576144014365149,0.74584123227575
"p05",0.507395811119434,0.650386768487535
"p05",0.102890210831794,0.843081593932631
"p05",0.161982436104459,0.795666122087518
"p05",0.106818636481367,0.811132087883355
"p05",0.120624242128711,0.853759776173992
"p05",0.0594538000706645,0.873174419246914
"p05",0.142693467832902,0.833118255357185
"p05",0.115737181188479,0.815540061699646
"p05",0.141912835654184,0.868617447402385
"p05",0.0840978978111439,0.857457499731755
"p05",0.148327094903073,0.869185496822799
"p05",0.146664101179964,0.830524419739749
"p05",0.164235097616332,0.812846688682496
"p05",0.18179953528461,0.853232600901118
"p05",0.138885692290492,0.738959792599307
"p05",0.145764884386096,0.858007046412506
"p05",0.0980135113607451,0.821224586906828
"p05",0.0960453256610178,0.824366483641344
"p05",0.0631564166303106,0.823614054746891
"p05",0.145908316643785,0.816762061284952
"p05",0.0904408550374779,0.856244319062971
"p05",0.129094523290908,0.835366249927194
"p05",0.0923012759695172,0.829587463209696
"p05",0.0606096141311731,0.846874132733737
"p05",0.0864759558199402,0.856164647550833
"p05",0.0197889362068419,0.798591384665387
"p05",0.796226224545419,0.0349312977554714
"p05",0.85653631548592,0.0560813514559522
"p05",0.758787807661277,0.0205887192110194
"p05",0.815649027772517,0.0679003379232097
"p05",0.820881307246246,0.10009739097773
"p05",0.895108994342147,0.0276421663827227
"p05",0.770897312406331,0.00634749574152094
"p05",0.788252064538762,0.061465296932207
"p05",0.801619888446917,0.114271309413015
"p05",0.73439638069562,0.0296328502713322
"p05",0.114903350727178,0.335738430108137
"p05",0.116690424780187,0.298276669392212
"p05",0.170781626750324,0.389955822962322
"p05",0.146754105132626,0.327679120736396
"p05",0.1447862844586,0.328620506140591
"p05",0.133688661354663,0.313484894717782
"p05",0.0571125723106078,0.391352149442664
"p05",0.122298599706958,0.293809794118422
"p05",0.0132526416278999,0.337697683721696
"p05",0.119893059552086,0.281890467628172
"p05",0.326971393427682,0.880588183268914
"p05",0.375517772449441,0.902030005866722
"p05",0.350127112476191,0.948555576472673
"p05",0.302900404417152,0.901757817731509
"p05",0.325772910109329,0.97989700289214
"p05",0.268319399923262,0.35636785590869
"p05",0.216651039291902,0.375618378818186
"p05",0.265992930110459,0.351710649362754
"p05",0.240932219573991,0.333080982844423
"p05",0.340039133014238,0.421090615501753
"p05",0.362141355160931,0.313765024886013
"p05",0.309031642930334,0.348354632155397
"p05",0.257164093613172,0.328958040834615
"p05",0.360911839332886,0.305728575312285
"p05",0.134810657044353,0.00800382210925843
"p05",0.128330017953251,0.0432854042417091
"p05",0.143223695336359,0.0498916352698677
"p05",0.149588802570889,0.0119422142521015
"p05",0.616939542283117,0.908452175803224
"p05",0.544169726883299,0.933268439009352
"p05",0.574664858123328,0.979180651293672
"p05",0.601619242688457,0.969430174496643
"p05",0.599860491665284,0.941702772441285
"p05",0.520477756680369,0.876869878946288
"p05",0.609548818922892,0.916358237305732
"p05",0.519715411964682,0.948962540634058
"p05",0.954539753137205,0.162942335622233
"p05",0.998149376600837,0.215646026920474
"p05",0.985423542422557,0.290794759003731
"p05",0.950244989151331,0.171382219785818
"p05",0.992003497678504,0.193210652278859
"p05",0.986646380536666,0.221565955417679
"p05",0.997630547048049,0.202834420013127
"p05",0.998787889793788,0.247543974937798
"p05",0.976494215890385,0.145628109006041
"p05",0.985820731304044,0.261396058780643
"p05",0.972024883928113,0.409823319833377
"p05",0.677598123332973,0.024645648903299
"p05",0.710675083166641,0.0504524179337381
"p05",0.772677108354071,0.0124460005713997
"p05",0.79134831866508,0.0399751927778627
"p05",0.72952278936971,0.0808214148471448
"p05",0.659079795678206,0.0287264985023954
"p05",0.720668443329335,0.0862536886471295
"p05",0.716709232317094,0.00680704779103258
"p05",0.735911671277535,0.0595765442459288
"p05",0.78701932950612,0.0323926678295232
"p05",0.73444564326728,0.0356683797576562
"p05",0.836727803602565,0.780729341865435
"p05",0.856244537807521,0.854271315301987
"p05",0.84596973857571,0.758651434621128
"p05",0.835445096693408,0.800391494018618
"p05",0.88900730282692,0.797552987488868
"p05",0.84346173690716,0.789463786718082
"p05",0.929196233232453,0.802994852981347
"p05",0.809932261232879,0.734988451372517
"p05",0.844180956734519,0.715321415147041
"p05",0.941008193886312,0.774471089063457
"p05",0.960495299978212,0.780092990161651
"p05",0.983562373768622,0.74222594644524
"p05",0.987048394395312,0.769660957680601
"p05",0.997825463279858,0.753723136529874
"p05",0.962357815741939,0.855147755586966
"p05",0.215834239790401,0.435577634047648
"p05",0.187346572714109,0.504494991810579
"p05",0.158096445733542,0.41793743874165
"p05",0.17185464921258,0.490958871588725
"p05",0.191242309852004,0.403586934842585
"p05",0.21090186330653,0.409997603561309
"p05",0.184499136412257,0.39203462026999
"p05",0.155757442350008,0.414432493471758
"p05",0.181429516163502,0.369872202988929
"p05",0.380713371751153,0.746021242042106
"p05",0.415995821229059,0.763616482479636
"p05",0.420789824737328,0.663763654035851
"p05",0.426832195755755,0.81484552872571
"p05",0.393157583773956,0.763793000598835
"p05",0.471296756998368,0.740781056094038
"p05",0.402834461149444,0.748472912962986
"p05",0.425559286914361,0.741986661100103
"p05",0.406564715166133,0.778064101687052
"p05",0.357951804246646,0.743368220501215
"p05",0.403206715500066,0.859094752734989
"p05",0.342149863064477,0.901022215482788
"p05",0.413086177704932,0.814331014617999
"p05",0.330098682733372,0.849869043550451
"p05",0.409529329134373,0.809905008364422
"p05",0.391312908661204,0.777648989523996
"p05",0.406236241573007,0.803532960867956
"p05",0.102170024959746,0.737889082033866
"p05",0.121944071563612,0.770322091072497
"p05",0.10992154940838,0.743818472488607
"p05",0.162113815712725,0.747149000119274
"p05",0.0954364637674697,0.734097960687957
"p05",0.191848066171922,0.697693309974915
"p05",0.151919992079658,0.7657654152854
"p05",0.075220698892948,0.742961391181655
"p05",0.965385128073571,0.466517257609066
"p05",0.898955934058257,0.452326238231127
"p05",0.833505915496395,0.461111993271719
"p05",0.957600424162753,0.471380459388993
"p05",0.865375274756028,0.425162470362905
"p05",0.932981344257386,0.462211383777518
"p05",0.815900732981954,0.478967145503869
"p06",0.398475979605867,0.682987467019249
"p06",0.387912482134052,0.61655884238001
"p06",0.41008982402736,0.743955589869282
"p06",0.403466329110411,0.609207333047495
"p06",0.450488220330752,0.582468386670965
"p06",0.929906621026777,0.0178407195472224
"p06",0.893683226111875,0.00050481490211618
"p06",0.667767913548038,0.641770077948834
"p06",0.72541120533124,0.660377461230441
"p06",0.682213190547606,0.629892967559372
"p06",0.642316068146777,0.681225390317292
"p06",0.617744798598448,0.638795151509256
"p06",0.634360086341452,0.614043610664707
"p06",0.65045674137722,0.646731845424489
"p06",0.0125934228771528,0.977267078270234
"p06",0.0157253868906664,0.946444407094536
"p06",0.0240821719252441,0.996631184998655
"p06",0.00557650206018095,0.998926829462779
"p06",0.248634541065281,0.781668559135779
"p06",0.242347965931989,0.771054129970389
"p06",0.179256379342377,0.794089457960037
"p06",0.230263488591783,0.769666139186502
"p06",0.170746779527677,0.733442013689462
"p06",0.216142239665249,0.725554394884105
"p06",0.117194821247455,0.754389489156722
"p06",0.171996041964299,0.780193688486914
"p06",0.182630899761753,0.740247203336257
"p06",0.188298456417823,0.812336515416315
"p06",0.183883919820625,0.77811624254972
"p06",0.186449356399635,0.734080919185682
"p06",0.187802538899424,0.742966552664477
"p06",0.139402998459822,0.755376798899555
"p06",0.171185534592505,0.747135553183072
"p06",0.182854302345241,0.959152454212783
"p06",0.178754849323136,0.999999795021863
"p06",0.378998774359179,0.358797572939885
"p06",0.401476854789317,0.321759644121548
"p06",0.355978988147929,0.370130623649837
"p06",0.336823080460368,0.348353240001705
"p06",0.39366886929918,0.406622016803496
"p06",0.334848552745706,0.371620812657931
"p06",0.378143980053085,0.328985743912548
"p06",0.361309664976925,0.322299503621842
"p06",0.242556369406344,0.717728860385367
"p06",0.256483812322959,0.773929866172094
"p06",0.216533472099868,0.770158211144488
"p06",0.213786634567886,0.754910860324716
"p06",0.217272369957295,0.773811127168724
"p06",0.263481685557801,0.747778896389784
"p06",0.250404864550144,0.762893504050288
"p06",0.225882646031632,0.776545211511198
"p06",0.243788592631458,0.7786427164143
"p06",0.205508200053421,0.718494721705545
"p06",0.265948413521518,0.820107744764913
"p06",0.188135098955978,0.771407993094836
"p06",0.648373280952919,0.813347630253498
"p06",0.647016675255959,0.782868539264174
"p06",0.606909007825198,0.716378005009657
"p06",0.654630890468274,0.752758303188727
"p06",0.645563421423442,0.704592799429393
"p06",0.587916581351253,0.805076806131555
"p06",0.674962854244714,0.777838337940132
"p06",0.238924027954771,0.683174720379375
"p06",0.242853781845356,0.711305131030733
"p06",0.254297510453996,0.704033391524083
"p06",0.300792043864166,0.730638680618188
"p06",0.258243565036487,0.67823834598257
"p06",0.297681736360545,0.769414838211929
"p06",0.272296900264608,0.740919181640446
"p06",0.235154850982406,0.704885196966359
"p06",0.260264141413352,0.716831597564613
"p06",0.240463431128686,0.684838200770693
"p06",0.25501088155434,0.69340601547275
"p06",0.232393413862511,0.702871505066688
"p06",0.705063565886141,0.121859130626713
"p06",0.735446881809094,0.104974817795603
"p06",0.777730708604152,0.0574378966280993
"p06",0.750354932975924,0.0865193700218781
"p06",0.761917214903561,0.134532826779521
"p06",0.757953559103043,0.0620821928713529
"p06",0.74122048063605,0.0810731628669297
"p06",0.787484239283873,0.0893468196127926
"p06",0.728682618083088,0.11594747125967
"p06",0.802946534877583,0.0646114424733871
"p06",0.779790549837003,0.0644448503700079
"p06",0.0141961963461489,0.303161845114416
"p06",0.049417575858154,0.297064881457001
"p06",0.0261253359119934,0.296475967043518
"p06",0.0336398795387271,0.27975763784383
"p06",0.0359389400326259,0.265418508558522
"p06",0.01724309590568,0.283286361195637
"p06",0.000663020818153837,0.280789528915336
"p06",0.90883275107521,0.243205068087565
"p06",0.906920218971661,0.258856303856794
"p06",0.93818177654263,0.28048651989631
"p06",0.923662601586622,0.346779434797745
"p06",0.895518220553376,0.230612907153281
"p06",0.851135982435632,0.28651544413115
"p06",0.888705122653674,0.284268190505735
"p06",0.895569499853824,0.261516749091846
"p06",0.928432472551756,0.25377121236847
"p06",0.915814959288747,0.207602305173792
"p06",0.93501376035929,0.294097256827052
"p06",0.926946570899928,0.226173621478452
"p06",0.908963345423225,0.28468528261698
"p06",0.734413861771605,0.648938954932797
"p06",0.758470863067338,0.615216575454965
"p06",0.754110104274974,0.615243215904276
"p06",0.7163128131623,0.688960305579071
"p06",0.686223678317979,0.68608159762257
"p06",0.725329900897645,0.675641534195373
"p06",0.70997455614502,0.668089361999567
"p06",0.723608182610553,0.609066240135225
"p06",0.704899259203794,0.650160035594432
"p06",0.956744515018197,0.307965998646602
"p06",0.97616380780965,0.325127294033894
"p06",0.994680944214729,0.304998947657012
"p06",0.966700149412709,0.338242942414392
"p06",0.980514338261531,0.333034301458831
"p06",0.982803859842793,0.303755519495497
"p06",0.965605975309625,0.314145423062699
"p06",0.96883172592861,0.315906193273086
"p06",0.950992274215993,0.312179352754316
"p06",0.949397528796401,0.356906192077311
"p06",0.980583381079206,0.312043275837468
"p06",0.961708665235273,0.23670042665702
"p06",0.917712992001545,0.316356792742031
"p06",0.986023063598945,0.330406538478242
"p06",0.981885673924985,0.359894105970245
"p06",0.932350314968316,0.300745481297147
"p07",0.569767303906441,0.809521392150212
"p07",0.583997346481708,0.827312757744681
"p07",0.54375655992188,0.843646926712023
"p07",0.569117958675986,0.794006376860384
"p07",0.559829025310421,0.81382833778466
"p07",0.573608478500334,0.81853114553096
"p07",0.556856461208019,0.825655884625166
"p07",0.552472068664666,0.797000376322619
"p07",0.566576489281338,0.800075910914197
"p07",0.524066590974816,0.845298671461468
"p07",0.52529243970972,0.824411807642082
"p07",0.568362901559459,0.838403961081174
"p07",0.785180752116131,0.742342923956063
"p07",0.734560364242044,0.709881551360071
"p07",0.764729843353008,0.73084511975896
"p07",0.796430306028279,0.736029407237694
"p07",0.764467844362434,0.737930273710303
"p07",0.781641594958405,0.723387782576132
"p07",0.786754364730658,0.691857838217595
"p07",0.770765940690545,0.731031450750583
"p07",0.792642435044143,0.708222707001636
"p07",0.798420601287496,0.711765570697367
"p07",0.771277604886063,0.698002041461788
"p07",0.751594204978628,0.728611687358686
"p07",0.770782807298438,0.834592129996524
"p07",0.773403237463115,0.87338728048383
"p07",0.773378352112389,0.847548691370428
"p07",0.792899842368083,0.811339496166466
"p07",0.80588061944785,0.821041946487656
"p07",0.765083412176875,0.821722076445599
"p07",0.768278252553372,0.793257705107324
"p07",0.794144457514684,0.833318368911705
"p07",0.750169275300465,0.839446136529437
"p07",0.789796364847083,0.810989060852606
"p07",0.761897648408622,0.822083872196363
"p07",0.812162047872918,0.87024544812635
"p07",0.352096020225041,0.0191771346504148
"p07",0.387284171366627,0.0101752396204884
"p07",0.345722446330224,0.0201693702637703
"p07",0.749449808746091,0.997885051469158
"p07",0.800786858466039,0.991000493228914
"p07",0.775581557130237,0.990074735050689
"p07",0.738317880910798,0.980981900887842
"p07",0.76627334700111,0.983262680021411
"p07",0.742566588556752,0.9884610936667
"p07",0.74271229511466,0.985024897179088
"p07",0.985920503994869,0.563754679681295
"p07",0.975396103805518,0.595854338823781
"p07",0.565883170858229,0.602754290064116
"p07",0.591155201053745,0.599629870501199
"p07",0.568730923764705,0.594365005031537
"p07",0.596799102293602,0.652020925868168
"p07",0.560910378213968,0.644937353821629
"p07",0.591352079659905,0.651866544863624
"p07",0.624502189978375,0.619413204819786
"p07",0.535337492798322,0.637151206732267
"p07",0.57266153714745,0.653824514344119
"p07",0.614279335165533,0.660635834429835
"p07",0.592361576576308,0.643839587544291
"p07",0.535531167997181,0.655778204445536
"p07",0.561414625361967,0.629999176171697
"p07",0.558117575689296,0.656252882240512
"p07",0.582438490248372,0.615931787224341
"p07",0.611722434529964,0.613147825776489
"p07",0.0124501752810254,0.938583630045908
"p07",0.23894961711287,0.0307507523233327
"p07",0.146892888492786,0.60825945281309
"p07",0.145418064628941,0.647532592910743
"p07",0.14819087927707,0.64907407240352
"p07",0.180850973263802,0.649249701479762
"p07",0.213993010295592,0.594614013028935
"p07",0.152055822575956,0.631689547812782
"p07",0.155424422465209,0.631062221436295
"p07",0.106987292783955,0.636214212680493
"p07",0.10441802092625,0.616022859806082
"p07",0.132004064627309,0.621760899640896
"p07",0.757308817457643,0.445620932860875
"p07",0.817423881685083,0.466428399724773
"p07",0.803969580197325,0.458564392737653
"p07",0.778187302237894,0.472057897177792
"p07",0.765538512835632,0.463707609588264
"p07",0.841880989532048,0.487680162959963
"p07",0.759976591520884,0.423077834437363
"p07",0.828098905497655,0.477967931836963
"p07",0.830563511266258,0.451769182644603
"p07",0.821853801499676,0.486468136759087
"p07",0.461620969173677,0.00221416659532947
"p07",0.502075604112029,0.00747171327842805
"p07",0.721777164109373,0.417024791359161
"p07",0.779686430731994,0.404917454827553
"p07",0.768520440091979,0.43836780031267
"p07",0.754580898009363,0.420299810932704
"p07",0.766909748459813,0.382775658349349
"p07",0.771834172408537,0.335574611921894
"p07",0.808677514490467,0.360617949510121
"p07",0.768231257919284,0.415767489598946
"p07",0.781876200403758,0.417120761490871
"p07",0.766882452760022,0.377397587499124
"p07",0.763315293933679,0.38492810616573
"p07",0.773936269132882,0.399598819251002
"p07",0.770285420327453,0.398509866224965
"p07",0.761961296779477,0.452605335971973
"p07",0.342747756974851,0.508156844006328
"p07",0.356181756115544,0.51616767803372
"p07",0.334653681226919,0.485970146623511
"p07",0.341652078309906,0.554666234634544
"p07",0.344178609470169,0.536411329440188
"p07",0.362481573159202,0.516620283722776
"p07",0.278144051871467,0.500641377762022
"p07",0.335789532143882,0.493205998947648
"p07",0.314030139066478,0.506501529873135
"p07",0.275039668021708,0.512710075834461
"p07",0.338277475550722,0.535135026477599
"p07",0.339924767320975,0.549587939473089
"p07",0.334009022838043,0.506302564702769
"p07",0.333039574309549,0.481144196573823
"p07",0.355778359780151,0.495799868246508
"p07",0.36891271203251,0.509769983132312
"p07",0.319117954064813,0.485389701737927
"p07",0.346708912982671,0.46472167433202
"p07",0.295848279808699,0.50199614976663
"p07",0.384919068537904,0.52814561904408
"p07",0.803598355126013,0.626197022503784
"p07",0.778439375764411,0.63330733522461
"p07",0.77978015200534,0.652310854551288
"p07",0.829487111851746,0.655790997798012
"p07",0.81179186326329,0.612298838852152
"p07",0.785021365421607,0.652703758851209
"p07",0.747014529561326,0.650791388366358
"p07",0.786191982593458,0.646916557216883
"p07",0.759121806140254,0.672477949486596
"p07",0.793435323508842,0.649758249424023
"p07",0.804961275608237,0.617958529410084
"p07",0.172791777641409,0.619600616973184
"p07",0.154864058334473,0.603986402199761
"p07",0.151831358877982,0.606691803131259
"p07",0.130433229777017,0.574147331866754
"p07",0.130639346030266,0.57486137794762
"p07",0.143322016433193,0.604732666124241
"p07",0.155805615172501,0.628336392586638
"p07",0.166200352772405,0.635006642313104
"p07",0.139635383868195,0.608923222857162
"p07",0.143431204438263,0.602452726231039
"p07",0.134726164008429,0.615393672309155
"p07",0.17027404935717,0.627651868065627
"p07",0.146971390661576,0.680091497668394
"p07",0.592359666512598,0.898628186025284
"p07",0.602946168647685,0.899239644531904
"p07",0.587122452349242,0.933768906037244
"p07",0.631827106036085,0.969269179457643
"p07",0.608727140358606,0.892872955424048
"p07",0.579630294326025,0.859689119555522
"p07",0.569173505045637,0.882821479519246
"p07",0.579254624619845,0.907276936830064
"p07",0.591428596056649,0.890135958965649
"p07",0.590992456613209,0.90289122308192
"p07",0.627879859727847,0.936608095975806
"p07",0.573724111541339,0.91017757618907
"p07",0.608627923600144,0.885009151904315
"p07",0.564872068119515,0.926081109082944
"p07",0.579742716135751,0.910414556927489
"p07",0.254389336928705,0.704844133088543
"p07",0.350395908576662,0.666705068679458
"p07",0.326137274893745,0.648440372394063
"p07",0.323636938542138,0.629078499614041
"p07",0.268012284042286,0.656304499995458
"p07",0.350946130023599,0.611382950135265
"p07",0.281664524570348,0.659281595050453
"p07",0.321822896355758,0.657221215798499
"p07",0.307843719801564,0.64896073461219
"p07",0.269964371185866,0.68944611286868
"p07",0.327000219144685,0.433833186560632
"p07",0.273755494372215,0.457036116337817
"p07",0.26936893165464,0.43487968576903
"p07",0.248773328446354,0.422765387647312
"p07",0.279973642808555,0.43749198260491
"p07",0.444313216129896,0.0234432116612717
"p07",0.39844072817374,0.0148104108243217
"p07",0.390789026238585,0.0148843135269391
"p07",0.346886695101962,0.0311711600209358
"p07",0.409965752657563,0.0681806227985599
"p07",0.394119825305761,0.0626207884417817
"p07",0.352332842024125,0.017676724895807
"p07",0.427242945215977,0.00978565062671766
"p07",0.427896404706038,0.0333832241847663
"p07",0.360239572162961,0.0379912614268619
"p07",0.360007930459246,0.338472330295365
"p07",0.377758642613456,0.344526963486882
"p07",0.351740820103327,0.264607331315301
"p07",0.374537896499691,0.32697249612751
"p07",0.414796165298982,0.279255154554632
"p07",0.371313742276757,0.329689552266084
"p07",0.353527915058529,0.285203344337792
"p07",0.423137551442013,0.297221534855527
"p07",0.363504383953294,0.298203519638194
"p07",0.820893012871996,0.254591186349025
"p07",0.87188623337793,0.219248974782102
"p07",0.930473276961843,0.186635477177667
"p07",0.848522887010245,0.255881704414785
"p07",0.813929808613192,0.197318081182162
"p07",0.832332839618862,0.203818415876268
"p07",0.791199101211783,0.246447265982997
"p07",0.853313108385057,0.218632462417219
"p07",0.835466211393036,0.257949038908887
"p07",0.811881904255745,0.220360116545764
"p07",0.102856056912052,0.532537505534401
"p07",0.106965059275974,0.590048041687267
"p07",0.0802595546829409,0.54485145048273
"p07",0.0616838815729264,0.596183647326015
"p07",0.149347574382396,0.57368933771432
"p07",0.0941352760609029,0.56490228990229
"p07",0.0966724327344332,0.561621239938992
"p07",0.637738707962119,0.304407210866351
"p07",0.603010097970705,0.317394078730519
"p07",0.684554188734643,0.30682963623615
"p07",0.683686100443324,0.339055347761076
"p07",0.678502232410223,0.299042606550765
"p07",0.684149185346337,0.285664367741431
"p07",0.656568070875088,0.323529779821859
"p07",0.690505318912249,0.286653172201339
"p07",0.726056731632669,0.279580669210983
"p07",0.674823118748102,0.286631025035539
"p07",0.705835773387022,0.542719989740176
"p07",0.732045813410985,0.562099793024783
"p07",0.666410855934648,0.517951014891125
"p07",0.621791787358932,0.533532554121473
"p07",0.664886601683163,0.582341020619062
"p07",0.66077412703447,0.516404240528024
"p07",0.654706479287558,0.513925708836682
"p07",0.653372463810798,0.570536051063762
"p07",0.656847314079692,0.560033467231276
"p07",0.681572576646837,0.546778603211531
"p07",0.620836092851715,0.560712106472506
"p07",0.639967435574984,0.536254226463696
"p07",0.667639919770264,0.601117221652247
"p07",0.65103993065514,0.524275184240779
"p07",0.349708489593235,0.566262527953711
"p07",0.349660677511725,0.592642102608855
"p07",0.33547375474244,0.58814948375472
"p07",0.362333482199969,0.563401998746399
"p07",0.354564841793544,0.571336329219963
"p07",0.340838179630119,0.555348983881947
"p07",0.312356446097223,0.554768937936725
"p07",0.302996739877845,0.580519281237677
"p07",0.377915495229371,0.584237547908022
"p07",0.384754947930328,0.577186455709995
"p07",0.361026657520705,0.597375009056227
"p07",0.307584914464246,0.569752165248451
"p07",0.355822303553274,0.61397438211666
"p07",0.333140573062616,0.517999155937885
"p07",0.366068482849257,0.564560397765129
"p07",0.346424578564374,0.552119706778771
"p07",0.367701081042898,0.576595006526857
"p07",0.956433937932542,0.586221148034919
"p07",0.949977009093164,0.596660787701581
"p07",0.963471608078229,0.568402773209756
"p07",0.961191312998776,0.54213778242691
"p07",0.969627015284908,0.596693203118953
"p07",0.96855829783848,0.551848778132322
"p07",0.985011500185651,0.596584358055998
"p07",0.948826183652702,0.574758148101771
"p07",0.0110729101557287,0.0246972581114088
"p07",0.710230340668464,0.996276678102985
"p07",0.794455663234981,0.967431825754813
"p07",0.724447248690618,0.99864118808841
"p07",0.11774280736748,0.00409132443387178
"p07",0.145613102598652,0.0686784316758524
"p07",0.134548567440349,0.0705203489741311
"p07",0.175331139802838,0.0582960321646328
"p07",0.188789329157899,0.0551160391372783
"p07",0.136286679714847,0.0682881304008795
"p07",0.118454193360646,0.0576963471622596
"p07",0.162929379034041,0.00376462862894239
"p07",0.156689928566071,0.0886350587899871
"p07",0.132146235071538,0.0739178916195373
"p07",0.117867147569608,0.00148546655248305
"p07",0.109741214502601,0.200042878132136
"p07",0.150850454186837,0.219149090830399
"p07",0.0988097284487142,0.255977948012425
"p07",0.106464337660148,0.197400829338655
"p07",0.0896038973866467,0.24881125559494
"p07",0.106419973611337,0.206601623460014
"p07",0.115430016352967,0.251569359552442
"p07",0.143220010089971,0.207768481891997
"p07",0.138599882504801,0.219461075487979
"p07",0.102893135286056,0.207778109217005
"p07",0.0922029635166009,0.208305160951021
"p08",0.366567184074786,0.646105389501995
"p08",0.321424232769675,0.631134810001439
"p08",0.356527720856049,0.617781108125111
"p08",0.354637474571143,0.634337647716887
"p08",0.38579725993457,0.681820588484239
"p08",0.394328790503999,0.644698504888193
"p08",0.38423460622914,0.650674284927407
"p08",0.38082409249058,0.650296213777779
"p08",0.0334543439769296,0.674763004585228
"p08",0.0190205830289581,0.683774480440253
"p08",0.0325304509740102,0.668018530208103
"p08",0.00646426722237442,0.650262666196907
"p08",0.0321143439884929,0.66643717737123
"p08",0.0526089360985135,0.684435112685176
"p08",0.0383165406459823,0.652639458584557
"p08",0.697061416778732,0.993303426183264
"p08",0.733564688025179,0.990057069560574
"p08",0.10497297607125,0.925408793383429
"p08",0.0289366442012427,0.863105474871677
"p08",0.0615767640533276,0.864233867899092
"p08",0.0286971941219588,0.927871731786741
"p08",0.0664728701955961,0.899912177690679
"p08",0.0678374654045268,0.873104754956482
"p08",0.111473053132998,0.589382024890495
"p08",0.148607484103504,0.572384905428774
"p08",0.117152556674205,0.596883854742224
"p08",0.0930724352540258,0.649438593437405
"p08",0.10209433316194,0.615392886869921
"p08",0.12792838712687,0.564967676136164
"p08",0.118158484253431,0.632483160814632
"p08",0.140068385180353,0.564326593705526
"p08",0.233413430364928,0.187630107218671
"p08",0.180650496514807,0.172522096048936
"p08",0.198505055310037,0.168716855351313
"p08",0.23745113098233,0.159373020386535
"p08",0.25409560479228,0.0978691260669728
"p08",0.227379040498015,0.181690735464474
"p08",0.224362559813301,0.130690391510971
"p08",0.702003824966531,0.966305478612796
"p08",0.688972854546436,0.917459580983034
"p08",0.707805125385091,0.870775961827004
"p08",0.687995007990472,0.918657968910604
"p08",0.749634485919121,0.902783207179392
"p08",0.709744109595294,0.893598826590056
"p08",0.689834096781123,0.907355871279967
"p08",0.321911509504649,0.94587532454279
"p08",0.309438141046345,0.942062167361939
"p08",0.377297803877697,0.891104912773262
"p08",0.335780645313018,0.932293093438018
"p08",0.309884083608968,0.968316143183198
"p08",0.293480517650544,0.944105892838883
"p08",0.24950293440521,0.124743490069276
"p08",0.202061550721789,0.142159158171542
"p08",0.243190428409425,0.0834844708149747
"p08",0.233898245031346,0.0886361890155116
"p08",0.195962698807679,0.151690990433237
"p08",0.18142277058546,0.128904957899776
"p08",0.214754672228453,0.114082680496738
"p08",0.190504321116795,0.105328238496348
"p08",0.213508196986459,0.0970737822961705
"p08",0.864393019578995,0.660680352799271
"p08",0.91430310805815,0.644146508903097
"p08",0.887091357802253,0.679005163121708
"p08",0.888805263182145,0.732340329929376
"p08",0.87613981543879,0.650209847759749
"p08",0.849128094570836,0.641868183057507
"p08",0.866617488279737,0.703788855785054
"p08",0.718925401598142,0.512015780001833
"p08",0.774327499747758,0.551629746039689
"p08",0.752294437404462,0.534048037200652
"p08",0.750221017424741,0.51256059287609
"p08",0.744418971190903,0.511434747686648
"p08",0.756898806010089,0.528251760670439
"p08",0.723341147757297,0.547188733079294
"p08",0.713892236809226,0.563944981584505
"p08",0.724517953692003,0.539684114727738
"p08",0.756051077739242,0.507372436243693
"p08",0.307037872901484,0.481747794026083
"p08",0.305811219848305,0.473684969071709
"p08",0.23851539714051,0.452831544018497
"p08",0.293293815762513,0.473498839247551
"p08",0.284663241365729,0.455590575977331
"p08",0.337140399773012,0.466931422794133
"p08",0.320256732130936,0.463284463720213
"p08",0.817414712124123,0.908799922347397
"p08",0.825609228343637,0.840171343957055
"p08",0.819306429436214,0.853502891933595
"p08",0.826622002663242,0.841124462017699
"p08",0.845124304708859,0.909969652736304
"p08",0.801799557815102,0.855165848959359
"p08",0.820783013927268,0.892410966418577
"p08",0.804615551307227,0.843448803843919
"p08",0.843770868790091,0.872293481362986
"p08",0.838740733434904,0.930653129618953
"p08",0.560982351981708,0.63015100162948
"p08",0.570626176552936,0.642629970170627
"p08",0.516537534739117,0.620097863822904
"p08",0.49067339861011,0.644954262865472
"p08",0.217049502768001,0.034736948925523
"p08",0.19827530122729,0.0542329301015549
"p08",0.196798610598138,0.00780725991323722
"p08",0.25180403790167,0.0263595722605606
"p08",0.228230836077888,0.0281051926703019
"p08",0.249202131610114,0.0262735223798556
"p08",0.495746880976386,0.239320364893082
"p08",0.501958226172659,0.239061921121038
"p08",0.493111304601457,0.665649502107758
"p08",0.514037440818579,0.719507998553172
"p08",0.516359098762792,0.765126161735504
"p08",0.546261100735755,0.718152408648703
"p08",0.518852684283393,0.723114232104517
"p08",0.549105451173905,0.750721972597614
"p08",0.524641787272255,0.733994826899649
"p08",0.34803098529174,0.558332261329779
"p08",0.334140959685436,0.510843729921542
"p08",0.33127397754187,0.534212020830191
"p08",0.777918096066872,0.606594317615486
"p08",0.785648468736994,0.596471259058449
"p08",0.793357449458193,0.664506658004882
"p08",0.724329289171454,0.656837382391698
"p08",0.758241039269128,0.638691669886065
"p08",0.746509849863538,0.588808033330845
"p08",0.762965246200607,0.611745566009318
"p08",0.723719267313536,0.61842398245901
"p08",0.25781352135,0.662289594056207
"p08",0.256001943966427,0.63582954041979
"p08",0.244611556025679,0.670685294288183
"p08",0.233413981062369,0.670107093977276
"p08",0.211553188574248,0.614497439323467
"p08",0.243521594912078,0.639470574457334
"p08",0.222009266892649,0.644954400692988
"p08",0.282231730289805,0.597073181474318
"p08",0.436379267175146,0.185306828496405
"p08",0.41039364967504,0.198390238399799
"p08",0.24044909644609,0.0459073935694641
"p08",0.222881005662064,0.0311411222573177
"p08",0.27514959539517,0.124420383453381
"p08",0.225210212616494,0.0130775605716604
"p08",0.230264283158913,0.0624358882457363
"p08",0.251209154668799,0.0669712746741943
"p08",0.234082494780013,0.026499546900778
"p08",0.378200274077127,0.0590131105186993
"p08",0.364197067041232,0.0747619331541018
"p08",0.360588712429424,0.107671519029546
"p08",0.369778487062541,0.0527289866520789
"p08",0.377086001976453,0.0831602161821381
"p08",0.375156112825416,0.393550081938824
"p08",0.410279722614406,0.395157988273114
"p08",0.433845692831842,0.418906634821844
"p08",0.415756295988097,0.398855437732398
"p08",0.432506598506797,0.385567866164544
"p08",0.583146604500443,0.313492811173921
"p08",0.591008601286647,0.339098271580516
"p08",0.984094350324525,0.130002023301901
"p08",0.969884961003657,0.0705892728889077
"p08",0.977871611347817,0.120328150246584
"p08",0.553233116474692,0.0905999129284185
"p08",0.989545267433031,0.133176406305163
"p08",0.995050794084845,0.0802647396436288
"p08",0.611005701127553,0.39041632768668
"p08",0.53759310992079,0.371309436221753
"p08",0.591790597028218,0.379088494421491
"p08",0.587140764695505,0.377843451195448
"p08",0.552788680355368,0.365674318794928
"p08",0.269295463843448,0.0400605517963336
"p08",0.292480855127677,0.0602717179097353
"p08",0.284135402731189,0.0485324410360752
"p08",0.245472881630484,0.0142845030463706
"p08",0.28053724968861,0.0238413526949938
"p08",0.231104847371597,0.0567449989985702
"p08",0.758787699439307,0.93105397960626
"p08",0.705435361191195,0.898463179542619
"p08",0.661412533422839,0.915914569173315
"p08",0.6561201950941,0.912827979494193
"p08",0.681787324936753,0.9368005089606
"p08",0.901526473539427,0.894662259491235
"p08",0.901338861785461,0.84228646337605
"p08",0.876494316343922,0.807545088030785
"p08",0.900213557605883,0.837873870688017
"p08",0.904442220547981,0.794474815692187
"p08",0.917185806848244,0.837854524791736
"p09",0.638629642281933,0.600671085916279
"p09",0.644135402323274,0.577222101795095
"p09",0.629721602429937,0.587126741144549
"p09",0.617788390580743,0.571061703093623
"p09",0.644102016651002,0.563665020708611
"p09",0.996368853913159,0.997114833078879
"p09",0.962026339132601,0.980525441490999
"p09",0.97390467248372,0.971229223185467
"p09",0.966223906521887,0.993415977284843
"p09",0.0342513485484338,0.675519795453064
"p09",0.0376006728106128,0.718497581814542
"p09",0.0441198654909065,0.690428010348747
"p09",0.0123147676912234,0.662589117373019
"p09",0.0654571948421914,0.653977215327686
"p09",0.0468313239332879,0.670386794287831
"p09",0.0922698054663273,0.677569864435404
"p09",0.514902628293143,0.56163102080538
"p09",0.533048038254496,0.562077468023132
"p09",0.480020124898207,0.515398238098756
"p09",0.451922140882721,0.528967887200291
"p09",0.443023068761496,0.966520064601484
"p09",0.481741846236995,0.912411080354888
"p09",0.445963565988667,0.894955984986802
"p09",0.482406356124625,0.9526832285228
"p09",0.489405134968344,0.938950476035837
"p09",0.480206777610289,0.943285775345844
"p09",0.491807287910839,0.961113611294584
"p09",0.29107873133455,0.0853851054979343
"p09",0.260659904289833,0.0976954041734324
"p09",0.30963021806117,0.0950889347586785
"p09",0.278385371429179,0.128904827403763
"p09",0.324960023931701,0.779189020228525
"p09",0.326242631033038,0.782361285694771
"p09",0.319465531332099,0.760527122254117
"p09",0.322931436675982,0.771426933894846
"p09",0.332401784628284,0.77186311092141
"p09",0.311883267000521,0.769709724056563
"p09",0.313310473986974,0.806109757813346
"p09",0.30326003252843,0.760469393087148
"p09",0.347698501644746,0.768010923155822
"p09",0.315105111657556,0.764986021309748
"p09",0.362318040883641,0.761870017703606
"p09",0.325238245007044,0.770085200169834
"p09",0.919432655669088,0.911239602681343
"p09",0.93738808789325,0.894531419011863
"p09",0.92627280917742,0.880185720322902
"p09",0.945707043800564,0.893731219664857
"p09",0.929260023726211,0.8992952610232
"p09",0.186654666372278,0.718997842394416
"p09",0.172534865237189,0.669383842885175
"p09",0.171529761652244,0.65922520806741
"p09",0.192472788938492,0.664056904933066
"p09",0.158709588064734,0.654979085479461
"p09",0.170977986600323,0.6536893923243
"p09",0.879545280047222,0.67729685045859
"p09",0.901120419546008,0.69100907726176
"p09",0.876687282730244,0.671986281857974
"p09",0.906372946703103,0.672061431280008
"p09",0.890202858743597,0.651211859600864
"p09",0.844139641704471,0.416311283790854
"p09",0.773059736361159,0.465455779146345
"p09",0.839941252410754,0.420820918171443
"p09",0.83401361481546,0.41220658015807
"p09",0.830836711839236,0.431091491066444
"p09",0.828494139013429,0.485523561791818
"p09",0.803706443573263,0.393428879248142
"p09",0.79921196773854,0.467375497619796
"p09",0.831318029695525,0.483728885930304
"p09",0.11858006083874,0.0945500461592634
"p09",0.0998607276486324,0.132573292929089
"p09",0.136252239363609,0.0880645549230495
"p09",0.209052190096845,0.908887322537858
"p09",0.206092048981567,0.888314226256147
"p09",0.216222480500153,0.905488216697292
"p09",0.221986111659155,0.90971877575913
"p09",0.545306562960221,0.596002084756988
"p09",0.556250784772145,0.515724329553755
"p09",0.547501810034226,0.550545938414882
"p09",0.209512125647638,0.437222460802907
"p09",0.21695287653311,0.478874193290488
"p09",0.221053665987615,0.412881239685795
"p09",0.256440634025265,0.437396538455069
"p09",0.206314326214188,0.429010271351055
"p09",0.216448295931393,0.448643739068112
"p09",0.217430126162484,0.429260901073963
"p09",0.357540149830577,0.332981088414262
"p09",0.331947915017728,0.304293877522037
"p09",0.330627864611924,0.340086202782127
"p09",0.333800458313281,0.311953497300612
"p09",0.332865983831194,0.337948142387139
"p09",0.329668474105979,0.369751120973868
"p09",0.35719188524964,0.311825835445834
"p09",0.416212283819512,0.21673341165708
"p09",0.448501695036008,0.204543153307155
"p09",0.436347597678964,0.227521464991347
"p09",0.43629363113488,0.210974418758441
"p09",0.435740648202369,0.201098119959048
"p09",0.414324744365302,0.21839916605736
"p09",0.991202574824944,0.255688449194241
"p09",0.704738225637369,0.734850902441881
"p09",0.723844805105503,0.755486591703187
"p09",0.709338238949134,0.726541823166258
"p09",0.698443371382771,0.713852367946737
"p09",0.709203717163262,0.752846288347495
"p09",0.740845441065858,0.701734533813166
"p09",0.226457942769807,0.914446355299409
"p09",0.207413040844884,0.85921675108012
"p09",0.230997587894832,0.940906397452705
"p09",0.202215122825975,0.918300529616605
"p09",0.235688247036624,0.923901244291909
"p09",0.389630791203937,0.733023529181255
"p09",0.402335975972593,0.761388219362336
"p09",0.380500021988054,0.758818183303997
"p09",0.414116069489839,0.740312289731146
"p09",0.3595023258117,0.742516814698789
"p09",0.397074104210025,0.738777719263055
"p09",0.341032591784333,0.0972335680539863
"p09",0.342623514934641,0.105099822378247
"p09",0.377961676850199,0.16728710508179
"p09",0.298114380364238,0.129745757324019
"p09",0.325771093512935,0.133065282488432
"p09",0.329469159076823,0.12593903303139
"p09",0.335263957885456,0.129886161940958
"p09",0.316346942445228,0.132448656615023
"p09",0.777163720856363,0.0341440626231956
"p09",0.432697911616558,0.314158107636877
"p09",0.411734432434184,0.307783391400977
"p09",0.417682976800279,0.678328888142648
"p09",0.412047296121535,0.655941354344775
"p09",0.43871896407649,0.637095297765017
"p09",0.410372760401566,0.677818515215998
"p09",0.467732838436708,0.647616145002774
"p09",0.391802580968091,0.659842882157065
"p09",0.476955726387287,0.911517699114057
"p09",0.539652693005109,0.935648930492171
"p09",0.47161041730615,0.930344611936455
"p09",0.492872309997342,0.940953301164814
"p09",0.504165360003371,0.89190027132698
"p09",0.527871855769142,0.943403922703979
"p10",0.0359743396386892,0.936727443626937
"p10",0.188211821530859,0.421362181773589
"p10",0.1814534514449,0.456563032266044
"p10",0.159172151873404,0.493059655951749
"p10",0.087628987320024,0.488828197370895
"p10",0.159148677066308,0.501510546765668
"p10",0.127339172258889,0.512286786613814
"p10",0.135612655683936,0.5512797419545
"p10",0.648168398467538,0.0132818079004881
"p10",0.956748622833492,0.9509615707761
"p10",0.926529716976871,0.944444686860701
"p10",0.988869072592998,0.987080410443725
"p10",0.965340073083174,0.43731314733295
"p10",0.675169298150694,0.893745917053516
"p10",0.631428170002686,0.891062097571763
"p10",0.678235572380196,0.878389028275906
"p10",0.592083732126103,0.835514039667145
"p10",0.672804059154552,0.892392220750906
"p10",0.621036091570256,0.788479678955362
"p10",0.709560423169146,0.809525767054877
"p10",0.608059116387646,0.909008713035193
"p10",0.62831381008469,0.820787428422985
"p10",0.634742680964443,0.946577881719115
"p10",0.680074124238983,0.919798646063194
"p10",0.694739895844444,0.811060374062901
"p10",0.606532228275945,0.875309913184205
"p10",0.481757805444371,0.824259174660699
"p10",0.51352691552738,0.786070072592915
"p10",0.515694998491647,0.787178955861762
"p10",0.58035138588843,0.809414607169884
"p10",0.531927792781046,0.755650229394536
"p10",0.51475225859857,0.836825018676693
"p10",0.848838527635484,0.566637415636085
"p10",0.843501261623514,0.541363828233008
"p10",0.977064405921123,0.493276231776505
"p10",0.798350431900394,0.487825738045938
"p10",0.902058505070072,0.504376404979747
"p10",0.80478559132411,0.535472274402696
"p10",0.886053384627659,0.499254406059593
"p10",0.889488102458454,0.508556739994315
"p10",0.139776481687061,0.570744299861575
"p10",0.143453175503913,0.62736497613987
"p10",0.134843326953965,0.628831526534418
"p10",0.214982432712691,0.652608059131659
"p10",0.204667540197471,0.594997318715119
"p10",0.986414915805141,0.935924804192662
"p10",0.930446625384305,0.967237874856293
"p10",0.962806378167668,0.898741070183317
"p10",0.925545505427624,0.98121109570919
"p10",0.914497518201031,0.931916713656643
"p10",0.841504489681769,0.869648781523961
"p10",0.954575643815224,0.957873701205198
"p10",0.682400240394075,0.853659751250666
"p10",0.811430584682053,0.818477708990002
"p10",0.742664671733451,0.754001416975444
"p10",0.73190500424736,0.75514680530807
"p10",0.517121411579516,0.133962019445762
"p10",0.444158380307052,0.168195066918891
"p10",0.543880223563685,0.103892578464847
"p10",0.465448569511214,0.141951780714192
"p10",0.517998993641991,0.121351585889158
"p10",0.0229493770252111,0.318100138478157
"p10",0.0217809120666929,0.229043218206387
"p10",0.0366179880491234,0.238563405238261
"p10",0.056809668449688,0.202661671435239
"p10",0.342753053328108,0.477632338651138
"p10",0.276164350110246,0.466273110297402
"p10",0.327990084340333,0.557325224861747
"p10",0.349416347789822,0.505123322697182
"p10",0.294010747391691,0.511158614930231
"p10",0.256936928489133,0.589190253406187
"p10",0.430363545179222,0.566715205721305
"p10",0.330241787393567,0.514208737130378
"p10",0.382757552897519,0.524687620758376
"p10",0.368826839925776,0.480260102023807
"p10",0.562202187187656,0.016949872750201
"p10",0.972028533045208,0.150698686265539
"p10",0.565103203851259,0.761665143784833
"p10",0.653427819583444,0.772468040092036
"p10",0.684362495879592,0.806004725008071
"p10",0.611822933646105,0.904049543578749
"p10",0.687478425406525,0.822462439042542
"p10",0.67851943451932,0.791508652594493
"p10",0.413582510923368,0.988423481658634
"p10",0.461501940500617,0.905669652235629
"p10",0.536987817837897,0.971586762358142
"p10",0.502921710608683,0.992480499454956
"p10",0.469796810236567,0.987332493500024
"p10",0.460881786552513,0.927476319754492
"p10",0.461262044861418,0.965186084316081
"p10",0.380198282390785,0.953908994741432
"p10",0.00112216134584314,0.620505480583915
"p10",0.0285488827958975,0.617980279931894
"p10",0.0463783175057693,0.560497699094914
"p10",0.652601123831183,0.0539498436845627
"p10",0.655463283714459,0.0653421792715546
"p10",0.720899080711526,0.0120123675421118
"p10",0.760617833030541,0.0432268841812983
"p10",0.960009802883449,0.645797609570302
"p10",0.981031013114105,0.673015043962665
"p10",0.963472016409317,0.684970972892031
"p10",0.95075723391541,0.669023674043576
"p10",0.906891431417833,0.606376198191671
"p10",0.914758895658632,0.752090644692873
"p10",0.959701100355801,0.671830583680337
"p10",0.982136217218624,0.684528092131102
"p10",0.989002075437721,0.675979491918951
"p10",0.543961186340723,0.454748197029144
"p10",0.52774448032615,0.511992412971408
"p10",0.506899293253609,0.436523038111662
"p10",0.502173355752754,0.453838717629388
"p10",0.467570304541469,0.473463992144787
"p10",0.928307752583408,0.893580552053156
"p10",0.908586633487058,0.816702308498604
"p10",0.986214946130452,0.908572788282134
"p10",0.959216049604094,0.879543577578305
"p10",0.898869483125487,0.81738708449886
"p10",0.994025748915089,0.782976715845686
"p10",0.954277341065999,0.92945665328614
"p11",0.661398875467985,0.456355710026968
"p11",0.655784237696212,0.456743099320068
"p11",0.654451136025831,0.443839873610596
"p11",0.666943101312111,0.4662490627904
"p11",0.432340525599861,0.66091954837259
"p11",0.515418771709259,0.62799206316645
"p11",0.483983932833774,0.713097611606646
"p11",0.531678860651876,0.149058463599971
"p11",0.493084191130455,0.154794366588844
"p11",0.526414315611919,0.166392897396111
"p11",0.44325090490908,0.1400903487036
"p11",0.509062709951732,0.185378214312114
"p11",0.526041507168536,0.158584268079759
"p11",0.528113945257408,0.109080621863396
"p11",0.481271895573512,0.130825551689501
"p11",0.439602113219723,0.129906579231632
"p11",0.996666736571293,0.90768338963439
"p11",0.0437035832916538,0.942464986614813
"p11",0.0945399646154784,0.382201612735487
"p11",0.084892384998208,0.383063779401728
"p11",0.163121448017279,0.376934322961532
"p11",0.0654671727891941,0.388672328312537
"p11",0.0960095198416023,0.425996185980402
"p11",0.163125484305757,0.429516302345442
"p11",0.0889967517438347,0.633471762089888
"p11",0.099158820143275,0.544722788531473
"p11",0.0209637721904508,0.536800144304518
"p11",0.656667478118505,0.00150043636992525
"p11",0.274776249499697,0.659819848226772
"p11",0.21531355952798,0.624343745115126
"p11",0.277519370804054,0.579494878637636
"p11",0.27806207190123,0.594475953817082
"p11",0.255702332536039,0.59654201990268
"p11",0.256140096255865,0.684360954178613
"p11",0.249115867309565,0.544050887886204
"p11",0.252798409931217,0.600106499576942
"p11",0.359132306355927,0.69712735348706
"p11",0.267552959631535,0.646443357064305
"p11",0.35555980208873,0.275364569368444
"p11",0.402621382510791,0.219520001000295
"p11",0.403466601216712,0.196978941262905
"p11",0.396184511396574,0.24083395795416
"p11",0.375826884968811,0.25629017575409
"p11",0.40459451265709,0.263310768855419
"p11",0.40994697140127,0.281919131141848
"p11",0.446689555237209,0.173489063823199
"p11",0.429190717275828,0.265605703864359
"p11",0.368521495228161,0.208865431631162
"p11",0.478902392045306,0.159863188573019
"p11",0.391213720527042,0.176882067438256
"p11",0.124660065745951,0.276095929124602
"p11",0.0964858469478941,0.281337091174463
"p11",0.0650687674171638,0.298991642938882
"p11",0.0881145679017852,0.156526974480569
"p11",0.0166712678197937,0.328680695634627
"p11",0.0771706836662447,0.318998901296717
"p11",0.150252652926055,0.924997573031178
"p11",0.168364089860388,0.9054948986911
"p11",0.242878073841423,0.851906682317775
"p11",0.0859019521269666,0.845949074245844
"p11",0.282111438458742,0.272557840575052
"p11",0.318072392887147,0.324233348593583
"p11",0.327174434184422,0.338227880811501
"p11",0.345901476665034,0.357739548423711
"p11",0.310032684511555,0.33482310528385
"p11",0.328211107391054,0.336144484138884
"p11",0.284181357209864,0.289250350987081
"p11",0.105621142802778,0.100664405250102
"p11",0.088082218702686,0.000553662229831386
"p11",0.0480942974927093,0.00474316066588765
"p11",0.0898549766260624,0.0675888628808846
"p11",0.151882384424338,0.18641165948901
"p11",0.171710205002649,0.201610467010425
"p11",0.257559412559378,0.168817466748743
"p11",0.144208634982211,0.196150520057504
"p11",0.166562337478998,0.271874104631304
"p11",0.225494156101546,0.224282824945871
"p11",0.250344055706319,0.169289760792017
"p11",0.17770106637276,0.255120241169508
"p11",0.154555000194144,0.143795133578937
"p11",0.0796922797865373,0.959338892618475
"p11",0.0298890444745374,0.925188065079886
"p11",0.45596474326843,0.996567828607097
"p11",0.0919769960709512,0.187405692402689
"p11",0.107458615989232,0.124108651047735
"p11",0.0768436654485538,0.151592079560383
"p11",0.0676079600220568,0.181042640642531
"p11",0.845827423004845,0.00633036272410736
"p11",0.852955661613894,0.014786293440222
"p11",0.857275988358963,0.0112284521528719
"p11",0.119635937226388,0.984436513344535
"p11",0.102299518684644,0.984072864663971
"p11",0.154395474150192,0.923660895896976
"p11",0.192508676452879,0.906393215624816
"p11",0.175339142433985,0.936696226637633
"p11",0.1390001387903,0.999235630363091
"p11",0.102185525319366,0.996001868080006
"p11",0.19300249485053,0.979363546467639
"p11",0.163030188480513,0.902720236239164
"p11",0.160691523422612,0.975965125348208
"p11",0.515918486587254,0.162399607400009
"p11",0.50901024705788,0.260980479159193
"p11",0.425639647910377,0.165403167775981
"p11",0.500064676734727,0.145670366126886
"p11",0.507631368797606,0.128019649908155
"p11",0.49374135270303,0.55929922413613
"p11",0.404254016996702,0.568465678363767
"p11",0.426278661099753,0.55681039647636
"p11",0.448926602487885,0.434501667802144
"p11",0.47656674575418,0.576648397949114
"p11",0.422353237929259,0.581100112094855
"p11",0.503313726522533,0.558373410676791
"p11",0.43692701877903,0.479320490522346
"p11",0.471234524395887,0.629504263512182
"p11",0.00245620763977794,0.395604308926502
"p11",0.0130228123526877,0.315166919858373
"p11",0.00145078350999039,0.357126768847383
"p11",0.0333506343489078,0.71620448290542
"p11",0.0154547501296528,0.691812845013026
"p11",0.0852183728168977,0.236259404150944
"p11",0.44897130876967,0.962589644623922
"p11",0.610318521661591,0.992880572166411
"p11",0.486524767529314,0.979605782750312
"p11",0.475090420545577,0.964803740862677
"p11",0.565909055768805,0.997619967319161
"p11",0.43807353463449,0.934302776901567
"p11",0.513836096266811,0.993777217518788
"p12",0.774777120483014,0.69553289662679
"p12",0.76532726201094,0.67434291617103
"p12",0.725248103150685,0.601856853224386
"p12",0.758526315733705,0.67013838871295
"p12",0.778818099270347,0.650865551639862
"p12",0.747924125455604,0.64963206275093
"p12",0.74815678673579,0.623827867335564
"p12",0.754632604701269,0.692362845122331
"p12",0.79147940127831,0.639068107308105
"p12",0.749841787057167,0.615510677227584
"p12",0.750938843259396,0.656112905194379
"p12",0.774249598053965,0.639321305478181
"p12",0.456190213910283,0.375962209799512
"p12",0.427036745563936,0.396608972227249
"p12",0.389604164226691,0.374906005145284
"p12",0.429364145240231,0.386869502434468
"p12",0.455945480610343,0.339236253417026
"p12",0.448098576006836,0.392050569808176
"p12",0.494375365294252,0.378310994663935
"p12",0.41536458274461,0.412396052176446
"p12",0.469886706303812,0.375007499069787
"p12",0.455519665091041,0.402211547919314
"p12",0.609943492931799,0.756380130928195
"p12",0.558083395920748,0.702219243113131
"p12",0.593687667368119,0.660777569665848
"p12",0.534265121362668,0.666517995523298
"p12",0.617273865023808,0.655292568701182
"p12",0.603073678470687,0.710545861489458
"p12",0.609379059444748,0.676671554729108
"p12",0.591130075044662,0.690385175835506
"p12",0.562843483303093,0.660533395742725
"p12",0.580442924811588,0.682933174531841
"p12",0.259282252948638,0.0135129315603557
"p12",0.877723232392214,0.849808138858087
"p12",0.868559438976798,0.863728608157857
"p12",0.848659804826213,0.839606055473028
"p12",0.819380601483334,0.834226918437472
"p12",0.878414915859455,0.830280922026762
"p12",0.855881999866722,0.829908008100655
"p12",0.914150434990993,0.894828563833944
"p12",0.924636481360773,0.82163260618613
"p12",0.856955074384733,0.828847070920852
"p12",0.70956623842385,0.348835672501962
"p12",0.68257752019611,0.353913398563163
"p12",0.651029878539166,0.389037008516506
"p12",0.686692945799749,0.397206493111685
"p12",0.681843482178568,0.360009648252178
"p12",0.689851091230492,0.392379139022238
"p12",0.664979296060127,0.426858908515084
"p12",0.701516247961254,0.364535201912978
"p12",0.65545424155487,0.38308266340492
"p12",0.695771097104108,0.373190343374513
"p12",0.664032827920439,0.35531231594272
"p12",0.678472543303362,0.332513216916607
"p12",0.710188627766484,0.377019289486906
"p12",0.690646706439364,0.406788431394723
"p12",0.138868551439196,0.618119773453304
"p12",0.144140100604282,0.604832497460649
"p12",0.132276366201278,0.663848321475423
"p12",0.181174871596828,0.57589808431601
"p12",0.151812880413164,0.669979453702689
"p12",0.155860746907527,0.660507189648281
"p12",0.150902511448782,0.597428539134896
"p12",0.183834017327014,0.682856239590119
"p12",0.139939913389573,0.628454677382631
"p12",0.14981075774225,0.687870325146579
"p12",0.201438575489111,0.613483023194771
"p12",0.193828149109903,0.718496480252555
"p12",0.751996534079659,0.65169356625152
"p12",0.763849177112655,0.579702451651422
"p12",0.766859246329328,0.583331748013534
"p12",0.756419858543632,0.607643300243791
"p12",0.754885033955522,0.578131246714671
"p12",0.787205364508823,0.591759025026925
"p12",0.669375247453124,0.925707450058558
"p12",0.722465480685052,0.990988791450567
"p12",0.693840604366942,0.916228181318826
"p12",0.632729674647795,0.942330500031588
"p12",0.743627456207499,0.915194234293305
"p12",0.703817963632222,0.929413786698742
"p12",0.73368566396543,0.897664950432158
"p12",0.744594326709643,0.907654856050253
"p12",0.697789948482125,0.864040362764167
"p12",0.743110131477512,0.911994769582441
"p12",0.730300559824231,0.84802535308908
"p12",0.700289749235953,0.872017934250644
"p12",0.412440813035621,0.675787327709139
"p12",0.461872786670708,0.735209609598595
"p12",0.486721018951951,0.692648511188078
"p12",0.422716136701487,0.661739310331717
"p12",0.475191632541553,0.67962570960968
"p12",0.477128443517025,0.667593205817791
"p12",0.470176695566084,0.746364121203087
"p12",0.446847901608305,0.645571344241259
"p12",0.442045402005823,0.652209317177934
"p12",0.48261693963009,0.738396574162106
"p12",0.440898777633322,0.7791072050275
"p12",0.455597357563006,0.748701211763411
"p12",0.467988333860076,0.812961227573457
"p12",0.428433057314583,0.778128056571748
"p12",0.478468213226845,0.747970387811742
"p12",0.466802404226899,0.791569582325146
"p12",0.479730118212929,0.77253770216002
"p12",0.498686015051477,0.736808146187745
"p12",0.458354401694003,0.684793489909856
"p12",0.443695664535405,0.759501036448064
"p12",0.502370954080754,0.783486465061388
"p12",0.488985340888192,0.798769405117098
"p12",0.664442275285365,0.435669139897115
"p12",0.680711259070583,0.437653861059722
"p12",0.706084158905458,0.379890748717884
"p12",0.680226752517628,0.365384829738423
"p12",0.67118143554041,0.36960755946303
"p12",0.667588692747549,0.361270347483825
"p12",0.727909986414093,0.351420349708276
"p12",0.705934297674428,0.370424531363419
"p12",0.722091850866754,0.403235917497055
"p12",0.721738917332598,0.35891901648432
"p12",0.741065903833339,0.379184090552535
"p12",0.618810222621257,0.326418487115641
"p12",0.864390559052527,0.94614162982462
"p12",0.853405510189849,0.97185910918512
"p12",0.864681358026552,0.974200424036008
"p12",0.880941464107867,0.991494612976098
"p12",0.862102104653428,0.936400873778263
"p12",0.932407140361366,0.981608086933756
"p12",0.924233976951062,0.989308587353585
"p12",0.899162828793521,0.979256939360122
"p12",0.238213897695478,0.392996990028789
"p12",0.147845222173311,0.369151868140621
"p12",0.146814494519084,0.437800953068456
"p12",0.140067133485575,0.381231977372917
"p12",0.160049720919284,0.33101404729866
"p12",0.20736556194603,0.426050746727804
"p12",0.175558176231217,0.347129045424641
"p12",0.196538717765009,0.359278980971953
"p13",0.275365663092022,0.581505611621885
"p13",0.283694606757476,0.578897924849504
"p13",0.31048033648729,0.645399525000255
"p13",0.291170392631484,0.632659186608781
"p13",0.319711815910812,0.614040603088201
"p13",0.272547740003997,0.59415371239087
"p13",0.280662809657512,0.575124828815172
"p13",0.296904533578785,0.554064399632962
"p13",0.287633782764016,0.594769620774528
"p13",0.291640854755822,0.585008250821671
"p13",0.291521205466034,0.599672259949065
"p13",0.277489257163749,0.561606531502565
"p13",0.335598472706767,0.59290515900446
"p13",0.138078836421124,0.564412449572254
"p13",0.130409838601035,0.593158124542562
"p13",0.151982614604439,0.525197439630917
"p13",0.146646177965462,0.537039402072789
"p13",0.137901026321614,0.561539531830387
"p13",0.129870451173262,0.59061615146315
"p13",0.168629858811685,0.542701355854389
"p13",0.113789173086892,0.559649156356413
"p13",0.144126483977276,0.580723977958636
"p13",0.775803628883003,0.438134731548958
"p13",0.789947164058693,0.447413014145705
"p13",0.796393626379564,0.418650250749032
"p13",0.773188006386555,0.476656384715595
"p13",0.761909170654658,0.464400991906802
"p13",0.800816047719654,0.487023730362802
"p13",0.805343241608428,0.476897284696645
"p13",0.777083754239276,0.467071427212633
"p13",0.807325820547653,0.502987399695135
"p13",0.75569779836436,0.444742533021832
"p13",0.820027279372406,0.477362603306525
"p13",0.801409798586691,0.442055584771343
"p13",0.823831252525098,0.45450522512453
"p13",0.786845575525628,0.482227010516481
"p13",0.788255356566188,0.489709368225525
"p13",0.789621155380874,0.474906070784121
"p13",0.394846178332879,0.498392154489376
"p13",0.457489614076318,0.487857383246083
"p13",0.441830153597469,0.512523146965581
"p13",0.446645599086718,0.44164291054257
"p13",0.437644196879534,0.470578752708524
"p13",0.462341008306705,0.52691458175008
"p13",0.443216382374695,0.480763917296695
"p13",0.444203852003313,0.429965922462931
"p13",0.473689772122973,0.514426074892973
"p13",0.473619875695879,0.439175940436557
"p13",0.455182434318375,0.471745160406244
"p13",0.191239185115649,0.998212488836741
"p13",0.199367460106973,0.99762461461443
"p13",0.179032401689894,0.999002237066703
"p13",0.166409660958281,0.986383666237103
"p13",0.236132435979042,0.765773845232539
"p13",0.171928570798267,0.759484356478408
"p13",0.194302067562562,0.817725362762144
"p13",0.221733891901386,0.783738201838083
"p13",0.185334186348732,0.779338498371948
"p13",0.219116263225181,0.775137348956081
"p13",0.230780128303776,0.777948426051315
"p13",0.229725581542749,0.751930303228219
"p13",0.246660435143062,0.8098448816886
"p13",0.218269114893446,0.813804742084617
"p13",0.178691729390415,0.577162677761912
"p13",0.196978145270069,0.604593984910834
"p13",0.193141783018543,0.560921115794485
"p13",0.183701981851697,0.601574909960588
"p13",0.169838081676342,0.558301584947878
"p13",0.162204818898158,0.611684211399172
"p13",0.152136010370628,0.624139993640489
"p13",0.164356969250939,0.617360023107379
"p13",0.0246266007500632,0.540107396134857
"p13",0.0208161824899619,0.54955912027535
"p13",0.0511676302218633,0.496062471151959
"p13",0.0181121897720629,0.541556494643221
"p13",0.0137410881087094,0.515005288262023
"p13",0.0942311072423218,0.672333189216068
"p13",0.0990558891125253,0.727437681050112
"p13",0.125587237110357,0.734065149994317
"p13",0.104036166827313,0.663875278186347
"p13",0.111677628339415,0.712804345488722
"p13",0.0793879611335633,0.712337257537227
"p13",0.109527968245889,0.728461932833721
"p13",0.114701196420833,0.696738147136642
"p13",0.0511152449396656,0.67967295395809
"p13",0.486661271797673,0.833264315196466
"p13",0.454004668802785,0.889716450581003
"p13",0.457725242733002,0.824977796649347
"p13",0.485067592724603,0.860680927244083
"p13",0.468874660357576,0.873109453591867
"p13",0.485454515289054,0.839685925751493
"p13",0.487378783682149,0.854775366175453
"p13",0.470326765985481,0.833114731556854
"p13",0.466115594466818,0.798472768259291
"p13",0.431962030650141,0.847961061961743
"p13",0.0138511201142693,0.327811792891444
"p13",0.0207064169912377,0.289550174228063
"p13",0.167011938863398,0.987315523780818
"p13",0.1608415530502,0.991814545693433
"p13",0.570684072914212,0.302623427379533
"p13",0.57800373113867,0.308927903146516
"p13",0.537367341010247,0.272103055003147
"p13",0.565312850589878,0.339643613224128
"p13",0.549860134642306,0.321039756103031
"p13",0.583903885613953,0.293933987199742
"p13",0.585254500527464,0.295201851431389
"p13",0.563528561291343,0.294861679817866
"p13",0.51589350132901,0.299666775819347
"p13",0.552313942972348,0.280081505097988
"p13",0.595255248055843,0.307248167101662
"p13",0.557335557192584,0.26302027420477
"p14",0.724882062277999,0.904929330497077
"p14",0.73929147499623,0.856622777832417
"p14",0.698721995469078,0.847112539407853
"p14",0.683843479412085,0.860331151339748
"p14",0.720140728625563,0.868163284568682
"p14",0.705860655599448,0.876206682808279
"p14",0.723534878849275,0.901797484483241
"p14",0.753598972272324,0.8785264250279
"p14",0.717775097711366,0.885428278051114
"p14",0.978062206628587,0.961083224961606
"p14",0.837158204791534,0.605485900795288
"p14",0.853971407742837,0.627761633470549
"p14",0.820020512922377,0.609519656658561
"p14",0.826147963191069,0.593549666561193
"p14",0.805836190359563,0.610690969089013
"p14",0.836162679630669,0.638285412362643
"p14",0.739429403448298,0.616087051971771
"p14",0.752185992433035,0.630798311317775
"p14",0.743702098143042,0.620350262512495
"p14",0.1621374145156,0.568804934804933
"p14",0.0773021389198315,0.507650767083322
"p14",0.125170744315072,0.581054719494507
"p14",0.106342470148803,0.536401749877226
"p14",0.149250731199669,0.489515466736716
"p14",0.0753971469672886,0.478515391103451
"p14",0.0984172668561363,0.488585413056233
"p14",0.0708808082384516,0.501695681326346
"p14",0.991393222354133,0.805328483935442
"p14",0.996566734233247,0.821499616468722
"p14",0.872262674719216,0.286241998850872
"p14",0.928233700928139,0.346419341776546
"p14",0.898024824039395,0.2655695901634
"p14",0.926410877379779,0.280777294028367
"p14",0.672763025754866,0.794016618553701
"p14",0.704939974717414,0.738322522808663
"p14",0.666843599400033,0.786893206030639
"p14",0.639284374611869,0.847207963274287
"p14",0.647340315896825,0.794285596383041
"p14",0.349827824299417,0.91014500836664
"p14",0.358565356575709,0.816946449261326
"p14",0.287507650809458,0.804475159964213
"p14",0.352572666972759,0.843568403721011
"p14",0.316326292340535,0.765307060503822
"p14",0.32330922223075,0.751211584215953
"p14",0.285044984241259,0.84521664905894
"p14",0.785453079473023,0.0291252967757293
"p14",0.876392193049968,0.00176327619876143
"p14",0.813077267553481,0.00310737756287943
"p14",0.898887060919037,0.0125564968637854
"p14",0.910085709750066,0.0474701880144983
"p14",0.884726321258588,0.0325123824598747
"p14",0.850912401130195,0.0304431138158717
"p14",0.595021947327779,0.607694715993508
"p14",0.655560252274776,0.68145480280452
"p14",0.650842351409191,0.615852812381003
"p14",0.677194241031134,0.629763177855408
"p14",0.604372079176312,0.629073479333203
"p14",0.706965262903022,0.538540573950039
"p14",0.984653620173186,0.454887199323235
"p14",0.812318570227859,0.219220215811883
"p14",0.909177606050703,0.221928130978992
"p14",0.873091352779074,0.16171292262058
"p14",0.853848213254445,0.225068127553248
"p14",0.831484383162081,0.224366125476612
"p14",0.80664080152633,0.194780881882453
"p14",0.873211385918692,0.217491450557643
"p14",0.886736202907318,0.180072202512963
"p14",0.877598378583459,0.226814125517181
"p14",0.802505334902952,0.189941569771486
"p14",0.897036671607335,0.192428394026895
"p14",0.932348060942717,0.0106841705056963
"p14",0.81903158018908,0.0719886002916048
"p14",0.870520599001076,0.108122815039968
"p14",0.943628881501496,0.0762252060032949
"p14",0.868694136618946,0.0977161421573921
"p14",0.91631214900488,0.109164878361173
"p14",0.776017153480648,0.0508756861712759
"p14",0.897295925250281,0.0531095208583227
"p14",0.929128330041161,0.075472493238225
"p14",0.117465784443364,0.994203556708047
"p14",0.0971221791734428,0.953207748078042
"p14",0.032825875161314,0.281173292290728
"p14",0.00133724028934129,0.237289440161269
"p14",0.0242849838420318,0.189370613442985
"p14",0.0269545969720081,0.182876372776034
"p14",0.025194546615466,0.33405443912537
"p14",0.274056184487721,0.512295150359621
"p14",0.25538823562338,0.498117383481109
"p14",0.293244986326603,0.503310481506738
"p14",0.238286031669488,0.519996382524816
"p14",0.261196482987579,0.522463350323151
"p14",0.280164739669458,0.399142016700925
"p14",0.472388246907098,0.99973078487336
"p14",0.813194655652585,0.658142237939483
"p14",0.763886077469358,0.630114593728379
"p14",0.722694183453975,0.584641446532227
"p14",0.778917083405003,0.610133868274266
"p14",0.843531702401853,0.616027239396151
"p14",0.805933946998949,0.620587612144357
"p14",0.711364162771037,0.603444521930007
"p14",0.816398197796174,0.545712569690024
"p14",0.216801457676745,0.242142373701954
"p14",0.278720527568345,0.246859875369079
"p14",0.231655759109993,0.248361864533667
"p14",0.232007369963694,0.236384894358641
"p14",0.268972223942095,0.271104714435342
"p14",0.259127558230804,0.274268115071276
"p14",0.209208190344613,0.180625277286582
"p14",0.259094418251354,0.21815063296935
"p14",0.199476809543341,0.226975839784767
"p14",0.243366851167523,0.26474000451771
"p14",0.287139481620568,0.598451766826477
"p14",0.308204576255808,0.67542172890656
"p14",0.29449535034431,0.625522811344513
"p14",0.328871310032435,0.61933152526576
"p14",0.205321398722409,0.654700266367774
"p14",0.288599590579261,0.647929303086408
"p14",0.301677863061336,0.648394531110159
"p14",0.225836926372102,0.0332463298557492
"p14",0.303819127669592,0.0436232072184412
"p14",0.27890880000594,0.0256040628251935
"p14",0.233980716295478,0.059523372875951
"p14",0.297895399979306,0.0180035769935028
"p14",0.210245293887751,0.0447775683185341
"p14",0.341443921765539,0.0154732999660278
"p14",0.287673495337601,0.00262163989975589
"p14",0.00694233656460308,0.999264516584045
"p14",0.0771968004046403,0.922336355687128
"p14",0.0863856482806304,0.956816438721473
"p14",0.0248966947430054,0.9649623585917
"p14",0.811882258453944,0.630024322469758
"p14",0.815465943043107,0.677687923395476
"p14",0.771665569333182,0.6777560823087
"p14",0.754408743987694,0.615918424152517
"p14",0.828575760556402,0.685103714231082
"p14",0.852196877438568,0.566599754875993
"p14",0.744047396338333,0.726729818276156
"p14",0.783383325995214,0.673801487642579
"p14",0.799451263859053,0.66520986039621
"p14",0.288904336559199,0.383097702258334
"p14",0.195968455493905,0.3970850852974
"p14",0.239662851389414,0.401564070439261
"p14",0.163596104634417,0.361963401525793
"p14",0.211779013207807,0.345569047403253
"p14",0.264001507215293,0.34346006192894
"p14",0.151958710385983,0.35846445038897
"p14",0.194475880111593,0.40381675456308
"p14",0.181545826078087,0.38875166201296
"p14",0.814467439907484,0.0868831820648399
"p14",0.74159642383815,0.040153223587989
"p14",0.737443876457922,0.105197182920782
"p14",0.750554022992902,0.0446191107943715
"p14",0.74654126857041,0.115202103336504
"p14",0.758674111719983,0.0420697640518388
"p14",0.806738942631621,0.0745375811869056
"p14",0.766104719796894,0.0426023803169963
"p14",0.773949264507113,0.0923268106351782
"p14",0.763818817545169,0.0452282962069555
"p14",0.744351227313875,0.75507647327793
"p14",0.783873276434531,0.736262947255868
"p14",0.756776247416407,0.763012338749768
"p14",0.787306078086603,0.797053471181548
"p14",0.710431211396379,0.741095672272225
"p14",0.76839701531505,0.784839764599281
"p14",0.830887154391644,0.74894577611238
"p14",0.747497905298223,0.783993043778608
"p14",0.242717978401304,0.0166971213762092
"p14",0.256848684949685,0.0150472567353291
"p14",0.995369700129568,0.352415596229534
"p14",0.987696091452642,0.34530216145647
"p14",0.428001965004162,0.0253653830164154
"p14",0.478003263818177,0.0841548481100997
"p14",0.522667718782316,0.0237346301550549
"p14",0.442212380301318,0.0816761510061454
"p14",0.466286622589901,0.0229881232799279
"p14",0.467392766075973,0.00922230966557969
"p14",0.0692341092331016,0.973978032007751
"p14",0.0577554001108407,0.989683393409431
"p14",0.660764154563336,0.69409256707961
"p14",0.678547443127729,0.644383574956148
"p14",0.621777488703357,0.76466913133831
"p14",0.681023338512284,0.663494685164917
"p14",0.725947919590953,0.750530788887671
"p14",0.674725439044061,0.721602054718824
"p14",0.627066965784614,0.692090628940214
"p14",0.764365194022003,0.740588632498283
"p15",0.346509564486677,0.133345930181591
"p15",0.380458496865199,0.189282783585623
"p15",0.337661847335403,0.18031690022014
"p15",0.32371124709232,0.14151276794042
"p15",0.400855456729872,0.160025423117259
"p15",0.32647356753052,0.169200682640955
"p15",0.354689739870381,0.232921860153868
"p15",0.218339416924871,0.252556747478591
"p15",0.31634411575078,0.25530440488205
"p15",0.297210786366252,0.22001799927992
"p15",0.293401523822605,0.186168732210666
"p15",0.336334366988033,0.168389033939603
"p15",0.473970857068518,0.92083897968855
"p15",0.500276210869606,0.922639468306335
"p15",0.448494744318018,0.841739073319984
"p15",0.524257896277723,0.86052024165004
"p15",0.454078412783473,0.886620849700694
"p15",0.420790310864509,0.904017125850679
"p15",0.512156663797733,0.899133186503507
"p15",0.429454018958783,0.862118013103017
"p15",0.482377699586288,0.921966589100305
"p15",0.551278171278348,0.895717079260455
"p15",0.362675625071908,0.333920137065187
"p15",0.398415290523687,0.197479160524399
"p15",0.322159826959396,0.169709653212047
"p15",0.314031043881351,0.269187670472591
"p15",0.367294735880518,0.215769528918545
"p15",0.375172366380788,0.309509820707194
"p15",0.296555197660606,0.291184212808134
"p15",0.31163016197433,0.197359114008399
"p15",0.345531000542048,0.276587775680905
"p15",0.396658452195615,0.369726571043622
"p15",0.294543502272332,0.218943854452826
"p15",0.343396420808995,0.192577204921709
"p15",0.680894284023419,0.0167174902193327
"p15",0.995521124935916,0.99121250647922
"p15",0.982014295465467,0.938120727424015
"p15",0.96499875510608,0.987767880195445
"p15",0.237011518429271,0.499105778219472
"p15",0.266927413536002,0.537296088969149
"p15",0.386088904933768,0.520422610330771
"p15",0.316019473880066,0.525006290592132
"p15",0.288033312887611,0.602924952831915
"p15",0.236021320377455,0.604389209388154
"p15",0.475877734282496,0.93773538467151
"p15",0.461021989586083,0.888750329432789
"p15",0.539304572078916,0.844988119160802
"p15",0.46106245987831,0.822114887046841
"p15",0.487264524065881,0.952779698036136
"p15",0.454940629847079,0.901228575630317
"p15",0.390019075335962,0.872167708658222
"p15",0.428699359105452,0.894783973347395
"p15",0.433101468392526,0.909524821527711
"p15",0.416791805995302,0.845823320384402
"p15",0.567059153630098,0.892670433196518
"p15",0.396474625071699,0.912746791460823
"p15",0.463319931078129,0.89090582565205
"p15",0.983039424568018,0.393013942181103
"p15",0.117570994597312,0.447796057694611
"p15",0.116737700780726,0.475112193326932
"p15",0.179630927671525,0.413579095940182
"p15",0.205137204326541,0.485279981323451
"p15",0.206451293329368,0.404499363137457
"p15",0.250355659643348,0.485070469710668
"p15",0.265248755032745,0.465861888808259
"p15",0.193866641599266,0.428330392916812
"p15",0.147645084987449,0.45520696234314
"p15",0.16172615344982,0.452810652327805
"p15",0.182382766951175,0.405814929546141
"p15",0.159095302764718,0.394277444006934
"p15",0.61651639303451,0.519880946803047
"p15",0.481082662594862,0.465541526462137
"p15",0.51598636191104,0.495228831996763
"p15",0.488111321104495,0.529292207053115
"p15",0.554819693494593,0.47276704247885
"p15",0.583375584212652,0.442152050077554
"p15",0.470445548955543,0.530879244926609
"p15",0.588395545553109,0.453113120093073
"p15",0.99221616960194,0.125182370240097
"p15",0.951701519609512,0.508839970694014
"p15",0.933085847952458,0.448738745394443
"p15",0.974109811855977,0.490760089415872
"p15",0.973426095521806,0.408045120290684
"p15",0.880064741481918,0.473855785721481
"p15",0.938278210336537,0.54996439963339
"p15",0.892269530663247,0.458752822030057
"p15",0.916475308010824,0.460609693515162
"p15",0.953712313256843,0.507720994777326
"p15",0.899651634711911,0.517193931733438
"p15",0.912565505241889,0.445372738127206
"p15",0.925933681549972,0.519145001391894
"p15",0.708165826896443,0.220743649973717
"p15",0.574846271414503,0.310483399276907
"p15",0.701858081163136,0.306862618134837
"p15",0.715598315163196,0.293295275514255
"p15",0.686176604001381,0.326371109770366
"p15",0.580455176298234,0.301906030668228
"p15",0.575207130290987,0.18475156656312
"p15",0.702921975092988,0.257879174405817
"p15",0.443507554140026,0.0610810066509372
"p15",0.333550750673963,0.0309861733312533
"p15",0.404140996392932,0.0549258759450102
"p15",0.311705036031985,0.0805195223131538
"p15",0.359368078523498,0.0141235337191398
"p15",0.83756996657662,0.00138367654743249
"p15",0.234376438664088,0.714311540761308
"p15",0.259945682561498,0.763707254821557
"p15",0.228195306446366,0.706881151762888
"p15",0.253033055832936,0.677598142193799
"p15",0.239732762093229,0.738689002373297
"p15",0.257045670466002,0.763383294610343
"p15",0.300419162370907,0.710744541654626
"p15",0.773625467152412,0.243174020463371
"p15",0.721047413199511,0.245879334394914
"p15",0.766571274901221,0.064640235480907
"p15",0.733533654825123,0.110477839057105
"p15",0.760428715408009,0.205427815193555
"p15",0.728897697797797,0.193883491600756
"p15",0.79009595513567,0.190390726689859
"p15",0.711250550719034,0.211403179839842
"p15",0.761619542596,0.230473858091444
"p15",0.708072121571184,0.839375808263973
"p15",0.719528367115735,0.759184887011016
"p15",0.752027979861864,0.784102267582475
"p15",0.632706597913788,0.775893639691408
"p15",0.72381906098163,0.678817418760811
"p15",0.683717172305587,0.81542482710479
"p15",0.653853651573182,0.816723738528332
"p15",0.688954924234643,0.821685038257238
"p15",0.655536049161187,0.787114326883116
"p15",0.699879835139865,0.780280459981157
"p15",0.0482997076067877,0.908180065081404
"p15",0.514269607837376,0.0603608443030978
"p15",0.418774110192162,0.179615606851817
"p15",0.461830853222337,0.0390398882504839
"p15",0.587438028417799,0.0474067433398815
"p15",0.515750228551579,0.114744375901903
"p15",0.518002899969195,0.0539773982352502
"p15",0.496803490248577,0.120189251451342
"p15",0.532511572658622,0.195547032904004
"p15",0.545904969774286,0.0524401176611949
"p15",0.576255600363547,0.204821340776528
"p15",0.515737655021271,0.134226757046645
"p15",0.180069997684637,0.324732368401407
"p15",0.259596572950323,0.361803515152637
"p15",0.302678687043221,0.419749902083113
"p15",0.287701909354947,0.324053007970024
"p15",0.183128814099957,0.294012459660271
"p15",0.286423951250201,0.364331186768099
"p15",0.33275986745825,0.313395061222331
"p15",0.297712133301448,0.415885256180594
"p15",0.273354414479426,0.312766814321307
"p15",0.291811522150831,0.325330458852771
"p15",0.237863497312025,0.338017886370833
"p15",0.181389557719082,0.0649917187006995
"p15",0.17344609905847,0.00329630851813323
"p15",0.233926531248093,0.00639628171872908
"p15",0.14385335059689,0.00792619796896582
"p15",0.606420761271444,0.52396581048878
"p15",0.570772859152316,0.60445268334097
"p15",0.521721022744497,0.530332794828022
"p15",0.487057791920501,0.545449612725985
"p15",0.587623352278217,0.527558154883053
"p15",0.545151125754717,0.576840367532099
"p15",0.506280094291158,0.494452784301491
"p15",0.0428941328567882,0.442710014993101
"p15",0.0607598375773679,0.46996545309701
"p15",0.0959615448706639,0.43683986486335
"p15",0.0413050455302937,0.503357930418345
"p15",0.0281592260231711,0.468979506220803
"p15",0.0244141582351335,0.466182197043093
"p15",0.044919848520447,0.529820701168988
"p15",0.0192796093715131,0.544596930988654
"p15",0.0966303792249472,0.415121324990734
"p15",0.0462241324166145,0.44752125887506
"p15",0.0671619130492032,0.489180807846953
"p15",0.0316743293049613,0.468445923524996
"p15",0.959512371259546,0.5843090957645
"p15",0.920364905335511,0.542881349255071
"p15",0.887447406624113,0.452380477346536
"p15",0.867772263712822,0.573225043343151
"p15",0.92281274495489,0.573727154404347
"p15",0.966747241778202,0.502921478724216
"p15",0.922614859664505,0.582618396612802
"p15",0.926803579093146,0.534172446930589
"p15",0.731185976977267,0.00706704200014813
"p15",0.676022961337333,0.0253340958285936
"p15",0.689275778772154,0.0202407407381117
"p15",0.530815248375337,0.492332832613051
"p15",0.582184497276443,0.551407092168351
"p15",0.517235822543879,0.547187501690857
"p15",0.487134353095106,0.521350102742951
"p15",0.459340076788076,0.524780665424481
"p15",0.534547331105542,0.54038024428414
"p15",0.484324025089289,0.511253300765032
"p15",0.507795932143882,0.449012454867431
"p15",0.507056575503406,0.537931272339215
"p16",0.780994120354723,0.971670588764592
"p16",0.81503416442004,0.922229714761275
"p16",0.752316048306441,0.825786838254837
"p16",0.746841480427711,0.809004275320448
"p16",0.727038975622635,0.944837011523248
"p16",0.80948233286998,0.897765522449495
"p16",0.751395171150698,0.952554001481237
"p16",0.738193840959774,0.904532502369747
"p16",0.828899679029295,0.858496440272617
"p16",0.756181258696873,0.887584735329978
"p16",0.75717001958379,0.906684029600791
"p16",0.0214557386048914,0.126456906931581
"p16",0.0665495905700583,0.109464493682779
"p16",0.0647192749660662,0.158951514135266
"p16",0.0602858256844654,0.179423598918396
"p16",0.00525357920821062,0.176962317051996
"p16",0.0564183617681499,0.152293867294185
"p16",0.0144031225889507,0.134184695203267
"p16",0.0451337779645273,0.202182179853978
"p16",0.0428041251573856,0.0965855423742543
"p16",0.813991174077181,0.0341411413793689
"p16",0.843894529287402,0.19620403869026
"p16",0.831869059129585,0.212832180641725
"p16",0.755737554658471,0.280240701831204
"p16",0.825204622845163,0.235102851332376
"p16",0.824538986501248,0.258716859210556
"p16",0.850921115366546,0.195495397414364
"p16",0.848726928725177,0.230191520037177
"p16",0.557285311788035,0.960760938874579
"p16",0.0576956781632996,0.185609032810637
"p16",0.104974011236635,0.157750087910624
"p16",0.132109894265547,0.217498869742687
"p16",0.131890043891308,0.21814086641467
"p16",0.147425231357695,0.202607965419884
"p16",0.129693127551108,0.149649458953269
"p16",0.18470513415,0.186702667833057
"p16",0.64818432586182,0.501623615513179
"p16",0.728434793367342,0.526517261142082
"p16",0.654843552947249,0.483708199199458
"p16",0.659080903427424,0.506034722382084
"p16",0.659268691382384,0.460858152227728
"p16",0.670149007586674,0.438478046070364
"p16",0.665693285429736,0.478007603271061
"p16",0.64698448439657,0.503363341898391
"p16",0.707071488958325,0.456266932640913
"p16",0.713541092177389,0.555363394353525
"p16",0.680596330639066,0.478490396329018
"p16",0.652176645459699,0.758079722674732
"p16",0.612280659224091,0.83024752444439
"p16",0.570454645230464,0.756919378697109
"p16",0.558305368053277,0.853121715659335
"p16",0.67937847685844,0.772532090694863
"p16",0.594287361793234,0.75780172716489
"p16",0.191136476476733,0.985728255841361
"p16",0.287390386920941,0.967074843174728
"p16",0.344882749026941,0.922022005226282
"p16",0.281476895621702,0.855616169668843
"p16",0.328337599157385,0.950951738780709
"p16",0.320399822817816,0.91108008580956
"p16",0.309866733208497,0.912064479242534
"p16",0.357415438166743,0.936763204841733
"p16",0.412873393880901,0.985402933293248
"p16",0.432798514821189,0.727463996322109
"p16",0.444221972146151,0.671729707384754
"p16",0.425489537450513,0.639750777208062
"p16",0.463412956579687,0.732229385527606
"p16",0.511199134396473,0.660432480218685
"p16",0.517993173747006,0.744060743854941
"p16",0.410827069040884,0.554608029004063
"p16",0.96699981646513,0.00403318760640736
"p16",0.986733900538377,0.0372010952161988
"p16",0.885174989566325,0.0497381832714969
"p16",0.298663764062751,0.992104745537796
"p16",0.331185637845901,0.904182963833089
"p16",0.386187500350909,0.910813241624716
"p16",0.324891419733079,0.926747482396645
"p16",0.309675468771456,0.993767177027374
"p16",0.297562573231777,0.953022062634524
"p16",0.316931496204345,0.943546034548781
"p16",0.270831165303557,0.922276278303324
"p16",0.12138862794488,0.417798254726875
"p16",0.199306697837389,0.432608512023766
"p16",0.168854484517673,0.415994177957412
"p16",0.136500228975759,0.413853044106061
"p16",0.0957170126460255,0.383767596842704
"p16",0.134082522738462,0.343171942371791
"p16",0.168232089846302,0.448941385076132
"p16",0.151533211090272,0.406336225162512
"p16",0.153051093486845,0.438806315403995
"p16",0.186599115290335,0.410686325076933
"p16",0.99253568633604,0.657090805517806
"p16",0.962371029172032,0.605965688517366
"p16",0.941808053288592,0.568919288379549
"p16",0.899826209657285,0.654588913844724
"p16",0.992213349752447,0.585691892814463
"p16",0.919605568892944,0.586460184521128
"p16",0.974073675827372,0.579696656304942
"p16",0.976407435788927,0.695996306947867
"p16",0.0867335746918291,0.701486714122541
"p16",0.0884646086129941,0.818669000430441
"p16",0.144931554920177,0.702365022673875
"p16",0.0483724306488447,0.75957389906357
"p16",0.134983464257913,0.69007198650346
"p16",0.103365328720151,0.656808423258992
"p16",0.0957246078286848,0.674086286828463
"p16",0.0869820094474218,0.663759244079682
"p16",0.0740934562573276,0.545432534150684
"p16",0.0678409713919017,0.562286229915265
"p16",0.043895733736477,0.605829398197175
"p16",0.0913488599889364,0.568019610972788
"p16",0.12074471581454,0.503805100086129
"p16",0.0556782611424967,0.55659410954543
"p17",0.415894145952454,0.260177223720989
"p17",0.368996577154999,0.269473714050381
"p17",0.399479193623102,0.179359332092342
"p17",0.364065733860225,0.23545504788717
"p17",0.347878482071324,0.254472046445013
"p17",0.366884245634555,0.189870222665323
"p17",0.370256357629671,0.225751248400209
"p17",0.403276815252868,0.227614403240661
"p17",0.369961293208274,0.260808627224962
"p17",0.355673365467452,0.280928462673766
"p17",0.394992596850397,0.244801925342991
"p17",0.330102884020382,0.242858877347094
"p17",0.358071435424873,0.232792888024303
"p17",0.973905953585685,0.516949634691757
"p17",0.994208788857449,0.457488798770007
"p17",0.994055792154511,0.491490054026394
"p17",0.963583765347478,0.47755064370546
"p17",0.963290032748313,0.543961890221277
"p17",0.977409683100783,0.551008629184684
"p17",0.418394130108693,0.0508695265008751
"p17",0.431735839090003,0.063721426992057
"p17",0.368405350790301,0.0749143706968765
"p17",0.413031952989856,0.0546679163471517
"p17",0.416263581519457,0.0735188760131274
"p17",0.385414628607898,0.0591905682146295
"p17",0.435123280018937,0.0807990452897555
"p17",0.397205554155077,0.11388586660815
"p17",0.39205523251125,0.0890416318341732
"p17",0.416907198239452,0.0631007034600939
"p17",0.426008964949997,0.105084620966387
"p17",0.431059087126948,0.106373960945564
"p17",0.42213945780442,0.11310858215269
"p17",0.171160051633987,0.192305065162869
"p17",0.228449901527725,0.22154730885301
"p17",0.14519220375792,0.205681076014892
"p17",0.162875120538021,0.207682620674487
"p17",0.270385206200348,0.246168269974502
"p17",0.175829826169008,0.22430821782619
"p17",0.175799162915092,0.243905170881186
"p17",0.205246365159815,0.252852478138169
"p17",0.185858882647581,0.288720336859447
"p17",0.164627723092359,0.220677313864063
"p17",0.220466239310244,0.215979716652865
"p17",0.485225184418479,0.973914472922717
"p17",0.54667847084236,0.99975223354104
"p17",0.492675332675121,0.999639341244223
"p17",0.119422060399491,0.247371356985736
"p17",0.0720828995234592,0.220002006346111
"p17",0.0584322185958129,0.193004539036091
"p17",0.150772063819004,0.239354369667241
"p17",0.0602086318575686,0.236382159120119
"p17",0.0925107984255979,0.233181997733586
"p17",0.0843391604295224,0.237508171073277
"p17",0.0717345878839158,0.178775576476113
"p17",0.101940139171453,0.218781522364863
"p17",0.0895476813524956,0.228986092397362
"p17",0.0742143276374886,0.230834191557267
"p17",0.0150055767031865,0.494478328458716
"p17",0.0109105168160185,0.550326573105474
"p17",0.0166043946469556,0.520007507895063
"p17",0.0188173683986141,0.572144221937956
"p17",0.275055370463569,0.09412858274957
"p17",0.299214427143395,0.125408325319585
"p17",0.292899108744981,0.144124321632697
"p17",0.245235387289197,0.131816194769844
"p17",0.329698746565275,0.136167182033513
"p17",0.264643551129381,0.11520811557209
"p17",0.285967747111349,0.132980510537026
"p17",0.720783295089913,0.345615318206876
"p17",0.731273813775805,0.344393984399873
"p17",0.781685168133935,0.365971613501651
"p17",0.735001030810906,0.351713136804789
"p17",0.732348555407633,0.34073063660099
"p17",0.752287170283513,0.352769314835616
"p17",0.760994302196601,0.322819652518589
"p17",0.781588177100332,0.294231037986081
"p17",0.769968091543782,0.33644511539171
"p17",0.737772829483398,0.315620769585518
"p17",0.716707822240962,0.323285928357179
"p17",0.711546375747356,0.340204935574149
"p17",0.74852116851523,0.299711142991212
"p17",0.7459102446094,0.323192061237692
"p17",0.736425737402994,0.337099524127994
"p17",0.7323313109416,0.355067183658575
"p17",0.785319292850479,0.319805451279023
"p17",0.737705968792226,0.329958142024406
"p17",0.754999207608617,0.357718917782563
"p17",0.520505601784201,0.154326585269882
"p17",0.491768462367276,0.174304048013216
"p17",0.489768142394829,0.127390611929239
"p17",0.475223359460134,0.161654478769449
"p17",0.498930568781555,0.16858271428253
"p17",0.515883919998741,0.136277221437477
"p17",0.529278749161755,0.197732979068064
"p17",0.500123335617847,0.138012573874167
"p17",0.499304886138879,0.141762034331172
"p17",0.52421405710582,0.140485395505184
"p17",0.520586830341094,0.190755818609259
"p17",0.523743383045331,0.103934407617943
"p17",0.512831837989549,0.183951374466316
"p17",0.567164551507232,0.143202912010295
"p17",0.548859888170116,0.182235749602573
"p17",0.522416529765899,0.134372022410922
"p17",0.19257938209026,0.321893788631124
"p17",0.191110634307723,0.328145807582151
"p17",0.173421616114604,0.350296174035779
"p17",0.179283750541218,0.33615770273742
"p17",0.166460308240006,0.388158141171414
"p17",0.186691422633924,0.30977885720558
"p17",0.157871456296288,0.348184518367894
"p17",0.132749043718953,0.3344948642405
"p17",0.157615708237127,0.3775904391626
"p17",0.174866395518206,0.309459180816884
"p17",0.201665070672865,0.365723142994863
"p17",0.183692387378307,0.335543091533839
"p17",0.0100370999753485,0.000887202940751008
"p17",0.110167360352935,0.0251145593425091
"p17",0.176281106844456,0.0695219077548962
"p17",0.145162316566351,0.0159607945249094
"p17",0.179523176901245,0.00844906469834666
"p17",0.169267659375454,0.0147058807907519
"p17",0.115347055778713,0.0369317915159563
"p17",0.183410769403394,0.0116659165950562
"p17",0.163150531429963,0.0536537148302385
"p17",0.169984687625368,0.0207697490561358
"p17",0.182624986068565,0.012732958427956
"p17",0.189824048187614,0.0162162897060703
"p17",0.158860778458762,0.0146628410902264
"p17",0.0246140639359438,0.771697122955519
"p17",0.0805843223771861,0.305539364331394
"p17",0.0845067655024682,0.277677670126644
"p17",0.0938418240608617,0.315490437081667
"p17",0.0704380402394844,0.34400417523337
"p17",0.0712229777448906,0.32300943977079
"p17",0.119815944024097,0.304427753378223
"p17",0.0955759254636988,0.342111820912153
"p17",0.141482296897168,0.319102696837152
"p17",0.0949947535656257,0.360161292368498
"p17",0.12063581955968,0.345582692795402
"p17",0.12787941750541,0.27517335565203
"p17",0.113333065739261,0.331470462451172
"p17",0.0977226880546594,0.352678396579638
"p17",0.418497558833475,0.168012023360274
"p17",0.388900009379153,0.213285785600808
"p17",0.396590578071207,0.16703801630713
"p17",0.384108722893576,0.220826409809616
"p17",0.367431041780182,0.219865389656615
"p17",0.432636086971144,0.226806533569546
"p17",0.379676962757624,0.208196968061162
"p17",0.396554297207876,0.194722161967838
"p17",0.424740642803367,0.203268560639173
"p17",0.414490563042103,0.225178272816339
"p17",0.370502230604235,0.231775537442015
"p17",0.35349355393458,0.187939982125263
"p17",0.446963739733421,0.208728679643347
"p17",0.413166387959083,0.208605558903788
"p17",0.379779093774371,0.201083468742159
"p17",0.412457819866927,0.239809617648481
"p17",0.414742205461813,0.226842099577226
"p17",0.394434585153992,0.190642777952348
"p17",0.39322033136679,0.25641162576884
"p17",0.381483561249352,0.188770663323582
"p17",0.820206207311529,0.372985521954371
"p17",0.837229577440303,0.408186702191546
"p17",0.799371615783475,0.336518001622203
"p17",0.799030059718902,0.387092428141239
"p17",0.842313003686168,0.34510688593596
"p17",0.7921138065531,0.343139321632485
"p17",0.823408039060655,0.3301199479192
"p17",0.812225297885919,0.3521545372303
"p17",0.81341409646104,0.340930401143506
"p17",0.803748340743696,0.359450746331367
"p17",0.798700542705623,0.383373180210862
"p17",0.800728401041346,0.324227558560659
"p17",0.495489172951584,0.732783755525435
"p17",0.50207459319094,0.699261655270694
"p17",0.42473821898235,0.751972074033593
"p17",0.43600484205612,0.720526919258559
"p17",0.476620108403413,0.69672395061916
"p17",0.512571267536314,0.736645459099506
"p17",0.482364061221049,0.735577315947871
"p17",0.479851764351268,0.689891557438499
"p17",0.46110021332477,0.746133937555748
"p17",0.525597481914874,0.703284071674033
"p17",0.497685584099365,0.694060480821709
"p17",0.448782331765774,0.750870304751857
"p17",0.456471960147035,0.668724523057121
"p17",0.520404289751642,0.734521158133637
"p17",0.0811079502934222,0.826575410277413
"p17",0.0624952908812145,0.78620599748908
"p17",0.0758382909496593,0.85074190006486
"p17",0.023424259795946,0.838592074673151
"p17",0.0585597522748533,0.862322085479075
"p17",0.0449201198717826,0.8299314865833
"p17",0.038006887775087,0.826423399345184
"p17",0.100578519443454,0.797165899921894
"p17",0.0429263235707837,0.852063671566476
"p17",0.0718902605361728,0.849884514188695
"p17",0.0786740669239355,0.796305065803765
"p17",0.0749830226365756,0.833663881027071
"p17",0.0711763698359903,0.844497881601282
"p17",0.0394461782503076,0.819965135135579
"p17",0.0513405464676144,0.81336110203364
"p17",0.0294124315172489,0.826963014233204
"p17",0.0802346219695959,0.838065512597184
"p17",0.0708913136565889,0.795652365499435
"p17",0.0705514477679782,0.830239274471205
"p17",0.0624216573365081,0.852163299226288
"p17",0.041951377518036,0.856083994757653
"p17",0.976996525823363,0.190240536871634
"p17",0.979920129958035,0.220494489843698
"p17",0.955138801645292,0.240306745310657
"p17",0.99476669118043,0.240848402508002
"p17",0.97290358304505,0.167922901127397
"p17",0.9671719802036,0.229372935228106
"p17",0.99767654654652,0.213710255130647
"p17",0.997444989924861,0.205329080618957
"p17",0.826142721440227,0.933655018749689
"p17",0.821594724629305,0.93943789929603
"p17",0.833383308855758,0.948248261408779
"p17",0.851749307284766,0.951416368132775
"p17",0.819148678351016,0.954397180604033
"p17",0.845948314656777,0.944177498274573
"p17",0.842442030934633,0.899306104964088
"p17",0.833461645260988,0.923963128363489
"p17",0.842186184291876,0.86066226539882
"p17",0.839592953462691,0.993377847417781
"p17",0.81343278687497,0.867911408147855
"p17",0.853833551776403,0.938420744778185
"p17",0.814241192435707,0.934065091016359
"p17",0.816144722094696,0.894543899866054
"p17",0.83217011868263,0.946142065646374
"p17",0.0240230393717355,0.565439987426316
"p17",0.0706322169378767,0.557184680115005
"p17",0.112770936164172,0.55064733485313
"p17",0.0573819131357758,0.632719423528695
"p17",0.0549552747555013,0.585860502718084
"p17",0.0846964593207234,0.589113312886753
"p17",0.0109100227205374,0.578497473467504
"p17",0.0213384288652485,0.578124940858162
"p17",0.492964927694142,0.904281631171981
"p17",0.453928534466641,0.877480710301791
"p17",0.459509595246112,0.895892850202308
"p17",0.481517579985189,0.883584964317299
"p17",0.485380930428843,0.937033576342236
"p17",0.51841063259948,0.911589472065693
"p17",0.531996770853405,0.947774702372424
"p17",0.51143954638026,0.953028684010458
"p17",0.488800954422553,0.949285679273991
"p17",0.550271683497836,0.880815447751822
"p17",0.523523832250707,0.937821179101848
"p17",0.512826212398613,0.956260275068758
"p17",0.512730452341524,0.94136297123872
"p17",0.545215249175392,0.862410744519738
"p17",0.524552669678885,0.953221643771335
"p17",0.48906870163075,0.777858417402133
"p17",0.493672152517829,0.808649594845492
"p17",0.449820890977529,0.749973290667037
"p17",0.466532332274221,0.803677577732166
"p17",0.440557727256912,0.761922178411712
"p17",0.48643200457348,0.791499729379838
"p17",0.441541134782774,0.785010401087828
"p17",0.445934657213942,0.840510274469095
"p17",0.463918937468168,0.788811055408773
"p17",0.458305633422637,0.78294386683446
"p17",0.426881737997315,0.779625659964151
"p17",0.480251314447701,0.813597561301108
"p17",0.403934556876875,0.808222376366353
"p17",0.492562775035535,0.777896239024637
"p17",0.454840763520468,0.794318341770356
"p17",0.491383891193969,0.81970445450523
"p17",0.467905752064458,0.838781013755823
"p17",0.442045666970616,0.80195151276274
"p17",0.427727405937459,0.786362665142824
"p17",0.842619193145126,0.796510772802614
"p17",0.830314857762654,0.84458665861357
"p17",0.832605328569604,0.758911350599169
"p17",0.796603448264691,0.765123787366223
"p17",0.860723902092505,0.757982570511121
"p17",0.817371182977126,0.794865743329177
"p17",0.822940589520988,0.828401787079117
"p17",0.863458906188124,0.792670821063463
"p17",0.850118071242365,0.761167842512562
"p17",0.816870592218499,0.754336302276746
"p17",0.785039551343532,0.7519739764526
"p17",0.845895947045813,0.835647913400296
"p17",0.870236841831688,0.757439157902376
"p17",0.823413777557232,0.720794053105382
"p17",0.54136382570131,0.491437754051215
"p17",0.593643897843664,0.45567129066393
"p17",0.561036519944188,0.485877168644182
"p17",0.579942625671017,0.444190997587787
"p17",0.515983541137803,0.535624474254043
"p17",0.561627034378665,0.456274167064012
"p17",0.534501663039387,0.461339653481941
"p17",0.569812928434606,0.481394425392762
"p17",0.591777768191896,0.470504918941687
"p17",0.493783654333837,0.471554455233
"p17",0.561783990371439,0.515409599327775
"p17",0.545939688356411,0.479027562253416
"p17",0.550905262922378,0.464416954017083
"p17",0.568759816263753,0.453335361149276
"p17",0.0452579204449893,0.016912210139331
"p17",0.83865294207989,0.914404052660598
"p17",0.82391449769984,0.855510050737162
"p17",0.890186597206232,0.898792349567563
"p17",0.844112156363221,0.838163589734248
"p17",0.834501631112556,0.891407725564915
"p17",0.871822754905957,0.83982491517663
"p17",0.872493899826324,0.89874265068818
"p17",0.832594560789694,0.870269255930445
"p17",0.83900931584571,0.859257840079508
"p17",0.836250743400581,0.836790088873567
"p17",0.860916790444091,0.913537054794513
"p17",0.802191212966677,0.865203739126668
"p17",0.838239268368148,0.955740739962724
"p17",0.891435215797337,0.892832501107026
"p17",0.819839713153244,0.866427975224283
"p18",0.17515420530902,0.724119147379864
"p18",0.181110244717571,0.788998772171413
"p18",0.13549898287609,0.711341741944958
"p18",0.149339816520016,0.806450223707786
"p18",0.120074139749702,0.78905724466498
"p18",0.134939887399247,0.74924054924057
"p18",0.770024620308995,0.622210515062798
"p18",0.791957504402174,0.704965211917947
"p18",0.790410118673015,0.684269130611008
"p18",0.794927795432172,0.691398150538521
"p18",0.729938706114651,0.00181680125442563
"p18",0.588041759884145,0.560809803217725
"p18",0.509709607254708,0.585805926748384
"p18",0.637691889173995,0.553373723972613
"p18",0.619924695082167,0.55438948051759
"p18",0.557870309029922,0.502378455200233
"p18",0.621845475796906,0.630092718422993
"p18",0.608612343432345,0.56418478524629
"p18",0.519146313848733,0.564680199001449
"p18",0.630739280428035,0.630929300025237
"p18",0.62514527662931,0.549183884502543
"p18",0.594293741220344,0.615598694955757
"p18",0.633813119827797,0.61122924779051
"p18",0.589089627112071,0.556741958236917
"p18",0.691032682875048,0.399943988910846
"p18",0.797533132983426,0.380004111411641
"p18",0.749203979256866,0.401002657405097
"p18",0.760959380907024,0.31946331888903
"p18",0.764021171539051,0.429135477543818
"p18",0.798588312278214,0.403212408654521
"p18",0.772395298269831,0.348880606522739
"p18",0.825242510027973,0.374268163188052
"p18",0.118596045910667,0.0804582220055871
"p18",0.0535648679198489,0.135964017509501
"p18",0.0384519027034837,0.0808701223976147
"p18",0.318397092594256,0.630791947630564
"p18",0.253870006059271,0.697495997707328
"p18",0.323371479115013,0.636417150265746
"p18",0.325965386170877,0.638244812371448
"p18",0.25457638571263,0.625393847733905
"p18",0.272795645183335,0.617635259261679
"p18",0.226196751831196,0.582567240504678
"p18",0.249011863929396,0.615415338730661
"p18",0.136663624723305,0.132987395185761
"p18",0.0207626882243312,0.121503067894687
"p18",0.0741365321977779,0.125590179439973
"p18",0.54082909470942,0.63213848870758
"p18",0.542570594284958,0.602704675725282
"p18",0.525747782892875,0.578461271562386
"p18",0.606978862923542,0.624891469874943
"p18",0.505501781341197,0.638913821381899
"p18",0.550690778561698,0.659175784516533
"p18",0.556935006864842,0.666617463104931
"p18",0.524247654340531,0.588117400021408
"p18",0.528887218410052,0.591817218036882
"p18",0.550470591988685,0.66137251590152
"p18",0.556746421041705,0.659698200518849
"p18",0.867799426478224,0.933319472979376
"p18",0.842348257477507,0.904643544215742
"p18",0.854340211490181,0.83767052703855
"p18",0.0433088315574915,0.448053901262847
"p18",0.00267890624792616,0.980998628237568
"p18",0.00408117671987623,0.975695001061551
"p18",0.0268709743025277,0.991710667926545
"p18",0.0100115562672348,0.969122791488435
"p18",0.0332148699540958,0.906739133041326
"p18",0.823952657596624,0.649737177601446
"p18",0.902256963964453,0.681635902072743
"p18",0.884544313433384,0.631114644816244
"p18",0.839384194760667,0.607709887327556
"p18",0.865463480153299,0.630731270506441
"p18",0.818459722478618,0.591825581667145
"p18",0.853743689532902,0.530039098140484
"p18",0.833181148009155,0.630599960895179
"p18",0.910956951381517,0.569395864726698
"p18",0.795742630297298,0.56160525706699
"p18",0.2030438838705,0.638694764855824
"p18",0.179052483427659,0.508207933144635
"p18",0.214003133405888,0.556721738619221
"p18",0.255821043037181,0.463418773771887
"p18",0.228517926255887,0.532731995963497
"p18",0.172725729223651,0.597606796132018
"p18",0.206894574034589,0.36933954482117
"p18",0.204260908804738,0.464683365970732
"p18",0.136528727795176,0.463254655950893
"p18",0.205131122518993,0.4848560932257
"p18",0.142362105386643,0.416493018663105
"p18",0.150451586663749,0.416767440097144
"p18",0.973396150202706,0.754046982148108
"p18",0.938046896356174,0.667740059145588
"p18",0.978329278077915,0.759024444019316
"p18",0.955389118601721,0.760488054946555
"p18",0.900045611168116,0.743292247997857
"p18",0.981256086237047,0.749567200159963
"p18",0.346897157115619,0.0966561951365248
"p18",0.290969904526487,0.114080253519677
"p18",0.25547291808355,0.149660499596857
"p18",0.340523896399645,0.11036399633023
"p18",0.322573572563751,0.125424279174359
"p18",0.251973093667072,0.0605871221201984
"p18",0.225001942196905,0.0591946173150354
"p18",0.228055647557654,0.0938152382364512
"p18",0.308878750371874,0.0831468873219932
"p18",0.360216048053155,0.119413073841954
"p18",0.313598456949961,0.122241145053766
"p18",0.250618058686001,0.0649143719435999
"p18",0.350432586618475,0.100972209989192
"p18",0.302479495087003,0.119132309380703
"p18",0.537866507814564,0.641326187618445
"p18",0.573677389453558,0.712838221078734
"p18",0.515130084639773,0.716782461910267
"p18",0.461556317342787,0.698052972535102
"p18",0.581447711170846,0.687577441076454
"p18",0.587024560149793,0.718246878965953
"p18",0.562102364712318,0.705707689629412
"p18",0.479491075999837,0.0170188722731008
"p18",0.486866886277281,0.019074911340306
"p18",0.452502741713512,0.0419212088911947
"p18",0.511643078808387,0.031139288972005
"p18",0.0432851470931365,0.5049387845741
"p18",0.151597505178887,0.447180682470498
"p18",0.0428132431346038,0.384228354192032
"p18",0.129155765305776,0.466302845887575
"p18",0.190372532444357,0.612539166665851
"p18",0.208985673546394,0.657761056076989
"p18",0.535428870200003,0.441775435562517
"p18",0.552768050644787,0.41724066630024
"p18",0.599462578344246,0.467211237870675
"p18",0.594437047047199,0.350185001640402
"p18",0.564861806851664,0.383137411438483
"p18",0.602118305261475,0.364584485753224
"p18",0.565912245603234,0.422141410596359
"p18",0.00785949506347711,0.479366141870831
"p18",0.00771624579924901,0.494328156320146
"p18",0.0429907147769464,0.467641477150573
"p18",0.0635007123546932,0.462324087236643
"p18",0.0534675269812862,0.398673267192943
"p18",0.00789459812311027,0.494744748221164
"p18",0.148993549724102,0.02459816255659
"p18",0.131529001860393,0.050644656605148
"p19",0.919914972304821,0.930016626057206
"p19",0.999531689092802,0.973319619058829
"p19",0.278636735085057,0.314467494636609
"p19",0.248388602211997,0.384996021190755
"p19",0.158161102546944,0.331698193824662
"p19",0.202734892421643,0.259532969252834
"p19",0.174651694630412,0.26026905769569
"p19",0.159320835253555,0.251418195656689
"p19",0.191171744521777,0.304638004210688
"p19",0.212529955622028,0.369231081055111
"p19",0.209161345905763,0.316257055550923
"p19",0.236170563587405,0.359073300580991
"p19",0.203967585316871,0.280863606641807
"p19",0.222420434102488,0.328770636849442
"p19",0.187140099309018,0.324104660644908
"p19",0.115310524503835,0.24015149413704
"p19",0.176042265840925,0.424111467584354
"p19",0.334090479966511,0.340371917884115
"p19",0.318059850056201,0.326845513636156
"p19",0.369647999563323,0.24526154667669
"p19",0.370048212733239,0.3385892295515
"p19",0.283330421306954,0.309705579957024
"p19",0.291382366725181,0.312079456776254
"p19",0.631105206692603,0.987870401535757
"p19",0.652933362568366,0.998386836946383
"p19",0.637268712089608,0.995371018295377
"p19",0.55975072355319,0.13727330222619
"p19",0.481037374466195,0.116131680166189
"p19",0.484946902059335,0.174678349424742
"p19",0.55528470668142,0.162275863665645
"p19",0.453879894965694,0.17107850019216
"p19",0.465862495277477,0.13697853845562
"p19",0.988497188378823,0.496672465908769
"p19",0.985268808411858,0.56458665046146
"p19",0.959662356453939,0.511379805253909
"p19",0.998955937910962,0.52333854369682
"p19",0.296739710842265,0.339873935945479
"p19",0.283639095801043,0.310587448488813
"p19",0.220824977524869,0.298887805398428
"p19",0.283381365693559,0.314789520847482
"p19",0.289533923728042,0.300543976962151
"p19",0.327645392859094,0.328355035252856
"p19",0.112233833745685,0.021463340247605
"p19",0.415267004082339,0.41888888587592
"p19",0.414745633731025,0.345557041484885
"p19",0.398279242834088,0.434825081147387
"p19",0.438829357409993,0.392751099870408
"p19",0.423321678797865,0.416314022644787
"p19",0.423700780357613,0.390648971692723
"p19",0.42933761061571,0.405304256502257
"p19",0.435105688233446,0.370805929181567
"p19",0.404302412354388,0.413110309590937
"p19",0.407091651928809,0.424890986886564
"p19",0.450819049576867,0.468916237505128
"p19",0.393310516994171,0.386085582402756
"p19",0.449014886735278,0.460384254590494
"p19",0.00787417042892535,0.986780703127137
"p19",0.0175622710755248,0.984079261229909
"p19",0.247879543106083,0.256351763792612
"p19",0.268040183179525,0.263106739917792
"p19",0.278499455691951,0.319139529638354
"p19",0.277632917969525,0.296239232198634
"p19",0.29273748853196,0.318218054618513
"p19",0.221845137839831,0.264429979891188
"p19",0.238030054056528,0.24853212146946
"p19",0.259377620656919,0.349790110005439
"p19",0.243227558944272,0.344114955650937
"p19",0.932909589106363,0.566404335856907
"p19",0.985754051784179,0.553365565547642
"p19",0.946093540731772,0.538820749613193
"p19",0.997435305356947,0.506067838816696
"p19",0.871289366687806,0.608679700605477
"p19",0.998570732452975,0.503379558418119
"p19",0.988552392413956,0.55508641388094
"p19",0.963884486331368,0.494808785198815
"p19",0.958721165851944,0.471521423741072
"p19",0.0505028813157907,0.750559274957473
"p19",0.0230966809547263,0.827494002149334
"p19",0.0069651064141717,0.785286133922181
"p19",0.995986101221516,0.568454428340404
"p19",0.982092870817731,0.557241515632895
"p19",0.986860613939549,0.571960267034512
"p19",0.934600484994034,0.563317112004285
"p19",0.965391780241999,0.554877668584041
"p19",0.971944657821545,0.512463698541967
"p19",0.256146665360423,0.0931978372434554
"p19",0.184915915756071,0.0400638782417078
"p19",0.201763510169798,0.037212242370453
"p19",0.283369211420741,0.0156607688071657
"p19",0.585812744065594,0.544787829288811
"p19",0.645120405643445,0.587366017414864
"p19",0.614130163761548,0.498486299011611
"p19",0.600253095089275,0.539806283638723
"p19",0.571537280257771,0.54610599676719
"p19",0.612786858853071,0.549444581181058
"p19",0.613982223537668,0.514839371816641
"p19",0.583307236362851,0.540741759324906
"p19",0.601305460545082,0.501702100205668
"p19",0.557977946207975,0.588042849237131
"p19",0.567901365854782,0.537679499638018
"p19",0.971640138313727,0.658205504798298
"p19",0.976055190060059,0.680662635098223
"p19",0.925590569321636,0.665436125743022
"p19",0.925380755379494,0.618171898854586
"p19",0.955196609482015,0.687691302585255
"p19",0.894497896199876,0.688160800699174
"p19",0.891070182152297,0.681034446731359
"p19",0.923171866849701,0.649196334288958
"p19",0.936571736761367,0.697528233350318
"p19",0.946317444857868,0.638756659422933
"p19",0.91576379989929,0.644520310843646
"p19",0.944630456812645,0.632411020956041
"p19",0.943862065192265,0.670865222608215
"p19",0.929376838457601,0.678679636089561
"p19",0.946696925790681,0.655550568588274
"p19",0.996879817928449,0.645229322794294
"p19",0.454600025777105,0.51756379565765
"p19",0.482134446730315,0.510971154127775
"p19",0.462746606153526,0.536706294723978
"p19",0.395814483177811,0.533276401440279
"p19",0.42438004250653,0.488152574753901
"p19",0.419211794340227,0.530326575389394
"p19",0.419604683640892,0.495129492212069
"p19",0.890062465604953,0.65030246511333
"p19",0.923467516187932,0.715688521128242
"p20",0.315656067447901,0.178608580137036
"p20",0.302334725914172,0.144552263694577
"p20",0.267560237880605,0.176163770955668
"p20",0.341697592305079,0.196719573024486
"p20",0.269387338565155,0.121699491801189
"p20",0.243212316404493,0.157401494957203
"p20",0.304416465863668,0.198948885266951
"p20",0.399142221873212,0.28736413672753
"p20",0.497139610298768,0.23397215219223
"p20",0.530221238180707,0.276991838962948
"p20",0.521355177256087,0.246891101779168
"p20",0.530307371653992,0.299594172115215
"p20",0.475819431862655,0.273332455282366
"p20",0.466826756692331,0.240867535797174
"p20",0.520590262797294,0.296925975463328
"p20",0.631966765927615,0.99408182318521
"p20",0.597767480128528,0.969922246485401
"p20",0.611304808311787,0.994714967900562
"p20",0.623409729319035,0.992580831586303
"p20",0.589447571670663,0.965158017656851
"p20",0.66901154460879,0.998545489717579
"p20",0.635757777396426,0.97379103265304
"p20",0.626724435098005,0.995805271055257
"p20",0.659652616717712,0.969311228888968
"p20",0.658558197140281,0.0402988346124728
"p20",0.579225523491932,0.103087721526006
"p20",0.620451885275061,0.0774798226092012
"p20",0.627519249009017,0.0589437024592528
"p20",0.610646334927975,0.0406031083839295
"p20",0.607408593513161,0.0426377643063875
"p20",0.621781406375887,0.0213863509123707
"p20",0.646434341025791,0.0595243076377323
"p20",0.644850322908379,0.080666239731381
"p20",0.364861796742378,0.554708803111837
"p20",0.348951029908998,0.593307652944807
"p20",0.339138425617702,0.576974848891946
"p20",0.322627113307286,0.586572863109238
"p20",0.336393858997779,0.537769267486189
"p20",0.357175124534367,0.575606539973132
"p20",0.317261674133413,0.557099283941216
"p20",0.29057850876854,0.609774259326714
"p20",0.33280736637454,0.570504675168666
"p20",0.338438285482205,0.58256047939976
"p20",0.347097251823925,0.550389818556965
"p20",0.303078594926093,0.608941366488184
"p20",0.345306576990896,0.610239265170458
"p20",0.295205755620484,0.602992734178234
"p20",0.33522870236679,0.51718821724901
"p20",0.366408602039276,0.58239475261388
"p20",0.299484132800168,0.558012451216944
"p20",0.395797948105396,0.560645906956969
"p20",0.353148518207332,0.608266182260129
"p20",0.338447119437577,0.531828171864808
"p20",0.481837722059925,0.988858962696617
"p20",0.498324649629806,0.964068268514694
"p20",0.514297439417932,0.941455499002414
"p20",0.501285300921342,0.916948351436407
"p20",0.517654748045198,0.938375695828822
"p20",0.474758075035293,0.935367039610074
"p20",0.496919987570744,0.908372056401533
"p20",0.913552368407188,0.619114477401837
"p20",0.958270448399231,0.521914899791405
"p20",0.961621140333826,0.585184926003249
"p20",0.901576855499829,0.546042161102379
"p20",0.909999956202382,0.540753038412339
"p20",0.852626730908902,0.566759365332785
"p20",0.931499903905814,0.574601420821444
"p20",0.91375637765197,0.558232155396826
"p20",0.909390402045841,0.557392494011106
"p20",0.866945350679303,0.537996509158414
"p20",0.887567719403075,0.574144720934732
"p20",0.898215315479957,0.589648529193822
"p20",0.914602978761316,0.513413077965264
"p20",0.891731138948038,0.556095587882325
"p20",0.914994824271656,0.531606361813683
"p20",0.956571843219817,0.613308070395557
"p20",0.0402569477030941,0.570600022986955
"p20",1.76550349828553e-06,0.551622676175482
"p20",0.0281084739171923,0.537808290312503
"p20",0.0099508853393962,0.515226435443657
"p20",0.0260803503058857,0.524229835679823
"p20",0.0448177615835795,0.478046838219777
"p20",0.934319841931295,0.74801394043646
"p20",0.91900680322598,0.802120803397955
"p20",0.945303948959396,0.813251450755992
"p20",0.949577966209591,0.80164182065739
"p20",0.933434976633964,0.787447432929773
"p20",0.949643806816966,0.788825470795912
"p20",0.969183105224286,0.765802060737317
"p20",0.918531296653104,0.782347867611057
"p20",0.918171918033711,0.731313779421302
"p20",0.954015285715366,0.810764915508257
"p20",0.918707198554549,0.740340602771772
"p20",0.966795326775316,0.787152524834391
"p20",0.908314911238889,0.782587283907697
"p20",0.970398759992118,0.769108513279815
"p20",0.786618878282677,0.298048830434586
"p20",0.844968216339866,0.288781560893033
"p20",0.790780632259421,0.304487762508259
"p20",0.839000087736475,0.397120905972422
"p20",0.756846776608473,0.316811944260458
"p20",0.803951845849695,0.34129859196199
"p20",0.7955447232586,0.335659976824956
"p20",0.805864824531035,0.341885308638044
"p20",0.869517942022079,0.276234051207651
"p20",0.827162381521963,0.346504425011093
"p20",0.817187149264259,0.314876599117317
"p20",0.773006826320866,0.357675795923727
"p20",0.765088865536421,0.311170844829176
"p20",0.797973821603586,0.404920247274827
"p20",0.77814483600805,0.361729041970314
"p20",0.790161027702054,0.337873300468972
"p20",0.849196571151054,0.315370931338584
"p20",0.852036220267221,0.546095836574612
"p20",0.877686392948551,0.532535548287103
"p20",0.873524108095051,0.573978967853617
"p20",0.891713089334788,0.57714426934974
"p20",0.833768259668475,0.580237794838672
"p20",0.803848622830055,0.578248413892644
"p20",0.84384101151321,0.601445677865512
"p20",0.845664017437945,0.517038008015601
"p20",0.873040717285204,0.559550704522058
"p20",0.921931021935549,0.54818846509822
"p20",0.967984815914186,0.55945300299201
"p20",0.885317456644128,0.585694407995947
"p20",0.874996344560338,0.562814090888434
"p20",0.311504689278617,0.332982596835846
"p20",0.429422555342789,0.283453038237844
"p20",0.398686861678775,0.302054460774727
"p20",0.354851309647166,0.294214057066222
"p20",0.351412893785005,0.345301957835466
"p20",0.413710232966863,0.325762598638013
"p20",0.402873511253428,0.304492356065833
"p20",0.41480042101534,0.288572455000654
"p20",0.432881269993323,0.283798915013607
"p20",0.368263854544011,0.285225446274504
"p20",0.376533772005702,0.273851694906008
"p20",0.262177186681877,0.568920245250498
"p20",0.231475794310556,0.544845121043377
"p20",0.226807477806476,0.520978710610867
"p20",0.244957373035017,0.546316367004123
"p20",0.258036740696067,0.540086422025499
"p20",0.219461969341676,0.554307259224415
"p20",0.211054169740933,0.558541059479665
"p20",0.267283619633554,0.488111871780947
"p20",0.247052795864908,0.554687056339404
"p20",0.233298378873601,0.519349200569633
"p20",0.232140444683766,0.529403858138038
"p20",0.187172214169029,0.537511052193807
"p20",0.230864712687516,0.549662394445134
"p20",0.337663228467476,0.793041414974712
"p20",0.377992055933309,0.787336868862264
"p20",0.370154852075355,0.787830125093236
"p20",0.336472966413546,0.778539171217308
"p20",0.355184098696377,0.810523494855464
"p20",0.336799473053815,0.777991941115805
"p20",0.332625688702461,0.763850908569205
"p20",0.404065246123969,0.810879136703913
"p20",0.331826090457981,0.790452217083784
"p20",0.376303857372677,0.791034592690714
"p20",0.343494535234209,0.816998285063122
"p20",0.540969384766606,0.57405448396105
"p20",0.568492593743259,0.450720879884732
"p20",0.562911103568889,0.540814619766477
"p20",0.552173816606158,0.498245127231937
"p20",0.562488616193535,0.510182229434628
"p20",0.570401772077698,0.475828856661876
"p20",0.588437902673177,0.530686269722479
"p20",0.516829756233935,0.503167163538441
"p20",0.564816968422584,0.488139089866544
"p20",0.565566897232468,0.529686175112993
"p20",0.528993237750175,0.508429490720564
"p20",0.557988624926963,0.49753989286944
"p20",0.521375385171678,0.499395259295926
"p20",0.561094114533253,0.537606278754922
"p20",0.552877529284796,0.516257992185511
"p20",0.509930571768674,0.532539401959086
"p20",0.876721132638561,0.323103947104654
"p20",0.91466338802365,0.267183732195783
"p20",0.961007727946477,0.293071152424901
"p20",0.966297234546605,0.303817332035425
"p20",0.899851592996634,0.285812436506744
"p20",0.93616780153548,0.283495076186991
"p20",0.907629834112212,0.278947385900413
"p20",0.916288849104611,0.3150715500516
"p20",0.924968528848242,0.318861873975148
"p20",0.967357008783752,0.274381085161216
"p20",0.892059671257815,0.339855363886358
"p20",0.878373265768725,0.256685425809904
"p20",0.893675444367902,0.274693083618658
"p20",0.93155951922179,0.278909724378799
"p20",0.932506646567233,0.269680642704437
"p20",0.917098184651614,0.311230579542097
"p20",0.914255679051064,0.255088808764727
"p20",0.922838477119384,0.245257568757848
"p20",0.409586821118282,0.822047120876195
"p20",0.492602462448386,0.854623709948405
"p20",0.440954090866816,0.77428391946554
"p20",0.38687200280902,0.785978719014905
"p20",0.369033872672112,0.817230770202947
"p20",0.423721691606246,0.792064836562031
"p20",0.4530026062175,0.770807965748739
"p20",0.31789836644052,0.755927213782696
"p20",0.977253916234931,0.191649871679575
"p20",0.954437008851461,0.180298110441776
"p20",0.970642038866311,0.158036639610404
"p20",0.98129924617945,0.149560980313104
"p20",0.951132997882597,0.156719508162285
"p20",0.96143910285135,0.180301135740124
"p20",0.929022417962025,0.173478641976838
"p20",0.959618801672065,0.201454108471971
"p20",0.917457067572247,0.10833839297052
"p20",0.972295747070971,0.13664430759367
"p20",0.462413203627367,0.953759288833796
"p20",0.430696639600539,0.957231903545253
"p20",0.427796767586287,0.952842924383217
"p20",0.38954251240724,0.991705234936227
"p20",0.444116393368994,0.972148321882496
"p20",0.404151189788933,0.98266845396068
"p20",0.207734852898643,0.758588615845169
"p20",0.212788734532475,0.779073663558854
"p20",0.227716120884587,0.759550276389889
"p20",0.20105460504549,0.799601318554198
"p20",0.176262013723904,0.717796364084335
"p20",0.182513394874932,0.686888957113881
"p20",0.200734227525613,0.773202713006868
"p20",0.207169474545975,0.745554326297418
"p20",0.198147325953566,0.723316113582834
"p20",0.158223394776529,0.808337083238503
"p20",0.635196783666628,0.160249096970436
"p20",0.644873022597959,0.137523057438605
"p20",0.654504394130283,0.227842670074755
"p20",0.635424766390655,0.20393579444987
"p20",0.630035666089097,0.138617877121274
"p20",0.60480770604696,0.15469099002158
"p20",0.61543686648869,0.166312371664936
"p20",0.703947964010148,0.128399905110344
"p20",0.659019484002919,0.164875505908188
"p20",0.63524634123596,0.110958163268687
"p20",0.663205980852926,0.115069263580472
"p20",0.724534398835978,0.23018081642375
"p20",0.712612150949132,0.209397153479107
"p20",0.699522857285951,0.218661287112814
"p20",0.720848637183856,0.189477041058204
"p20",0.759431818727541,0.241477781994246
"p20",0.806702997118163,0.214533814874104
"p20",0.7423541297532,0.247542705081418
"p20",0.728393149462591,0.229245123786842
"p20",0.73181097485922,0.193306794729488
"p20",0.738027941331644,0.245163174215383
"p20",0.734411473574971,0.229720390536452
"p20",0.357052592911765,0.00956309095579816
"p20",0.966932828800002,0.261705166561454
"p20",0.971156169916436,0.276223815352125
"p20",0.961792690656208,0.268279730844288
"p20",0.961601941804172,0.250806934592631
"p20",0.993263397144383,0.226067553840618
"p20",0.989786546460564,0.294824811951972
"p20",0.945115119357538,0.278829284650306
"p20",0.975051747370586,0.248601702993818
"p20",0.926288877398055,0.23382190978934
"p20",0.972775981756137,0.259020553402556
"p20",0.967960460737545,0.256445644167515
"p20",0.636047098239704,0.658629073711002
"p20",0.62362440825994,0.622979560965637
"p20",0.617692855953295,0.656140580282988
"p20",0.672481385498434,0.706532413415524
"p20",0.641800452714485,0.670179389473472
"p20",0.689426683902688,0.673087916730255
"p20",0.663358980200567,0.70061694896491
"p20",0.622738777132168,0.724283013107822
"p20",0.59955918629255,0.702242526934566
"p20",0.614518351749104,0.712398128687376
"p20",0.610788703213164,0.721614603021732
"p20",0.589023129067027,0.704122322489619
"p20",0.552932437891431,0.207987837721974
"p20",0.562045061294563,0.193923443888312
"p20",0.58848636717692,0.158553185253218
"p20",0.550037848939126,0.242186775772955
"p20",0.587129940873066,0.201307556550312
"p20",0.617613166674284,0.219884326295073
"p20",0.59629097463092,0.203910554140671
"p20",0.541714528459344,0.199229261661012
"p20",0.586264726763202,0.182589108953872
"p20",0.85896111195975,0.0245549424393157
"p20",0.761463362514446,0.0961283136479643
"p20",0.7933166456956,0.12795035091763
"p20",0.732103324138292,0.143280935114504
"p20",0.758608739853493,0.136611684576792
"p20",0.81707266789521,0.189689222618872
"p20",0.745897513546378,0.139095885369073
"p20",0.806710920782555,0.167163359412283
"p20",0.769087261039443,0.118061627593926
"p20",0.730360772294662,0.236191717374037
"p20",0.754905785349099,0.110392524761415
"p20",0.752376176323988,0.124065420681471
"p20",0.332069927472264,0.938115405189995
"p20",0.37733088628227,0.991222845652164
"p20",0.168767035376375,0.496022535160785
"p20",0.209906141445003,0.492289208189448
"p20",0.212672913000915,0.493843102313205
"p20",0.204180187920372,0.508712257171445
"p20",0.24568184464419,0.545891429192172
"p20",0.223468471134578,0.542425930683488
"p20",0.173170977877044,0.557903671580675
"p20",0.15514408803736,0.347072419260762
"p20",0.117296574519727,0.386731096572094
"p20",0.183903510605467,0.366246512338982
"p20",0.17916413668154,0.380826093711624
"p20",0.146946953153145,0.342311313324554
"p20",0.174047863698936,0.345518627030099
"p20",0.22006123922203,0.359449711959638
"p21",0.706940077520987,0.0316115193525911
"p21",0.727351144574054,0.00215242701950952
"p21",0.72903751874069,0.393855311949703
"p21",0.675303842162283,0.431860843247916
"p21",0.701228485616377,0.504951670273453
"p21",0.706178006899359,0.415615893397751
"p21",0.710196367963392,0.405180160089491
"p21",0.745756807517763,0.463271301147493
"p21",0.749175813382966,0.42671138619561
"p21",0.66562897562011,0.439723236573536
"p21",0.704574007032981,0.413808834754316
"p21",0.383008882621805,0.773024673194849
"p21",0.407895107339883,0.669548770792696
"p21",0.380689034899041,0.700069252273296
"p21",0.371252116983634,0.724766226202005
"p21",0.368248954569342,0.681979566967997
"p21",0.355687385642196,0.745891107471549
"p21",0.34961025130999,0.648344584602581
"p21",0.300964527057706,0.759062098988459
"p21",0.339588231698363,0.693156055495089
"p21",0.373241170298804,0.70179946529712
"p21",0.41634743131878,0.759531368704331
"p21",0.419302631356861,0.634195428127015
"p21",0.336996421858609,0.703131397450817
"p21",0.779389684985311,0.0138236959988661
"p21",0.844882692581122,0.0456441493086907
"p21",0.844864654556264,0.0154280385276518
"p21",0.281384540771768,0.914057175040782
"p21",0.259894419432757,0.912204730101435
"p21",0.238884657517431,0.865125510278365
"p21",0.223793674912934,0.884648082716783
"p21",0.21718552705002,0.855512303868865
"p21",0.209649069511163,0.901783179080832
"p21",0.245720335958007,0.901739559692353
"p21",0.169918445207664,0.913281671384671
"p21",0.16473136553742,0.917300430383455
"p21",0.197442085570139,0.852849232644157
"p21",0.0452672778246007,0.587131917349765
"p21",0.00632336428337854,0.570818698725745
"p21",0.964591293987363,0.145180009030586
"p21",0.622732389473374,0.831381758250737
"p21",0.577510499242409,0.692554136127988
"p21",0.623599519173388,0.78062830774363
"p21",0.601860697249922,0.747598171584679
"p21",0.589333719473372,0.836523258123768
"p21",0.628466342369621,0.7549298054213
"p21",0.632369335462537,0.781322426653274
"p21",0.609964616111934,0.896424987280367
"p21",0.625393295863258,0.872035648384685
"p21",0.628409528136934,0.796694486196752
"p21",0.594006737258037,0.855076557226186
"p21",0.44302218635733,0.0640439260095109
"p21",0.593320241810733,0.0739387617414094
"p21",0.447799418367298,0.00543042480431
"p21",0.55842260382556,0.0156699576870647
"p21",0.498882183864225,0.0224571095452054
"p21",0.595900694923462,0.0144825825125728
"p21",0.0767485753345489,0.673958787113761
"p21",0.0810856359144069,0.630272578431209
"p21",0.225459681376618,0.710304802164724
"p21",0.197343733555593,0.683315244448368
"p21",0.0546717299652353,0.642250569985092
"p21",0.0408297436738174,0.629771066719851
"p21",0.0597435521709746,0.735462671218473
"p21",0.136648040501784,0.658104446661675
"p21",0.100481833043753,0.64295463135128
"p21",0.145955575662683,0.684533699317987
"p21",0.552400264881943,0.399930692684142
"p21",0.562380266660047,0.377432113470592
"p21",0.53629199348955,0.431913746254453
"p21",0.616812538355688,0.399961751964338
"p21",0.483668324267047,0.35460025856834
"p21",0.535051438951492,0.437085266639323
"p21",0.446302003022957,0.392463505109728
"p21",0.533763132342265,0.353457637052155
"p21",0.239814561308235,0.608859926733117
"p21",0.223952604890501,0.49465102979109
"p21",0.25583296991577,0.609403747543354
"p21",0.273928220704526,0.610568920485688
"p21",0.263180015527555,0.567935009368865
"p21",0.156605504417042,0.557650387862342
"p21",0.211115398116258,0.530306717024345
"p21",0.236916388085462,0.534124639283029
"p21",0.298785305362437,0.481448237722437
"p21",0.205675281042742,0.527978389992636
"p21",0.993549594240722,0.975442564162657
"p21",0.508451072293691,0.161131760655116
"p21",0.448074851537168,0.174666382086567
"p21",0.480680718467185,0.261887416924271
"p21",0.465963563054698,0.298950986326507
"p21",0.489752002537895,0.153913171702927
"p21",0.502917442676468,0.161933147365213
"p21",0.499043093668968,0.23474846537299
"p21",0.17134049945882,0.293463623192187
"p21",0.233666071480137,0.346104956208195
"p21",0.108323938332183,0.4221444500814
"p21",0.153522083116626,0.363486857353915
"p21",0.170080241690874,0.400939161264952
"p21",0.155745499094823,0.357538537725636
"p21",0.636209907853925,0.134511688858125
"p21",0.655146554631804,0.0547319056932613
"p21",0.661876922263289,0.113886986334062
"p21",0.537408341563924,0.160029155557537
"p21",0.603629472738053,0.109896324822389
"p21",0.555887084667606,0.142027018076793
"p21",0.496374066224924,0.109764401988584
"p21",0.591834634697997,0.0680962477624453
"p21",0.617768099166621,0.0873195330303371
"p21",0.0887069243292314,0.639461126101751
"p21",0.135597519642776,0.605225500248801
"p21",0.112552343318684,0.6440410733401
"p21",0.0239999937508406,0.595655259837756
"p21",0.146295809411516,0.599715509852562
"p21",0.0972465184363194,0.507857776612885
"p21",0.0508645373894243,0.475376969625915
"p21",0.0527836173520383,0.435572212882917
"p21",0.0858915920265233,0.416135591300143
"p21",0.211319661055664,0.711560513312908
"p21",0.144959529885402,0.626287822088285
"p21",0.160569358265739,0.672797543161848
"p21",0.0465994174303879,0.690681023539366
"p21",0.140769620575081,0.678195259809539
"p21",0.865095826192155,0.0508248776399852
"p21",0.803138877847061,0.0233763100071349
"p21",0.434149684819535,0.13053939563648
"p21",0.44126913794295,0.198976049936121
"p21",0.420434219844953,0.0888553734716497
"p21",0.448172590641999,0.246977374668091
"p21",0.332320957673626,0.0284565337756404
"p21",0.439457258889623,0.154461693797594
"p21",0.530787650163726,0.200042375821429
"p21",0.969685585463383,0.956435771853503
"p21",0.99114405917472,0.923028628745772
"p21",0.942065332487938,0.935423849377792
"p21",0.98311887387001,0.992984082464153
"p21",0.895651217166305,0.983608830201778
"p21",0.981564299555451,0.953562511257471
"p21",0.962077763345554,0.986870713045692
"p21",0.74758085756409,0.606602792853831
"p21",0.770714986000779,0.604282162622494
"p21",0.620431347811717,0.609138396888155
"p21",0.748634327275771,0.663699192029021
"p21",0.678850891524394,0.643753435061431
"p21",0.804005508878817,0.519683853667802
"p21",0.750774509746379,0.588008155732423
"p21",0.718034269637036,0.62444565088902
"p21",0.659797404140003,0.620237635884576
"p21",0.817858185283637,0.598010074897034
"p21",0.101680655954634,0.369065973019406
"p21",0.0444627738773096,0.356058091337565
"p21",0.00751718327954087,0.293925755305821
"p21",0.0208111843447702,0.388615550732249
"p21",0.10302896003645,0.351508296408059
"p21",0.148559003799172,0.384049553845093
"p21",0.0289286872975418,0.333870460237852
"p21",0.072214486976273,0.365021712602229
"p21",0.158219897724032,0.377632494920449
"p21",0.124873306858002,0.391861772804242
"p21",0.055398147798506,0.403251488111841
"p21",0.0268579970870268,0.385281538686184
"p21",0.876319641469315,0.0539520600330108
"p21",0.905985768703655,0.0916272529556765
"p21",0.93677393291497,0.038782703070203
"p21",0.868027476152724,0.0995943540626777
"p21",0.960421050070687,0.00857379890122367
"p21",0.866080679317492,0.0561011232827909
"p21",0.937031996461498,0.0743567737115484
"p21",0.853842613626368,0.0875346702697347
"p22",0.0134074028932188,0.145982581572203
"p22",0.0275741302563701,0.130043299977642
"p22",0.0284518333240821,0.161303939195728
"p22",0.244112958219778,0.756986286645472
"p22",0.254417206567051,0.74972867008382
"p22",0.260244465412229,0.756723443074555
"p22",0.245255658541995,0.75062223172813
"p22",0.25805964580992,0.750031522306483
"p22",0.239491295959178,0.751036605478207
"p22",0.206617499163626,0.779609785603296
"p22",0.249234476758346,0.74926956519107
"p22",0.891280212789887,0.613823101725218
"p22",0.942580207574626,0.633896103425357
"p22",0.944927886510912,0.561933509782691
"p22",0.954429923850088,0.62344872068176
"p22",0.944087454008617,0.643494893263924
"p22",0.742666375944903,0.449099411451704
"p22",0.767376529558582,0.426959648057535
"p22",0.731523002880553,0.42747135167943
"p22",0.705863890999547,0.457332830164501
"p22",0.741960935818049,0.49867857639465
"p22",0.74830480749577,0.475935826511644
"p22",0.7440708331859,0.432384885896496
"p22",0.754220832494593,0.463732983614181
"p22",0.701431364982998,0.431147748846932
"p22",0.729729494134246,0.449678983290324
"p22",0.264370415591984,0.0948223969187258
"p22",0.25527773608506,0.119586463549685
"p22",0.254965690255017,0.0830215972019747
"p22",0.231616863242657,0.0995857301410409
"p22",0.252804229486295,0.0503005182410878
"p22",0.507330882437476,0.940743924002236
"p22",0.532084457131485,0.937413982270685
"p22",0.554161630114205,0.975048880109199
"p22",0.531962481091261,0.987266945797502
"p22",0.990034547269016,0.435168896794401
"p22",0.981629792663218,0.520140526811614
"p22",0.804114848586912,0.436180691451449
"p22",0.824273467612202,0.454935821953396
"p22",0.803495570253992,0.425664420179978
"p22",0.858003924990501,0.413331313305981
"p22",0.827223455470491,0.449832859112369
"p22",0.838426474487288,0.454691663345838
"p22",0.852459164921154,0.422529988186111
"p22",0.811395424086145,0.461706479369999
"p22",0.800156354457085,0.451727480589407
"p22",0.414329371873209,0.0290084403382125
"p22",0.40794131169852,0.0189109375920461
"p22",0.378115678874992,0.0631799786942597
"p22",0.905321230069467,0.887889133578757
"p22",0.882130843851279,0.884719228536871
"p22",0.914444774018823,0.878373153145238
"p22",0.94271965649055,0.891337148578055
"p22",0.903732901044858,0.895415893972509
"p22",0.90615719950657,0.87094208986892
"p22",0.806136993471865,0.771321098019567
"p22",0.808530271412705,0.765063962901835
"p22",0.806338744298694,0.75149426458117
"p22",0.794140167771968,0.800818368014615
"p22",0.805456285332771,0.802033994343825
"p22",0.855532404011456,0.799220390203795
"p22",0.812996092025391,0.802342630269001
"p22",0.774601049610091,0.772994234448247
"p22",0.769058587435711,0.749050821090005
"p22",0.788420703375298,0.758969718014654
"p22",0.815657015297617,0.79246174531052
"p22",0.628912260878972,0.456916106895147
"p22",0.555190007916444,0.444061859698407
"p22",0.594478848841406,0.408089728373698
"p22",0.583506495914292,0.416171885468601
"p22",0.573820764567825,0.426697246459607
"p22",0.586148432953029,0.40752112037497
"p22",0.560519274554278,0.433013033354772
"p22",0.617123567347891,0.413051786700723
"p22",0.612328720471694,0.441095008587571
"p22",0.914637551579752,0.709370205472005
"p22",0.928741023370235,0.696249192494471
"p22",0.964428834913892,0.677457942158068
"p22",0.87654628995644,0.701085468860927
"p22",0.946321885321234,0.685237462629751
"p22",0.509879741359777,0.12708930792635
"p22",0.506983059382091,0.110837761558022
"p22",0.550047543360579,0.131436792359477
"p22",0.484425607890862,0.123010642925855
"p22",0.537122906318977,0.121027927517707
"p22",0.548499829980463,0.138447586177501
"p22",0.867151354337365,0.911346110171071
"p22",0.843197261759223,0.868729468542256
"p22",0.791883081175921,0.887355595019559
"p22",0.809071047608623,0.874661725247541
"p22",0.800298559657023,0.892550510853273
"p22",0.793123083072407,0.922000330469625
"p22",0.811361172321399,0.915390063092972
"p22",0.768066133609777,0.897780105115465
"p22",0.792581940578457,0.880426394931531
"p22",0.809011997211323,0.871671530985089
"p22",0.721318618715862,0.366392606154943
"p22",0.727199901210123,0.322552341227433
"p22",0.70502568010562,0.363812581856143
"p22",0.704656496093584,0.387825529701911
"p22",0.725314713048424,0.378041444207331
"p22",0.70445494766808,0.409652824139878
"p22",0.64602410607681,0.509375893376795
"p22",0.645205868090218,0.479712873255964
"p22",0.647763595296458,0.496040213862636
"p22",0.627524025514714,0.525284308033447
"p22",0.6815981415839,0.484528117105896
"p22",0.651853180969235,0.491325587921626
"p22",0.651118414297494,0.504699605601365
"p22",0.627124774769167,0.466235442261049
"p22",0.00118960717775507,0.721894293741486
"p22",0.0481980437317585,0.74986776030452
"p22",0.0230517383870402,0.736589069334273
"p22",0.03522801000394,0.743341989562203
"p22",0.00276555961136749,0.729529980386967
"p22",0.169115430542309,0.576618995402199
"p22",0.178281576810944,0.607359584527399
"p22",0.157586401316712,0.609705554388729
"p22",0.134007105110777,0.559218457198155
"p22",0.209080318778595,0.599862412367302
"p22",0.196524461108545,0.601293662833501
"p22",0.17753227767611,0.59664172650655
"p22",0.264177543777578,0.817558131776972
"p22",0.24632761669055,0.7788762478446
"p22",0.22246624368076,0.814240212576431
"p22",0.247698353992149,0.812694578093342
"p22",0.263722167346872,0.864101179679765
"p22",0.239258737422269,0.823391091137084
"p22",0.236885182544051,0.81555553091377
"p22",0.132593610765872,0.372161506122977
"p22",0.150573542917873,0.350110077881072
"p22",0.144216053479416,0.400008421121849
"p22",0.165804916864264,0.389584578113329
"p22",0.139748743959919,0.375901670578027
"p22",0.150429915344468,0.345742752634583
"p22",0.141581420048748,0.411569344036379
"p22",0.167890386137248,0.377795650768605
"p22",0.153562740334978,0.340864099362125
"p22",0.835818517495519,0.262875859100494
"p22",0.850320427310019,0.2680107792161
"p22",0.887499801446936,0.285431302567891
"p22",0.849239450995256,0.243225694961615
"p22",0.876909872390526,0.258304281713461
"p22",0.870170458223086,0.222274706622594
"p22",0.850994736909449,0.243736445447033
"p22",0.775409244696024,0.430324664350035
"p22",0.77055201612984,0.462063170133677
"p22",0.81384805251869,0.408347922824658
"p22",0.765658937811149,0.43045836616774
"p22",0.756169875539256,0.390370498510333
"p22",0.792379920330117,0.434845324582345
"p22",0.00521151414294324,0.188363002230229
"p22",0.00336830685037182,0.177518198091018
"p22",0.180384328634189,0.264132221764508
"p22",0.156986074195374,0.281603414020392
"p22",0.497388716752428,0.39213298779488
"p22",0.530363832417113,0.389721004932132
"p22",0.527905191901154,0.378279262519611
"p22",0.523127925143542,0.393654285166803
"p22",0.505497378257846,0.405090746767988
"p22",0.52531423275513,0.394798637682705
"p22",0.480233245642986,0.399195873254886
"p22",0.767287026946315,0.112854774439576
"p22",0.750967123423085,0.111512794211289
"p22",0.771007936960891,0.0947326113622871
"p22",0.791578316522474,0.100823248186738
"p22",0.32419071930834,0.000771000106905617
"p22",0.346630982224491,0.00195934203160847
"p22",0.841355913433424,0.997125070220664
"p22",0.807400754522888,0.994319149429717
"p22",0.78052993133623,0.988678392437333
"p23",0.25732488588865,0.130616532699346
"p23",0.24706920559129,0.0561099593202421
"p23",0.291309860811104,0.0916852973354824
"p23",0.221329690256082,0.0710750217166958
"p23",0.297595132741913,0.0884558997575291
"p23",0.221934126016053,0.0217811831788588
"p23",0.297459970700264,0.119369425513942
"p23",0.238288105591285,0.0452738933633294
"p23",0.570342880998506,0.102762368049088
"p23",0.600853765589275,0.0612300363424625
"p23",0.582967289166829,0.113045944649868
"p23",0.548734289019322,0.114510422234261
"p23",0.608196235183434,0.059967207738726
"p23",0.583068292088929,0.20091715975913
"p23",0.614773829867465,0.199403001290541
"p23",0.578888562959946,0.113795354458655
"p23",0.582348810429862,0.0680565936344781
"p23",0.621432989987315,0.0693249602453347
"p23",0.679105545764028,0.168295760630319
"p23",0.608494793439657,0.130611676338906
"p23",0.63112611357934,0.103496047412412
"p23",0.575152852005999,0.106969780316029
"p23",0.835887786589652,0.498607575239021
"p23",0.836760041126809,0.499507893472969
"p23",0.900152983494254,0.519404885840107
"p23",0.911045796090896,0.52584057948438
"p23",0.861518335515495,0.505989178888494
"p23",0.862228468067519,0.557227348726245
"p23",0.876837047808327,0.53644907138186
"p23",0.943600143353182,0.504899685018354
"p23",0.893737858716344,0.513700733978283
"p23",0.786327741315279,0.565316750534528
"p23",0.0193788166417388,0.948998015604469
"p23",0.0607330279764195,0.928525829226389
"p23",0.141581913205141,0.992299271841689
"p23",0.0173553152593526,0.948856486393867
"p23",0.0462518065080757,0.929820425896267
"p23",0.00650453774585014,0.918166314418333
"p23",0.254845895063598,0.889484213954092
"p23",0.278916413888546,0.879039434941689
"p23",0.231671680673056,0.832808231316458
"p23",0.309838245287805,0.888724340438648
"p23",0.290579151144676,0.904382394767661
"p23",0.26617377800859,0.975656642357732
"p23",0.235072358118539,0.908009398891012
"p23",0.285465466659309,0.835772570711226
"p23",0.245582234818562,0.811427143518859
"p23",0.29107191046977,0.881989686324415
"p23",0.224140669453866,0.870551165854893
"p23",0.229961284780122,0.832404944299162
"p23",0.263409203169683,0.852951331690943
"p23",0.295275642682955,0.925785558160689
"p23",0.257326831768125,0.907686859376606
"p23",0.018844392615751,0.23685789688735
"p23",0.0247346913964527,0.183250091223487
"p23",0.985468828094394,0.501407372012754
"p23",0.970076895360625,0.496961065950531
"p23",0.975908839481755,0.51484236716646
"p23",0.937463371754937,0.498668888724362
"p23",0.98236104359789,0.401556015225133
"p23",0.934300693618131,0.475083341640914
"p23",0.933453053676612,0.526020529452364
"p23",0.981489254288121,0.558075975808509
"p23",0.975650788024518,0.478712320074401
"p23",0.66658717405633,0.858669787258522
"p23",0.642292503731549,0.854469007221995
"p23",0.678178075750379,0.947121204012472
"p23",0.592839441981981,0.865522978764208
"p23",0.609876882117076,0.869352582776524
"p23",0.664639571208924,0.940590159261675
"p23",0.655076190081725,0.872421965366381
"p23",0.652773256122573,0.950057773379981
"p23",0.613242167297587,0.783229640649127
"p23",0.728767370831738,0.908561117825613
"p23",0.676523345886897,0.854869978495368
"p23",0.682284060987212,0.85254709528914
"p23",0.664037248111741,0.894922580448986
"p23",0.693052306124053,0.853346337342875
"p23",0.693008149006888,0.837040902814705
"p23",0.7195460055136,0.835064163195715
"p23",0.712467735180461,0.916401662516323
"p23",0.740165274620108,0.88951384793218
"p23",0.633474776454197,0.914403653224257
"p23",0.769900867530826,0.838070823257265
"p23",0.792808428208524,0.879011413566606
"p23",0.714931517432542,0.885057163434897
"p23",0.768806475598264,0.816086947266575
"p23",0.775092969988735,0.895853990910712
"p23",0.683026822091426,0.888790630010992
"p23",0.637272098879742,0.00593747656441035
"p23",0.625661733531013,0.00200191372039066
"p23",0.701181491573296,0.0436270546995293
"p23",0.012335071974755,0.993681599636638
"p23",0.00993227887742498,0.859603519887742
"p23",0.0271151345619941,0.818610872220116
"p23",0.0500888907370795,0.824956379771844
"p23",0.0562698883851743,0.0653210883379439
"p23",0.104607556854273,0.158543940274797
"p23",0.0947938570857088,0.084592109187999
"p23",0.0414592766879981,0.0865266194458467
"p23",0.0674181793489205,0.0541594693417478
"p23",0.0909918137517937,0.0768161395503847
"p23",0.139058121832776,0.00515079750705849
"p23",0.0900356121899851,0.0135120903320466
"p23",0.101239624809126,0.0286366103197509
"p23",0.184376474846742,0.0974934445818383
"p23",0.775937807680857,0.296953275763609
"p23",0.812547776437011,0.242801672921169
"p23",0.770289732768584,0.302384341929129
"p23",0.764542123733644,0.20623089781134
"p23",0.693506578293096,0.280429508650099
"p23",0.759455756686561,0.205363918707217
"p23",0.214980481972064,0.564541479988132
"p23",0.164691195715903,0.572761317512345
"p23",0.126489480898735,0.51315013277822
"p23",0.105047381093819,0.512072939795692
"p23",0.160434056996544,0.480376429155771
"p23",0.202757635051154,0.491118268423824
"p23",0.245702183975798,0.126179675483137
"p23",0.239744245663479,0.0690302341981857
"p23",0.227083307501054,0.0490110747160193
"p23",0.242389633924203,0.0950120464917103
"p23",0.23634154546919,0.138944407854745
"p23",0.18415254238011,0.0921736022026193
"p23",0.23126677547847,0.12093196182556
"p23",0.219056796771153,0.0280773969719131
"p23",0.303030166145952,0.0850010485255174
"p23",0.285254529852872,0.08158614171234
"p23",0.200926137505731,0.109753577487727
"p23",0.25388811264457,0.117618477131832
"p23",0.830688155067246,0.709308442161836
"p23",0.795137944644598,0.710324311146079
"p23",0.876082312927238,0.659943868238817
"p23",0.848516454239449,0.660199690084921
"p23",0.777687231253093,0.757869751055383
"p23",0.894029870800509,0.716629983052194
"p23",0.868842395715697,0.741268069715892
"p23",0.763899087303512,0.0661710635506337
"p23",0.616478408580376,0.0886793275190967
"p23",0.668570327822393,0.0433266658192337
"p23",0.672564294314907,0.0214284083015286
"p23",0.693155277634026,0.0783672091290086
"p23",0.491620280446736,0.0048630735777202
"p23",0.51499987207953,0.129524358839665
"p23",0.538116155121457,0.0599536990935312
"p23",0.539924930171147,0.0786193179937504
"p23",0.510908573034928,0.0941515495941614
"p23",0.542862529545171,0.0890327762139439
"p23",0.497492205609903,0.106257800610783
"p23",0.489705996084028,0.0980716067543811
"p23",0.556637426002297,0.13145354166618
"p23",0.523410549656616,0.134469954074485
"p23",0.510181982040209,0.13079725277093
"p23",0.576862825510852,0.0696000408331415
"p23",0.490216957361278,0.150432958354426
"p23",0.557624505420315,0.0474467217653797
"p23",0.511653354469558,0.984162724963648
"p23",0.483900241248678,0.953272466654794
"p23",0.467903026157544,0.979577554910495
"p24",0.968544724510393,0.0142620955801521
"p24",0.981333991300263,0.0626978143319766
"p24",0.595048541822456,0.205651115650831
"p24",0.611863844576416,0.239976179427262
"p24",0.609989140519225,0.210550433541124
"p24",0.630078638145429,0.25614457041721
"p24",0.137720084384099,0.217433495636879
"p24",0.121563375687439,0.266765388210446
"p24",0.116652529585397,0.253475591939681
"p24",0.0822283253127829,0.266547236703209
"p24",0.0676796538891711,0.266132649518731
"p24",0.113215242931052,0.213704923109463
"p24",0.0852110614849603,0.254310806812873
"p24",0.686087731523748,0.440525614276996
"p24",0.716585188651044,0.504330260107027
"p24",0.695852206564567,0.50129860677609
"p24",0.744997624761225,0.508350771360153
"p24",0.674331431355877,0.488509464146775
"p24",0.698538748404335,0.503868586519046
"p24",0.295262820353521,0.893315852396493
"p24",0.314468783479767,0.901934812624739
"p24",0.266095944485312,0.894394344034203
"p24",0.297491660133737,0.916541547764846
"p24",0.48211813006753,0.818454845628383
"p24",0.541361793153718,0.836311345595278
"p24",0.767928934453681,0.647073669726447
"p24",0.769029277635679,0.672304116360944
"p24",0.722990565156131,0.658183726241328
"p24",0.724225894270538,0.70116484977642
"p24",0.0801308013064573,0.956753490137374
"p24",0.126576059427911,0.944019690900808
"p24",0.0993709544659713,0.999744612095175
"p24",0.0721348855921108,0.971560975355143
"p24",0.0871028203783161,0.969369729316963
"p24",0.072355035827043,0.977008020802095
"p24",0.0332870583007124,0.923333216952002
"p24",0.833561684974572,0.502118260991545
"p24",0.852386235975387,0.517175522825673
"p24",0.83796222621481,0.524585599355823
"p24",0.908653800674153,0.543012003073761
"p24",0.489894295251729,0.132173616209762
"p24",0.50143231463362,0.1530042176365
"p24",0.524910947402913,0.131875969038808
"p24",0.545775972191374,0.16841149484535
"p24",0.494386379183738,0.122466112075057
"p24",0.557770286146665,0.185152594163078
"p24",0.185114284695902,0.954288332502069
"p24",0.739595060661542,0.383050092211798
"p24",0.714239210855386,0.404408992806033
"p24",0.691197473100467,0.395510582263645
"p24",0.75225410614017,0.409718335476152
"p24",0.7009943651142,0.369418910519362
"p24",0.718442934344662,0.362523357927754
"p24",0.674889235389905,0.4062151317936
"p24",0.697134543782775,0.387960471458345
"p24",0.684623757636314,0.369682497676761
"p24",0.331901109591977,0.230908592961018
"p24",0.319917166326478,0.203024628945331
"p24",0.341727293077154,0.231426207576067
"p24",0.347552876103798,0.23036457739053
"p24",0.670392354225464,0.00854231641586861
"p24",0.605817008343378,0.000709353496393561
"p24",0.470738299509066,0.23421199679694
"p24",0.522302447296164,0.276627779203828
"p24",0.35904319284311,0.0637902295822066
"p24",0.325769890154946,0.121132509060902
"p24",0.63721885552043,0.367171344342807
"p24",0.646652747586781,0.358040308157311
"p24",0.664021693778229,0.418620323749482
"p24",0.454694135390157,0.359779433612346
"p24",0.466945305296905,0.352811031027435
"p24",0.428674612914705,0.352624337125831
"p24",0.430571892947546,0.318885378157854
"p24",0.498409684566445,0.328343997180502
"p24",0.428184610478864,0.320333679687761
"p24",0.395134065759983,0.327795216515971
"p24",0.495562525002896,0.362855756075612
"p24",0.461572498075984,0.349449726105159
"p24",0.214126657067323,0.766561352514526
"p24",0.217061394391038,0.811528427925098
"p24",0.215105079939215,0.781375065412946
"p24",0.223233247321768,0.83831740064722
"p24",0.251417223479155,0.796846491600746
"p24",0.202752221621462,0.79778390290487
"p24",0.258408436082209,0.784820256157253
"p24",0.343384218518872,0.940211717608671
"p24",0.40954677110184,0.960281103516925
"p24",0.43166666236607,0.941379397002367
"p24",0.413100780373815,0.923303852871487
"p24",0.417942981441826,0.945859453528311
"p24",0.320123643686463,0.0397885527588007
"p24",0.370421957908733,0.0183271578884083
"p24",0.385170438580425,0.0622929984466545
"p24",0.359470933479778,0.0354854055117797
"p24",0.403791822997773,0.041773429115916
"p24",0.397806497975283,0.113804778614364
"p24",0.389699603617468,0.00894323170960315
"p24",0.872028662385042,0.67296079637809
"p24",0.880875545872217,0.68977626395295
"p24",0.811788562911649,0.684905732873685
"p24",0.882600722188422,0.706289650354701
"p24",0.871715589755368,0.667843307137095
"p24",0.889979695248562,0.68375486703268
"t01a",0.632607072591782,0.697103518992662
"t01a",0.446161286206916,0.811120770405978
"t01a",0.915990239009261,0.280101765180007
"t01a",0.806939121102914,0.0932194520719349
"t01a",0.270654384279624,0.654761653160676
"t01a",0.069844133220613,0.917978314915672
"t01a",0.209188474575058,0.480163213564083
"t01a",0.306551102316007,0.722838913556188
"t01a",0.435003259917721,0.0262564311269671
"t01a",0.455011965241283,0.958890747511759
"t01a",0.265411041444167,0.865767312934622
"t01a",0.519730722531676,0.426270746160299
"t01a",0.230999829713255,0.534062477061525
"t01a",0.347364623565227,0.774571391753852
"t01a",0.823441627668217,0.442459028447047
"t01a",0.756190422689542,0.962094904854894
"t01a",0.383857065113261,0.0308898049406707
"t01a",0.561714407522231,0.829625532031059
"t01a",0.905379762640223,0.97776240715757
"t01a",0.683799424907193,0.126966131618246
"t01a",0.0494440789334476,0.259209437528625
"t01a",0.724099043291062,0.0962078941520303
"t01a",0.332335992483422,0.593799224356189
"t01a",0.15946131455712,0.840845503844321
"t01a",0.768314825603738,0.48558922461234
"t01a",0.594902618788183,0.362418285338208
"t01a",0.500631109811366,0.108632018789649
"t01a",0.055679660057649,0.0582772276829928
"t01a",0.589841267559677,0.841832452220842
"t01a",0.152226365171373,0.656816608738154
"t01a",0.55234011518769,0.687780305976048
"t01a",0.708728685509413,0.728948248084635
"t01a",0.661204545060173,0.186921159271151
"t01a",0.442684969166294,0.899244265630841
"t01a",0.444894304033369,0.911235751118511
"t01a",0.363283554557711,0.326038747560233
"t01a",0.980100647546351,0.920152753358707
"t01a",0.29393308237195,0.51079548872076
"t01a",0.933589925989509,0.118085063993931
"t01a",0.17266609868966,0.206625014077872
"t01a",0.72813878278248,0.291882079094648
"t01a",0.407607047120109,0.671792153734714
"t01a",0.132869962602854,0.953289362834767
"t01a",0.633174962131307,0.254020645050332
"t01a",0.566209636628628,0.221134381135926
"t01a",0.96049411338754,0.730671826284379
"t01a",0.673058674437925,0.00309429573826492
"t01a",0.759439441375434,0.209955446189269
"t01a",0.855467036366463,0.057665771106258
"t01a",0.720990523230284,0.156855864683166
"t01a",0.0639844911638647,0.0569953601807356
"t01a",0.462290337542072,0.757348215440288
"t01a",0.698262420715764,0.056600199546665
"t01a",0.702065793331712,0.17137855454348
"t01a",0.908585273660719,0.609608175931498
"t01a",0.633222727570683,0.147643911652267
"t01a",0.500944044208154,0.197592126205564
"t01a",0.0374731868505478,0.726580295478925
"t01a",0.912738345330581,0.668879139237106
"t01a",0.448425918351859,0.918083769502118
"t01a",0.877529446734115,0.553601179970428
"t01a",0.340156591963023,0.572346743894741
"t01a",0.745512787019834,0.610538666602224
"t01a",0.800284270429984,0.897948793834075
"t01a",0.734748109476641,0.478555151727051
"t01a",0.3705373944249,0.0264425387140363
"t01a",0.845264385454357,0.83325669541955
"t01a",0.638393960660324,0.710177533794194
"t01a",0.69133704691194,0.684362718369812
"t01a",0.657996054971591,0.960143949370831
"t01a",0.956679621944204,0.587909556692466
"t01a",0.799405803438276,0.452595314243808
"t01a",0.153734972700477,0.36989531875588
"t01a",0.442135887686163,0.44578647124581
"t01a",0.820370110217482,0.260175478179008
"t01a",0.709958809427917,0.473635575734079
"t01a",0.995704827131703,0.950867395848036
"t01a",0.148060841485858,0.282261321786791
"t01a",0.209052131511271,0.374484547413886
"t01a",0.657901142723858,0.459559455281124
"t01a",0.795842491323128,0.130135753657669
"t01a",0.394580685067922,0.302399228559807
"t01a",0.797975719207898,0.141347918659449
"t01a",0.840854554437101,0.733881104271859
"t01a",0.699885685928166,0.171890629921108
"t01a",0.197750873630866,0.123849760973826
"t01a",0.804110122611746,0.720422370126471
"t01a",0.14878666610457,0.0803503347560763
"t01a",0.813133196206763,0.148999603930861
"t01a",0.87468523089774,0.986064185155556
"t01a",0.108634631847963,0.669638639315963
"t01a",0.861560698365793,0.245623487280682
"t01a",0.148638342274353,0.26480533904396
"t01a",0.263929059961811,0.549320908728987
"t01a",0.200367351528257,0.345108940964565
"t01a",0.229303627973422,0.77038910984993
"t01a",0.285949943354353,0.831274131545797
"t01a",0.152404280612245,0.656004521297291
"t01a",0.418543929234147,0.629580406937748
"t01a",0.747830058448017,0.988610516302288
"t01a",0.0409563754219562,0.436481009470299
"t01a",0.672971623716876,0.320483839372173
"t01a",0.0239578615874052,0.644603939494118
"t01a",0.983221125788987,0.932005021488294
"t01a",0.80389365972951,0.346282680984586
"t01a",0.778783729532734,0.657136509893462
"t01a",0.393306272570044,0.892218898516148
"t01a",0.0427694565150887,0.448629061924294
"t01a",0.159511208767071,0.998226456576958
"t01a",0.897711550816894,0.144042178755626
"t01a",0.104192538186908,0.987347394227982
"t01a",0.6318390048109,0.486221235245466
"t01a",0.326262331800535,0.812487405026332
"t01a",0.721896256320179,0.342929219594225
"t01a",0.404287774348632,0.833877300843596
"t01a",0.633700753794983,0.127864696783945
"t01a",0.351639861008152,0.27019823458977
"t01a",0.43031670153141,0.349114197539166
"t01a",0.853123873472214,0.587429550476372
"t01a",0.94050922547467,0.847837830660865
"t01a",0.0214830227196217,0.52193611394614
"t01a",0.854833163088188,0.281545923789963
"t01a",0.824948013294488,0.738355935318395
"t01a",0.651874406728894,0.976842464180663
"t01a",0.389723973814398,0.677571580279619
"t01a",0.685332155320793,0.748439181828871
"t01a",0.234121951740235,0.775349639356136
"t01a",0.664695824496448,0.416564295999706
"t01a",0.590968137606978,0.615292810136452
"t01a",0.17456688452512,0.00917246658354998
"t01a",0.255687675438821,0.681036629714072
"t01a",0.661251647165045,0.749947885982692
"t01a",0.378476985031739,0.0378473957534879
"t01a",0.458367169601843,0.622263104422018
"t01a",0.330182298785076,0.538144874386489
"t01a",0.552480469457805,0.346613528439775
"t01b",0.561118031399754,0.0152933958007331
"t01b",0.587456337489495,0.964895806811612
"t01b",0.52769133291445,0.935275160021054
"t01b",0.603966762537466,0.889819714439287
"t01b",0.483213581548051,0.917485890022506
"t01b",0.542225567735683,0.981406228337406
"t01b",0.562851747817665,0.910598292516525
"t01b",0.042840032080045,0.0952521680039516
"t01b",0.00167169764047109,0.113293360247058
"t01b",0.370914422715964,0.821726223886535
"t01b",0.399513044440603,0.854274258161439
"t01b",0.415496640246416,0.858142687422072
"t01b",0.441067468997443,0.8534091797787
"t01b",0.385085230189575,0.863378808587832
"t01b",0.37441832144283,0.931444504144572
"t01b",0.352919168541847,0.858121829873301
"t01b",0.407073290943014,0.866202743835115
"t01b",0.390152876321688,0.86793417819321
"t01b",0.111869000591839,0.977818873049896
"t01b",0.984010430173689,0.00955534150061571
"t01b",0.273845694312001,0.0890356091955578
"t01b",0.352905760537614,0.0988064611650122
"t01b",0.329083736666538,0.215642541123657
"t01b",0.348220484587381,0.0591056108085792
"t01b",0.233381610349396,0.105894590552589
"t01b",0.285453532825667,0.0660261227098694
"t01b",0.359073066178613,0.0592056718236768
"t01b",0.835845796036628,0.761986655348732
"t01b",0.739718142881968,0.656511269793635
"t01b",0.797070120471284,0.748120992351973
"t01b",0.759801803466596,0.765305838787322
"t01b",0.512463279772969,0.741600447005831
"t01b",0.530069947238321,0.641272472792259
"t01b",0.498375447111437,0.754731004429303
"t01b",0.6091517724269,0.760439165521571
"t01b",0.525383254867162,0.801157703962873
"t01b",0.623432853821417,0.718816778286644
"t01b",0.526340564271494,0.701891468257692
"t01b",0.556618158545732,0.685959871703448
"t01b",0.550448683264523,0.739037133845078
"t01b",0.458122739844392,0.757800192430029
"t01b",0.525095649599921,0.716921218237146
"t01b",0.679423064297121,0.750527441961206
"t01b",0.506766873108947,0.74373479431205
"t01b",0.7340278831754,0.659080129238664
"t01b",0.772126759687667,0.704210246250559
"t01b",0.782713539907648,0.624942949265636
"t01b",0.772536434738553,0.670405600158788
"t01b",0.872140789452439,0.740572015518617
"t01b",0.134475281167615,0.621037954222391
"t01b",0.12736975996329,0.681883609853256
"t01b",0.138415819399633,0.628401865035259
"t01b",0.170825618323115,0.653098552931477
"t01b",0.223232144903436,0.695961529149174
"t01b",0.131410728871877,0.62827992551757
"t01b",0.191708649249735,0.737822289798967
"t01b",0.0581899256274347,0.590743527886902
"t01b",0.182917665898572,0.693200424918285
"t01b",0.0880982939562768,0.698819861024982
"t01b",0.713893246222651,0.254612890808164
"t01b",0.68754051370547,0.235509702247873
"t01b",0.64791580945913,0.181330085760146
"t01b",0.710332554850996,0.254724583012267
"t01b",0.0256431842064613,0.590765305406996
"t01b",0.0359627517865515,0.514793997200223
"t01b",0.0383516937010412,0.514167205965708
"t01b",0.00311907233111347,0.506523537734072
"t01b",0.02973996298929,0.509079473575363
"t01b",0.0330268388767862,0.492687692412073
"t01b",0.0665084355702437,0.514322283318838
"t01b",0.0609281958692038,0.847304059099977
"t01b",0.0467804718004681,0.751791431637772
"t01b",0.101803816990928,0.78173133372161
"t01b",0.0505951261616336,0.83597172494585
"t01b",0.598894636446357,0.153660644887944
"t01b",0.687051832359066,0.216260141424326
"t01b",0.642071359389343,0.0205064020512655
"t01b",0.595282679053792,0.160196426959692
"t01b",0.613639002293825,0.105873936230326
"t01b",0.635261584910292,0.109551127890293
"t01b",0.615194597152597,0.116771858050959
"t01b",0.0180134208441418,0.569804442185356
"t01b",0.0826855223565855,0.425707365248531
"t01b",0.0916963366783424,0.977569185826882
"t01b",0.0102201539210815,0.93092731149282
"t01b",0.166742324010262,0.222916012266394
"t01b",0.120891494677063,0.284632607534124
"t01b",0.223566847896227,0.258949846826288
"t01b",0.671541965326947,0.035061341713817
"t01b",0.766027693904511,0.0906594747284411
"t01b",0.64923356274917,0.0212338436858164
"t01b",0.768365705410073,0.193048452143984
"t01b",0.763913242964804,0.287516341617702
"t01b",0.798984628610792,0.255404439128155
"t01b",0.917107255396514,0.277535127483651
"t01b",0.89230243023481,0.315948149291186
"t01b",0.889647808442659,0.232504079174042
"t01b",0.81781826825214,0.628824497995529
"t01b",0.745081384565455,0.638940478209984
"t01b",0.880459437149725,0.625075750700262
"t01b",0.831101139606742,0.69313477881989
"t01b",0.777404107033151,0.581889233057977
"t01b",0.779661425170009,0.601611284758648
"t01b",0.736191168308679,0.492237216566472
"t01b",0.783783414946919,0.64543345951781
"t01b",0.727779260556111,0.637859416800917
"t01b",0.781179538581582,0.540405333106708
"t01b",0.730289073856865,0.583800763681462
"t01b",0.834406490226502,0.619950253594109
"t01b",0.719160491861991,0.592022612681728
"t01b",0.73621076069267,0.572539786227558
"t01b",0.150431421237399,0.178878896499991
"t01b",0.048550769664419,0.234095835939345
"t01b",0.0600765933008886,0.237046306008378
"t01b",0.115544835136366,0.293329302768255
"t01b",0.879442589430528,0.0860755833491214
"t01b",0.868774522652499,0.00459759794325704
"t01b",0.896709678426496,0.126008210924641
"t01b",0.575552804643113,0.310467379100082
"t01b",0.570352019469349,0.389225440632621
"t01b",0.594726121943834,0.376417181415292
"t01b",0.56041193053705,0.35549579719654
"t01b",0.623758373268373,0.308677014757331
"t01b",0.620510865767171,0.305290412764261
"t01b",0.584410364580883,0.386801782799718
"t01b",0.597873332275433,0.367115563418605
"t01b",0.617825188992633,0.344433870483678
"t01b",0.566569865608964,0.326548407959629
"t01b",0.127825499677726,0.146977435956827
"t01b",0.0682751920248769,0.122796874699483
"t01b",0.141069327329789,0.14601893952399
"t01b",0.166308180247002,0.169258913452898
"t01b",0.155372360430176,0.149082770361395
"t01b",0.163153614911992,0.149120273852609
"t01b",0.165190211085693,0.245264693922956
"t01b",0.0475744557615096,0.177557814850194
"t01b",0.206152310980262,0.217274998735265
"t01b",0.104824227717008,0.164366698526065
"t01b",0.464561996878267,0.634047094707426
"t01b",0.462634804905181,0.640990377012616
"t01b",0.460497391110323,0.671323067755588
"t01b",0.505095550458661,0.627977187618851
"t01b",0.486580138694036,0.631190381097452
"t01b",0.436061466572691,0.632893431900946
"t01b",0.419381737816075,0.636484212459746
"t01b",0.494137663438638,0.687584585956548
"t01b",0.484600376804994,0.62080436637576
"t01b",0.553046869707266,0.65172796243097
"t01b",0.56403442646921,0.600150607976151
"t01b",0.639569620039809,0.181612309815564
"t01b",0.622961347676075,0.177240584546659
"t01b",0.624071464263722,0.124128614937935
"t01b",0.637989313607038,0.0932056518866795
"t01b",0.71101186110355,0.0573556432737186
"t01b",0.700875206355331,0.0634128806634344
"t01b",0.701015122523075,0.130107839008939
"t01b",0.726706982125855,0.102788936636025
"t01b",0.684481872362466,0.0716346587409593
"t01b",0.876565745899181,0.602231745347969
"t01b",0.797324623919959,0.657875931482864
"t01b",0.856166598195142,0.68002670561475
"t01b",0.863333904830377,0.604225642430533
"t01b",0.843707745890981,0.601936857692821
"t01b",0.870179103108281,0.587603648409841
"t01b",0.907898046163908,0.605622013402392
"t01b",0.905031988350073,0.655724142332406
"t01b",0.963116775506254,0.700569571336776
"t01b",0.738441047626883,0.886047783534287
"t01b",0.77954533184896,0.866196064981692
"t01b",0.75822919307922,0.870931831209182
"t01b",0.802395804506887,0.989932088978824
"t01b",0.747409172432171,0.969001806706946
"t01b",0.793389496238923,0.913425842408971
"t01b",0.700311084989988,0.927974148848276
"t01b",0.0927700697827141,0.274198430455571
"t01b",0.0830052751614664,0.103732530083154
"t01b",0.0730143316899041,0.260062699973839
"t01b",0.0942756643025368,0.281590754177958
"t01b",0.0167078733217943,0.188523984456145
"t01b",0.125432921815773,0.241918153257105
"t01b",0.055483492222796,0.230777997298387
"t01b",0.0149898155675314,0.274320544422037
"t01b",0.089867400471398,0.192609638014888
"t01b",0.0901985282796328,0.221545659973908
"t01b",0.123596549827857,0.246784282785209
"t01b",0.0963365956521282,0.106475141052458
"t01b",0.056762694557733,0.233437676443739
"t01b",0.0640211557904642,0.221391252673074
"t01b",0.0464715007982578,0.26318327223001
"t01b",0.0890706160981684,0.141045856415218
"t01b",0.0270995270290265,0.255606832670051
"t01b",0.0434863270719561,0.224374737480682
"t01b",0.773200900215619,0.241701624083028
"t01b",0.709703640648801,0.356758925914933
"t01b",0.789414897147239,0.394963490861901
"t01b",0.810879929525621,0.303420579790116
"t01b",0.761535305042986,0.350500025926869
"t01b",0.687793612774303,0.263520557268274
"t01b",0.67584248279639,0.351563281213859
"t01b",0.998738629895182,0.206419520186028
"t01b",0.665466312263994,0.109328983446357
"t01b",0.605304251837092,0.184519660688921
"t01b",0.592374381543618,0.174652689406044
"t01b",0.568386649450043,0.0418899899936482
"t01b",0.639474959941344,0.127682277711381
"t01b",0.730719525581732,0.199053494078171
"t01b",0.150828376090033,0.621649088102234
"t01b",0.264829530442121,0.640000553010605
"t01b",0.278907816328939,0.637784501041721
"t01b",0.227605207773405,0.70356862802413
"t01b",0.180100066252536,0.672217287706666
"t01b",0.208751530829417,0.611291917414046
"t01b",0.496365495914524,0.843033408745325
"t01b",0.558519094582223,0.753558744282504
"t01b",0.462179163053572,0.80760142188678
"t01b",0.518919419372043,0.831313213887767
"t01b",0.58355724798774,0.798142989751677
"t01b",0.488592756064139,0.432254434694134
"t01b",0.513404420365623,0.311878331977357
"t01b",0.474832736683096,0.362169155805534
"t01b",0.526753444640896,0.349656591281632
"t01b",0.423732452292278,0.326262372250442
"t01b",0.39265953734827,0.329392107922309
"t01b",0.513252296898465,0.293250346160091
"t01b",0.510627163303882,0.283084239684675
"t01b",0.478067115580065,0.250672421812205
"t01c",0.383848552824929,0.125936458120123
"t01c",0.629826485877857,0.776849981630221
"t01c",0.56189809483476,0.989828413585201
"t01c",0.270569211803377,0.941806204849854
"t01c",0.263916637049988,0.026939305011183
"t01c",0.178613673662767,0.360576146282256
"t01c",0.280161990085617,0.777252121595666
"t01c",0.697269967524335,0.392396437237039
"t01c",0.0691956190858036,0.811911190627143
"t01c",0.944333672290668,0.417856788262725
"t01c",0.808920293115079,0.535844024969265
"t01c",0.980996396625414,0.551618507364765
"t01c",0.867586885113269,0.261056078597903
"t01c",0.345703202066943,0.256205074954778
"t01c",0.62068402976729,0.37774650589563
"t01c",0.117192227160558,0.022901349933818
"t01c",0.700301104458049,0.66578186978586
"t01c",0.470082852290943,0.944158190395683
"t01c",0.604877407196909,0.57645410951227
"t01c",0.1634862923529,0.880456809652969
"t01c",0.957654607947916,0.320116244256496
"t01c",0.718550887424499,0.102450197329745
"t01c",0.448051829822361,0.505318574840203
"t01c",0.799576017772779,0.820033778436482
"t01c",0.862806780263782,0.476385123562068
"t01c",0.902825044468045,0.548552094958723
"t01c",0.141504994593561,0.940874805906788
"t01c",0.580487003084272,0.297135764732957
"t01c",0.690245863981545,0.568993272027001
"t01c",0.00504805985838175,0.802403734996915
"t01c",0.00967388297431171,0.923527914565057
"t01c",0.308026166632771,0.186994859948754
"t01c",0.233988961903378,0.599372512893751
"t01c",0.313105871900916,0.318907581968233
"t01c",0.934581751935184,0.946630793623626
"t01c",0.472253522835672,0.348484363872558
"t01c",0.890247816918418,0.0613199435174465
"t01c",0.808938594302163,0.316630101297051
"t01c",0.381434730952606,0.0384381606709212
"t01c",0.861137839499861,0.167437158757821
"t01c",0.150085197063163,0.67820356413722
"t01c",0.431092667393386,0.605491391615942
"t01c",0.00173810985870659,0.494733155472204
"t01c",0.101055232109502,0.156409868039191
"t01c",0.761325887171552,0.258675740798935
"t01c",0.998287059599534,0.801043077837676
"t01c",0.958832681411877,0.0101039048749954
"t01c",0.997997633647174,0.964821114437655
"t01c",0.0312808770686388,0.0762242644559592
"t01c",0.807928954949602,0.4044794884976
"t01c",0.2711628342513,0.513495612191036
"t01c",0.409147419966757,0.783163177315146
"t01c",0.736050279578194,0.742864499101415
"t01c",0.203224761644378,0.973495575133711
"t01c",0.526278933743015,0.197362660896033
"t01c",0.624467949382961,0.0219630114734173
"t01c",0.872766967397183,0.383738728240132
"t01c",0.84752888372168,0.880321886623278
"t01c",0.934595408150926,0.717610539635643
"t01c",0.997619959991425,0.271847185213119
"t01c",0.0972431560512632,0.403139243368059
"t01c",0.389922370901331,0.210111539578065
"t01c",0.920175125589594,0.127150085521862
"t01c",0.488826155895367,0.257642175303772
"t01c",0.598540222272277,0.687109115999192
"t01c",0.437498481012881,0.296138675650582
"t01c",0.305239798268303,0.425258090253919
"t01c",0.0518811179790646,0.666304140351713
"t01c",0.24876727652736,0.0910470562521368
"t01c",0.267887579277158,0.857180526247248
"t01c",0.555771326879039,0.0508694176096469
"t01c",0.509632817935199,0.741499378345907
"t01c",0.311200575204566,0.682266362709925
"t01c",0.504041966982186,0.885854481719434
"t01c",0.399259863421321,0.851202311459929
"t01c",0.147212390322238,0.590517119970173
"t01c",0.771298509789631,0.603213008027524
"t01c",0.0264478549361229,0.359285787912086
"t01c",0.519065397325903,0.604356868425384
"t01c",0.258872415637597,0.37500302027911
"t01c",0.796326334355399,0.0996332208160311
"t01c",0.347825437085703,0.506506808102131
"t01c",0.455836292123422,0.109566637082025
"t01c",0.624001913936809,0.206416556844488
"t01c",0.542809959966689,0.485041875159368
"t01c",0.666459700092673,0.849011741112918
"t01c",0.0327291230205446,0.734578139847144
"t01c",0.400993514340371,0.975063833175227
"t01c",0.663894810248166,0.268981008091941
"t01c",0.952309768181294,0.886330389883369
"t01c",0.627389863599092,0.945663171121851
"t01c",0.245919505367056,0.178839867701754
"t01c",0.620097456499934,0.486393112223595
"t01c",0.637527864659205,0.121622655075043
"t01c",0.492731508100405,0.44351655151695
"t01c",0.467623774427921,0.173550016013905
"t01c",0.0395238015335053,0.561134869232774
"t01c",0.0391336102038622,0.986173564335331
"t01c",0.832296072505414,0.971032735193148
"t01c",0.34233877225779,0.952723131515086
"t01c",0.563413478201255,0.130344092613086
"t01c",0.736923631979153,0.011190342484042
"t01c",0.120334106031805,0.765578849008307
"t01c",0.717532788868994,0.205353194382042
"t01c",0.47962594893761,0.663241383852437
"t01c",0.449319271137938,0.0341277339030057
"t01c",0.136513262754306,0.490120324539021
"t01c",0.841865641064942,0.761647990439087
"t01c",0.698790644528344,0.941902845865116
"t01c",0.245002987561747,0.72217921493575
"t01c",0.1903364835307,0.0413019144907594
"t01c",0.967111532343552,0.629126607673243
"t01c",0.0544989581685513,0.230314405402169
"t01c",0.377101884689182,0.378406272269785
"t01c",0.721519501879811,0.320662325015292
"t01c",0.99878639029339,0.151848831679672
"t01c",0.75213058036752,0.474316788837314
"t01c",0.00137146841734648,0.28978056111373
"t01c",0.635701604187489,0.632577769691125
"t02a",0.389481042744592,0.210193413775414
"t02a",0.63460969273001,0.909424635348842
"t02a",0.81887227576226,0.338905931450427
"t02a",0.438085372559726,0.0868558378424495
"t02a",0.456699815345928,0.731900547631085
"t02a",0.757579607190564,0.257505014073104
"t02a",0.764267531922087,0.21799927437678
"t02a",0.371178352739662,0.680581946391612
"t02a",0.223705596989021,0.279496300965548
"t02a",0.716309770941734,0.239058210980147
"t02a",0.83343752939254,0.336629841243848
"t02a",0.153106557903811,0.538487044163048
"t02a",0.538552513578907,0.343336964491755
"t02a",0.643236155621707,0.0244939937256277
"t02a",0.299697837093845,0.931196958990768
"t02a",0.229485814692453,0.887028572848067
"t02a",0.537270084023476,0.667840897105634
"t02a",0.18241231655702,0.542782980250195
"t02a",0.519779622089118,0.924510785378516
"t02a",0.178426298080012,0.526678124442697
"t02a",0.964823879068717,0.993261405499652
"t02a",0.478508011670783,0.48503392492421
"t02a",0.305012239608914,0.935748162446544
"t02a",0.983664960367605,0.599207760998979
"t02a",0.277841313043609,0.464174682507291
"t02a",0.839304188732058,0.990472282515839
"t02a",0.654538400704041,0.468051767908037
"t02a",0.9139041188173,0.715445245383307
"t02a",0.675777555909008,0.151188548654318
"t02a",0.329266464803368,0.378639092901722
"t02a",0.915073161246255,0.83361183363013
"t02a",0.132624737685546,0.216830434976146
"t02a",0.955933678895235,0.832339979941025
"t02a",0.0819598024245352,0.216559136752039
"t02a",0.188954754732549,0.748160547344014
"t02a",0.599375929916278,0.228122326079756
"t02a",0.606164412805811,0.466764584649354
"t02a",0.31599593651481,0.292324982583523
"t02a",0.671621605055407,0.696414510253817
"t02a",0.310282266931608,0.412418835796416
"t02a",0.420379294781014,0.512184785911813
"t02a",0.308888238156214,0.411786091513932
"t02a",0.347533549647778,0.350051342975348
"t02a",0.107947310199961,0.617106383433565
"t02a",0.591669773682952,0.490077808033675
"t02a",0.827373231062666,0.547587522305548
"t02a",0.0941201320383698,0.689751934027299
"t02a",0.93614418618381,0.834827912971377
"t02a",0.115272229071707,0.1396266866941
"t02a",0.164786843582988,0.90188639308326
"t02a",0.0346616213209927,0.180982083082199
"t02a",0.00385508546605706,0.981890017632395
"t02a",0.479852956021205,0.0728819209616631
"t02a",0.389433641685173,0.551792557351291
"t02a",0.237544862320647,0.421477601630613
"t02a",0.330537986010313,0.558174502803013
"t02a",0.64420854090713,0.765533018391579
"t02a",0.576680773403496,0.851955013815314
"t02a",0.18714357749559,0.780479761539027
"t02a",0.0545249781571329,0.681794330012053
"t02a",0.702053528977558,0.955641271779314
"t02a",0.282651436282322,0.00702440715394914
"t02a",0.620300155831501,0.938189199892804
"t02a",0.708373468834907,0.213748952606693
"t02a",0.429277629824355,0.311221151147038
"t02a",0.0404219361953437,0.533236752031371
"t02a",0.589715610258281,0.2691468258854
"t02a",0.126187315909192,0.297343276906759
"t02a",0.371433686232194,0.0327684464864433
"t02a",0.362409877823666,0.219668975565583
"t02a",0.741979574318975,0.42648198036477
"t02a",0.848383417818695,0.897071545943618
"t02a",0.87754708295688,0.0133415590971708
"t02a",0.562314080772921,0.667401695856825
"t02a",0.320871607633308,0.810914882225916
"t02a",0.0402212233748287,0.348534366581589
"t02a",0.257964038057253,0.808390320045874
"t02a",0.0230976156890392,0.245781524572521
"t02a",0.537931554252282,0.921608395408839
"t02a",0.0427991359028965,0.214808731805533
"t02a",0.355900400085375,0.745870818849653
"t02a",0.868227974511683,0.605032993480563
"t02a",0.526718569686636,0.858120123622939
"t02a",0.738106827717274,0.949555267812684
"t02a",0.240955461515114,0.383121662773192
"t02a",0.506732893874869,0.0220049396157265
"t02a",0.628875387832522,0.7055968134664
"t02a",0.610133216483518,0.006035111611709
"t02a",0.827082054922357,0.323409316129982
"t02a",0.194380193483084,0.305048810783774
"t02a",0.478241906501353,0.432447234867141
"t02a",0.836035796906799,0.466384390369058
"t02a",0.0617467102129012,0.613196559017524
"t02a",0.558730974094942,0.409992441534996
"t02a",0.574143620207906,0.381871951045468
"t02a",0.244815391022712,0.135106216417626
"t02a",0.526831234106794,0.671516008675098
"t02a",0.501903791679069,0.356066761538386
"t02a",0.910476864082739,0.552607402438298
"t02a",0.758913668338209,0.0399669685866684
"t02a",0.965592718450353,0.456682659452781
"t02a",0.484040370909497,0.842229234986007
"t02a",0.229164918884635,0.651254410622641
"t02a",0.660945500945672,0.365614352514967
"t02a",0.601589641300961,0.666648563696072
"t02a",0.16619003075175,0.962587487418205
"t02a",0.964747253106907,0.936757058370858
"t02a",0.355610703816637,0.143434961559251
"t02a",0.329043806530535,0.487725510029122
"t02a",0.00332400249317288,0.474916681647301
"t02a",0.915040421532467,0.30743257352151
"t02a",0.90127741266042,0.152038851752877
"t02a",0.177506860112771,0.886685899458826
"t02a",0.393209547968581,0.515277335653082
"t02a",0.852966189850122,0.619849112117663
"t02a",0.709761821432039,0.993727498687804
"t02a",0.301522594178095,0.301227524876595
"t02a",0.401697860099375,0.499571020016447
"t02a",0.227166602620855,0.637035740539432
"t02a",0.180154155241325,0.901160440640524
"t02a",0.500570438336581,0.727019348647445
"t02a",0.224634407553822,0.882428095443174
"t02a",0.666423406684771,0.548401356907561
"t02a",0.149878679774702,0.290650012902915
"t02a",0.956600052071735,0.51446379465051
"t02a",0.104256856255233,0.345258929533884
"t02a",0.685797178652138,0.208094781264663
"t02a",0.592640373855829,0.575720882508904
"t02a",0.81174831604585,0.479029675712809
"t02a",0.93516866187565,0.331193246413022
"t02a",0.348425328498706,0.468657905701548
"t02a",0.247416775906458,0.289007539860904
"t02a",0.520977912005037,0.719348848797381
"t02a",0.236948406789452,0.192616648273543
"t02a",0.325748275965452,0.390840006293729
"t02a",0.0470748182851821,0.425052968086675
"t02a",0.398063880391419,0.775762938894331
"t02a",0.145578791154549,0.726605406729504
"t02a",0.604861088562757,0.0648356042802334
"t02a",0.652593489037827,0.0213559477124363
"t02a",0.579645991092548,0.863428215961903
"t02a",0.257779527688399,0.573933605337515
"t02a",0.724844979355112,0.109251305228099
"t02a",0.811161496909335,0.177745909662917
"t02a",0.680590294767171,0.174756783759221
"t02a",0.873188302153721,0.857267283601686
"t02a",0.813439469784498,0.955739214085042
"t02a",0.574255297193304,0.00956929801031947
"t02a",0.885358359897509,0.226220009382814
"t02a",0.879740373464301,0.330868244869635
"t02a",0.0225314497947693,0.481473942985758
"t02a",0.290438132360578,0.785962994676083
"t02a",0.712070858338848,0.704330902080983
"t02a",0.451231994200498,0.824289672542363
"t02a",0.580799678806216,0.101770708337426
"t02a",0.469353800173849,0.977578788530082
"t02a",0.725444793468341,0.901678190333769
"t02a",0.531236114911735,0.674412665888667
"t02a",0.506733206100762,0.710061776218936
"t02a",0.568667213898152,0.790452768094838
"t02a",0.713424497749656,0.256964785745367
"t02a",0.936068792361766,0.118974167155102
"t02a",0.541738266590983,0.245028082514182
"t02a",0.63937926478684,0.595367858186364
"t02a",0.0719593022949994,0.213960869703442
"t02a",0.647237047320232,0.1315638422966
"t02a",0.0251065078191459,0.630971119971946
"t02a",0.409558204934001,0.446592652937397
"t02a",0.576709624612704,0.457924417918548
"t02a",0.461382114095613,0.235041802283376
"t02a",0.499997946433723,0.550418727565557
"t02a",0.73589898692444,0.389664670918137
"t02a",0.0652253369335085,0.973749969154596
"t02a",0.309568427037448,0.535276404814795
"t02b",0.374415469588712,0.643392720958218
"t02b",0.0591442231088877,0.0770131722092628
"t02b",0.00197118055075407,0.974957593716681
"t02b",0.937181080924347,0.200231230817735
"t02b",0.898981296690181,0.531418681610376
"t02b",0.488007501931861,0.26737297931686
"t02b",0.304046392440796,0.561705952743068
"t02b",0.109502506675199,0.272688304772601
"t02b",0.60525045869872,0.845160596771166
"t02b",0.905650041764602,0.841559027088806
"t02b",0.85821619303897,0.906822413904592
"t02b",0.00194768328219652,0.807048282353207
"t02b",0.822093634400517,0.0831815842539072
"t02b",0.150873876642436,0.784752396401018
"t02b",0.254888515453786,0.686464905971661
"t02b",0.429755564546213,0.203021969413385
"t02b",0.338181437691674,0.29470172105357
"t02b",0.790810725884512,0.682742399396375
"t02b",0.431839503813535,0.541929584695026
"t02b",0.217133815865964,0.91838992270641
"t02b",0.543507744790986,0.978918246459216
"t02b",0.299959636060521,0.735247297212481
"t02b",0.799471682868898,0.399665439501405
"t02b",0.301907709334046,0.244035039562732
"t02b",0.218842041911557,0.563222044846043
"t02b",0.578469381900504,0.152826613979414
"t02b",0.42136426595971,0.452984849456698
"t02b",0.284971340559423,0.992819840088487
"t02b",0.746028379071504,0.608983979327604
"t02b",0.0690645051654428,0.0018107071518898
"t02b",0.0620523849502206,0.968571838457137
"t02b",0.398671337636188,0.684328265953809
"t02b",0.567427216796204,0.402569361962378
"t02b",0.000413397327065468,0.358975555747747
"t02b",0.653154846047983,0.963986428221688
"t02b",0.131408561486751,0.857071772683412
"t02b",0.201742921490222,0.837851245654747
"t02b",0.429847585503012,0.131723469356075
"t02b",0.217643386917189,0.657527949428186
"t02b",0.818752284627408,0.215876030968502
"t02b",0.464668381726369,0.165288210846484
"t02b",0.70321167842485,0.115291759371758
"t02b",0.955669831251726,0.989467462524772
"t02b",0.851985462475568,0.969991287682205
"t02b",0.928081954829395,0.0856372248381376
"t02b",0.616870584664866,0.429350168444216
"t02b",0.845466361148283,0.546966946916655
"t02b",0.758757714182138,0.107366069452837
"t02b",0.931823452236131,0.40180222527124
"t02b",0.983615557663143,0.0345207115169615
"t02b",0.874707836890593,0.312743267277256
"t02b",0.609735190169886,0.603673601988703
"t02b",0.47903707344085,0.912688083713874
"t02b",0.913607029477134,0.891959719127044
"t02b",0.0495005233678967,0.724179080687463
"t02b",0.306967210955918,0.431644725147635
"t02b",0.804649893427268,0.0135960024781525
"t02b",0.542663082946092,0.859248937340453
"t02b",0.0731676958967,0.469445394584909
"t02b",0.267945244908333,0.181415480794385
"t02b",0.750938960118219,0.253994459751993
"t02b",0.165757242357358,0.659171687671915
"t02b",0.257644992088899,0.799849923700094
"t02b",0.924255365272984,0.331192831508815
"t02b",0.650493101682514,0.141087036579847
"t02b",0.961863580159843,0.255251102149487
"t02b",0.580931273289025,0.653578698867932
"t02b",0.343972907168791,0.768193864030764
"t02b",0.0803141547366977,0.54739132989198
"t02b",0.0199401241261512,0.144320506136864
"t02b",0.490011491812766,0.00798593065701425
"t02b",0.881350259762257,0.770051707047969
"t02b",0.840896021574736,0.437737668864429
"t02b",0.39041239884682,0.932598634622991
"t02b",0.00160479755140841,0.854121913900599
"t02b",0.423184827435762,0.621773055987433
"t02b",0.265740561299026,0.294798286166042
"t02b",0.978816183749586,0.521543886512518
"t02b",0.989520194241777,0.64660514309071
"t02b",0.52705938089639,0.435996399726719
"t02b",0.875862409360707,0.00305851642042398
"t02b",0.388896889053285,0.986008926527575
"t02b",0.75765857915394,0.052361361682415
"t02b",0.614262029994279,0.368391476804391
"t02b",0.163460760610178,0.359932355582714
"t02b",0.34118256624788,0.0504296151921153
"t02b",0.709394871257246,0.577077043009922
"t02b",0.369029152439907,0.353229326661676
"t02b",0.751911119325086,0.94853885914199
"t02b",0.902370753698051,0.727476586354896
"t02b",0.807056087534875,0.797523071523756
"t02b",0.970604457892478,0.777796713169664
"t02b",0.635218313662335,0.246359907789156
"t02b",0.516705649672076,0.812346320366487
"t02b",0.0344972740858793,0.621005973313004
"t02b",0.123527175979689,0.217724891146645
"t02b",0.104450190905482,0.716590528609231
"t02b",0.350797587074339,0.897674108622596
"t02b",0.271190372761339,0.116799269802868
"t02b",0.218459800584242,0.285764467902482
"t02b",0.676604313310236,0.00362989329732955
"t02b",0.388433101819828,0.05232635862194
"t02b",0.753228168236092,0.416677891276777
"t02b",0.678363075479865,0.83457471546717
"t02b",0.98005002271384,0.914544702274725
"t02b",0.68614380271174,0.39428751100786
"t02b",0.875781410606578,0.12239959067665
"t02b",0.440166952786967,0.833313951268792
"t02b",0.0686352939810604,0.832470261724666
"t02b",0.0151111492887139,0.51143490918912
"t02b",0.518322829622775,0.378339607501402
"t02b",0.56136397831142,0.286432112101465
"t02b",0.60869241412729,0.794839824084193
"t02b",0.113588287495077,0.43634934653528
"t02b",0.992576604243368,0.10641234787181
"t02b",0.632356501417235,0.478195148520172
"t02b",0.200989718083292,0.422403076663613
"t02b",0.744298692792654,0.523523579118773
"t02b",0.812399215763435,0.138330923393369
"t02b",0.886106175603345,0.593603453831747
"t02b",0.393506878754124,0.771411906229332
"t02b",0.791620209813118,0.619738144567236
"t02b",0.229460996808484,0.981097873533145
"t02b",0.0354722999036312,0.324628387810662
"t02b",0.85646354383789,0.690694148419425
"t02b",0.761368148727342,0.349311647005379
"t02b",0.714371117530391,0.354822603752837
"t02b",0.984073153464124,0.324590391479433
"t02b",0.431824867846444,0.964009395800531
"t02b",0.500502243638039,0.563759512035176
"t02b",0.198026880389079,0.782128056045622
"t02b",0.672191836638376,0.321356357075274
"t02b",0.654752993490547,0.705209551379085
"t02b",0.442311164923012,0.0370065867900848
"t02b",0.910658677341416,0.0381299629807472
"t02b",0.969268958549947,0.575946777127683
"t02b",0.74225224275142,0.15568318311125
"t02b",0.273015278158709,0.0183209688402712
"t02c",0.176752785297675,0.675493892405353
"t02c",0.148201518495428,0.701745613907595
"t02c",0.432349044737155,0.965357454620514
"t02c",0.438936834367728,0.949504933570084
"t02c",0.425137763186064,0.927695150318523
"t02c",0.379884341145786,0.928250437354287
"t02c",0.396045888879914,0.92748122905221
"t02c",0.870395942061231,0.299949413797602
"t02c",0.849243795873557,0.341467651905753
"t02c",0.757737195252043,0.780256708576059
"t02c",0.785828475952865,0.85727424241912
"t02c",0.80658221004803,0.85941690168492
"t02c",0.777364003205472,0.82039725015151
"t02c",0.76627647044297,0.84720289893031
"t02c",0.7508533496818,0.829625341073217
"t02c",0.782155383097867,0.868200308822433
"t02c",0.78042413531397,0.814244287700417
"t02c",0.567149300893981,0.0683017355060359
"t02c",0.575291798093323,0.0878632221079133
"t02c",0.623802035294081,0.110045582961763
"t02c",0.566961874048293,0.158907608936646
"t02c",0.599543460822143,0.130972182092315
"t02c",0.583483815462297,0.154128282260178
"t02c",0.602662237521381,0.149325394968167
"t02c",0.0437215637410083,0.706252423657437
"t02c",0.072096242006939,0.765371634930675
"t02c",0.00301875716462163,0.725033120421668
"t02c",0.0393838644220351,0.752373741079315
"t02c",0.048623201391847,0.745748426527306
"t02c",0.0908042800777588,0.770602689653683
"t02c",0.0455181991325748,0.733613674047378
"t02c",0.0347568287802699,0.733490992491682
"t02c",0.0524393781892283,0.734350242791232
"t02c",0.950369395750042,0.495777352299822
"t02c",0.977612340344625,0.488088182912571
"t02c",0.977563401063879,0.491257351468578
"t02c",0.978274436210259,0.476715377651443
"t02c",0.089067486054856,0.700956011605926
"t02c",0.068867679145299,0.680618970585417
"t02c",0.0887742091237247,0.708931895635718
"t02c",0.0531521583843222,0.71463294909013
"t02c",0.0447435409319296,0.703286005364771
"t02c",0.08371912905407,0.700655153889899
"t02c",0.071090703193408,0.735227100789187
"t02c",0.0452272093402755,0.418360583040272
"t02c",0.044564065956837,0.369553469819194
"t02c",0.0417244117534639,0.394636561532195
"t02c",0.0570121478621777,0.341102389750418
"t02c",0.0786112361386647,0.328815589662881
"t02c",0.0422070067603364,0.376800940651594
"t02c",0.623097577115434,0.748895667401073
"t02c",0.662923777317809,0.736434342054274
"t02c",0.645770914892825,0.710448812307472
"t02c",0.622100827485354,0.727984916896779
"t02c",0.608091428632883,0.694523087442151
"t02c",0.642946094797904,0.718873731796747
"t02c",0.637579541786552,0.764773025282074
"t02c",0.604901986687347,0.7008017556881
"t02c",0.0562108189813603,0.450587585946957
"t02c",0.0240881801639214,0.440455457075485
"t02c",0.060734718743933,0.494717934252164
"t02c",0.0689468015813347,0.428025430973339
"t02c",0.773391613677567,0.328802197646788
"t02c",0.732951325821699,0.310227970201543
"t02c",0.759335472983402,0.292155973789469
"t02c",0.724982314656467,0.271020304263218
"t02c",0.750164668397959,0.288813450392004
"t02c",0.0678348445557094,0.185070115997724
"t02c",0.112249550142845,0.125668649237245
"t02c",0.107948234185279,0.165265931432442
"t02c",0.0912757273918479,0.152385827417125
"t02c",0.0911301600067604,0.11719548414988
"t02c",0.145034718032663,0.125138665340698
"t02c",0.647604551204614,0.178087952493256
"t02c",0.665963471354746,0.179261988522305
"t02c",0.652133455323112,0.185891202661934
"t02c",0.67537587969654,0.197701630257048
"t02c",0.628764623511386,0.154843182427641
"t02c",0.650485905195681,0.207464512485384
"t02c",0.655226746026731,0.186979351816273
"t02c",0.658804148770188,0.168471980138085
"t02c",0.568764056021206,0.864093455354565
"t02c",0.197562646116238,0.910299975502436
"t02c",0.205825753616952,0.913082102814423
"t02c",0.258604144584609,0.901388519148383
"t02c",0.252520528583326,0.908535212427603
"t02c",0.251844719351996,0.864944210275574
"t02c",0.247051683817752,0.950850834719293
"t02c",0.976482201190357,0.979031408208627
"t02c",0.565539276675578,0.521085427715527
"t02c",0.531658957665445,0.484801957492226
"t02c",0.540363262065873,0.508489697350189
"t02c",0.53234504720368,0.472682057483667
"t02c",0.593532713867932,0.509577539524304
"t02c",0.523738640674639,0.501549085348542
"t02c",0.545535759632071,0.494246664323518
"t02c",0.811825124144708,0.336687082255729
"t02c",0.84016053356867,0.332204378364114
"t02c",0.920177358343044,0.611234786042201
"t02c",0.916593144632037,0.627220853085242
"t02c",0.912376115972775,0.619386264639433
"t02c",0.885610707690767,0.652293888389628
"t02c",0.625649743996905,0.229536485959562
"t02c",0.588128719150565,0.221632531512914
"t02c",0.598518768852767,0.219514244695762
"t02c",0.638044231398162,0.279601303475063
"t02c",0.989259629361558,0.639983451883468
"t02c",0.99885200537146,0.643669742831322
"t02c",0.980315513022381,0.603951098867857
"t03a",0.3019463585224,0.0950577568728477
"t03a",0.636448835255578,0.213624065741897
"t03a",0.848585166037083,0.527296552900225
"t03a",0.924127304693684,0.924033001065254
"t03a",0.0286095396149904,0.289696371182799
"t03a",0.930953445611522,0.605798674747348
"t03a",0.671223562210798,0.0156943413894624
"t03a",0.43606893485412,0.832131508504972
"t03a",0.781245264690369,0.0696229275781661
"t03a",0.595616777194664,0.0885110248345882
"t03a",0.887204977218062,0.860979763790965
"t03a",0.349321458023041,0.527033454272896
"t03a",0.163062219042331,0.654207698535174
"t03a",0.0191118635702878,0.400505655445158
"t03a",0.511006641434506,0.377137385541573
"t03a",0.81963932258077,0.713574823457748
"t03a",0.201947607798502,0.980325005948544
"t03a",0.165943664265797,0.930632065515965
"t03a",0.04297243244946,0.0844952170737088
"t03a",0.928504535229877,0.30400209268555
"t03a",0.644277178449556,0.98852703277953
"t03a",0.353221206925809,0.731246777577326
"t03a",0.430852226680145,0.135984572116286
"t03a",0.529874542495236,0.137809605337679
"t03a",0.433215931290761,0.29696729616262
"t03a",0.843586208997294,0.658163157757372
"t03a",0.780987750506029,0.585522663546726
"t03a",0.998726326506585,0.970526087330654
"t03a",0.0224342283327132,0.779903278686106
"t03a",0.73024299973622,0.68030087207444
"t03a",0.235444254241884,0.160474717617035
"t03a",0.753480153391138,0.133141715079546
"t03a",0.189882732462138,0.461063594091684
"t03a",0.810774572892115,0.907489296514541
"t03a",0.691196837462485,0.557168586878106
"t03a",0.28178007225506,0.470643826993182
"t03a",0.446946406969801,0.665683754952624
"t03a",0.776807040441781,0.192935170605779
"t03a",0.14761303155683,0.523743093479425
"t03a",0.245705234818161,0.815729405730963
"t03a",0.149097416782752,0.167016932275146
"t03a",0.979028052184731,0.50119178276509
"t03a",0.822640759637579,0.828534718602896
"t03a",0.836970147909597,0.213085259310901
"t03a",0.0133711672388017,0.544337362982333
"t03a",0.700221886392683,0.865884306142107
"t03a",0.377746338723227,0.837961408076808
"t03a",0.0240941436495632,0.153983860975131
"t03a",0.55020036874339,0.428134293295443
"t03a",0.978380254236981,0.86575759248808
"t03a",0.635296381777152,0.749873678199947
"t03a",0.626607921440154,0.467094300314784
"t03a",0.504770177882165,0.0759600114542991
"t03a",0.213734153425321,0.054609248181805
"t03a",0.627048584632576,0.686408265726641
"t03a",0.489869640441611,0.755333225475624
"t03a",0.998800189467147,0.632727608783171
"t03a",0.640827678143978,0.389854883542284
"t03a",0.387678244384006,0.332035448867828
"t03a",0.242685204604641,0.309808163903654
"t03a",0.00936517515219748,0.00764757744036615
"t03a",0.326874635880813,0.178502035327256
"t03a",0.279630214441568,0.656159724108875
"t03a",0.572030044160783,0.897930641891435
"t03a",0.177659541834146,0.27909052465111
"t03a",0.44226993015036,0.363200195133686
"t03a",0.0935401082970202,0.202585418941453
"t03a",0.273799582151696,0.0337939138989896
"t03a",0.527314055943862,0.502553347498178
"t03a",0.730591314844787,0.974545374047011
"t03a",0.0950237952638417,0.39204539055936
"t03a",0.742007115855813,0.396965705323964
"t03a",0.583903627470136,0.563653753371909
"t03a",0.837919298326597,0.000829362543299794
"t03a",0.014565619174391,0.997983941342682
"t03a",0.417923331726342,0.540201794356108
"t03a",0.98815826466307,0.199259463232011
"t03a",0.408279733965173,0.747858885210007
"t03a",0.612718536518514,0.142148067941889
"t03a",0.837483583018184,0.130158940795809
"t03a",0.392085517058149,0.432242480339482
"t03a",0.585830556694418,0.368878807639703
"t03a",0.0697573386132717,0.843336861813441
"t03a",0.224564906908199,0.614027153933421
"t03a",0.51715148310177,0.602673996705562
"t03a",0.736078273039311,0.470928141847253
"t03a",0.451967678265646,0.952377651585266
"t03a",0.972741359379143,0.13752391631715
"t03a",0.57090088701807,0.970000395551324
"t03a",0.216475737048313,0.214408201631159
"t03a",0.239954062737525,0.926184464944527
"t03a",0.670330008026212,0.322817747015506
"t03a",0.974076655926183,0.699901551706716
"t03a",0.682955156080425,0.264220741810277
"t03a",0.465101934038103,0.182710532099009
"t03a",0.385446959408,0.923636988736689
"t03a",0.877663290826604,0.984615605091676
"t03a",0.898318423423916,0.75675811781548
"t03a",0.84939104039222,0.387505576247349
"t03a",0.752495438791811,0.804087279364467
"t03b",0.179695552284764,0.646631244818881
"t03b",0.147407144769504,0.6316221077286
"t03b",0.201346398683149,0.673302403635163
"t03b",0.137356711872354,0.232822407999629
"t03b",0.115904148616488,0.34635567763508
"t03b",0.162313162156062,0.286642927162528
"t03b",0.128820571270888,0.302079660086125
"t03b",0.512275326509125,0.65696359424285
"t03b",0.525882408816029,0.607874488732848
"t03b",0.439459827137212,0.656086169526799
"t03b",0.415501638004033,0.656950261394419
"t03b",0.510413318511464,0.608824843102835
"t03b",0.464496424766025,0.677765007401401
"t03b",0.427302408377076,0.590994147892241
"t03b",0.524839293937935,0.622374639707502
"t03b",0.513942301076977,0.661373486609839
"t03b",0.451516982463413,0.622748132907887
"t03b",0.891865727073625,0.767591120604067
"t03b",0.810669186982575,0.783298451595078
"t03b",0.786220550144167,0.701224965656658
"t03b",0.83228616682793,0.74815092146464
"t03b",0.813759419404029,0.721261225167145
"t03b",0.86002490634053,0.810432419852173
"t03b",0.804112949689951,0.730241997372717
"t03b",0.825362099535668,0.75409053364283
"t03b",0.837971112395232,0.70769421875985
"t03b",0.826144544233944,0.629375992440631
"t03b",0.815483745572621,0.716566421850356
"t03b",0.848823701544116,0.720797855882446
"t03b",0.747090481732312,0.433486806935632
"t03b",0.885682151580843,0.41999586786324
"t03b",0.7654763775295,0.440063064058369
"t03b",0.823123993240249,0.460357303590661
"t03b",0.765612274489939,0.520965943207358
"t03b",0.00478962181147669,0.651621799160909
"t03b",0.00401904658609398,0.657650794173238
"t03b",0.108319731929754,0.610166389111935
"t03b",0.114225496741168,0.670818485817362
"t03b",0.049040467575047,0.646409858300584
"t03b",0.0374328122070949,0.696009096387911
"t03b",0.5456922036465,0.538137261352519
"t03b",0.517735612771505,0.446346354434176
"t03b",0.515628937455532,0.498513259786553
"t03b",0.456584759084757,0.48408086389304
"t03b",0.428739521228144,0.439057826511983
"t03b",0.40251675394514,0.519028298553206
"t03b",0.427895785506166,0.509083666875633
"t03b",0.467302617191471,0.46032195151529
"t03b",0.465162279016423,0.520060142138126
"t03b",0.0522711981606595,0.967819407520862
"t03b",0.149122223878658,0.981210330547316
"t03b",0.0917909448465374,0.982672081725244
"t03b",0.109318346335933,0.991695551146898
"t03b",0.0610056710914038,0.987425252753126
"t03b",0.04877559706899,0.970994804732955
"t03b",0.0641861231385598,0.973428221808401
"t03b",0.12970192891796,0.923250094904009
"t03b",0.866749222276809,0.644831374073956
"t03b",0.789927580893047,0.600567831845663
"t03b",0.862204853378356,0.591566204823239
"t03b",0.876594598400336,0.591003252586568
"t03b",0.78587368275403,0.591551855548299
"t03b",0.826724934467586,0.628357111130754
"t03b",0.928497317569552,0.265871544872123
"t03b",0.95176428133186,0.287524050381686
"t03b",0.950369621563369,0.248927434344072
"t03b",0.94981266697777,0.256294582393322
"t03b",0.92553572442314,0.316341692912721
"t03b",0.973045741884444,0.0625552189053303
"t03b",0.843726718981086,0.837822326116766
"t03b",0.73047087698786,0.748854612784729
"t03b",0.795780566846045,0.795076419671203
"t03b",0.769039055205782,0.752786042839095
"t03b",0.847995904647477,0.868365990917898
"t03b",0.724752078128516,0.837383592124442
"t03b",0.716180845623113,0.857720921407773
"t03b",0.764188654244021,0.774231082884406
"t03b",0.828652780041294,0.835720513911336
"t03b",0.409152107131048,0.777082449402376
"t03b",0.346165301091878,0.743109795339207
"t03b",0.317327155776286,0.750740635693654
"t03b",0.302793368399879,0.730871760445908
"t03b",0.305723310810211,0.685341728599193
"t03b",0.310917226264451,0.757160897108157
"t03b",0.353230551765605,0.798966488387861
"t03b",0.365301196785621,0.774144095601599
"t03b",0.335027627664242,0.734996579950672
"t03b",0.494384417168215,0.446847262849582
"t03b",0.496550019239586,0.471375122359134
"t03b",0.404638193767714,0.383449973311756
"t03b",0.448310564281367,0.439870862248743
"t03b",0.486821807958848,0.422841839655966
"t03b",0.490583277051618,0.472540229172355
"t03b",0.525094902748359,0.460697892739067
"t03b",0.501219633889694,0.431300346257632
"t03b",0.486349205996041,0.470607194839092
"t03b",0.499915417452616,0.464592530290368
"t03b",0.47243396320558,0.506170871584924
"t03b",0.451163277659869,0.480552944301098
"t03b",0.48649394916549,0.421067755219247
"t03b",0.471265991034534,0.466478497554445
"t03b",0.44668388672203,0.320259023101662
"t03c",0.286596243735403,0.778477233601734
"t03c",0.676545956870541,0.562674750108272
"t03c",0.401699817972258,0.221139439381659
"t03c",0.260986040346324,0.897941827308387
"t03c",0.580926649272442,0.299771061865613
"t03c",0.291784564964473,0.281878436449915
"t03c",0.268514718860388,0.209914269857109
"t03c",0.695171887055039,0.0489372916053981
"t03c",0.86861506709829,0.172743964707479
"t03c",0.650759787298739,0.996792207006365
"t03c",0.312893802300096,0.318083400838077
"t03c",0.855173635296524,0.858055157121271
"t03c",0.418722083326429,0.72386698727496
"t03c",0.103705181041732,0.168735360959545
"t03c",0.595218527596444,0.70529529103078
"t03c",0.933918136404827,0.611278754193336
"t03c",0.0930512505583465,0.401121110189706
"t03c",0.833356687333435,0.635794233297929
"t03c",0.0197011895943433,0.751335456268862
"t03c",0.960921614896506,0.199814091203734
"t03c",0.974685407010838,0.613205472473055
"t03c",0.48018108564429,0.734334688168019
"t03c",0.995013558771461,0.643798382487148
"t03c",0.100121803581715,0.507165071554482
"t03c",0.155969821847975,0.31356440577656
"t03c",0.178256719140336,0.198422507150099
"t03c",0.974279475165531,0.188263901975006
"t03c",0.776685326360166,0.691412297775969
"t03c",0.346724999602884,0.0970550482161343
"t03c",0.963650904130191,0.909234692808241
"t03c",0.38772293459624,0.340845284750685
"t03c",0.466476781992242,0.314658334013075
"t03c",0.276341151678935,0.696417677449062
"t03c",0.360423451988026,0.119856929173693
"t03c",0.410982948495075,0.158170649781823
"t03c",0.196541415294632,0.841466604731977
"t03c",0.693568638525903,0.247009611688554
"t03c",0.200508899288252,0.323669431731105
"t03c",0.420880119549111,0.454331624787301
"t03c",0.606324993772432,0.181941372109577
"t03c",0.540762277087197,0.803731738589704
"t03c",0.67191056185402,0.822981824865565
"t03c",0.93197807087563,0.713774519506842
"t03c",0.105619701324031,0.966475269757211
"t03c",0.83352926094085,0.10855945921503
"t03c",0.512443071464077,0.167505499208346
"t03c",0.577582804718986,0.901072499575093
"t03c",0.349939420120791,0.533730824710801
"t03c",0.474142442457378,0.549262907821685
"t03c",0.705240232404321,0.704941565869376
"t03c",0.060130680911243,0.550395080586895
"t03c",0.101111192023382,0.352681545075029
"t03c",0.268241152632982,0.398364955792204
"t03c",0.302449071779847,0.0719220957253128
"t03c",0.164872085442767,0.358105348655954
"t03c",0.730736617231742,0.687373049557209
"t03c",0.125154212815687,0.708322761347517
"t03c",0.20935009745881,0.895184159744531
"t03c",0.645057112909853,0.108935977797955
"t03c",0.606626101303846,0.555887868395075
"t03c",0.629468377213925,0.545551390154287
"t03c",0.393492678878829,0.146663155406713
"t03c",0.679634833708405,0.0528369578532875
"t03c",0.699180018622428,0.764452899573371
"t03c",0.0140114920213819,0.906462291488424
"t03c",0.91253507998772,0.00176214193925261
"t03c",0.755634949076921,0.371639512479305
"t03c",0.831229506758973,0.828088724287227
"t03c",0.103831409476697,0.738577082753181
"t03c",0.317971609067172,0.862064288230613
"t03c",0.107609135564417,0.405850407667458
"t03c",0.143981704255566,0.665842568269
"t03c",0.0371680774260312,0.961484532104805
"t03c",0.510676423087716,0.85500917956233
"t03c",0.13377033546567,0.560151756741107
"t03c",0.975545041728765,0.235858432017267
"t03c",0.561223614495248,0.586095013655722
"t03c",0.757059511495754,0.663320710882545
"t03c",0.588827492436394,0.915049336152151
"t03c",0.463086738949642,0.275814693886787
"t03c",0.814194820588455,0.361615490633994
"t03c",0.802423022920266,0.794088312424719
"t03c",0.23011823464185,0.906244646990672
"t03c",0.691284378990531,0.760073722340167
"t03c",0.509242779109627,0.0230809587519616
"t03c",0.106935403775424,0.947852644138038
"t03c",0.411913808668032,0.385304424678907
"t03c",0.871844712179154,0.891408946132287
"t03c",0.971199250081554,0.135827947873622
"t03c",0.356998959556222,0.393567478982732
"t03c",0.538202153984457,0.319843969773501
"t03c",0.687566518550739,0.0648126502055675
"t03c",0.131120671750978,0.175744621315971
"t03c",0.219174263300374,0.461186927510425
"t03c",0.208577371900901,0.490985211217776
"t03c",0.63619228079915,0.131724221399054
"t03c",0.587737813359126,0.619666272541508
"t03c",0.924447355791926,0.152486718958244
"t03c",0.837208551121876,0.0102572902105749
"t03c",0.368536139372736,0.752698790747672
"t03c",0.381274022161961,0.0340103281196207
"t03c",0.26076688314788,0.897787711815909
"t03c",0.359790138201788,0.541121297515929
"t03c",0.991412403294817,0.139380225911736
"t03c",0.78520858171396,0.827374061802402
"t03c",0.997475315118209,0.538102210499346
"t03c",0.961819018470123,0.453039051732048
"t03c",0.638221399858594,0.173556779976934
"t03c",0.170418317196891,0.0471474681980908
"t03c",0.763455224456266,0.591680806130171
"t03c",0.389131023781374,0.730686011258513
"t03c",0.925033659208566,0.129084647167474
"t03c",0.322004476096481,0.0934905461035669
"t03c",0.151882411912084,0.0703066636342555
"t03c",0.326776041882113,0.69622756051831
"t03c",0.407546771457419,0.658206931315362
"t03c",0.105555241927505,0.944988064002246
"t03c",0.726683189161122,0.870769644156098
"t03c",0.0687991040758789,0.90541271166876
"t03c",0.702297670068219,0.259490089025348
"t03c",0.534440407995135,0.0113360171671957
"t03c",0.240673353662714,0.529663786524907
"t03c",0.381596897030249,0.321693217381835
"t03c",0.559629122260958,0.525301302084699
"t03c",0.328811638290063,0.803011832525954
"t03c",0.966728733154014,0.0636579939164221
"t03c",0.840755461715162,0.44858890096657
"t03c",0.429627397330478,0.152208897285163
"t03c",0.40883133537136,0.443892052862793
"t03c",0.90195440640673,0.388224297668785
"t03c",0.12867806176655,0.182143073063344
"t03c",0.335749638034031,0.946497688535601
"t03c",0.0313749650958925,0.504582762718201
"t03c",0.0460278149694204,0.605945298448205
"t03c",0.918217755388469,0.301376791205257
"t03c",0.508208616636693,0.454887883039191
"t03c",0.845567774260417,0.996659133816138
"t03c",0.458398824092001,0.471038291230798
"t03c",0.720503879245371,0.694448622642085
"t03c",0.0332929824944586,0.230344178853557
"t03c",0.735737228067592,0.246556024299935
"t03c",0.758347829105332,0.336941088084131
"t03c",0.0186583739705384,0.536116315051913
"t03c",0.198927456280217,0.787673813523725
"t03c",0.105012355837971,0.335360384779051
"t03c",0.576437927316874,0.963885563192889
"t03c",0.957898783497512,0.338871067622676
"t03c",0.774514651857316,0.460255459882319
"t03c",0.0823595488909632,0.239157125586644
"t03c",0.413740464951843,0.240718638990074
"t03c",0.524618852883577,0.998251384822652
"t03c",0.946776567259803,0.285430728225037
"t03c",0.80638666683808,0.454779862891883
"t03c",0.544192125089467,0.450099942507222
"t03c",0.397482042433694,0.159459409071133
"t03c",0.392203361028805,0.418853939278051
"t03c",0.175357815343887,0.28681464237161
"t03c",0.508670565439388,0.0203532907180488
"t03c",0.851899131434038,0.104200476082042
"t03c",0.843159586889669,0.35454112268053
"t03c",0.374595297733322,0.952448172261938
"t03c",0.0392154294531792,0.397065257420763
"t03c",0.746523602399975,0.83721797564067
"t03c",0.129372166469693,0.680433995556086
"t03c",0.149087705882266,0.656453795032576
"t03c",0.22097449330613,0.334403552347794
"t03c",0.981978060677648,0.3929432942532
"t03c",0.770657726097852,0.0691428876016289
"t03c",0.431226856773719,0.709574101259932
"t04a",0.0329934663604945,0.882258334895596
"t04a",0.271899756044149,0.178473994601518
"t04a",0.598624501377344,0.932164198486134
"t04a",0.476938695413992,0.196141144726425
"t04a",0.538087840424851,0.846848671790212
"t04a",0.548306804150343,0.0732044067699462
"t04a",0.739184329519048,0.618939391337335
"t04a",0.88435020740144,0.302597656846046
"t04a",0.754902468528599,0.466086303582415
"t04a",0.477012158138677,0.321558318799362
"t04a",0.243685805937275,0.913079503690824
"t04a",0.0905538629740477,0.470469169085845
"t04a",0.473907343344763,0.574402017751709
"t04a",0.337148183956742,0.942369156284258
"t04a",0.761384510667995,0.173011614242569
"t04a",0.638585891807452,0.69860454951413
"t04a",0.734656235901639,0.792890406912193
"t04a",0.0459421623963863,0.250564490444958
"t04a",0.665979175129905,0.448724700836465
"t04a",0.98627667920664,0.0617432738654315
"t04a",0.780143815558404,0.879894263576716
"t04a",0.983660426922143,0.126590508734807
"t04a",0.671262504300103,0.244840720901266
"t04a",0.937693477375433,0.849985098233446
"t04a",0.228817278053612,0.0627999207936227
"t04a",0.150243628770113,0.873623340623453
"t04a",0.76439854153432,0.721530352951959
"t04a",0.365811876719818,0.547758232802153
"t04a",0.719397245440632,0.948972352780402
"t04a",0.501670758472756,0.527260600356385
"t04a",0.182063893647864,0.157069759676233
"t04a",0.950006333645433,0.242676449939609
"t04a",0.0253655910491943,0.433463466819376
"t04a",0.880139563465491,0.799772208556533
"t04a",0.860619145678356,0.078375935787335
"t04a",0.737923284061253,0.0324356332421303
"t04a",0.131040325155482,0.362591455923393
"t04a",0.370888441102579,0.674203801900148
"t04a",0.333666144870222,0.609519501915202
"t04a",0.17569796484895,0.25856321840547
"t04a",0.554292909335345,0.3553120365832
"t04a",0.0676978284027427,0.0546743392478675
"t04a",0.240400374401361,0.336267951177433
"t04a",0.299355125054717,0.532625292427838
"t04a",0.993548524798825,0.584746926557273
"t04a",0.810945137636736,0.628549593733624
"t04a",0.435847903601825,0.714719251962379
"t04a",0.931157539365813,0.453392337542027
"t04a",0.258797884685919,0.429247661260888
"t04a",0.485606252215803,0.676422747550532
"t04a",0.46873459755443,0.254984525032341
"t04a",0.984236006857827,0.31472613918595
"t04a",0.811196264345199,0.944258964154869
"t04a",0.423872662009671,0.372017826652154
"t04a",0.924952328903601,0.367079763207585
"t04a",0.294487082865089,0.104863309534267
"t04a",0.631170814856887,0.786749321734533
"t04a",0.839381592813879,0.26585946069099
"t04a",0.847550337435678,0.722661030013114
"t04a",0.626784001477063,0.580998775782064
"t04a",0.208034764043987,0.856873441720381
"t04a",0.229646380757913,0.693258310202509
"t04a",0.107338787522167,0.273405361222103
"t04a",0.358501075999811,0.258770640473813
"t04a",0.968050490599126,0.95275786682032
"t04a",0.881560954963788,0.588928464567289
"t04a",0.913762355223298,0.958234156481922
"t04a",0.615042776800692,0.359649875899777
"t04a",0.992635571863502,0.673418761463836
"t04a",0.549632960930467,0.569460690952837
"t04a",0.435576868476346,0.842891591135412
"t04a",0.295554543146864,0.330095704412088
"t04a",0.0527433978859335,0.934328795876354
"t04a",0.55786987603642,0.279563554329798
"t04a",0.305571333505213,0.0237479121424258
"t04a",0.273501668823883,0.586682427441701
"t04a",0.637832159874961,0.0972609724849463
"t04a",0.488381676841527,0.013983879936859
"t04a",0.451796960318461,0.973251951625571
"t04a",0.335558093851432,0.889649420743808
"t04a",0.658123661065474,0.937032413901761
"t04a",0.65658579301089,0.51929797930643
"t04a",0.558055042754859,0.697957526892424
"t04a",0.426486283307895,0.219133250648156
"t04a",0.190403145039454,0.3847289707046
"t04a",0.363012104528025,0.195223002694547
"t04a",0.968114479677752,0.733333330834284
"t04a",0.487605918431655,0.787396166939288
"t04a",0.710897105978802,0.0802097802516073
"t04a",0.149290007539093,0.701408659806475
"t04a",0.349116111407056,0.809928536647931
"t04a",0.272389207268134,0.833594701252878
"t04a",0.770956877851859,0.322761904681101
"t04a",0.084644733229652,0.409482594579458
"t04a",0.0660413729492575,0.134628605563194
"t04a",0.868207171326503,0.668866283027455
"t04a",0.571633113315329,0.802093568490818
"t04a",0.0963718518614769,0.819610374281183
"t04a",0.955651472089812,0.799236392835155
"t04a",0.527782144956291,0.431499323574826
"t04a",0.914468372240663,0.630634933477268
"t04a",0.0150817364919931,0.645641980692744
"t04a",0.846220222534612,0.411643705330789
"t04a",0.28079752670601,0.6483598141931
"t04a",0.371012845309451,0.329507888527587
"t04a",0.396633229451254,0.453336135484278
"t04a",0.206586993997917,0.79497803049162
"t04a",0.686865871073678,0.34898274531588
"t04a",0.0793758605141193,0.692266292637214
"t04a",0.00568026071414351,0.285164357861504
"t04a",0.41888127848506,0.0951773007400334
"t04a",0.86235421942547,0.502402375917882
"t04a",0.361956930952147,0.0548342932015657
"t04a",0.0994531707838178,0.596269917907193
"t04a",0.633459001546726,0.869962166296318
"t04a",0.0512149247806519,0.349456143798307
"t04a",0.313134694471955,0.469534623902291
"t04a",0.375117697287351,0.735999083146453
"t04a",0.138233084930107,0.525766988284886
"t04a",0.661567469593138,0.6469497079961
"t04a",0.5353832046967,0.910404866328463
"t04a",0.299297920195386,0.752623536158353
"t04a",0.97243096632883,0.391037986380979
"t04a",0.923488695640117,0.0898187588900328
"t04a",0.943612585775554,0.0188108747825027
"t04a",0.159183290088549,0.985840662615374
"t04a",0.314471810357645,0.400972465984523
"t04a",0.208503366447985,0.584178756922483
"t04a",0.541151788085699,0.643603905104101
"t04a",0.134989465819672,0.108382255304605
"t04a",0.389854576904327,0.984419285319746
"t04a",0.446748503018171,0.427984515205026
"t04a",0.880267792614177,0.856992730172351
"t04b",0.325101407477632,0.866634793346748
"t04b",0.784950611414388,0.064655888825655
"t04b",0.308007440529764,0.175487257773057
"t04b",0.148422404192388,0.149105831282213
"t04b",0.559415576979518,0.870495405513793
"t04b",0.373392221517861,0.474882242968306
"t04b",0.0354699813760817,0.910063465358689
"t04b",0.851372277364135,0.487803781870753
"t04b",0.26831144769676,0.780989547260106
"t04b",0.433695830404758,0.321111261146143
"t04b",0.920583174331114,0.163946019252762
"t04b",0.839863340137526,0.809873871039599
"t04b",0.509674692293629,0.501750667113811
"t04b",0.352528665447608,0.623330279719085
"t04b",0.148644867818803,0.484815965872258
"t04b",0.638238649116829,0.892676973016933
"t04b",0.654489752138034,0.070605592103675
"t04b",0.933423461159691,0.753199859289452
"t04b",0.617339042946696,0.0522312023676932
"t04b",0.17316205939278,0.279854865046218
"t04b",0.0495579561684281,0.355073752813041
"t04b",0.98083252296783,0.976013222476467
"t04b",0.708656947594136,0.886418299051002
"t04b",0.901230074930936,0.713477267650887
"t04b",0.933913965709507,0.595220524817705
"t04b",0.440586583688855,0.214492494706064
"t04b",0.485953063238412,0.78458668012172
"t04b",0.942960564279929,0.364572015125304
"t04b",0.218424484366551,0.520736505044624
"t04b",0.712559512117878,0.157332162139937
"t04b",0.516303871292621,0.780757008120418
"t04b",0.491827275138348,0.363024784717709
"t04b",0.00917555275373161,0.881812844192609
"t04b",0.214429991785437,0.701752269174904
"t04b",0.455877715954557,0.108476032037288
"t04b",0.27030171547085,0.682823523646221
"t04b",0.697000879561529,0.364535902393982
"t04b",0.248835644917563,0.329552124021575
"t04b",0.848091461230069,0.815433394862339
"t04b",0.0450703727547079,0.338841817807406
"t04b",0.341178056551144,0.290669610491022
"t04b",0.762418920639902,0.530181835405529
"t04b",0.512413536664099,0.868588299956173
"t04b",0.241202728124335,0.342582349898294
"t04b",0.206352110952139,0.593453123234212
"t04b",0.842569971457124,0.89253962575458
"t04b",0.225550998002291,0.238169009331614
"t04b",0.915005669230595,0.569145005196333
"t04b",0.975635300390422,0.114047652110457
"t04b",0.683950838632882,0.430448905564845
"t04b",0.219200331019238,0.692377102095634
"t04b",0.621960285119712,0.804525395389646
"t04b",0.181235570926219,0.989953703247011
"t04b",0.402932095574215,0.638245937181637
"t04b",0.213086662814021,0.974750996567309
"t04b",0.492425032425672,0.591981634264812
"t04b",0.669636868638918,0.43432951415889
"t04b",0.00766020501032472,0.260692816460505
"t04b",0.53200189769268,0.932322766399011
"t04b",0.95995358354412,0.0596929003950208
"t04b",0.416337685193866,0.392192666651681
"t04b",0.455904932459816,0.241998062236235
"t04b",0.996032098308206,0.848088413011283
"t04b",0.774866448016837,0.424080141354352
"t04b",0.832678481470793,0.178816587897018
"t04b",0.660407462157309,0.910874742548913
"t04b",0.933334775501862,0.913758897222579
"t04b",0.119913429953158,0.493730465183035
"t04b",0.0804682581219822,0.276905589038506
"t04b",0.196200007339939,0.26305145653896
"t04b",0.33511304622516,0.583606420783326
"t04b",0.291715305531397,0.141201053513214
"t04b",0.874148406321183,0.178093605441973
"t04b",0.292400011327118,0.547700984869152
"t04b",0.747575821354985,0.466377360746264
"t04b",0.547608108026907,0.214011918287724
"t04b",0.17185511928983,0.327410737983882
"t04b",0.546558388043195,0.727166720433161
"t04b",0.984625523444265,0.598672688938677
"t04b",0.497848831815645,0.123285550624132
"t04b",0.77119761123322,0.489059837767854
"t04b",0.0773920267820358,0.473922581877559
"t04b",0.50768633489497,0.807043054373935
"t04b",0.346615941030905,0.138205909403041
"t04b",0.55905684037134,0.233099631266668
"t04b",0.485708659747615,0.956098035909235
"t04b",0.857459561200812,0.345931969815865
"t04b",0.00317997625097632,0.924028678797185
"t04b",0.332760483492166,0.171859830850735
"t04b",0.796131419017911,0.674498315900564
"t04b",0.786831388948485,0.281199341174215
"t04b",0.662801431724802,0.0905478813219815
"t04b",0.776951562380418,0.990946562495083
"t04b",0.776748049538583,0.38934844522737
"t04b",0.533686619251966,0.395049199927598
"t04b",0.990965819219127,0.239435829455033
"t04b",0.2534872838296,0.531674863770604
"t04b",0.177666191011667,0.118278549052775
"t04b",0.884456483414397,0.00269410666078329
"t04b",0.185220774495974,0.794289009645581
"t04b",0.507610458182171,0.596339125651866
"t04b",0.216673960210755,0.97006246400997
"t04b",0.992469098651782,0.693053690483794
"t04b",0.889898740453646,0.13609746703878
"t04b",0.615909468149766,0.283987920498475
"t04b",0.860838866792619,0.801720649469644
"t04b",0.277620300184935,0.96966928918846
"t04b",0.974417066667229,0.81829225178808
"t04b",0.793328351341188,0.321117598563433
"t04b",0.0238492314238101,0.35997746931389
"t04b",0.637912033358589,0.208767218748108
"t04b",0.00896583963185549,0.0604325644671917
"t04b",0.778455294668674,0.789515117648989
"t04b",0.077869419939816,0.340621232287958
"t04b",0.194610895821825,0.0179909262806177
"t04b",0.444382742978632,0.423255160218105
"t04b",0.734697727719322,0.100525859510526
"t04b",0.686090194853023,0.208243635250255
"t04b",0.424749777186662,0.66416669334285
"t04b",0.495595886139199,0.0257416763342917
"t04b",0.834741386817768,0.258549429941922
"t04b",0.0185538593214005,0.659213797422126
"t04b",0.977455999469385,0.627488264348358
"t04b",0.060265694744885,0.850590791553259
"t04b",0.46514025516808,0.182833840604872
"t04b",0.942136860452592,0.536486269207671
"t04b",0.731800908222795,0.781468765577301
"t04b",0.329981112387031,0.381957294652238
"t04b",0.279661724576727,0.514693564036861
"t04b",0.432690016925335,0.368841822026297
"t04b",0.0177230008412153,0.982606356963515
"t04b",0.651415808824822,0.455343100242317
"t04b",0.362956285243854,0.38352309144102
"t04b",0.627334628254175,0.296466881409287
"t04b",0.780571947107092,0.238547346321866
"t04b",0.317899561487138,0.255305572412908
"t04b",0.108242097077891,0.141152277821675
"t04b",0.782040096819401,0.836303327232599
"t04b",0.560210480820388,0.275436398107558
"t04b",0.944017194677144,0.970612746896222
"t04b",0.39135181857273,0.0723317244555801
"t04b",0.228507948340848,0.48794391634874
"t04b",0.839535998180509,0.0553808307740837
"t04b",0.873514707898721,0.278705969220027
"t04b",0.931133132427931,0.958129002479836
"t04b",0.894096631323919,0.686454525217414
"t04b",0.404861200135201,0.180623943684623
"t04b",0.797799573047087,0.937654895475134
"t04b",0.878608478233218,0.131657401798293
"t04b",0.488511468051001,0.217339627444744
"t04b",0.489349690964445,0.100207318551838
"t04b",0.197217838838696,0.309532499872148
"t04b",0.772541466169059,0.704626278253272
"t04b",0.817841812502593,0.0724136449862272
"t04b",0.328326168237254,0.494040663354099
"t04b",0.146703455131501,0.890859404345974
"t04b",0.0803553471341729,0.0550108491443098
"t04b",0.3179678064771,0.955528292804956
"t04b",0.504045216599479,0.896299757063389
"t04b",0.759616221068427,0.630564361577854
"t04b",0.110102395294234,0.595539808040485
"t04b",0.899193187244236,0.524146061390638
"t04b",0.058783927001059,0.801361876074225
"t04b",0.500540998065844,0.52087536174804
"t04b",0.48076325841248,0.705573842627928
"t04b",0.736361648421735,0.34857908054255
"t04b",0.126363588264212,0.966383361024782
"t04b",0.69614214845933,0.422247944166884
"t04b",0.297060372773558,0.980245896847919
"t04b",0.488880739081651,0.098751763580367
"t04b",0.63074157689698,0.760906452545896
"t04b",0.228900558548048,0.107166438596323
"t04b",0.557520552072674,0.729282914660871
"t04b",0.514333188766614,0.89728138432838
"t04b",0.377990553854033,0.0259445109404624
"t04b",0.827552613802254,0.125435021473095
"t04b",0.724247369682416,0.749831608030945
"t04b",0.965069006429985,0.120507228188217
"t04b",0.600427250843495,0.865773763973266
"t04b",0.528775233542547,0.101716396631673
"t04b",0.933973932173103,0.966119945980608
"t04b",0.238629406318069,0.0446696600411087
"t04b",0.925342112081125,0.144738470437005
"t04b",0.21672792872414,0.806444762973115
"t04b",0.556831363355741,0.904231583001092
"t04b",0.715385660994798,0.684405757579952
"t04b",0.617144029820338,0.299004571279511
"t04b",0.350890737958252,0.808221846818924
"t04b",0.794747846433893,0.765953303314745
"t04b",0.855872124666348,0.835525559261441
"t04b",0.0623802298214287,0.794860021211207
"t04b",0.00795939331874251,0.296752891270444
"t04b",0.702003851532936,0.522527576191351
"t04b",0.832559328293428,0.436497864546254
"t04b",0.507541025057435,0.637033380335197
"t04b",0.565264568431303,0.800929494900629
"t04b",0.179754169657826,0.0367242593783885
"t04b",0.294761799974367,0.570290764793754
"t04b",0.22043043631129,0.570185679476708
"t04b",0.166275875642896,0.419879564782605
"t04b",0.583855323726311,0.720821572467685
"t04b",0.993633587379009,0.22647109744139
"t04b",0.912979034008458,0.760737514123321
"t04b",0.458311915630475,0.409846296068281
"t04b",0.44212157628499,0.969699414912611
"t04b",0.319928472163156,0.131300219567493
"t04b",0.329157814383507,0.0279153094161302
"t04b",0.357593118445948,0.357046148274094
"t04b",0.952988586155698,0.998563124099746
"t04b",0.450771808158606,0.0182973181363195
"t04b",0.112311344128102,0.971317969728261
"t04b",0.210618163924664,0.700686075724661
"t04b",0.420795233221725,0.871470253448933
"t04b",0.82201214809902,0.289548694854602
"t04b",0.334475983167067,0.700409040553495
"t04b",0.0327289632987231,0.552217704476789
"t04b",0.629974846495315,0.990453615318984
"t04b",0.833952204789966,0.508790648309514
"t04b",0.457121704239398,0.0277757761068642
"t04b",0.0476168133318424,0.939110813429579
"t04b",0.900739253498614,0.762027547229081
"t04b",0.311578187858686,0.261687226127833
"t04b",0.450385700911283,0.631201510550454
"t04b",0.281899136025459,0.972994883079082
"t04c",0.364853242568382,0.066080466864892
"t04c",0.335667561996225,0.0305267187672297
"t04c",0.405694164564234,0.0866153069544061
"t04c",0.443506305514981,0.0697786879629403
"t04c",0.384321592312451,0.0328774258162942
"t04c",0.438162527924706,0.0349403205752565
"t04c",0.424868230338868,0.0879613119061646
"t04c",0.416294816953436,0.075521790161465
"t04c",0.353041810879075,0.0515213870148257
"t04c",0.391002521714244,0.0665467813159945
"t04c",0.357994027574464,0.607870043280342
"t04c",0.371169547904813,0.663937391344013
"t04c",0.351590440120534,0.596226108872837
"t04c",0.414600068677473,0.644239581093004
"t04c",0.388662445354934,0.658048479560125
"t04c",0.329760849889068,0.684480647051085
"t04c",0.382266319814086,0.646303582659913
"t04c",0.286305537938793,0.651226894071284
"t04c",0.310168973746745,0.7050587004394
"t04c",0.418878495116238,0.661918747680014
"t04c",0.291200105819945,0.660899811193024
"t04c",0.354852795196471,0.671654783628232
"t04c",0.375167295150023,0.733868428611766
"t04c",0.332892862650552,0.694360866200637
"t04c",0.242154466897929,0.691496982119311
"t04c",0.277562286803107,0.711141050339908
"t04c",0.383421489312042,0.693031935616206
"t04c",0.250410947504203,0.774789309569698
"t04c",0.35284422876167,0.681044680716064
"t04c",0.948897094392655,0.0992904375506915
"t04c",0.992958758412863,0.160362932108505
"t04c",0.946556823659839,0.114355985472784
"t04c",0.945591349993831,0.124901846935776
"t04c",0.479492665796818,0.759736360229673
"t04c",0.474001483968845,0.691542038727446
"t04c",0.510792276571019,0.733590954983025
"t04c",0.501161584732046,0.788009010858896
"t04c",0.497007309895657,0.782107967227879
"t04c",0.429799567263258,0.822248920443703
"t04c",0.462443306643512,0.764475522198353
"t04c",0.439010501843245,0.78403836894942
"t04c",0.503913109208036,0.74508810282249
"t04c",0.369069900198954,0.689766546655217
"t04c",0.470617660789415,0.753297793030224
"t04c",0.372736274846031,0.698984146988157
"t04c",0.434556151548538,0.714212853725636
"t04c",0.408976202956446,0.764079069398596
"t04c",0.441403263861752,0.64171222027202
"t04c",0.405674041490827,0.751599972305448
"t04c",0.37316782712844,0.732866480245562
"t04c",0.471605863800881,0.780754745817048
"t04c",0.417386333476846,0.742956883689707
"t04c",0.434694417359642,0.841332513366774
"t04c",0.370026508492789,0.737945401961895
"t04c",0.457795096854181,0.726814760752714
"t04c",0.412337375405615,0.732834234762906
"t04c",0.190348896594295,0.993256455023118
"t04c",0.161019656747579,0.956178233999649
"t04c",0.886518443953297,0.0217442897690232
"t04c",0.818411246445764,0.068404079785316
"t04c",0.907527690369113,0.00777890425465905
"t04c",0.805857404620336,0.0185660266404423
"t04c",0.877224658685515,0.00734454479733204
"t04c",0.893810944940965,0.026414184877512
"t04c",0.709059682278874,0.897060120552259
"t04c",0.698110418380384,0.893282197643515
"t04c",0.714534767574568,0.937524159749859
"t04c",0.717407004975547,0.896798460001676
"t04c",0.67021235926104,0.915377536181715
"t04c",0.74041116733587,0.934900473820995
"t04c",0.662916097318036,0.892399833035592
"t04c",0.655019411486943,0.881027404391402
"t04c",0.676811554544081,0.967125291593512
"t04c",0.732883699940975,0.974494390372583
"t04c",0.675893542724205,0.880643046950236
"t04c",0.702556758259876,0.911245474707247
"t04c",0.670432416601091,0.965050483507765
"t04c",0.746576722024138,0.928281216858754
"t04c",0.276035916777009,0.534376704510949
"t04c",0.244105594252808,0.506606221120767
"t04c",0.240887201686727,0.450374934846698
"t04c",0.289651530626853,0.46543646107749
"t04c",0.296264522829602,0.487973310734589
"t04c",0.316524550708408,0.470800261182544
"t04c",0.294019104948682,0.459431656308741
"t04c",0.285450659258905,0.360759977788928
"t04c",0.217052312665898,0.428468236713782
"t04c",0.352967379273666,0.420246649133729
"t04c",0.823045623699526,0.364636287502653
"t04c",0.782950736079097,0.303299839681236
"t04c",0.835220969927741,0.357981692754212
"t04c",0.821629263456754,0.316528318119217
"t04c",0.784548874033516,0.310034266262681
"t04c",0.751560785535726,0.353700798691167
"t04c",0.838516737573831,0.329990852065704
"t04c",0.636601747749683,0.532936472394151
"t04c",0.723211944157034,0.592755330258988
"t04c",0.714719457321747,0.508925283352407
"t04c",0.711248966430547,0.559557362880496
"t04c",0.639931349866936,0.515761999268238
"t04c",0.737679638226649,0.568560680259105
"t04c",0.669700972530858,0.59456643331603
"t04c",0.727422234653865,0.511824136053844
"t04c",0.742205529903557,0.468250434318609
"t04c",0.693105188548059,0.532260747718924
"t04c",0.996332797804482,0.0378435727595965
"t04c",0.975947250446766,0.102805092028082
"t04c",0.809948219282537,0.135543329775104
"t04c",0.737844320780468,0.14824798136836
"t04c",0.812611219056176,0.160097968242171
"t04c",0.762220543074662,0.172220237623502
"t04c",0.705419884524878,0.227999514033982
"t04c",0.775600664403869,0.189069991854115
"t04c",0.791103914859358,0.157474158155227
"t04c",0.786524567678158,0.170334213905361
"t04c",0.701458002083128,0.190879767818295
"t04c",0.764120909843296,0.210273884104953
"t04c",0.737462464235365,0.166589484727753
"t04c",0.760671664218248,0.159381632596549
"t04c",0.742175779919065,0.146149296860835
"t04c",0.777279178712094,0.107632922267569
"t04c",0.680034294381178,0.153962245919597
"t04c",0.578669230013794,0.948650163538606
"t04c",0.528503032617768,0.949259960079194
"t04c",0.586132478246564,0.947029283449156
"t04c",0.515574820857212,0.903201325139542
"t04c",0.616746165862034,0.98442420456724
"t04c",0.515597855214097,0.969191074758711
"t04c",0.534549753119033,0.979560459331551
"t04c",0.554948022774119,0.868027991620602
"t04c",0.410268365958252,0.924434817586823
"t04c",0.554889662541232,0.991088080495637
"t04c",0.55660865706691,0.962200882648574
"t04c",0.969585468649042,0.429095403769192
"t04c",0.0829683805216441,0.420532989269331
"t04c",0.103498228809818,0.449588240411609
"t04c",0.0107069057402454,0.499457432367305
"t04c",0.851866491270099,0.739838597541324
"t04c",0.836002529791798,0.773097566524365
"t04c",0.83342150127345,0.797110579766886
"t04c",0.775638101720045,0.814010530647891
"t04c",0.897114976985075,0.816359883104187
"t04c",0.824417852030398,0.769855103313445
"t04c",0.859363764277242,0.764826286780097
"t04c",0.855077148525561,0.768335535598874
"t04c",0.831765477851591,0.80006276130366
"t04c",0.802644277486956,0.737984610900139
"t04c",0.80128950176436,0.826440536481828
"t04c",0.833702403021099,0.759412487998756
"t04c",0.860119614486333,0.774133030471347
"t04c",0.858385691543313,0.760545320190214
"t04c",0.915848343167391,0.723353411068392
"t04c",0.967484904196958,0.740928894014904
"t04c",0.928205759232283,0.765795788801149
"t04c",0.927290814298311,0.716787849360573
"t04c",0.90405300125595,0.782364642952711
"t04c",0.90953885489118,0.752047006433348
"t04c",0.922933440780753,0.72301711036168
"t04c",0.94590500075665,0.731113956618318
"t04c",0.930037340508693,0.724321380855188
"t04c",0.897744677989158,0.70443151860329
"t04c",0.871501456255701,0.0544090709443396
"t04c",0.834690221667892,0.00936038416443691
"t04c",0.866188792237086,0.0451458191684176
"t04c",0.895855349098494,0.0175245281002124
"t04c",0.900601776382083,0.00127898126142484
"t04c",0.474872508371396,0.888383416171126
"t04c",0.438108797258074,0.976832353036891
"t04c",0.438225121828249,0.979128070919041
"t04c",0.421015443622884,0.951756053059118
"t04c",0.026985696971704,0.472050097228938
"t04c",0.0363489259798618,0.369912865592986
"t04c",0.0771415268273734,0.379459527651914
"t04c",0.00253230271943744,0.427740325244927
"t04c",0.0297143663537041,0.457984380376803
"t04c",0.711566885157844,0.184267231983492
"t04c",0.689542588277722,0.220885778158744
"t04c",0.6041711381323,0.205282032033476
"t04c",0.666216612283007,0.230262929836525
"t04c",0.638845845975133,0.296554264398224
"t04c",0.640955711611742,0.251012887628278
"t04c",0.650774883393712,0.280257229587607
"t04c",0.429233834229676,0.191937809716723
"t04c",0.489104140098362,0.268563082511507
"t04c",0.502113539850955,0.33914517203025
"t04c",0.50459674311633,0.272391151466364
"t04c",0.558289381682681,0.301771104423615
"t04c",0.552000451110231,0.279346342398406
"t04c",0.501424416582905,0.247846104524423
"t04c",0.5466506843578,0.201821342521966
"t04c",0.52313152185036,0.259615569003721
"t04c",0.476637632020797,0.31243740606738
"t04c",0.405991493145329,0.274719744794597
"t04c",0.486367884281289,0.310170525548168
"t04c",0.500817254558056,0.17974889472621
"t04c",0.593020581712366,0.35591121058889
"t04c",0.639625008958293,0.426299049276513
"t04c",0.607898899124614,0.412166583369432
"t04c",0.680221552349472,0.399097674588503
"t04c",0.592368977097734,0.311810348667683
"t04c",0.670084788043526,0.331008987970791
"t04c",0.579639040647469,0.378808280279768
"t04c",0.548246797665693,0.394505652054006
"t04c",0.649771916266173,0.341683167053875
"t04c",0.638929897460772,0.325695487521601
"t04c",0.61155395925773,0.420605365163485
"t04c",0.570734579034902,0.346254547057686
"t04c",0.593978282478462,0.397506826782207
"t04c",0.0801253143664916,0.725907440387431
"t04c",0.115952890442991,0.72584376135673
"t04c",0.146254520191648,0.746402328273887
"t04c",0.0216024756774899,0.740355717235019
"t05a",0.292905617975168,0.975219691509668
"t05a",0.229696847155427,0.944021547382832
"t05a",0.293702458298724,0.92013363110307
"t05a",0.248747592460568,0.973709885534981
"t05a",0.263219607691768,0.984959177349235
"t05a",0.228663182624213,0.982007279221151
"t05a",0.233094067763532,0.950852141702015
"t05a",0.243857037006234,0.97736487128053
"t05a",0.817038353983734,0.215285186133853
"t05a",0.820603800755008,0.231066099182118
"t05a",0.842684432126865,0.269448569815497
"t05a",0.808148679882177,0.250453289001445
"t05a",0.82492311149057,0.225778857199084
"t05a",0.844463972478571,0.245715217255145
"t05a",0.820113224276591,0.270440221888662
"t05a",0.842394576200137,0.259368831543901
"t05a",0.844251566563937,0.497959374077672
"t05a",0.910288447792464,0.502033676448282
"t05a",0.915295916022523,0.497945609912344
"t05a",0.904895697041167,0.493175997423172
"t05a",0.944537272843958,0.510102558391639
"t05a",0.893010478743526,0.477300974182568
"t05a",0.920776307031098,0.499565071541881
"t05a",0.892485577943462,0.481513011658255
"t05a",0.866023273186943,0.513229193638531
"t05a",0.851137000864752,0.492833169211259
"t05a",0.432140532635413,0.250340436424503
"t05a",0.442969059475187,0.217777487092122
"t05a",0.443070118803418,0.245610766484579
"t05a",0.47812928342097,0.224578746295635
"t05a",0.497514852957583,0.216271813009741
"t05a",0.436405990065289,0.249677935748326
"t05a",0.456084175172144,0.215548731365167
"t05a",0.451362007795222,0.212595005899978
"t05a",0.454059797398539,0.231867140124253
"t05a",0.436630544754528,0.235791088670385
"t05a",0.458063926981028,0.230894438920893
"t05a",0.484969711383805,0.216866693273541
"t05a",0.411617903966279,0.219679309711643
"t05a",0.438788470068612,0.24431587284256
"t05a",0.433161787477511,0.245029088503351
"t05a",0.459401369499197,0.207636821688594
"t05a",0.469490539579093,0.882185323021266
"t05a",0.453663526815968,0.891192687359408
"t05a",0.500756221808784,0.879042450651756
"t05a",0.463080533323797,0.875489357243996
"t05a",0.4863020656921,0.832370748968746
"t05a",0.575383468512913,0.197987059627108
"t05a",0.550658727700672,0.228853708891393
"t05a",0.523131222760415,0.227749018760496
"t05a",0.550590337130091,0.227731184897372
"t05a",0.575104439352655,0.217251589418248
"t05a",0.610867914319479,0.190150636221337
"t05a",0.574725168177948,0.212658988767727
"t05a",0.541232870144568,0.218866067815818
"t05a",0.180048340850921,0.901905412487116
"t05a",0.189134824129511,0.918280526581343
"t05a",0.203218588397795,0.893984668347543
"t05a",0.195932074331822,0.890200571523437
"t05a",0.202710937100159,0.906290551502112
"t05a",0.211181054561058,0.92091493358416
"t05a",0.182020992564997,0.502688313787843
"t05a",0.175688344328711,0.459663692967892
"t05a",0.193545872965391,0.486282510871475
"t05a",0.164619219770226,0.473690743206359
"t05a",0.182779123830299,0.47930969774746
"t05a",0.188917422553162,0.469774021922348
"t05a",0.18888458192289,0.521897570821936
"t05a",0.195748240640438,0.470688606118965
"t05a",0.189244996816149,0.482393498582992
"t05a",0.190452213612141,0.450402878945703
"t05a",0.191654501301723,0.512962568867997
"t05a",0.203770025453275,0.469447414033139
"t05a",0.216723934621291,0.465673132037173
"t05a",0.712080606802426,0.900534089088011
"t05a",0.671662884057856,0.852503821322306
"t05a",0.692018340181425,0.888357440786592
"t05a",0.673258552303653,0.872710247891693
"t05a",0.689551871684199,0.880532094019661
"t05a",0.704177374707138,0.919707804771942
"t05a",0.729303737476421,0.879625578601019
"t05a",0.743884507109322,0.870881995598312
"t05a",0.705714787765816,0.85329030798454
"t05a",0.679807955073151,0.887705060690999
"t05a",0.734517345249977,0.89171015709449
"t05a",0.714054999959029,0.879948346198702
"t05a",0.719827716107253,0.838518310161942
"t05a",0.997644559847144,0.504788128747369
"t05a",0.120692356844155,0.831865371879113
"t05a",0.0765729245351948,0.804884080227679
"t05a",0.0928840063045214,0.806206327649301
"t05a",0.0897425956914783,0.818024925330654
"t05a",0.0770503312405307,0.858202966993948
"t05a",0.0816197433093249,0.810997769938278
"t05a",0.120373607752702,0.819971851678544
"t05a",0.104497833261024,0.837151203857411
"t05a",0.0739932577710182,0.802138886386136
"t05a",0.113625219004979,0.814803532059913
"t05a",0.0774013431662314,0.802747768165
"t05a",0.373743438308657,0.477587021456482
"t05a",0.31762262365517,0.492028260226864
"t05a",0.321554994394368,0.487236816409708
"t05a",0.316342338406438,0.477073806972871
"t05a",0.338130974846504,0.479688021632498
"t05a",0.354798929714524,0.47342744153023
"t05a",0.358691749586036,0.462344864536129
"t05a",0.321931414980779,0.438828261254508
"t05a",0.333714041374248,0.451264285029125
"t05a",0.350796124620076,0.00205341746406401
"t05a",0.340616025325822,0.0197729030797799
"t05a",0.357276746171529,0.0460895679354872
"t05a",0.359698213295222,0.0230050951705727
"t05a",0.335390673098814,0.03240959537718
"t05a",0.366849779319887,0.0611592608177907
"t05a",0.369237227785016,0.0376291146907037
"t05a",0.348205767473251,0.0307557525285624
"t05a",0.364358893229654,0.0593186119770044
"t05a",0.339737475327339,0.0367496611373582
"t05a",0.33557480501274,0.0371310145061149
"t05a",0.334326861361598,0.0467442637744134
"t05a",0.352160953711373,0.0115035771682533
"t05a",0.383691075611787,0.0332961585134809
"t05a",0.341893878066765,0.00028748469420331
"t05a",0.348588775124772,0.00793323096447429
"t05a",0.536522705377027,0.188229904042046
"t05a",0.566156308280295,0.187826905428603
"t05a",0.550215247688867,0.17568485501164
"t05a",0.538367054480368,0.179788671389619
"t05a",0.50706732349658,0.184691672366573
"t05a",0.524531166862974,0.172815436489342
"t05a",0.56307575216934,0.205770347958581
"t05a",0.526022097331482,0.204367656766556
"t05b",0.33073833072558,0.371504312613979
"t05b",0.914529588539153,0.0939799132756889
"t05b",0.815785026876256,0.564581116195768
"t05b",0.547004300402477,0.435874681454152
"t05b",0.152006934629753,0.725365754915401
"t05b",0.695667642168701,0.748834380181506
"t05b",0.129354739561677,0.544115741970018
"t05b",0.12354732863605,0.990978721296415
"t05b",0.747551609296352,0.240956198424101
"t05b",0.262376931728795,0.214255063328892
"t05b",0.125473229913041,0.158304597949609
"t05b",0.649227237561718,0.620207315543666
"t05b",0.824237833032385,0.0528877747710794
"t05b",0.185707320459187,0.392665116582066
"t05b",0.382322355406359,0.953036227962002
"t05b",0.0825813666451722,0.216771162813529
"t05b",0.751121957553551,0.951666858280078
"t05b",0.0121294104028493,0.450113248778507
"t05b",0.466648896923289,0.124118384439498
"t05b",0.821716191712767,0.886393221560866
"t05b",0.0655118715949357,0.496655510738492
"t05b",0.733430954394862,0.587578457547352
"t05b",0.958471461432055,0.463641470996663
"t05b",0.936718940967694,0.213380864821374
"t05b",0.457217236049473,0.878132665297017
"t05b",0.37591684772633,0.224881454370916
"t05b",0.96200001030229,0.902980920160189
"t05b",0.158697231905535,0.261435563443229
"t05b",0.819574611727148,0.986939482856542
"t05b",0.4942087137606,0.76595644489862
"t05b",0.244746756972745,0.151745771057904
"t05b",0.640817172825336,0.31768962694332
"t05b",0.104381423210725,0.660951742669567
"t05b",0.689557505305856,0.399354463675991
"t05b",0.241664316272363,0.642774344887584
"t05b",0.923956639133394,0.81458694813773
"t05b",0.166868010070175,0.824518183944747
"t05b",0.343389670597389,0.895879820222035
"t05b",0.362908527255058,0.782767307478935
"t05b",0.400731744011864,0.349530849372968
"t05b",0.179437657818198,0.666340129217133
"t05b",0.619533875724301,0.0220536433625966
"t05b",0.0103044374845922,0.957443833118305
"t05b",0.555802842602134,0.157506602117792
"t05b",0.450132887111977,0.490867539541796
"t05b",0.522252764552832,0.354802150279284
"t05b",0.00326022459194064,0.107400429435074
"t05b",0.166990337427706,0.933890059357509
"t05b",0.971661238232628,0.759792212629691
"t05b",0.88734027906321,0.0184240320231766
"t05b",0.457315523643047,0.949904642533511
"t05b",0.845228877617046,0.637814344605431
"t05b",0.0209174549672753,0.555828798795119
"t05b",0.321919158799574,0.475526414578781
"t05b",0.57794738188386,0.879971154266968
"t05b",0.0869889981113374,0.0630022769328207
"t05b",0.763333774637431,0.478607868077233
"t05b",0.732825804967433,0.00736363208852708
"t05b",0.400550846010447,0.640460383379832
"t05b",0.614262263057753,0.123384285485372
"t05b",0.756672126008198,0.372145146830007
"t05b",0.95503338216804,0.0390692101791501
"t05b",0.867051677312702,0.330898973625153
"t05b",0.259644868550822,0.525588339893147
"t05b",0.981082795886323,0.123333852272481
"t05b",0.438953457865864,0.712724615586922
"t05b",0.619104053126648,0.99469998315908
"t05b",0.0791946495883167,0.321978095686063
"t05b",0.32514036539942,0.023230220656842
"t05b",0.755448860116303,0.717337216017768
"t05b",0.30612464575097,0.600324304308742
"t05b",0.546259530587122,0.245226059108973
"t05b",0.170121450442821,0.0078073013573885
"t05b",0.759618218056858,0.13459859136492
"t05b",0.261224177433178,0.00857741292566061
"t05b",0.277567267417908,0.84984774235636
"t05b",0.0700670024380088,0.757807476213202
"t05b",0.537251692265272,0.702249473892152
"t05b",0.591435496462509,0.801226601470262
"t05b",0.0875052267219871,0.89847926562652
"t05b",0.966153369285166,0.581854674965143
"t05b",0.476096668513492,0.655952662462369
"t05b",0.195323495427147,0.105214022565633
"t05b",0.542542998911813,0.959654046688229
"t05b",0.28568835859187,0.709583681775257
"t05b",0.875849118456244,0.510353517485783
"t05b",0.817801743978634,0.174981982447207
"t05b",0.548761984566227,0.620204018894583
"t05b",0.60571024264209,0.670663570752367
"t05b",0.959257881855592,0.354700935073197
"t05b",0.612069963710383,0.402584693161771
"t05b",0.65382447373122,0.923891552956775
"t05b",0.120657932944596,0.455596763174981
"t05b",0.0224467676598579,0.676065815612674
"t05b",0.00429991655983031,0.320435500936583
"t05b",0.26098589762114,0.326883615227416
"t05b",0.400329865515232,0.075112180551514
"t05b",0.612486805999652,0.735706707695499
"t05b",0.541772565571591,0.541652909247205
"t05b",0.744022308150306,0.794180454919115
"t05b",0.326352023985237,0.169546843506396
"t05b",0.6185902452562,0.558575831353664
"t05b",0.552624753210694,0.0079239949118346
"t05c",0.805093904724345,0.989080174593255
"t05c",0.150314142229035,0.74867582670413
"t05c",0.379520340822637,0.707876241765916
"t05c",0.938787414692342,0.197944500250742
"t05c",0.44272013544105,0.0918170886579901
"t05c",0.531184872146696,0.279498349642381
"t05c",0.210074784234166,0.0717366312164813
"t05c",0.711406821152195,0.139969445066527
"t05c",0.619177541462705,0.214100478449836
"t05c",0.463957038708031,0.224413326475769
"t05c",0.381112065399066,0.791789270704612
"t05c",0.902395588578656,0.156442157924175
"t05c",0.0652330559678376,0.971515376353636
"t05c",0.953452050685883,0.00520945736207068
"t05c",0.489617849700153,0.696678997948766
"t05c",0.840928864199668,0.946194609394297
"t05c",0.138013771502301,0.779450446134433
"t05c",0.35606965678744,0.0262034493498504
"t05c",0.433322760509327,0.830609944183379
"t05c",0.306484770495445,0.0952448446769267
"t05c",0.230647901305929,0.952445359202102
"t05c",0.120291223516688,0.268106221454218
"t05c",0.97740295692347,0.447785046184435
"t05c",0.11635605734773,0.609716050326824
"t05c",0.113841032376513,0.992360472446308
"t05c",0.539250832051039,0.217668552184477
"t05c",0.547972265165299,0.33935311762616
"t05c",0.520519634941593,0.497245583450422
"t05c",0.101278748828918,0.0958927839528769
"t05c",0.963457404635847,0.369364285143092
"t05c",0.273596321931109,0.392625731416047
"t05c",0.0868072956800461,0.91773425694555
"t05c",0.474167105741799,0.361486398382112
"t05c",0.768945102812722,0.820623748470098
"t05c",0.345123266568407,0.678853888995945
"t05c",0.472019575769082,0.865047947736457
"t05c",0.285495676565915,0.16291827801615
"t05c",0.0329410545527935,0.598433849401772
"t05c",0.359815006144345,0.276339650154114
"t05c",0.597802256466821,0.792620716616511
"t05c",0.581331215798855,0.368428070098162
"t05c",0.639193242415786,0.243981403531507
"t05c",0.549258913379163,0.372702731983736
"t05c",0.294799763243645,0.749564304947853
"t05c",0.459979432402179,0.334393884520978
"t05c",0.334148777415976,0.784094875445589
"t05c",0.697224512696266,0.323619994334877
"t05c",0.670354454312474,0.332938421750441
"t05c",0.056305521633476,0.814128069905564
"t05c",0.489923772867769,0.212337174220011
"t05c",0.726420253748074,0.526344326324761
"t05c",0.954556890996173,0.341428458923474
"t05c",0.306667655473575,0.725283476524055
"t05c",0.926866330439225,0.745685030706227
"t05c",0.883836555061862,0.939452648628503
"t05c",0.955058853141963,0.831386097008362
"t05c",0.696680799592286,0.0806699055247009
"t05c",0.563108031172305,0.701357236830518
"t05c",0.744188626529649,0.865299112629145
"t05c",0.672908009495586,0.195770828751847
"t05c",0.0355165991932154,0.182258879300207
"t05c",0.886233932571486,0.36742192087695
"t05c",0.741542233154178,0.643928520381451
"t05c",0.792618597624823,0.345542894210666
"t05c",0.469695872627199,0.946623000781983
"t05c",0.901946309488267,0.458413137122989
"t05c",0.474056197097525,0.555034874007106
"t05c",0.374886647798121,0.294511070009321
"t05c",0.551312622847036,0.0911822030320764
"t05c",0.508621569955721,0.28612458682619
"t05c",0.958442003000528,0.999473969917744
"t05c",0.683424820192158,0.370451344875619
"t05c",0.712595359655097,0.609887671424076
"t05c",0.320812203921378,0.933687225217
"t05c",0.365264282096177,0.752397295087576
"t05c",0.158245170721784,0.345507114659995
"t05c",0.289738323073834,0.0813409970141947
"t05c",0.169421185040846,0.287275505019352
"t05c",0.374215297400951,0.0950127765536308
"t05c",0.841141105629504,0.6093695089221
"t05c",0.621472989907488,0.830929305404425
"t05c",0.696567840874195,0.119301177328452
"t05c",0.802644586889073,0.273742158897221
"t05c",0.524401842849329,0.822051625000313
"t05c",0.339315123157576,0.641929608769715
"t05c",0.487380865728483,0.209779187338427
"t05c",0.428288355004042,0.423956216312945
"t05c",0.584613698069006,0.236399263143539
"t05c",0.336936956271529,0.717776000732556
"t05c",0.581193352350965,0.0875903107225895
"t05c",0.893790636444464,0.438832445070148
"t05c",0.917063115397468,0.850474612088874
"t05c",0.183220982784405,0.734729467425495
"t05c",0.583999006543308,0.060326972277835
"t05c",0.0386654308531433,0.348157285014167
"t05c",0.91961555252783,0.631049193907529
"t05c",0.576975279022008,0.55650552152656
"t05c",0.964533961378038,0.0418311774265021
"t05c",0.373266556533054,0.93213162291795
"t05c",0.0481015113182366,0.0352192034479231
"t05c",0.067592604784295,0.583229629788548
"t05c",0.482951826183125,0.611248512752354
"t05c",0.890740182250738,0.916176599217579
"t05c",0.0119231443386525,0.403977095615119
"t05c",0.402911983197555,0.208506894763559
"t05c",0.64800265408121,0.323687861906365
"t05c",0.469169869320467,0.0830021679867059
"t05c",0.974141442449763,0.84726103534922
"t05c",0.514667054871097,0.971188418800011
"t05c",0.953742818208411,0.555903454776853
"t05c",0.045003873296082,0.852901065489277
"t05c",0.691279198974371,0.364865555427969
"t05c",0.444791122572497,0.917838355526328
"t05c",0.164924239972606,0.150137995136902
"t05c",0.46675034542568,0.474531861953437
"t05c",0.881460620556027,0.0886012455448508
"t05c",0.130567989544943,0.785329583799466
"t05c",0.0467320084571838,0.695504527771845
"t05c",0.806743254186586,0.575917236506939
"t05c",0.207397740799934,0.696784460218623
"t05c",0.222046844195575,0.958885073894635
"t05c",0.216428837040439,0.0146079696714878
"t05c",0.756306953495368,0.370482066879049
"t05c",0.646241262089461,0.985815703403205
"t05c",0.672563687432557,0.47557346150279
"t05c",0.969651239225641,0.763016912387684
"t05c",0.453362635802478,0.055259388871491
"t05c",0.425832937005907,0.135973231401294
"t05c",0.000828502234071493,0.337051462847739
"t05c",0.798123103566468,0.456568502588198
"t05c",0.35662040906027,0.454705565935001
"t05c",0.934223443036899,0.521915048360825
"t05c",0.273982963524759,0.601173776201904
"t05c",0.508418877841905,0.590815925039351
"t05c",0.197807560209185,0.7559163661208
"t05c",0.455557750305161,0.443125872174278
"t05c",0.586037991102785,0.481425241567194
"t05c",0.759255076525733,0.929631658131257
"t05c",0.619402573443949,0.671100316336378
"t05c",0.727125831646845,0.0568129946477711
"t05c",0.40101838670671,0.459082056069747
"t05c",0.742478769039735,0.816360501339659
"t05c",0.26086313999258,0.525635307654738
"t05c",0.0663035339675844,0.634640839416534
"t05c",0.091104474849999,0.491946912603453
"t05c",0.0612983528990299,0.910162223735824
"t05c",0.0482139664236456,0.377658515004441
"t05c",0.417801668867469,0.0991775353904814
"t05c",0.452944434480742,0.856991718523204
"t06a",0.119951830944046,0.772850221954286
"t06a",0.163613773649558,0.849466211395338
"t06a",0.477069577202201,0.328463698271662
"t06a",0.494716660119593,0.945905050262809
"t06a",0.201742719626054,0.266463723033667
"t06a",0.965747424168512,0.429620094131678
"t06a",0.338164577260613,0.871164755895734
"t06a",0.43700745748356,0.608447309350595
"t06a",0.737515342188999,0.0801180109847337
"t06a",0.700723238289356,0.308422849979252
"t06a",0.431570889428258,0.270221010548994
"t06a",0.995190617395565,0.0973424685653299
"t06a",0.42225764458999,0.728676431579515
"t06a",0.626231803791597,0.236334642628208
"t06a",0.0138074476271868,0.929581341333687
"t06a",0.717180125648156,0.432248581433669
"t06a",0.785417760023847,0.400407412555069
"t06a",0.735505692893639,0.68572324514389
"t06a",0.364651427138597,0.970085067907348
"t06a",0.849198912037537,0.2788596090395
"t06a",0.982362056383863,0.548690114635974
"t06a",0.535489892354235,0.928227081196383
"t06a",0.243974471464753,0.265058169607073
"t06a",0.338544087018818,0.819424747489393
"t06a",0.483398210722953,0.296330745797604
"t06a",0.933454915182665,0.613464711932465
"t06a",0.667253156192601,0.870006109820679
"t06a",0.727163085015491,0.615344599122182
"t06a",0.785091772442684,0.953594524646178
"t06a",0.85786782996729,0.944145618705079
"t06a",0.415804436663166,0.598330060718581
"t06a",0.329102102899924,0.0914909790735692
"t06a",0.715032274834812,0.754152670269832
"t06a",0.697727664140984,0.854620873695239
"t06a",0.130692700389773,0.321969550102949
"t06a",0.750944742932916,0.9714938076213
"t06a",0.387427212204784,0.203534864354879
"t06a",0.716446624835953,0.836903161602095
"t06a",0.413921585539356,0.21563366940245
"t06a",0.29980695899576,0.76897981041111
"t06a",0.984483739593998,0.555766177596524
"t06a",0.393363816663623,0.849031329154968
"t06a",0.327164634363726,0.693758201552555
"t06a",0.868852333165705,0.641886931145564
"t06a",0.301838663872331,0.0580027850810438
"t06a",0.169803019147366,0.595014740247279
"t06a",0.277352520031855,0.832289009122178
"t06a",0.866383156273514,0.743851455394179
"t06a",0.192290461389348,0.753802149323747
"t06a",0.306006247876212,0.994164685020223
"t06a",0.471225612331182,0.113454127684236
"t06a",0.898639972321689,0.304388163611293
"t06a",0.989624522393569,0.0960410109255463
"t06a",0.657114135101438,0.669433996779844
"t06a",0.85086656617932,0.961448143934831
"t06a",0.523955862270668,0.544470908120275
"t06a",0.536885305540636,0.886099939467385
"t06a",0.313913882244378,0.620820161188021
"t06a",0.5381683295127,0.0946168685331941
"t06a",0.29386615101248,0.793001514393836
"t06a",0.213078858796507,0.190906069939956
"t06a",0.624017517780885,0.521288046613336
"t06a",0.397978058783337,0.376162873348221
"t06a",0.43419435294345,0.515066910767928
"t06a",0.737810723250732,0.73753133835271
"t06a",0.728484849212691,0.63622209103778
"t06a",0.622602969873697,0.833580224541947
"t06a",0.565644547576085,0.260844936128706
"t06a",0.671153503935784,0.783626986201853
"t06a",0.04201615229249,0.953970685601234
"t06a",0.71675230935216,0.498234926257282
"t06a",0.0150897216517478,0.167242562631145
"t06a",0.689294188283384,0.646917544770986
"t06a",0.970497000962496,0.0392339655663818
"t06a",0.705317766405642,0.0329074908513576
"t06a",0.211225337581709,0.213562828721479
"t06a",0.480984119465575,0.323393418686464
"t06a",0.939526869216934,0.0492588554043323
"t06a",0.513383524958044,0.645423577399924
"t06a",0.226242541335523,0.43680756399408
"t06a",0.220998401287943,0.84056727332063
"t06a",0.0769249761942774,0.135141917038709
"t06a",0.492095667868853,0.277818746399134
"t06a",0.370528186904266,0.0288394121453166
"t06a",0.929427325958386,0.755573108792305
"t06a",0.643319057533517,0.373536270111799
"t06a",0.280614543240517,0.764916256535798
"t06a",0.868150228401646,0.72184790391475
"t06a",0.996932974318042,0.72352049103938
"t06a",0.687274690950289,0.601452366216108
"t06a",0.412373133003712,0.0536804010625929
"t06a",0.352803819812834,0.99823821336031
"t06a",0.137947671348229,0.428623656276613
"t06a",0.839078446151689,0.471425460418686
"t06a",0.128586249193177,0.84421364008449
"t06a",0.937587561551481,0.270383195253089
"t06a",0.639879124006256,0.378130549332127
"t06a",0.0298317740671337,0.932349304668605
"t06a",0.810693529667333,0.982880587456748
"t06a",0.299917309079319,0.678113640053198
"t06a",0.588667650939897,0.295912954956293
"t06a",0.559955993434414,0.278317218413576
"t06a",0.630959239322692,0.174923482351005
"t06a",0.0793938639108092,0.391944935778156
"t06a",0.888347337953746,0.672300170408562
"t06a",0.040823616553098,0.896158431190997
"t06a",0.62527722818777,0.998535725055262
"t06a",0.159474040614441,0.766875468427315
"t06a",0.0578124229796231,0.669394910568371
"t06a",0.490375019144267,0.809013680554926
"t06a",0.537610768806189,0.0353405941277742
"t06a",0.971793742617592,0.289942095289007
"t06a",0.306569002335891,0.0559555504005402
"t06a",0.81361481291242,0.771259899949655
"t06a",0.589827593183145,0.363151054829359
"t06a",0.554782029706985,0.891020003473386
"t06a",0.596672875806689,0.617162762209773
"t06a",0.840547570027411,0.0124207802582532
"t06a",0.461311190621927,0.197384156519547
"t06a",0.290568522410467,0.978656772291288
"t06a",0.394130665576085,0.140475002815947
"t06a",0.991838036570698,0.762888607103378
"t06a",0.671510729240254,0.9673907244578
"t06a",0.90128849959001,0.703880954766646
"t06a",0.353033738210797,0.901637819828466
"t06a",0.10671986779198,0.610817227745429
"t06a",0.0373773633036762,0.884911003522575
"t06a",0.113421163288876,0.329692440805957
"t06a",0.148768672719598,0.428866469999775
"t06a",0.63297695433721,0.610114702023566
"t06a",0.668217797763646,0.83596438379027
"t06a",0.0987868730444461,0.688065732596442
"t06a",0.306105808122084,0.962124494370073
"t06a",0.0957356246653944,0.284187361598015
"t06a",0.173161658225581,0.403220806503668
"t06a",0.568578159203753,0.797779492335394
"t06a",0.969045274192467,0.952194182435051
"t06a",0.565446495544165,0.458743773633614
"t06a",0.490853060036898,0.154981741216034
"t06a",0.174224766902626,0.82768344017677
"t06a",0.0373981373850256,0.227785194991156
"t06a",0.942135464865714,0.920568160479888
"t06a",0.536711847875267,0.956522300839424
"t06a",0.436178714269772,0.00718399859033525
"t06a",0.114986079977825,0.938057508319616
"t06a",0.468875915976241,0.443649084540084
"t06a",0.328028144780546,0.054877805756405
"t06a",0.368461410747841,0.274691543774679
"t06a",0.674138436559588,0.0554211898706853
"t06a",0.111390648642555,0.949557431042194
"t06a",0.129569787764922,0.931304994272068
"t06a",0.0803948701359332,0.525488955900073
"t06a",0.869927516905591,0.423973825760186
"t06a",0.0669964598491788,0.661451288731769
"t06a",0.35488660633564,0.151411821367219
"t06a",0.849817161913961,0.216146941762418
"t06a",0.249681756831706,0.629755660193041
"t06a",0.358043918386102,0.369482673238963
"t06a",0.320955095812678,0.166111588478088
"t06a",0.998397077200934,0.102102336008102
"t06a",0.644061416620389,0.217826634645462
"t06a",0.261986433295533,0.219590257154778
"t06a",0.925472383387387,0.0304144932888448
"t06a",0.045017491094768,0.338442377047613
"t06a",0.40727779478766,0.58473919192329
"t06a",0.799771716585383,0.0175027558580041
"t06a",0.964053687173873,0.0175248684827238
"t06a",0.634865180356428,0.448942794697359
"t06b",0.45706273374912,0.963895980146312
"t06b",0.404020197488672,0.793487985366296
"t06b",0.457375166564556,0.822141148321928
"t06b",0.406868630852962,0.776072163288774
"t06b",0.407684618966101,0.816048674347316
"t06b",0.365968205964444,0.857826032387166
"t06b",0.412254996010909,0.878238422529878
"t06b",0.387716225116469,0.809233934320172
"t06b",0.453553101511323,0.844327029695018
"t06b",0.39590299537623,0.802144100194965
"t06b",0.398846328358096,0.825945486053062
"t06b",0.195317238762751,0.154063756594655
"t06b",0.274706891903393,0.183567828643851
"t06b",0.328353059628904,0.10207437363194
"t06b",0.23627294583555,0.171821356378306
"t06b",0.302058957598973,0.134069214604799
"t06b",0.209540395373708,0.195565703394536
"t06b",0.273195030398385,0.150599194461348
"t06b",0.272045175645999,0.177824022290304
"t06b",0.37465449140061,0.249729043291265
"t06b",0.317957461141675,0.171956286655007
"t06b",0.328099577608103,0.284495618029764
"t06b",0.290152371508476,0.215768798855958
"t06b",0.344603957457631,0.188748879782305
"t06b",0.365544376835303,0.22351774372057
"t06b",0.0180245651422613,0.41138174700549
"t06b",0.0882420608435842,0.378878058202447
"t06b",0.0401940931259108,0.403694114400317
"t06b",0.0102143963461673,0.350887593848281
"t06b",0.711963039407053,0.279033237566745
"t06b",0.582937248860707,0.250254207880647
"t06b",0.677055187581486,0.255890713994906
"t06b",0.714013591873442,0.188633881488276
"t06b",0.749830011739563,0.282429259591755
"t06b",0.691949905672038,0.331465495776495
"t06b",0.691917341910989,0.297150840994235
"t06b",0.651024034224359,0.283223970704216
"t06b",0.677791313080459,0.352416748885394
"t06b",0.0297251663782473,0.00946228387284231
"t06b",0.0448505067819937,0.0714369172657274
"t06b",0.331017023031015,0.0063675440629205
"t06b",0.344108847382724,0.0239292532513261
"t06b",0.716688991576707,0.219626721863054
"t06b",0.7345481394607,0.118611812181868
"t06b",0.721400886152244,0.181661220357823
"t06b",0.679062410604899,0.251163729115661
"t06b",0.69546174847147,0.104929752613286
"t06b",0.725172400844484,0.102451501066969
"t06b",0.69692189447537,0.175009607247702
"t06b",0.673353434343631,0.205207649402712
"t06b",0.674391430108929,0.182627511505025
"t06b",0.731098384467002,0.187919456527852
"t06b",0.6093387442853,0.0299189453429327
"t06b",0.689516283842202,0.0349979755073737
"t06b",0.69106672904694,0.0270900386080429
"t06b",0.665830709215128,0.00480063030163025
"t06b",0.0562023831408706,0.0339616564488994
"t06b",0.0909996588228729,0.0085403986755771
"t06b",0.0900937109069456,0.0294072732383014
"t06b",0.0299273626749734,0.0335550953291048
"t06b",0.086717997172247,0.00843298133141329
"t06b",0.0478058343838318,0.059864273034508
"t06b",0.100930833066302,0.116647699208716
"t06b",0.857573196841854,0.491400998699456
"t06b",0.95441484808834,0.511637156499019
"t06b",0.923026975916099,0.501334181426972
"t06b",0.956511255288213,0.49164100813807
"t06b",0.985603482951129,0.5500853578473
"t06b",0.984598641042884,0.613890770704486
"t06b",0.969739332062763,0.526546141269301
"t06b",0.745369961028571,0.622446025736381
"t06b",0.75481209236929,0.582138907514427
"t06b",0.766808761008739,0.586050598528227
"t06b",0.7766922596617,0.542556241819402
"t06b",0.706853569595048,0.530507899191922
"t06b",0.956358133997083,0.771397585735543
"t06b",0.97454743139276,0.883058867513275
"t06b",0.95802615728279,0.830499171979758
"t06b",0.919915807711819,0.813060037757011
"t06b",0.931481359887615,0.817859038734431
"t06b",0.961838709687657,0.802447982159122
"t06b",0.92409489020064,0.839782685127289
"t06b",0.949570813007751,0.784132038875579
"t06b",0.68417234794321,0.667433678631107
"t06b",0.654878645119419,0.615757506830047
"t06b",0.637878542926572,0.691224465911359
"t06b",0.628594071222682,0.708667158444112
"t06b",0.617411037887448,0.729837269746826
"t06b",0.606158323651379,0.676447327019734
"t06b",0.631079655009106,0.737450629925633
"t06b",0.732357877170637,0.00351494296005778
"t06b",0.574193294474862,0.0799038793269257
"t06b",0.554015779872609,0.0980143079530837
"t06b",0.516599917724872,0.104424174042142
"t06b",0.451895672436224,0.157286198296479
"t06b",0.900244830667963,0.668212471607408
"t06b",0.869499365794488,0.759431279212414
"t06b",0.86472054523158,0.765412176817098
"t06b",0.851253838160239,0.76417491571699
"t06b",0.767510980135678,0.753915333506024
"t06b",0.817507960606874,0.792530546690905
"t06b",0.295831039941314,0.663654767302713
"t06b",0.31133010095868,0.639832172447294
"t06b",0.309614795885806,0.695724710245454
"t06b",0.358123410537603,0.707042161939825
"t06b",0.28242361306426,0.651191496266826
"t06b",0.286594175736362,0.743804099039168
"t06b",0.300183471279106,0.69987099063993
"t06b",0.325370127729734,0.768500553299916
"t06b",0.310602697241721,0.729322869337552
"t06b",0.267836464803212,0.616954628453165
"t06b",0.291217537903298,0.733364615965015
"t06b",0.29429371093122,0.682432984000713
"t06b",0.382736205869607,0.623780794815922
"t06b",0.393625309166201,0.677476228304771
"t06b",0.285172613746849,0.639325281451264
"t06b",0.352040104565274,0.708693346864256
"t06b",0.378563134658146,0.631156560189319
"t06b",0.37793599046722,0.634226348707645
"t06b",0.551367897422271,0.506254136356494
"t06b",0.556588712979785,0.519437506319734
"t06b",0.560464624960116,0.562207515764604
"t06b",0.507871579451815,0.496663315159414
"t06b",0.503963499891539,0.98694905544325
"t06b",0.491030815021649,0.98928689851929
"t06b",0.737232659343345,0.118079873061474
"t06b",0.748392025590225,0.18096036250304
"t06b",0.6916962137938,0.0874008858144834
"t06b",0.728205650423533,0.14793723563135
"t06b",0.72546421805239,0.149392266037362
"t06b",0.723968150350105,0.0944460175972509
"t06b",0.739043347116122,0.0925354135043781
"t06b",0.667381739554888,0.0971574685261774
"t06b",0.740947520864679,0.068458952960678
"t06b",0.733053437698401,0.163501593950884
"t06b",0.720423267863236,0.0983815159510647
"t06b",0.675095062119988,0.104663563952451
"t06b",0.753634906581539,0.762390197526479
"t06b",0.786020996343229,0.746451423361145
"t06b",0.858498738430391,0.710983076555425
"t06b",0.687722194597253,0.744167780174227
"t06b",0.802563758456299,0.820116490023873
"t06b",0.82229012354655,0.823740091724058
"t06b",0.820868130277305,0.789828298213527
"t06b",0.807730668978279,0.747042058190848
"t06b",0.872015532296148,0.771834058079187
"t06b",0.829232466767049,0.725537925592855
"t06b",0.028939350608933,0.302808190567195
"t06b",0.00441049961451467,0.309899531667616
"t06b",0.0122491563939235,0.343320918274667
"t06b",0.0475672393942934,0.637950538041691
"t06b",0.657033346107457,0.909716373389253
"t06b",0.712793933028596,0.918465390576792
"t06b",0.675172337784251,0.934755362066564
"t06b",0.61125353999038,0.933529828857193
"t06b",0.697798965898136,0.909439471718882
"t06b",0.753590019027992,0.932268986974404
"t06b",0.668044240054085,0.816283872283014
"t06b",0.734871532676945,0.901649668525507
"t06b",0.664354567716119,0.860906617595751
"t06b",0.66385844815676,0.890834784657101
"t06b",0.648653557959635,0.931291212260525
"t06b",0.187476602290556,0.785529982867648
"t06b",0.0833255730338317,0.803936660394618
"t06b",0.271545832417145,0.818671440632916
"t06b",0.213910452332947,0.761030309208776
"t06b",0.173702646798462,0.815639673720488
"t06b",0.252461128539333,0.843326070937296
"t06b",0.193477389942815,0.817211844769731
"t06b",0.143918466046493,0.834590499698946
"t06b",0.718771538674695,0.954083578303162
"t06b",0.709072242086544,0.999302513413932
"t06b",0.701237744646251,0.993591030869857
"t06b",0.933369972252678,0.683792877623138
"t06b",0.912063357564612,0.689864778702082
"t06b",0.940892366321825,0.673457579877226
"t06b",0.922545820426581,0.67326544054092
"t06b",0.937522846335554,0.709227726128457
"t06b",0.946557013938861,0.628241795410632
"t06b",0.974763498956394,0.669279813753599
"t06b",0.545173069463706,0.169462809224769
"t06b",0.638038284344212,0.103170903664328
"t06b",0.226030160925288,0.291554105715326
"t06b",0.234308659185972,0.330998894272538
"t06b",0.232933677250266,0.266079097286145
"t06b",0.217251171945736,0.27089341989322
"t06b",0.178056473271547,0.337160978027573
"t06b",0.163109819204431,0.330893725758443
"t06b",0.190527352204479,0.270117760060983
"t06b",0.271513955211774,0.252779453621862
"t06b",0.301112146688473,0.980748111396134
"t06b",0.335130632170645,0.968565681772347
"t06b",0.252361823825599,0.987164138475209
"t06b",0.0309871566474197,0.997998259325667
"t06b",0.0707574300738663,0.988269727746795
"t06b",0.0577021693567611,0.892729177765814
"t06b",0.0424283009531081,0.959869280624027
"t06b",0.881872703863524,0.0518137676778925
"t06b",0.814259289802012,0.064253509507794
"t06b",0.899841221815036,0.0434473122394676
"t06b",0.83328880191277,0.018985056525303
"t06b",0.806917410344989,0.0684334817894616
"t06b",0.789444384363407,0.00134281099621353
"t06b",0.758015205439525,0.00647971011548465
"t06c",0.604840961750597,0.691421778639778
"t06c",0.0590481639374048,0.925494489725679
"t06c",0.150031185010448,0.321613654959947
"t06c",0.984272496076301,0.683202771004289
"t06c",0.646099510835484,0.601424586260691
"t06c",0.0300665702670813,0.471494258847088
"t06c",0.34361706324853,0.47431104676798
"t06c",0.716989123728126,0.917394146090373
"t06c",0.0523881649132818,0.991120651131496
"t06c",0.527306007919833,0.213197933277115
"t06c",0.951030516531318,0.59440430579707
"t06c",0.194572983309627,0.527618080144748
"t06c",0.216209080535918,0.475881249411032
"t06c",0.502545922761783,0.0581423146650195
"t06c",0.256538494024426,0.53962690080516
"t06c",0.669790938263759,0.70398946874775
"t06c",0.27256225864403,0.2247843304649
"t06c",0.837363422149792,0.872152878670022
"t06c",0.887443269137293,0.722693932708353
"t06c",0.558697406202555,0.777851068181917
"t06c",0.385656541911885,0.0145647663157433
"t06c",0.327970340149477,0.2605311346706
"t06c",0.179044467629865,0.102558946469799
"t06c",0.127155209193006,0.924810635391623
"t06c",0.797885567648336,0.962198604829609
"t06c",0.912105209659785,0.196004585828632
"t06c",0.596661788411438,0.479580824961886
"t06c",0.411815874511376,0.541965554235503
"t06c",0.216831145808101,0.278254957869649
"t06c",0.946464523905888,0.963327604345977
"t06c",0.0532476464286447,0.191863929154351
"t06c",0.451965648215264,0.414525589905679
"t06c",0.308840533485636,0.719217461533844
"t06c",0.899989427998662,0.652832106687129
"t06c",0.941352035850286,0.486958322115242
"t06c",0.265807012096047,0.660805767867714
"t06c",0.356383417733014,0.206966065336019
"t06c",0.899477385217324,0.0955855613574386
"t06c",0.0905415581073612,0.432007234776393
"t06c",0.656819452298805,0.147069796919823
"t06c",0.714856579201296,0.600414996035397
"t06c",0.403615762246773,0.950072783045471
"t06c",0.00385303003713489,0.956517486833036
"t06c",0.156712987925857,0.2074900935404
"t06c",0.166511469287798,0.625686382176355
"t06c",0.244405327131972,0.917178532341495
"t06c",0.522195233497769,0.673532787011936
"t06c",0.712338972371072,0.331907502142712
"t06c",0.534952563932166,0.394281377550215
"t06c",0.610930702416226,0.382985297823325
"t06c",0.740174698643386,0.413260909030214
"t06c",0.934411151567474,0.392827758565545
"t06c",0.418029269669205,0.111290959874168
"t06c",0.28036737232469,0.0427628676407039
"t06c",0.310995877254754,0.426775954198092
"t06c",0.852699820650741,0.442940489156172
"t06c",0.540693293325603,0.54350568423979
"t06c",0.67737370589748,0.382106244098395
"t06c",0.017313000978902,0.534129678970203
"t06c",0.153852888848633,0.816943623125553
"t06c",0.767292462522164,0.50737404031679
"t06c",0.0468787520658225,0.596937434514984
"t06c",0.0202900350559503,0.371821471024305
"t06c",0.78782252385281,0.719363063806668
"t06c",0.826176661998034,0.205144657287747
"t06c",0.106494846520945,0.557249954668805
"t06c",0.488154920516536,0.492155351676047
"t06c",0.459175745025277,0.583105390891433
"t06c",0.76559409708716,0.880141205620021
"t06c",0.333409544313326,0.90149954915978
"t06c",0.494332489557564,0.117550020571798
"t06c",0.144265019102022,0.0571595630608499
"t06c",0.268744406756014,0.600663474295288
"t06c",0.238523272098973,0.725693634711206
"t06c",0.192398757440969,0.163689735345542
"t06c",0.022602875251323,0.272207961417735
"t06c",0.363899175543338,0.708782550878823
"t06c",0.561616194900125,0.0434268109966069
"t06c",0.993862912990153,0.0437793952878565
"t06c",0.552789737470448,0.302587389945984
"t06c",0.529207806801423,0.876446336042136
"t06c",0.391569539671764,0.604095331160352
"t06c",0.414621371775866,0.329928004182875
"t06c",0.763547883136198,0.804477368481457
"t06c",0.675928987562656,0.477632107678801
"t06c",0.61278126668185,0.278673357330263
"t06c",0.18112427694723,0.370894120307639
"t06c",0.645445072324947,0.955149445449933
"t06c",0.276319353375584,0.486860300647095
"t06c",0.204274314921349,0.994135584449396
"t06c",0.728533855173737,0.167518795933574
"t06c",0.835926487343386,0.515196409774944
"t06c",0.85702587524429,0.577599399257451
"t06c",0.846789618954062,0.0445073256269097
"t06c",0.70010999403894,0.275300847599283
"t06c",0.882645135046914,0.903180778957903
"t06c",0.0738744765985757,0.770390644203871
"t06c",0.00880876928567886,0.10869651264511
"t06c",0.570993133354932,0.100838942686096
"t06c",0.750312686897814,0.0291112952399999
"t06c",0.443518616259098,0.704063884913921
"t06c",0.0934020294807851,0.340918533969671
"t06c",0.893879560288042,0.827284976607189
"t06c",0.310606200248003,0.53149338834919
"t06c",0.589277065359056,0.155865810345858
"t06c",0.242350790649652,0.782348705455661
"t06c",0.328492463799194,0.618414546828717
"t06c",0.0957637834362686,0.654895157786086
"t06c",0.392175817862153,0.410655391402543
"t06c",0.499402020825073,0.820548304822296
"t06c",0.467901319032535,0.295771914767101
"t06c",0.868507724953815,0.142511777579784
"t06c",0.566233832156286,0.940551091218367
"t06c",0.615818648133427,0.00133021315559745
"t06c",0.0213954334612936,0.0514233307912946
"t06c",0.790131493005902,0.266815887065604
"t06c",0.776702572125942,0.664606576086953
"t06c",0.171183414990082,0.431276985444129
"t06c",0.93026197492145,0.0254667843692005
"t06c",0.65302865114063,0.828586698975414
"t06c",0.090797288576141,0.0084750815294683
"t06c",0.303404024103656,0.179946415591985
"t06c",0.251699343323708,0.856378335738555
"t06c",0.422836903017014,0.478691997705027
"t06c",0.606422304641455,0.900453755864874
"t06c",0.362111050868407,0.815058144973591
"t06c",0.710461104288697,0.833635007962584
"t06c",0.447468095924705,0.777454052818939
"t06c",0.2552784755826,0.145911422325298
"t06c",0.875498179811984,0.970148197142407
"t06c",0.900011213263497,0.258207926526666
"t06c",0.603889654856175,0.538090230198577
"t06c",0.301317931618541,0.337988222250715
"t06c",0.101124268723652,0.22945369919762
"t06c",0.0336018996313214,0.839437275193632
"t06c",0.108357674442232,0.997796895215288
"t06c",0.63731939997524,0.758065599249676
"t06c",0.723813097923994,0.983710488071665
"t06c",0.390846480848268,0.27050048392266
"t06c",0.665725738275796,0.201908683637157
"t06c",0.051359701436013,0.703753895359114
"t06c",0.197103433310986,0.673803343437612
"t06c",0.143680691951886,0.686986957909539
"t06c",0.0193518251180649,0.656423324719071
"t06c",0.185916063608602,0.928485088981688
"t06c",0.388958428055048,0.881055189995095
"t06c",0.80645924131386,0.383800028357655
"t06c",0.509527930058539,0.984819188714027
"t07a",0.847263421397656,0.347666247980669
"t07a",0.162923231953755,0.867398778442293
"t07a",0.241825742879882,0.566262988839298
"t07a",0.816323061008006,0.866419276455417
"t07a",0.0552322501316667,0.0940121035091579
"t07a",0.94581372058019,0.2163952793926
"t07a",0.84062565327622,0.010390913579613
"t07a",0.582380250561982,0.367715653032064
"t07a",0.669677621452138,0.0166330984793603
"t07a",0.746908178552985,0.86158792860806
"t07a",0.0768942297436297,0.295118494424969
"t07a",0.288099724100903,0.905938187614083
"t07a",0.764911322854459,0.721716771833599
"t07a",0.105732051888481,0.0722857718355954
"t07a",0.404961582738906,0.496552326716483
"t07a",0.0358088098000735,0.671320396242663
"t07a",0.514320007059723,0.784665558021516
"t07a",0.0244801405351609,0.881554822903126
"t07a",0.435538635822013,0.154412468196824
"t07a",0.307270468911156,0.441072328947484
"t07a",0.347211032640189,0.523205884266645
"t07a",0.732457791222259,0.283603388350457
"t07a",0.701131587848067,0.108008496696129
"t07a",0.143755736062303,0.691597935510799
"t07a",0.783295121742412,0.972027747193351
"t07a",0.657898411387578,0.721988060511649
"t07a",0.281327406642959,0.237414606614038
"t07a",0.222961959196255,0.189002053113654
"t07a",0.631831494159997,0.416413118829951
"t07a",0.915665437933058,0.40464136027731
"t07a",0.0797677442897111,0.75258109997958
"t07a",0.92237094650045,0.738837577868253
"t07a",0.956801251741126,0.288683381630108
"t07a",0.499977414729074,0.974104962544516
"t07a",0.304818477947265,0.653105661040172
"t07a",0.766030566301197,0.193928741849959
"t07a",0.00919727818109095,0.411561398068443
"t07a",0.437864095205441,0.365658594295382
"t07a",0.636294082505628,0.300523495301604
"t07a",0.379661306738853,0.16283882712014
"t07a",0.260178287280723,0.470383054111153
"t07a",0.720324800582603,0.62975562014617
"t07a",0.56176343630068,0.306669329525903
"t07a",0.207154758507386,0.822327778209001
"t07a",0.837425113655627,0.753205310553312
"t07a",0.250973296817392,0.636710740393028
"t07a",0.497283275006339,0.322144601494074
"t07a",0.6156082439702,0.0689673819579184
"t07a",0.849281250499189,0.91887538600713
"t07a",0.525214958470315,0.377333513926715
"t07a",0.986926560755819,0.570089771877974
"t07a",0.897469449555501,0.962283722590655
"t07a",0.952779027167708,0.640083060599864
"t07a",0.839008148526773,0.987858170643449
"t07a",0.8709261266049,0.208850927650928
"t07a",0.541670906823128,0.629656680626795
"t07a",0.573066849261522,0.778043181169778
"t07a",0.963121263077483,0.0910448902286589
"t07a",0.466307724593207,0.685054923873395
"t07a",0.274624118814245,0.981059449492022
"t07a",0.386789636919275,0.650711240014061
"t07a",0.183179279323667,0.115360257448629
"t07a",0.426204164279625,0.777439845958725
"t07a",0.10985013958998,0.91232040268369
"t07a",0.878699965309352,0.686583603965119
"t07a",0.991021804744378,0.696110474411398
"t07a",0.944942173780873,0.348075043177232
"t07a",0.0291568750981241,0.229667207691818
"t07a",0.071924862684682,0.968499070033431
"t07a",0.869743032613769,0.103098302148283
"t07a",0.903449709061533,0.00427852105349302
"t07a",0.255299450131133,0.0917245682794601
"t07a",0.79713268019259,0.312021204968914
"t07a",0.454268146073446,0.075087133795023
"t07a",0.623354627052322,0.901204179506749
"t07a",0.567680916981772,0.562650579493493
"t07a",0.314894701587036,0.851239126175642
"t07a",0.494200659915805,0.531863424926996
"t07a",0.772996754385531,0.095644811168313
"t07a",0.813267081743106,0.587756086606532
"t07a",0.725562784122303,0.51070475555025
"t07a",0.604169624857605,0.238589516840875
"t07a",0.660361472982913,0.157983765704557
"t07a",0.656432261690497,0.660217653028667
"t07a",0.165120135992765,0.637218109332025
"t07a",0.761662642005831,0.801713292254135
"t07a",0.810957843670622,0.389198414050043
"t07a",0.553489029174671,0.44122717436403
"t07a",0.580935787409544,0.179147618124261
"t07a",0.101896887412295,0.825176559854299
"t07b",0.805919640324378,0.15668462502696
"t07b",0.842380715409965,0.172787878128161
"t07b",0.805902536020431,0.167168487328805
"t07b",0.83222594348069,0.187496264070782
"t07b",0.854368110659685,0.167514748938616
"t07b",0.832109649713741,0.195936708844015
"t07b",0.820419304491739,0.183516597189197
"t07b",0.305112982849234,0.985397537762316
"t07b",0.314770972531889,0.978466801991153
"t07b",0.201419952584383,0.580225563687643
"t07b",0.218309900833261,0.574582832216366
"t07b",0.221246950001384,0.584341487072179
"t07b",0.202320233631608,0.576122941103597
"t07b",0.21474679417996,0.558812552691443
"t07b",0.222346001818334,0.579254555352358
"t07b",0.513167367346279,0.530818354902752
"t07b",0.535734425177459,0.553956724054987
"t07b",0.505223715742009,0.535602568647482
"t07b",0.526666860018063,0.567940765153556
"t07b",0.505804945030311,0.538422019595045
"t07b",0.502208031823934,0.53448467930507
"t07b",0.513505874743134,0.558722033900503
"t07b",0.473639566687755,0.913495241159988
"t07b",0.451434475093385,0.942961014386735
"t07b",0.460756789336457,0.921371508377798
"t07b",0.444822103753439,0.950789536081372
"t07b",0.830995010122291,0.604078082366229
"t07b",0.860688357269564,0.609774836615331
"t07b",0.814417134547651,0.59814848583722
"t07b",0.79557719106481,0.622715066721311
"t07b",0.795174588111573,0.575272954201572
"t07b",0.436985725591575,0.0504838241838088
"t07b",0.420985491943118,0.0877202187754056
"t07b",0.398142678240893,0.0424735182339452
"t07b",0.433522117576767,0.079135491211733
"t07b",0.58101092051363,0.57116546486081
"t07b",0.540667520193159,0.578876771000525
"t07b",0.530359285458583,0.581381766194127
"t07b",0.560724873308426,0.599531407616337
"t07b",0.556144336855016,0.599107281042992
"t07b",0.556738851882182,0.598371964483671
"t07b",0.583533415578845,0.561230820862408
"t07b",0.67332655222389,0.125153037692123
"t07b",0.686580079807581,0.109245771080457
"t07b",0.662940850360911,0.160039440362
"t07b",0.709068033419782,0.114653170750514
"t07b",0.708422326253594,0.095130805321441
"t07b",0.669616310761599,0.111959378368957
"t07b",0.664471458882525,0.144711319948644
"t07b",0.674160709065657,0.133258077450029
"t07b",0.679472876265988,0.124215935860813
"t07b",0.262473467421212,0.154878202551681
"t07b",0.275960595474837,0.176305919421664
"t07b",0.251875035688297,0.181051290665311
"t07b",0.24539038029374,0.180620568469701
"t07b",0.224855408034192,0.202028183414824
"t07b",0.244791079200458,0.184442431364034
"t07b",0.1976734774014,0.229140363937977
"t07b",0.204367151872973,0.239279352914833
"t07b",0.192281153939444,0.226687010292945
"t07b",0.195419294806459,0.21383500743747
"t07b",0.233392538998678,0.267344140531805
"t07b",0.202397077449526,0.247627210120253
"t07b",0.943707533218695,0.650835096702405
"t07b",0.945815873285577,0.667593444218485
"t07b",0.963524918167113,0.666689262282769
"t07b",0.942435638926262,0.650704097039051
"t07b",0.933984232783402,0.647760537194485
"t07b",0.533211162129484,0.537797242536424
"t07b",0.557485139437155,0.612724451073108
"t07b",0.523244457106437,0.575193428361897
"t07b",0.554368181629212,0.587316300060121
"t07b",0.545373629358175,0.576649668703636
"t07b",0.577750463431916,0.600255942641684
"t07b",0.548656471786497,0.565346513429658
"t07b",0.969606079833524,0.0446065169057593
"t07b",0.963341790709082,0.0314023687474739
"t07b",0.961549617079073,0.0698859124097255
"t07b",0.983228625131575,0.0346119724790812
"t07b",0.99728464623387,0.0261443059456146
"t07b",0.952253381399234,0.00319305747602222
"t07b",0.961211903571916,0.0387954465216561
"t07b",0.918203897184628,0.020609074664359
"t07b",0.927908031221654,0.0398643520295381
"t07b",0.925634286491332,0.03285538020264
"t07b",0.934457567762096,0.0772233616483592
"t07b",0.598931688707489,0.605060496238493
"t07b",0.583880375263775,0.591056547711773
"t07b",0.604242677803597,0.568851632389712
"t07b",0.578569830450472,0.555512676131109
"t07b",0.210699814287402,0.989102211329377
"t07b",0.208296742942936,0.960575824609899
"t07b",0.215199863388821,0.952743335737936
"t07b",0.254631119671448,0.963031489790724
"t07b",0.593037571509733,0.242255473578092
"t07b",0.606449110281135,0.26266445189556
"t07b",0.609580951217652,0.252487592410338
"t07b",0.591875015268791,0.281326978395882
"t07b",0.6073752171934,0.253558704225147
"t07b",0.68251886260465,0.356182566447735
"t07b",0.692528185421725,0.360755312002465
"t07b",0.7058945752087,0.369759285710483
"t07b",0.698120280674507,0.342493519708516
"t07b",0.66677822096405,0.323509130907637
"t07b",0.695452224635514,0.32880638288503
"t07b",0.709882513278001,0.350447014620104
"t07b",0.604772404323736,0.903413749641866
"t07b",0.587491571062528,0.862839653685719
"t07b",0.590388430503139,0.866819021979696
"t07b",0.607195142084522,0.887722924453959
"t07b",0.579979141394536,0.877449646325544
"t07b",0.958211615606473,0.851722921372436
"t07b",0.936129877406872,0.892167337263376
"t07b",0.99611214058037,0.269938491871896
"t07b",0.954558384989782,0.268177359610581
"t07b",0.967741762316215,0.246311340468635
"t07b",0.979304907761304,0.285440854511947
"t07b",0.678446302469503,0.924175103395932
"t07b",0.669450422524904,0.952760090829003
"t07b",0.703180784500204,0.941276380886632
"t07b",0.691358098368369,0.976470335123751
"t07b",0.0617058330361019,0.256313112295482
"t07b",0.0642402381526976,0.253977994613017
"t07b",0.0137028715551033,0.249468624653761
"t07b",0.0567803605119476,0.253689924042395
"t07b",0.0467486657022743,0.249988342704307
"t07b",0.0417268020579818,0.262336573115597
"t07b",0.0662729796214174,0.27691685574756
"t07b",0.0498709096394714,0.234161482343445
"t07c",0.36736084590666,0.900946557754651
"t07c",0.909932693233714,0.20569793600589
"t07c",0.785993770230561,0.493710024049506
"t07c",0.227667171275243,0.162114575738087
"t07c",0.454597930191085,0.689570669084787
"t07c",0.594701909692958,0.592088605975732
"t07c",0.751181285828352,0.149299211800098
"t07c",0.899967732373625,0.855157230049372
"t07c",0.832840397255495,0.141058954410255
"t07c",0.721908476669341,0.950299789430574
"t07c",0.827203991590068,0.0718472939915955
"t07c",0.312840932514518,0.515184378717095
"t07c",0.292245890945196,0.396462821867317
"t07c",0.0752945707645267,0.227846078341827
"t07c",0.73449569195509,0.581693372223526
"t07c",0.630109925754368,0.869234150042757
"t07c",0.186695549404249,0.481006822083145
"t07c",0.493869079276919,0.820326722227037
"t07c",0.0164123710710555,0.258022672496736
"t07c",0.849660459207371,0.847466778941453
"t07c",0.71617171424441,0.280638673109934
"t07c",0.602333120070398,0.100533590884879
"t07c",0.96443990059197,0.761554299388081
"t07c",0.742440968751907,0.595818395027891
"t07c",0.83746768371202,0.408619000343606
"t07c",0.365885359467939,0.0466058882884681
"t07c",0.707230665488169,0.292887344956398
"t07c",0.347745965002105,0.49736371007748
"t07c",0.129844814771786,0.988161564106122
"t07c",0.670868651242927,0.342295714886859
"t07c",0.670551316812634,0.147139762993902
"t07c",0.733797483146191,0.779124570544809
"t07c",0.905502405948937,0.154254573863
"t07c",0.151811306597665,0.873630855698138
"t07c",0.313659816049039,0.225799361476675
"t07c",0.7508874242194,0.154414421180263
"t07c",0.682581095723435,0.172202840680256
"t07c",0.175072229001671,0.49032807094045
"t07c",0.479348452528939,0.200413221260533
"t07c",0.937612737994641,0.261154738254845
"t07c",0.387512880144641,0.0990391070954502
"t07c",0.379906038288027,0.017435425426811
"t07c",0.770308811916038,0.659254603320733
"t07c",0.245579946320504,0.400194471236318
"t07c",0.407783416798338,0.245577458757907
"t07c",0.158692196244374,0.962282597087324
"t07c",0.324673657072708,0.340833740774542
"t07c",0.128759707557037,0.603500175755471
"t07c",0.445752597413957,0.977242367574945
"t07c",0.552107721101493,0.561462531564757
"t07c",0.856158073060215,0.272951803170145
"t07c",0.105942568508908,0.506424421444535
"t07c",0.99239998194389,0.795675732893869
"t07c",0.527150654466823,0.797867359826341
"t07c",0.767305170185864,0.865618504118174
"t07c",0.513072276953608,0.606414698064327
"t07c",0.368323866510764,0.449867389630526
"t07c",0.254543599672616,0.533070628298447
"t07c",0.319646567804739,0.310565184336156
"t07c",0.617063723970205,0.797571672126651
"t07c",0.962203069590032,0.73227538401261
"t07c",0.879495050059631,0.254643492866307
"t07c",0.929518911289051,0.106061438797042
"t07c",0.325380907859653,0.906337840249762
"t07c",0.657272031065077,0.391243377933279
"t07c",0.484719847328961,0.549291586037725
"t07c",0.874081336893141,0.464415919501334
"t07c",0.906567408703268,0.717232872731984
"t07c",0.495351698016748,0.268599858041853
"t07c",0.263567602727562,0.182685147738084
"t07c",0.507279489189386,0.126340788323432
"t07c",0.184163426747546,0.130997931351885
"t07c",0.0873413167428225,0.179416888160631
"t07c",0.454943124204874,0.33415626664646
"t07c",0.501371315447614,0.707460233010352
"t07c",0.742961266078055,0.493533805944026
"t07c",0.782400104915723,0.784424148499966
"t07c",0.0483150912914425,0.76353827631101
"t07c",0.842383351176977,0.649907973594964
"t07c",0.0749250503722578,0.611760712228715
"t07c",0.00779312755912542,0.0796466411557049
"t07c",0.00876626675017178,0.958850278984755
"t07c",0.240314776310697,0.995069632539526
"t07c",0.389502733247355,0.368791174376383
"t07c",0.168473167810589,0.652653156081215
"t07c",0.491157338023186,0.325029911939055
"t07c",0.854173826053739,0.921124442247674
"t07c",0.902239538030699,0.350130680250004
"t07c",0.338356322143227,0.429725701222196
"t07c",0.516449063783512,0.816279223654419
"t07c",0.59180696029216,0.163953364361078
"t07c",0.790017179911956,0.891098746331409
"t07c",0.363997794687748,0.706231101881713
"t07c",0.484615976223722,0.241405963897705
"t07c",0.681304757017642,0.920766467228532
"t07c",0.543121248250827,0.565666131209582
"t07c",0.451226674485952,0.599892278201878
"t07c",0.991493832552806,0.535099735483527
"t07c",0.757513725897297,0.599055566126481
"t07c",0.573107060277835,0.110652833245695
"t07c",0.430794495390728,0.309433679562062
"t07c",0.57105318387039,0.0595110822468996
"t07c",0.417678411118686,0.443819154053926
"t07c",0.855120576452464,0.229232227196917
"t07c",0.577344287885353,0.596974021522328
"t07c",0.777738036355004,0.907105948543176
"t07c",0.113273381488398,0.441534353187308
"t07c",0.61472549685277,0.229944416088983
"t07c",0.782795367296785,0.405430289218202
"t07c",0.989756036316976,0.0652077789418399
"t07c",0.125204922398552,0.436707607004791
"t07c",0.769285438582301,0.162756965262815
"t07c",0.685689791338518,0.679035561159253
"t07c",0.0880457977764308,0.926884497981519
"t07c",0.777173656970263,0.271729740779847
"t07c",0.627492477186024,0.128741105319932
"t07c",0.251510128146037,0.270940813468769
"t07c",0.840511299902573,0.135898855514824
"t07c",0.271225399337709,0.0464434055611491
"t07c",0.0783121373970062,0.308909686980769
"t07c",0.887151140486822,0.931958345929161
"t07c",0.309203121811152,0.990757968043908
"t07c",0.484321436379105,0.336584031349048
"t07c",0.576939617516473,0.965593884466216
"t07c",0.935075680492446,0.487630910472944
"t07c",0.448134992271662,0.107126535847783
"t07c",0.672678129514679,0.256021423032507
"t07c",0.977126964833587,0.963596191490069
"t07c",0.272837793920189,0.561046495568007
"t07c",0.954176179366186,0.95941723510623
"t07c",0.633546604774892,0.498014342738315
"t07c",0.55670194234699,0.475307448767126
"t07c",0.738316321978346,0.624162131454796
"t07c",0.730354360770434,0.488112514838576
"t07c",0.103927520336583,0.665729525731876
"t07c",0.442293131258339,0.514037864515558
"t07c",0.606712264940143,0.747015931410715
"t07c",0.0732961071189493,0.701966861030087
"t07c",0.712895253207535,0.374313097679988
"t07c",0.580510441213846,0.0158430638257414
"t07c",0.0982466083951294,0.863692137179896
"t07c",0.0906564949546009,0.887209691572934
"t07c",0.662618891801685,0.724141924874857
"t07c",0.320456668268889,0.260874085826799
"t07c",0.936845705378801,0.814968777354807
"t07c",0.46353314910084,0.647006766172126
"t07c",0.614221510244533,0.783964443020523
"t07c",0.578733165748417,0.579435856314376
"t07c",0.614546512952074,0.666246324311942
"t07c",0.666417289059609,0.0344124773982912
"t07c",0.0725266777444631,0.897143641253933
"t07c",0.814874118193984,0.94248916930519
"t08a",0.690143866930157,0.894870452117175
"t08a",0.304990504402667,0.731291501084343
"t08a",0.948719491949305,0.554694279795513
"t08a",0.83605558029376,0.99621086823754
"t08a",0.595942808780819,0.709541511721909
"t08a",0.681954351719469,0.652703721309081
"t08a",0.162091694539413,0.31593802664429
"t08a",0.795028797816485,0.0708253257907927
"t08a",0.378051919629797,0.300807623658329
"t08a",0.924842655425891,0.151616547722369
"t08a",0.0516359601169825,0.52181548718363
"t08a",0.585611573187634,0.0886417562142015
"t08a",0.65428200783208,0.270877679577097
"t08a",0.656263617333025,0.390701574739069
"t08a",0.14700750564225,0.49966794392094
"t08a",0.0707650945987552,0.365167943760753
"t08a",0.907520236680284,0.267560954205692
"t08a",0.190715121105313,0.79917398141697
"t08a",0.79760714713484,0.702598624397069
"t08a",0.117102842079476,0.587061726488173
"t08a",0.693957384908572,0.0665447406936437
"t08a",0.132000148762017,0.915107923559844
"t08a",0.636086147977039,0.777415343793109
"t08a",0.462566428352147,0.350250263465568
"t08a",0.687825185013935,0.827551993308589
"t08a",0.24880160507746,0.935850640758872
"t08a",0.677656770916656,0.728993516648188
"t08a",0.390858931234106,0.75958300405182
"t08a",0.428270489443094,0.84039531997405
"t08a",0.8672486981377,0.367083086632192
"t08a",0.271945914020762,0.375150134786963
"t08a",0.200944316573441,0.0804483201354742
"t08a",0.116861364105716,0.414794350042939
"t08a",0.770026418147609,0.871270118979737
"t08a",0.947083566570655,0.647276887670159
"t08a",0.222043153364211,0.731512575410306
"t08a",0.874236029107124,0.503408110467717
"t08a",0.326101752696559,0.189102662261575
"t08a",0.0799139270093292,0.138141883770004
"t08a",0.331837613601238,0.255685715237632
"t08a",0.666504308115691,0.512177248951048
"t08a",0.453095991862938,0.0137077048420906
"t08a",0.298298052977771,0.794914898462594
"t08a",0.515240731649101,0.242185058770701
"t08a",0.516061330214143,0.142674789996818
"t08a",0.532735160086304,0.66791176260449
"t08a",0.219950647093356,0.008860451169312
"t08a",0.0941486747469753,0.210737001849338
"t08a",0.974703339627013,0.365058146882802
"t08a",0.23626704281196,0.489500438561663
"t08a",0.78464059624821,0.183350983541459
"t08a",0.46148048969917,0.643901471048594
"t08a",0.985827125841752,0.0107995592989028
"t08a",0.336750346934423,0.113063262309879
"t08a",0.0596836747135967,0.298296466236934
"t08a",0.0109511474147439,0.716621531406417
"t08a",0.546685251407325,0.363177488325164
"t08a",0.423565924633294,0.133546041324735
"t08a",0.607355752959847,0.539887254592031
"t08a",0.183356120251119,0.965818135766312
"t08a",0.283378063933924,0.537704810034484
"t08a",0.785787410801277,0.777844706783071
"t08a",0.63850045693107,0.0294759226962924
"t08a",0.799758443143219,0.464399653254077
"t08a",0.500234935199842,0.736866801977158
"t08a",0.504223762312904,0.445563299115747
"t08a",0.970306185306981,0.957317922264338
"t08a",0.683063762495294,0.980599463451654
"t08a",0.793460862478241,0.594150306424126
"t08a",0.194956067483872,0.405282399151474
"t08a",0.542389942798764,0.0396125309634954
"t08a",0.0599758136086166,0.0562540341634303
"t08a",0.491392840165645,0.817252359818667
"t08a",0.719438748434186,0.326788743725047
"t08a",0.542741778539494,0.557534442050382
"t08a",0.579185497947037,0.226557826856151
"t08a",0.0113002818543464,0.204684687545523
"t08a",0.423459325218573,0.445151342544705
"t08a",0.866877399384975,0.801659568445757
"t08a",0.0542025798931718,0.946655728155747
"t08a",0.693126450525597,0.588554524583742
"t08a",0.255561364348978,0.866411296883598
"t08a",0.880690631223843,0.940506045939401
"t08a",0.874770519556478,0.667196738068014
"t08a",0.641344610834494,0.174882408697158
"t08a",0.749772812705487,0.243400074308738
"t08a",0.565242199692875,0.85682502342388
"t08a",0.264285914367065,0.108351121423766
"t08a",0.000330396462231874,0.351455341326073
"t08a",0.482974310638383,0.980258289957419
"t08a",0.0865876192692667,0.671449206769466
"t08b",0.922098643404633,0.88080119561345
"t08b",0.937990118539676,0.833429426775245
"t08b",0.95892390701835,0.85427579932433
"t08b",0.913452348129023,0.821596963089316
"t08b",0.965763026508877,0.796026181790466
"t08b",0.939343194160086,0.850556676541946
"t08b",0.972031409221415,0.411685149386173
"t08b",0.858715605580401,0.468203622338607
"t08b",0.933187190851577,0.42315949946761
"t08b",0.970838913518868,0.435581728214873
"t08b",0.870981294223321,0.424397414023969
"t08b",0.880347622858273,0.390314815930117
"t08b",0.882506336297261,0.390062360013261
"t08b",0.916360341136935,0.358410477805204
"t08b",0.937270499017384,0.344530934176492
"t08b",0.944911888502191,0.925019378862324
"t08b",0.96099962018112,0.913348602885538
"t08b",0.977745711012886,0.937065940569187
"t08b",0.991721787441975,0.91999926707761
"t08b",0.975738890955006,0.864560907313688
"t08b",0.339188587679793,0.0725918826736165
"t08b",0.340844176254933,0.081937352601752
"t08b",0.38147319492331,0.00323556762096366
"t08b",0.353438762748297,0.0835866900608483
"t08b",0.27786810249818,0.146293802093071
"t08b",0.222002619446334,0.125771757375996
"t08b",0.206648008079976,0.217346782972193
"t08b",0.227715280460515,0.185330880919739
"t08b",0.194140555727093,0.184947280289673
"t08b",0.569224728415618,0.0906933448586357
"t08b",0.62429668150533,0.0800195607989881
"t08b",0.547719662013725,0.0196360179312193
"t08b",0.603973908910321,0.0427863890210083
"t08b",0.604896980838506,0.081095537455652
"t08b",0.593831741756235,0.0953065487490462
"t08b",0.530949332896554,0.121478713383965
"t08b",0.47460884587629,0.0886298875991958
"t08b",0.432062092944648,0.0546591719752196
"t08b",0.426829119719867,0.0794565295760105
"t08b",0.451757074568669,0.0225142989086042
"t08b",0.396923003277606,0.0778383389002985
"t08b",0.466618843834075,0.0259041186150142
"t08b",0.462207943641814,0.158784353948476
"t08b",0.471397709357691,0.0560053798169312
"t08b",0.470636682879041,0.0453042859637191
"t08b",0.486889895450683,0.101932500456501
"t08b",0.438312969710189,0.0995596041132784
"t08b",0.472774672393223,0.0244971817789404
"t08b",0.975971319287875,0.967264993986807
"t08b",0.345509152181809,0.846320499111936
"t08b",0.344738449983352,0.796957172108367
"t08b",0.367621292796037,0.867410464010431
"t08b",0.364263548720169,0.810696122627053
"t08b",0.620636339271862,0.489771565108071
"t08b",0.621429524773814,0.523200536842453
"t08b",0.676926844643249,0.568150895257226
"t08b",0.643270957563874,0.58543973070567
"t08b",0.666412402144169,0.497316823530267
"t08b",0.277173743724871,0.813357981770963
"t08b",0.30989152350897,0.746291361272851
"t08b",0.353028725512617,0.733208472415262
"t08b",0.245572058251999,0.747548970050908
"t08b",0.281802924070588,0.760216975260712
"t08b",0.272517164672133,0.744244832038057
"t08b",0.269733802891934,0.8158476704122
"t08b",0.321033254852675,0.736824733501195
"t08b",0.309366612461606,0.713433831092142
"t08b",0.97133747890308,0.670261413119125
"t08b",0.996019519458924,0.680765295575364
"t08b",0.9961944767646,0.726065928295847
"t08b",0.545713437523103,0.798900709472538
"t08b",0.572935392404908,0.798754280636307
"t08b",0.583890896345627,0.798059311052876
"t08b",0.556741538264989,0.823420207340645
"t08b",0.585197868985312,0.722156601827986
"t08b",0.600443581390032,0.77779770885041
"t08b",0.00382115971518043,0.400108300094514
"t08b",0.111305493009625,0.390329634865603
"t08b",0.0530605910973412,0.396155179136009
"t08b",0.0220920792310585,0.406727616366423
"t08b",0.100141118035061,0.375034630706082
"t08b",0.0139908208363193,0.366879630997495
"t08b",0.0733238210962187,0.407501747786912
"t08b",0.0492464200531789,0.356797994105907
"t08b",0.642446066586056,0.0107436167640416
"t08b",0.671552629662838,0.0176410306437225
"t08b",0.958711051555404,0.207976165340869
"t08b",0.953337952176686,0.266255551508784
"t08b",0.927979060588848,0.192761769575008
"t08b",0.907399429645148,0.291108867084247
"t08b",0.918365394764641,0.210809359679822
"t08b",0.539052744062332,0.107453073648057
"t08b",0.575199242502271,0.100467320645638
"t08b",0.608467591164838,0.128512594318356
"t08b",0.594132808300071,0.092581221296608
"t08b",0.516206585287512,0.113062074956737
"t08b",0.523676935119371,0.0701406673301639
"t08b",0.530336445317726,0.089389558207332
"t08b",0.544056615931742,0.0965784392215484
"t08b",0.577539611663069,0.0895697623082051
"t08b",0.702744953588584,0.423913171022752
"t08b",0.774348423512109,0.410560722228571
"t08b",0.736240582771254,0.429021937328203
"t08b",0.777358396718243,0.361486618428921
"t08b",0.719501986507356,0.39502719053828
"t08b",0.771320307302761,0.388891595470435
"t08b",0.772135575868123,0.448788539681876
"t08b",0.76366823458529,0.419872121554921
"t08b",0.73514536637764,0.408920819164879
"t08b",0.748145945722425,0.422639236849519
"t08b",0.923927835177255,0.682754767982916
"t08b",0.816628089949815,0.759751227205691
"t08b",0.919959762004185,0.706953245399505
"t08b",0.193851659213766,0.190305848409425
"t08b",0.146999704291768,0.174874301515143
"t08b",0.230716331266265,0.125603853911864
"t08b",0.197805257275024,0.176925358874761
"t08b",0.244200237943044,0.204725898053777
"t08b",0.210783113110751,0.145401275678257
"t08b",0.244906773171034,0.160823041741085
"t08b",0.314702337694484,0.37116911049473
"t08b",0.317234903927026,0.301187509071612
"t08b",0.289090052953294,0.34907091109801
"t08b",0.316485943230569,0.289884029298174
"t08c",0.0578183277975768,0.650136806769297
"t08c",0.57647964428179,0.981353549053892
"t08c",0.89552090712823,0.573263077298179
"t08c",0.650605721632019,0.541184174828231
"t08c",0.143887332873419,0.828562490642071
"t08c",0.445177705027163,0.360992588335648
"t08c",0.578687576577067,0.351296270266175
"t08c",0.753756444202736,0.488918687216938
"t08c",0.959364337613806,0.205593415070325
"t08c",0.346821560291573,0.584186560707167
"t08c",0.522402368951589,0.103851923253387
"t08c",0.166357709793374,0.902149916859344
"t08c",0.498732968932018,0.145587727893144
"t08c",0.428201981820166,0.668750993907452
"t08c",0.823542850092053,0.230632663704455
"t08c",0.521689691348001,0.187465683324262
"t08c",0.198413219535723,0.0292607399169356
"t08c",0.166680498979986,0.863265668274835
"t08c",0.233040834544227,0.86512681748718
"t08c",0.169778317445889,0.951093619689345
"t08c",0.83756587957032,0.525040159700438
"t08c",0.822152413893491,0.681034291163087
"t08c",0.250401281751692,0.167131437687203
"t08c",0.437150236451998,0.497754588956013
"t08c",0.903857284924015,0.125260955654085
"t08c",0.992344476748258,0.688784710830078
"t08c",0.926427064929157,0.364676895085722
"t08c",0.213649973971769,0.645979336462915
"t08c",0.027604783186689,0.579327900661156
"t08c",0.849020340945572,0.316537075676024
"t08c",0.427700335392728,0.714114455040544
"t08c",0.891041023656726,0.30089981527999
"t08c",0.763278437778354,0.731447331374511
"t08c",0.691263354383409,0.868997419252992
"t08c",0.998471808852628,0.779165981570259
"t08c",0.899562080856413,0.0386819113045931
"t08c",0.687849007314071,0.86182778282091
"t08c",0.596367184771225,0.822259078035131
"t08c",0.0842700321227312,0.79033296671696
"t08c",0.721798218088225,0.192863423144445
"t08c",0.497823035111651,0.175025562988594
"t08c",0.357146347174421,0.999032950727269
"t08c",0.0169524804223329,0.382919895928353
"t08c",0.119126143166795,0.339281337801367
"t08c",0.692687696078792,0.515221105655655
"t08c",0.719978310866281,0.147484535584226
"t08c",0.646740046329796,0.0552355239633471
"t08c",0.996920302975923,0.749585852958262
"t08c",0.544732948997989,0.282867094269022
"t08c",0.643456514459103,0.00404588715173304
"t08c",0.821290196850896,0.585817023413256
"t08c",0.108623418724164,0.533061932772398
"t08c",0.789331981679425,0.80827095056884
"t08c",0.977246195776388,0.362954597454518
"t08c",0.770975708030164,0.156559949740767
"t08c",0.823306510224938,0.472241703420877
"t08c",0.648315529339015,0.954487439244986
"t08c",0.43962079891935,0.873338680714369
"t08c",0.585882148705423,0.0577531273011118
"t08c",0.970752661349252,0.987238904228434
"t08c",0.489749278407544,0.711474187672138
"t08c",0.664283042307943,0.390494719613343
"t08c",0.204048431012779,0.476251670625061
"t08c",0.140022366773337,0.141503929859027
"t08c",0.406450187088922,0.49756237026304
"t08c",0.268859656760469,0.166826682630926
"t08c",0.4381322292611,0.269681501900777
"t08c",0.994956189999357,0.610920771490782
"t08c",0.159005705267191,0.233693181769922
"t08c",0.936914340825751,0.992444259580225
"t08c",0.576030227355659,0.740966307697818
"t08c",0.523975178599358,0.528684900142252
"t08c",0.581254697870463,0.703355173114687
"t08c",0.743427676381543,0.746043969178572
"t08c",0.98073070961982,0.123042661696672
"t08c",0.395272511988878,0.577651384985074
"t08c",0.143208163557574,0.567078022053465
"t08c",0.172337694093585,0.428719236515462
"t08c",0.781494892202318,0.447360813152045
"t08c",0.0523338001221418,0.716264112154022
"t08c",0.422655472997576,0.996367817511782
"t08c",0.28522203466855,0.396365916822106
"t08c",0.00976456352509558,0.579462646041065
"t08c",0.406966093927622,0.593939012847841
"t08c",0.879564254777506,0.359061443246901
"t08c",0.593990844208747,0.793363421689719
"t08c",0.307656267425045,0.18444196251221
"t08c",0.979288351722062,0.632431895006448
"t08c",0.892581805586815,0.556602356024086
"t08c",0.576922784093767,0.672785154310986
"t08c",0.88822764554061,0.618730201618746
"t08c",0.298768802080303,0.172293087467551
"t08c",0.380087532568723,0.225433186395094
"t08c",0.449323765933514,0.387273954460397
"t08c",0.403490978758782,0.251578672323376
"t08c",0.925535750342533,0.750244406750426
"t08c",0.0925114315468818,0.521906728623435
"t08c",0.785263807978481,0.619885900290683
"t08c",0.885551804909483,0.438382438383996
"t08c",0.958523915614933,0.807677262928337
"t08c",0.756801752839237,0.464619304751977
"t08c",0.67158648557961,0.805935511831194
"t08c",0.311075464356691,0.288561754394323
"t08c",0.295476768631488,0.643385547911748
"t08c",0.0963482067454606,0.101659557782114
"t08c",0.0705845081247389,0.273407163331285
"t08c",0.954350549960509,0.891329227946699
"t08c",0.710874325828627,0.932292192708701
"t08c",0.886504471767694,0.98274625861086
"t08c",0.830253087216988,0.866515859728679
"t08c",0.431775443954393,0.0985473936889321
"t08c",0.69274667208083,0.048643323360011
"t08c",0.901907743187621,0.525937390280887
"t08c",0.032139694551006,0.0298293149098754
"t08c",0.278430424630642,0.212604960892349
"t08c",0.291416238062084,0.648498079739511
"t08c",0.529167494969442,0.158932061865926
"t08c",0.632043529534712,0.517388046951964
"t08c",0.0478532728739083,0.552687724586576
"t08c",0.708890636451542,0.9608060172759
"t08c",0.614722941070795,0.903209642274305
"t08c",0.601042469963431,0.621220697648823
"t08c",0.82005805009976,0.0769856201950461
"t08c",0.820542180910707,0.200520863523707
"t08c",0.999321882380173,0.327776304678991
"t08c",0.94184801960364,0.765761618269607
"t08c",0.609887858619913,0.365026377839968
"t08c",0.24458225723356,0.481411603745073
"t08c",0.897453967481852,0.507466909009963
"t08c",0.203883387614042,0.358827361604199
"t08c",0.0913953543640673,0.0218199037481099
"t08c",0.916461736196652,0.332140086218715
"t08c",0.932058806763962,0.584080738713965
"t08c",0.563538959017023,0.549934172537178
"t08c",0.311821851180866,0.394212506711483
"t08c",0.461668812204152,0.0935800701845437
"t08c",0.00312944268807769,0.155299571575597
"t08c",0.585346412379295,0.922562972642481
"t08c",0.755473790923133,0.709833616390824
"t08c",0.86981961876154,0.419133068993688
"t08c",0.0737297593150288,0.784360915888101
"t08c",0.463844768935814,0.927220544312149
"t08c",0.553875087760389,0.0282781959977001
"t08c",0.0189164527691901,0.892377775395289
"t08c",0.570368830114603,0.194353327387944
"t08c",0.971248338697478,0.124559777788818
"t08c",0.811383747495711,0.395753120770678
"t08c",0.908608915051445,0.41196503653191
"t08c",0.839969274122268,0.883799670264125
"t08c",0.6152408644557,0.224825628800318
"t08c",0.128962807357311,0.973142723552883
"t08c",0.544301688205451,0.500621331622824
"t08c",0.239876099396497,0.61636106017977
"t08c",0.0941834419500083,0.930885539855808
"t08c",0.914542828220874,0.370575387962162
"t08c",0.845353595213965,0.660495673539117
"t08c",0.774486334528774,0.280615750933066
"t08c",0.278919936157763,0.203394966665655
"t08c",0.0290901670232415,0.018963013542816
"t08c",0.192972496151924,0.833352847024798
"t08c",0.442515004891902,0.605821788776666
"t08c",0.864383510779589,0.524526422610506
"t08c",0.286155960755423,0.938492401503026
"t08c",0.49298732355237,0.16812036675401
"t08c",0.341013495111838,0.973677253816277
"t08c",0.0161382672376931,0.613449232652783
"t08c",0.172793859615922,0.210927855689079
"t08c",0.348463996546343,0.0532069697510451
"t08c",0.620753780705854,0.273392473114654
"t08c",0.784843312110752,0.0138987281825393
"t08c",0.845039596315473,0.511357442010194
"t08c",0.658371421974152,0.409148213919252
"t08c",0.00269390107132494,0.714810387697071
"t08c",0.725280477665365,0.441432846011594
"t08c",0.981895787874237,0.100749055156484
"t08c",0.476848882855847,0.0345636745914817
"t08c",0.34928495856002,0.352886644890532
"t08c",0.165837303735316,0.857418247032911
"t08c",0.851156612625346,0.690569134894758
"t08c",0.407212452962995,0.688478078693151
"t08c",0.839914484880865,0.886706585530192
"t08c",0.842910269275308,0.754419244360179
"t08c",0.934684332692996,0.328530872939155
"t08c",0.302046467550099,0.563876735512167
"t08c",0.965711502591148,0.0945212333463132
"t08c",0.609846999868751,0.640144268749282
"t08c",0.753465595422313,0.86032094550319
"t08c",0.65188977192156,0.877474676119164
"t08c",0.88370124460198,0.929733094060794
"t08c",0.256344026187435,0.571842651348561
"t08c",0.41133195348084,0.160985489143059
"t08c",0.0227649945300072,0.160307268146425
"t08c",0.874173836084083,0.995198755757883
"t08c",0.449944246094674,0.503465123707429
"t08c",0.0077586923725903,0.428318678867072
"t08c",0.550315203377977,0.817271525971591
"t08c",0.428799114655703,0.0693365277256817
"t08c",0.43024126579985,0.709080426488072
"t08c",0.692722276551649,0.43751851003617
"t08c",0.670822966843843,0.750194585416466
"t08c",0.651353440945968,0.236192177748308
"t08c",0.945249281125143,0.514784799190238
"t08c",0.1929796715267,0.697998706717044
"t08c",0.347369211027399,0.149753395933658
"t08c",0.181919570779428,0.762041212292388
"t08c",0.496243664296344,0.582382438704371
"t08c",0.344326297054067,0.972423653118312
"t08c",0.117429906269535,0.306168254464865
"t08c",0.138484078692272,0.634647842263803
"t08c",0.146242528688163,0.305726286256686
"t08c",0.896950930356979,0.993371803779155
"t08c",0.213527075946331,0.419125154614449
"t08c",0.975679798284546,0.526596853276715
"t08c",0.719856330892071,0.262248049955815
"t08c",0.300618259469047,0.553939400007948
"t08c",0.427539714379236,0.374559459742159
"t08c",0.909212386468425,0.823292703134939
"t08c",0.46805933304131,0.00526564777828753
"t08c",0.0526378133799881,0.693809182150289
"t08c",0.87853222945705,0.149525971384719
"t08c",0.550511318724602,0.356851572636515
"t08c",0.923611725447699,0.938516837544739
"t08c",0.894519843859598,0.25161551614292
"t08c",0.148359020706266,0.264751942595467
"t08c",0.725598981836811,0.0674956529401243
"t08c",0.849323525326326,0.817777495831251
"t08c",0.993436999619007,0.224199149291962
"t08c",0.50502809882164,0.157631186535582
"t08c",0.640669245738536,0.690069999545813
"t08c",0.292920071398839,0.46518445154652
"t08c",0.573422090150416,0.0858086384832859
"t08c",0.5007555836346,0.0188861831557006
"t08c",0.610303633147851,0.778127027442679
"t08c",0.687362693250179,0.0644474199507385
"t08c",0.0345637202262878,0.898258626461029
"t08c",0.624918059445918,0.752990128006786
"t08c",0.57070514257066,0.166872903937474
"t08c",0.691931520355865,0.778734187595546
"t08c",0.874534186208621,0.192024774150923
"t08c",0.994094989495352,0.434265155810863
"t08c",0.939347113948315,0.96487460564822
"t08c",0.817885534605011,0.112412006594241
"t08c",0.420834786491469,0.774401404429227
"t08c",0.374184268759564,0.152961073443294
"t08c",0.451375287258998,0.296142970444635
"t09a",0.730858548078686,0.61217536800541
"t09a",0.246919146738946,0.143180270446464
"t09a",0.525310772936791,0.736445147311315
"t09a",0.482415686594322,0.454051186097786
"t09a",0.05013438151218,0.355252656154335
"t09a",0.114510552491993,0.400907423347235
"t09a",0.417403429979458,0.994689194252715
"t09a",0.72890731273219,0.24261388531886
"t09a",0.942478955024853,0.53530220198445
"t09a",0.63871249766089,0.158117513405159
"t09a",0.667970405658707,0.110302260145545
"t09a",0.978950966382399,0.467357756569982
"t09a",0.775528657715768,0.461824668804184
"t09a",0.181106190662831,0.70833320915699
"t09a",0.855422566644847,0.47518943506293
"t09a",0.927879260852933,0.302114115329459
"t09a",0.951876963721588,0.73262254614383
"t09a",0.547903127735481,0.913724689045921
"t09a",0.218104466563091,0.441922141006216
"t09a",0.892655882518739,0.158897529356182
"t09a",0.0393796870484948,0.130456661107019
"t09a",0.446532073663548,0.900283462600783
"t09a",0.94106559175998,0.811669864924625
"t09a",0.289009258383885,0.4522553475108
"t09a",0.672712310915813,0.721316527342424
"t09a",0.440940067870542,0.416589890839532
"t09a",0.551568002207205,0.441212582634762
"t09a",0.475418183486909,0.979908366454765
"t09a",0.282878397032619,0.752201196737587
"t09a",0.316892376169562,0.318810198456049
"t09a",0.595059459330514,0.62224910245277
"t09a",0.62173832510598,0.53896748740226
"t09a",0.754073374904692,0.994313954375684
"t09a",0.256498362170532,0.279049149947241
"t09a",0.262548682745546,0.570015351520851
"t09a",0.326654912671074,0.880381528520957
"t09a",0.255028484156355,0.820883592125028
"t09a",0.846696387743577,0.711861532647163
"t09a",0.941611349582672,0.203316979110241
"t09a",0.807753772707656,0.846036019967869
"t09a",0.161992196459323,0.895968773867935
"t09a",0.0517116812989116,0.657689212588593
"t09a",0.404462611069903,0.514638836029917
"t09a",0.704149717930704,0.479194964049384
"t09a",0.210336471674964,0.595864047529176
"t09a",0.473821382969618,0.309681801125407
"t09a",0.336895833723247,0.0372934660408646
"t09a",0.550052510807291,0.285123248351738
"t09a",0.154262613505125,0.576206105994061
"t09a",0.178046991117299,0.983099437551573
"t09a",0.064524429384619,0.928103801328689
"t09a",0.912486456334591,0.473209422081709
"t09a",0.0736839990131557,0.982534996932372
"t09a",0.58161225868389,0.859255919465795
"t09a",0.413343270309269,0.114492858061567
"t09a",0.201296944869682,0.188691134564579
"t09a",0.231501139933243,0.0702693280763924
"t09a",0.481300744460896,0.242247295565903
"t09a",0.0138176691252738,0.792267792392522
"t09a",0.348590079229325,0.605631733546034
"t09a",0.21549003617838,0.779485164675862
"t09a",0.181536151794717,0.826557267457247
"t09a",0.578147500753403,0.979704383062199
"t09a",0.577404268551618,0.0665640237275511
"t09a",0.000440184492617846,0.0822251420468092
"t09a",0.346188059775159,0.952794852666557
"t09a",0.990795361110941,0.589190135477111
"t09a",0.921913804253563,0.873313495656475
"t09a",0.409049625275657,0.736027940642089
"t09a",0.974000385496765,0.856097548967227
"t09a",0.286456249421462,0.957553907763213
"t09a",0.747564158402383,0.787696262821555
"t09a",0.512395365629345,0.197634226642549
"t09a",0.691327290376648,0.01276148064062
"t09a",0.914442248875275,0.944022173061967
"t09a",0.572767767589539,0.378481786930934
"t09a",0.159706610022113,0.255947964964435
"t09a",0.639439010294154,0.970437904819846
"t09a",0.260200426215306,0.383775141555816
"t09a",0.50213033426553,0.0962321199476719
"t09a",0.857117780484259,0.269193423679098
"t09a",0.00928355427458882,0.576540498295799
"t09a",0.44160595885478,0.812153889331967
"t09a",0.00903432676568627,0.700088000623509
"t09a",0.730046902550384,0.559389794245362
"t09a",0.649131712736562,0.79753741575405
"t09a",0.139091382035986,0.354932483052835
"t09a",0.857646339340135,0.945515895262361
"t09a",0.584277281304821,0.00596479116939008
"t09a",0.552796442527324,0.230570090701804
"t09a",0.838179882382974,0.626402449095622
"t09a",0.109338291687891,0.707717053825036
"t09a",0.531088561750948,0.840041064890102
"t09a",0.953559305053204,0.411951621063054
"t09a",0.331911772489548,0.712013941491023
"t09a",0.719987446209416,0.320587539346889
"t09a",0.132680202834308,0.195330172311515
"t09a",0.358893655473366,0.481028690934181
"t09a",0.856401564087719,0.527870040852576
"t09a",0.0282135324086994,0.245277248788625
"t09a",0.240296453936026,0.694031477672979
"t09a",0.0952750574797392,0.232246562372893
"t09a",0.841208656551316,0.374477870296687
"t09a",0.94444819400087,0.10642318171449
"t09a",0.619664767291397,0.21623848984018
"t09a",0.555995371192694,0.673252960434183
"t09a",0.354210088727996,0.151897514238954
"t09a",0.407546275295317,0.25863488134928
"t09a",0.226255293702707,0.514950270531699
"t09a",0.747773504350334,0.676319774007425
"t09a",0.975154897663742,0.984307087026536
"t09a",0.74214813252911,0.0405634043272585
"t09a",0.290466073900461,0.513934960123152
"t09a",0.234094171551988,0.991876302519813
"t09a",0.630635567940772,0.410618213936687
"t09a",0.478467664448544,0.020706441719085
"t09a",0.483862397028133,0.51006472739391
"t09a",0.684543021721765,0.427853305125609
"t09a",0.420455726329237,0.177494775969535
"t09a",0.796704067615792,0.14695849455893
"t09a",0.845718821277842,0.790477200876921
"t09a",0.784703472163528,0.354975250782445
"t09a",0.122575945220888,0.76596291619353
"t09a",0.725220108404756,0.873078444972634
"t09b",0.526377612957731,0.96376945800148
"t09b",0.260614519007504,0.35916221421212
"t09b",0.884771426673979,0.157540031708777
"t09b",0.71859908872284,0.227027263725176
"t09b",0.576572806108743,0.185685666510835
"t09b",0.0387325254268944,0.885880009736866
"t09b",0.334163353312761,0.322723502991721
"t09b",0.760161799844354,0.158283991273493
"t09b",0.62055249302648,0.484326827572659
"t09b",0.196600349852815,0.907973765628412
"t09b",0.377609301125631,0.789049379294738
"t09b",0.551015468779951,0.330713186878711
"t09b",0.338782454142347,0.697013321565464
"t09b",0.672628673957661,0.100339436903596
"t09b",0.90640531340614,0.384649235056713
"t09b",0.576630576280877,0.965629045385867
"t09b",0.96804236411117,0.809586895396933
"t09b",0.832455506315455,0.388314156094566
"t09b",0.598014001036063,0.627110372297466
"t09b",0.571152269374579,0.152431869646534
"t09b",0.385916451457888,0.734841394005343
"t09b",0.481116966111585,0.907963790930808
"t09b",0.482972090365365,0.0978573781903833
"t09b",0.710688918596134,0.48345880350098
"t09b",0.10147027974017,0.854106614831835
"t09b",0.916251604212448,0.956459189997986
"t09b",0.120718377642334,0.540322403889149
"t09b",0.274915969232097,0.541825310559943
"t09b",0.00357336993329227,0.36018517613411
"t09b",0.972184209851548,0.300710371229798
"t09b",0.408641705289483,0.332848838763312
"t09b",0.170957867288962,0.704696559347212
"t09b",0.471092854160815,0.119497647276148
"t09b",0.947774009779096,0.88134211464785
"t09b",0.281604778720066,0.451965537853539
"t09b",0.323400181951001,0.422819952247664
"t09b",0.00278620840981603,0.15635938080959
"t09b",0.15949746593833,0.854284344008192
"t09b",0.458443307317793,0.287445290479809
"t09b",0.168017501709983,0.989522529533133
"t09b",0.913504651514813,0.41764655848965
"t09b",0.325614438857883,0.231340048834682
"t09b",0.116986943874508,0.76268518017605
"t09b",0.700912123080343,0.893168374663219
"t09b",0.754372952040285,0.678324308944866
"t09b",0.504426210420206,0.249250888824463
"t09b",0.575796191813424,0.393300936324522
"t09b",0.755857438314706,0.636827743379399
"t09b",0.542561041424051,0.00512688048183918
"t09b",0.311930697644129,0.830784237710759
"t09b",0.387039215536788,0.816145824501291
"t09b",0.0569696032907814,0.218809547135606
"t09b",0.774350214516744,0.539267874788493
"t09b",0.634686183650047,0.602407056139782
"t09b",0.423576809698716,0.129902260843664
"t09b",0.495683264452964,0.173688711132854
"t09b",0.362601215718314,0.325339091708884
"t09b",0.687959369504824,0.255889126798138
"t09b",0.60828644852154,0.712753018597141
"t09b",0.414565115701407,0.466668303823099
"t09b",0.178346581757069,0.0370949967764318
"t09b",0.64912072638981,0.54427563585341
"t09b",0.271449760533869,0.748753405176103
"t09b",0.24991118744947,0.241274057887495
"t09b",0.469191342592239,0.138095454778522
"t09b",0.64449583622627,0.779398778919131
"t09b",0.816188723081723,0.194880315568298
"t09b",0.0642517888918519,0.133747621439397
"t09b",0.332713438896462,0.89088116819039
"t09b",0.0466839678119868,0.137885817093775
"t09b",0.989942819112912,0.802243444835767
"t09b",0.865493148798123,0.139313555322587
"t09b",0.0730094339232892,0.507964397547767
"t09b",0.422906699823216,0.580353744095191
"t09b",0.961597283603624,0.744935892755166
"t09b",0.275951750576496,0.835108553059399
"t09b",0.114841746166348,0.386254235403612
"t09b",0.738336280686781,0.871637661010027
"t09b",0.12832007673569,0.686833821237087
"t09b",0.363705554744229,0.249302893877029
"t09b",0.586883027805015,0.306601578835398
"t09b",0.438892581500113,0.210754171013832
"t09b",0.731972351437435,0.967479147715494
"t09b",0.58715606899932,0.470170011976734
"t09b",0.889410810777918,0.360299724619836
"t09b",0.0671494461130351,0.295683750882745
"t09b",0.131257611094043,0.934824740048498
"t09b",0.233302381122485,0.619347758591175
"t09b",0.76978673436679,0.107892315136269
"t09b",0.45574178523384,0.449521087575704
"t09b",0.24923509079963,0.198661270318553
"t09b",0.858110034838319,0.219757166458294
"t09b",0.42599828960374,0.888009659247473
"t09b",0.888155380496755,0.18194510275498
"t09b",0.695493596373126,0.617590085137635
"t09b",0.0700651707593352,0.945415963185951
"t09b",0.973548068199307,0.860458554234356
"t09b",0.0277729148510844,0.539534063311294
"t09b",0.739645519526675,0.257852566195652
"t09b",0.658107256749645,0.949663791107014
"t09b",0.087922437582165,0.526427817763761
"t09b",0.370360788423568,0.411751229548827
"t09b",0.0821764015126973,0.703753898618743
"t09b",0.372505898121744,0.736294338945299
"t09b",0.545244167326018,0.48208581795916
"t09b",0.0501693144906312,0.400076486170292
"t09b",0.00945232855156064,0.134738810360432
"t09b",0.699671932728961,0.714899792335927
"t09b",0.471668460872024,0.506367748370394
"t09b",0.99253754154779,0.406579573173076
"t09b",0.658185506239533,0.849856769200414
"t09b",0.790401787031442,0.699371373280883
"t09b",0.857102662324905,0.292186250444502
"t09b",0.0670622780453414,0.825026156147942
"t09b",0.558433749014512,0.955685605993494
"t09b",0.583040255587548,0.768907206365839
"t09b",0.974639507010579,0.653159777633846
"t09b",0.0888869035989046,0.434985471889377
"t09b",0.517613720847294,0.310791269643232
"t09b",0.427038351306692,0.586587385972962
"t09b",0.868041236652061,0.324839474167675
"t09b",0.563604938797653,0.985017348313704
"t09b",0.0226554798427969,0.745459540514275
"t09b",0.346775593468919,0.867981459246948
"t09b",0.897494355449453,0.838890888728201
"t09b",0.172483042115346,0.546721855178475
"t09b",0.101759662153199,0.295868680346757
"t09b",0.779207705520093,0.97196224052459
"t09b",0.225777572952211,0.370216525392607
"t09b",0.166672702180222,0.157628622371703
"t09b",0.819678303319961,0.510107826674357
"t09b",0.305197771638632,0.413869267096743
"t09b",0.831640627468005,0.517584653338417
"t09b",0.0776693024672568,0.140176453860477
"t09b",0.421332304831594,0.647170904325321
"t09b",0.287094810744748,0.572169391205534
"t09b",0.423932270146906,0.783187326276675
"t09b",0.994675424182788,0.276989688631147
"t09b",0.154395576566458,0.0721616274677217
"t09b",0.768884151242673,0.0942016507033259
"t09b",0.692264977842569,0.764427336631343
"t09b",0.769792877836153,0.109154467703775
"t09b",0.563959559425712,0.381981323473155
"t09b",0.632812021533027,0.606307676061988
"t09b",0.983215027488768,0.478849823120981
"t09b",0.873977450188249,0.934992148308083
"t09b",0.403174341190606,0.749154730001464
"t09b",0.63459694921039,0.569720122031868
"t09b",0.700846312800422,0.533345665317029
"t09b",0.881323535693809,0.184946832014248
"t09b",0.135990448063239,0.443796516396105
"t09b",0.252379234181717,0.209077852778137
"t09b",0.753540007630363,0.85362724494189
"t09b",0.982272752560675,0.878733308985829
"t09b",0.900625899201259,0.671698053134605
"t09b",0.274695910979062,0.25807172502391
"t09b",0.264933872967958,0.0699635096825659
"t09b",0.794902884867042,0.029563263989985
"t09b",0.662069297628477,0.396966995671391
"t09b",0.704245620174333,0.27993151708506
"t09b",0.204556344076991,0.545439054490998
"t09b",0.395634652348235,0.774905815487728
"t09b",0.577505987603217,0.421747478656471
"t09b",0.764051800826564,0.84998965356499
"t09b",0.58719372516498,0.905673738801852
"t09b",0.831838268553838,0.786611732328311
"t09b",0.751541511388496,0.618569150334224
"t09b",0.705933911725879,0.910117298364639
"t09b",0.761398741509765,0.748851460404694
"t09b",0.169398839352652,0.562609613407403
"t09b",0.56472678319551,0.706176178529859
"t09b",0.791542346123606,0.859134526457638
"t09b",0.113989109639078,0.227273598546162
"t09b",0.682987777749076,0.35400032135658
"t09b",0.278924385551363,0.0240203926805407
"t09b",0.647820804733783,0.383080995874479
"t09b",0.36458075675182,0.184453164227307
"t09b",0.595171675551683,0.0938689270988107
"t09b",0.8859160868451,0.882613806752488
"t09b",0.440601131645963,0.0447321457322687
"t09b",0.741868022130802,0.378930611768737
"t09b",0.0623119696974754,0.407109134830534
"t09b",0.970529390964657,0.970135951647535
"t09b",0.655265756184235,0.524998179636896
"t09b",0.164019724586979,0.374930338934064
"t09b",0.669606348033994,0.831099099479616
"t09b",0.335552028380334,0.895040496718138
"t09b",0.257071797735989,0.805923190899193
"t09b",0.223194482037798,0.97596091334708
"t09b",0.35722444509156,0.880362420110032
"t09b",0.708262082887813,0.292741146404296
"t09b",0.21107237203978,0.391672434983775
"t09b",0.55640206229873,0.74890523054637
"t09b",0.64301569503732,0.444628779077902
"t09b",0.71610095910728,0.484263753285632
"t09b",0.919457492418587,0.617979144444689
"t09b",0.717868211911991,0.539265788625926
"t09c",0.649316544294515,0.744211320538362
"t09c",0.695817732399977,0.686373072237184
"t09c",0.634632416791133,0.694035067762682
"t09c",0.652891252471492,0.732803936070497
"t09c",0.721189286090596,0.695814082763815
"t09c",0.639579127652673,0.735642719889892
"t09c",0.67586469110383,0.743899939481891
"t09c",0.690429221170315,0.723981782749116
"t09c",0.605834005536075,0.957547363512675
"t09c",0.612684764328763,0.924082236036295
"t09c",0.5538943241556,0.923435250317096
"t09c",0.58163851238028,0.993547099621003
"t09c",0.567137537686463,0.938245172028095
"t09c",0.62701552389691,0.945137383723053
"t09c",0.59741959648107,0.958025146518457
"t09c",0.555468311689828,0.98913328472943
"t09c",0.596049631544181,0.983097321107443
"t09c",0.588267395903067,0.91515249283336
"t09c",0.372439954951177,0.0468890805655642
"t09c",0.383895160581801,0.00615593909631662
"t09c",0.366148662010408,0.0127229512872619
"t09c",0.32460308236603,0.0631668112442919
"t09c",0.52357342780109,0.478385702383484
"t09c",0.501140174301554,0.382960195551242
"t09c",0.512930700697032,0.438541926092674
"t09c",0.483800565019784,0.380469713684738
"t09c",0.526423968269671,0.433264800254682
"t09c",0.460300123774305,0.360683480721794
"t09c",0.505272841047376,0.450197561935395
"t09c",0.534627932858808,0.395003818928674
"t09c",0.532659060542641,0.460446474108498
"t09c",0.550488865968572,0.429471871238378
"t09c",0.508290712624755,0.446493043355145
"t09c",0.0017734048877136,0.385978352155946
"t09c",0.0200499165529352,0.389871525658371
"t09c",0.0188816992246797,0.344576283709186
"t09c",0.0208095032968391,0.361687675609926
"t09c",0.407487121802448,0.0470791273655295
"t09c",0.393596913622972,0.0745877253793017
"t09c",0.330939223419333,0.0891633455421663
"t09c",0.307211151172904,0.104761298348676
"t09c",0.360913716476217,0.114451505720792
"t09c",0.342239698645104,0.101351193767729
"t09c",0.469250181835786,0.973512926581877
"t09c",0.539059428948492,0.953239727942033
"t09c",0.521556742188317,0.919874381440954
"t09c",0.987614251682974,0.47869593442814
"t09c",0.981891472692005,0.461125004778996
"t09c",0.976307897918113,0.513906299456668
"t09c",0.962230141155914,0.504132623427694
"t09c",0.125512064524858,0.0425628758782446
"t09c",0.0779079767402021,0.0112788622582664
"t09c",0.100384539148562,0.026415147837321
"t09c",0.170360921367811,0.0428632009670986
"t09c",0.115595198353136,0.0290129547972923
"t09c",0.697064983710687,0.650145108911008
"t09c",0.724112594612583,0.70775079674932
"t09c",0.707413514091116,0.657433206362797
"t09c",0.705049404822642,0.625105894064766
"t09c",0.701388532410646,0.641794077327812
"t09c",0.667243375575579,0.644504012075999
"t09c",0.709151566663571,0.619681348784625
"t09c",0.747067173570222,0.634775569246576
"t09c",0.732388541586531,0.675832704997619
"t09c",0.664142772268051,0.649520892366069
"t09c",0.697838881406988,0.971121879677628
"t09c",0.669919023438059,0.977777028048078
"t09c",0.703726363438822,0.932496932066772
"t09c",0.727977026743601,0.902122255368941
"t09c",0.674855551267207,0.918440824026431
"t09c",0.72350537820861,0.960002313252215
"t09c",0.720545137694118,0.935220092561206
"t09c",0.500190770375441,0.602697266822407
"t09c",0.554538814944803,0.60338665207019
"t09c",0.533431440218874,0.632499563349748
"t09c",0.503584313905957,0.573021640427737
"t09c",0.487950273100755,0.592405013048592
"t09c",0.565679332102867,0.643942447767003
"t09c",0.486790190426407,0.636278821828155
"t09c",0.553645063450462,0.591945391639415
"t09c",0.513133977408235,0.649212558999332
"t09c",0.547787240174095,0.598582196076012
"t09c",0.44927387256397,0.936505714693564
"t09c",0.472014022041768,0.937378392269229
"t09c",0.43081832331265,0.999646616333952
"t09c",0.493414416280864,0.961942888355518
"t09c",0.440547329801682,0.945021365878661
"t09c",0.742157432694832,0.0229327879306027
"t09c",0.731267792555906,0.0260068129699693
"t09c",0.725009460735214,0.00491733959527024
"t09c",0.72285927146619,0.0269360870945087
"t09c",0.717933929699634,0.00621491678032682
"t09c",0.707084527538409,0.0709747255738985
"t09c",0.74436989949636,0.0357696696726379
"t09c",0.738012967654073,0.0144316220989935
"t09c",0.717732404567839,0.465355600480608
"t09c",0.760257711470567,0.468454301049683
"t09c",0.699775917356306,0.478281914095983
"t09c",0.763383936858794,0.502478293312395
"t09c",0.771272261696235,0.45835796051934
"t09c",0.745910714971821,0.453429694920535
"t09c",0.746588284787347,0.528404479784646
"t09c",0.717883644623966,0.451690966762952
"t09c",0.711121429151747,0.465432620606697
"t09c",0.567759501198861,0.584000767586518
"t09c",0.55288410387467,0.596852048735137
"t09c",0.573149846607887,0.558719132506083
"t09c",0.543359689876027,0.517215056103914
"t09c",0.557540027060384,0.581530944735931
"t09c",0.553725187516648,0.547607932319653
"t09c",0.529586012256677,0.572003982798031
"t09c",0.518044322008636,0.533709161238928
"t09c",0.514705998978016,0.5957453607899
"t09c",0.184494163394226,0.617222406950076
"t09c",0.223830531757692,0.648713485713355
"t09c",0.225596166599078,0.633350021491433
"t09c",0.239987164616557,0.597144024454722
"t09c",0.206356885474885,0.652244212449543
"t09c",0.238550950428925,0.607696843673758
"t09c",0.202189882071764,0.607402240739183
"t09c",0.218853925744398,0.639310447322814
"t09c",0.223401314650841,0.599192337195106
"t09c",0.193761046745023,0.559383448958269
"t09c",0.218981781168286,0.621662250602161
"t10a",0.629792133811861,0.236522351624444
"t10a",0.67184535949491,0.508819665294141
"t10a",0.695659063523635,0.315080639440566
"t10a",0.58814276731573,0.150501510128379
"t10a",0.142507158685476,0.596172383753583
"t10a",0.295247749425471,0.421191408997402
"t10a",0.379272208549082,0.963140646694228
"t10a",0.279824204742908,0.662913118489087
"t10a",0.707092164317146,0.798531970242038
"t10a",0.375585822854191,0.655000169062987
"t10a",0.872763783205301,0.931877733906731
"t10a",0.309207401238382,0.548882228787988
"t10a",0.21641975431703,0.811301413690671
"t10a",0.150190060259774,0.54561566375196
"t10a",0.242982124909759,0.537344341166317
"t10a",0.854829355841503,0.820561741711572
"t10a",0.0857673841528594,0.0186287867836654
"t10a",0.145822781370953,0.209925615228713
"t10a",0.377180247800425,0.724307475145906
"t10a",0.732143831904978,0.324522671755403
"t10a",0.97705346159637,0.0741720148362219
"t10a",0.098509309347719,0.0143659287132323
"t10a",0.153299778001383,0.523460187483579
"t10a",0.813165144994855,0.446404016576707
"t10a",0.236964226001874,0.644056130666286
"t10a",0.391783487051725,0.416838198900223
"t10a",0.20722137298435,0.166673508938402
"t10a",0.993826935300604,0.312367919133976
"t10a",0.946000494528562,0.944828908424824
"t10a",0.151952312327921,0.51693621580489
"t10a",0.634894737740979,0.942486867308617
"t10a",0.733438132097945,0.109951620921493
"t10a",0.547512229764834,0.698641579365358
"t10a",0.465207653585821,0.272463181521744
"t10a",0.128890531836078,0.615829665213823
"t10a",0.258779112249613,0.451769805746153
"t10a",0.635576322907582,0.773028866620734
"t10a",0.139982898719609,0.622390492120758
"t10a",0.104874033248052,0.581682273885235
"t10a",0.6174087212421,0.270290948916227
"t10a",0.871927964501083,0.604237941792235
"t10a",0.542246526107192,0.906075354665518
"t10a",0.461421553976834,0.977234148886055
"t10a",0.0210696260910481,0.431047291960567
"t10a",0.264214840950444,0.899815945653245
"t10a",0.254290621960536,0.57331164367497
"t10a",0.837021537590772,0.674857419682667
"t10a",0.00785521999932826,0.111850852612406
"t10a",0.285365464398637,0.683663931675255
"t10a",0.388672611908987,0.532674454618245
"t10a",0.376048522535712,0.860102322185412
"t10a",0.772178448503837,0.778348681284115
"t10a",0.439166872994974,0.713885694509372
"t10a",0.945728029124439,0.877016452606767
"t10a",0.539114863378927,0.0222585501614958
"t10a",0.463692016433924,0.557776571251452
"t10a",0.3957362358924,0.999269029125571
"t10a",0.29268488031812,0.124788385583088
"t10a",0.511046847095713,0.992497276281938
"t10a",0.504438414005563,0.558753235964105
"t10a",0.969976196996868,0.204979704460129
"t10a",0.197412896901369,0.793946505524218
"t10a",0.688369291834533,0.258107715053484
"t10a",0.22984506119974,0.861263832077384
"t10a",0.0440232614055276,0.148433925351128
"t10a",0.422661848599091,0.0549263744615018
"t10a",0.660574644105509,0.911287578986958
"t10a",0.305642392951995,0.932729789987206
"t10a",0.640096742194146,0.526950735831633
"t10a",0.280660125426948,0.0963210226036608
"t10a",0.148837239714339,0.866614874918014
"t10a",0.844480006722733,0.73313763923943
"t10a",0.0383635177277029,0.24634227831848
"t10a",0.0162769933231175,0.191045950865373
"t10a",0.877523554256186,0.785629482474178
"t10a",0.251106432173401,0.641503644175828
"t10a",0.0251044461037964,0.868903728201985
"t10a",0.880681976443157,0.583985413657501
"t10a",0.828176555922255,0.847292928956449
"t10a",0.0672903792001307,0.0171848630998284
"t10a",0.817064576549456,0.277984239393845
"t10a",0.045201952336356,0.942395327147096
"t10a",0.779205797705799,0.37677340907976
"t10a",0.741360952844843,0.714748217258602
"t10a",0.92957990639843,0.653135133674368
"t10a",0.0374625297263265,0.078668860020116
"t10a",0.301687254104763,0.0910190788563341
"t10a",0.821651498554274,0.0164134262595326
"t10a",0.384035980561748,0.865622193785384
"t10a",0.171686251880601,0.810662519652396
"t10a",0.794304285431281,0.224048875737935
"t10a",0.0617530525196344,0.636900882003829
"t10a",0.677712932461873,0.806022707838565
"t10a",0.870624847244471,0.698073491686955
"t10a",0.226222193101421,0.368288152385503
"t10a",0.554571662563831,0.312529658898711
"t10a",0.958801081636921,0.0158006504643708
"t10a",0.395984130678698,0.132153165759519
"t10a",0.221193212782964,0.390579021070153
"t10a",0.358786385972053,0.209714833414182
"t10a",0.63355969125405,0.450345328543335
"t10a",0.0691292805131525,0.238154148682952
"t10a",0.146242631832138,0.599167410517111
"t10a",0.918475564103574,0.841062389547005
"t10a",0.0711235548369586,0.731829795287922
"t10a",0.17886217078194,0.782641363330185
"t10a",0.260253919987008,0.751353585161269
"t10a",0.0614434981252998,0.0999971616547555
"t10a",0.212246629176661,0.308923043077812
"t10a",0.530798298772424,0.604265850502998
"t10a",0.81233182665892,0.147240213816985
"t10a",0.110106260050088,0.768437519902363
"t10a",0.0471730632707477,0.238700245274231
"t10a",0.639284186763689,0.226969435811043
"t10a",0.358272219309583,0.128128993324935
"t10a",0.682763129472733,0.137297321110964
"t10a",0.121760078705847,0.143540176330134
"t10a",0.654320446774364,0.690242864424363
"t10a",0.073259697528556,0.575271666282788
"t10a",0.155387210426852,0.0627693969290704
"t10a",0.987069993978366,0.422765576280653
"t10a",0.181762783788145,0.117435741471127
"t10b",0.709106823662296,0.917083900189027
"t10b",0.0589007879607379,0.30579202552326
"t10b",0.548509860876948,0.73976540309377
"t10b",0.548213983653113,0.56445418833755
"t10b",0.480255800997838,0.823770192218944
"t10b",0.470512306550518,0.0835219407454133
"t10b",0.774780485313386,0.791386321885511
"t10b",0.369911666028202,0.397753390483558
"t10b",0.193980577401817,0.201376556418836
"t10b",0.120034215506166,0.878125995630398
"t10b",0.412459936225787,0.717110924655572
"t10b",0.42163233901374,0.141322953160852
"t10b",0.941513559315354,0.234003960853443
"t10b",0.620376229751855,0.365913342684507
"t10b",0.883849299047142,0.829999071313068
"t10b",0.639706254703924,0.122340096859261
"t10b",0.0977033064700663,0.98776181275025
"t10b",0.133693820564076,0.483006075490266
"t10b",0.320159550523385,0.657900757854804
"t10b",0.698372503975406,0.00645014876499772
"t10b",0.215152869001031,0.921063999878243
"t10b",0.623386944178492,0.0462157279253006
"t10b",0.871923337923363,0.571095946244895
"t10b",0.145097842440009,0.262465030420572
"t10b",0.905261596897617,0.990970621118322
"t10b",0.561127726687118,0.675949995405972
"t10b",0.486017221119255,0.150098674464971
"t10b",0.764706922695041,0.896229283651337
"t10b",0.300563106546178,0.961745273554698
"t10b",0.327113424893469,0.795318980002776
"t10b",0.664957386441529,0.791662778239697
"t10b",0.661389838438481,0.646777013549581
"t10b",0.0641782984603196,0.909405610756949
"t10b",0.395483957603574,0.00232743541710079
"t10b",0.321944456314668,0.0471655591391027
"t10b",0.843017054488882,0.348654807079583
"t10b",0.934622965520248,0.896139869466424
"t10b",0.541231682989746,0.9655859710183
"t10b",0.108155665919185,0.0449797834735364
"t10b",0.19638600689359,0.73396524367854
"t10b",0.886410691542551,0.00168101442977786
"t10b",0.729383398778737,0.300401539774612
"t10b",0.250347856199369,0.627226099604741
"t10b",0.951982363360003,0.29533020593226
"t10b",0.0419178039301187,0.440721508348361
"t10b",0.0362411697860807,0.800769882276654
"t10b",0.186965068569407,0.0931189563125372
"t10b",0.390991013497114,0.88181956904009
"t10b",0.185325214406475,0.416575492825359
"t10b",0.96342601487413,0.449717170093209
"t10b",0.803305220557377,0.0524748233146966
"t10b",0.4542458250653,0.381142849102616
"t10b",0.437776713399217,0.473865899490193
"t10b",0.308937700698152,0.295560274738818
"t10b",0.464283340377733,0.224319881759584
"t10b",0.840022772084922,0.637719319434837
"t10b",0.897040189942345,0.65869567124173
"t10b",0.140741800889373,0.639542566612363
"t10b",0.714529356453568,0.469338661059737
"t10b",0.377933564828709,0.249718071892858
"t10b",0.710889911279082,0.712536945473403
"t10b",0.324344267137349,0.174648571293801
"t10b",0.230882891919464,0.815756732830778
"t10b",0.437336235074326,0.780484217684716
"t10b",0.903520993189886,0.7570674570743
"t10b",0.305538098793477,0.886286895023659
"t10b",0.785847449209541,0.371811873512343
"t10b",0.557383248815313,0.299901187652722
"t10b",0.582743492210284,0.0933927989099175
"t10b",0.400004122871906,0.6504625484813
"t10b",0.647304565645754,0.285125451860949
"t10b",0.377801403403282,0.5067665099632
"t10b",0.947337766410783,0.549263753229752
"t10b",0.938944783527404,0.612585828173906
"t10b",0.706342338118702,0.591505923075601
"t10b",0.764766950160265,0.677649765275419
"t10b",0.820454940898344,0.934591801138595
"t10b",0.523950136965141,0.00212899409234524
"t10b",0.0724174799397588,0.747984455898404
"t10b",0.685785215348005,0.534860749961808
"t10b",0.0789082732517272,0.384237811435014
"t10b",0.747161057544872,0.214918007142842
"t10b",0.26364882919006,0.753071067854762
"t10b",0.639998031780124,0.461197128519416
"t10b",0.864234588341787,0.137209507403895
"t10b",0.0280222909059376,0.100831256015226
"t10b",0.547335862880573,0.38870678958483
"t10b",0.974543486488983,0.80883121304214
"t10b",0.528972959145904,0.229785928037018
"t10b",0.805571320233867,0.296448902692646
"t10b",0.909684635233134,0.494780032429844
"t10b",0.622802792117,0.842809428228065
"t10b",0.321983424248174,0.475091328611597
"t10b",0.907942360499874,0.377411145949736
"t10b",0.787866486702114,0.542251548031345
"t10b",0.576514534652233,0.617073928471655
"t10b",0.13176723732613,0.722347784321755
"t10b",0.374319366877899,0.318294496973976
"t10b",0.880673452978954,0.238625519443303
"t10b",0.968000398715958,0.971568490145728
"t10b",0.247591283870861,0.443939622957259
"t10b",0.445049393223599,0.911246499279514
"t10b",0.484689608681947,0.31742155062966
"t10b",0.676190182566643,0.33693053224124
"t10b",0.998416202142835,0.399805060820654
"t10b",0.506571384845302,0.512810704763979
"t10b",0.00440676719881594,0.00895280879922211
"t10b",0.402281475951895,0.0840978443156928
"t10b",0.243550451239571,0.341795317362994
"t10b",0.110918924445286,0.2052993751131
"t10b",0.487083255313337,0.636865594889969
"t10b",0.956204830436036,0.699027562281117
"t10b",0.0378517976496369,0.197659626835957
"t10b",0.661516938591376,0.197499057743698
"t10b",0.973319865064695,0.157968107610941
"t10b",0.364504784112796,0.585007969057187
"t10b",0.792716103373095,0.111911148997024
"t10b",0.544410585658625,0.837029726011679
"t10b",0.730839373543859,0.399145358474925
"t10b",0.696590940700844,0.103653343394399
"t10b",0.566631854744628,0.160125215537846
"t10b",0.482380084460601,0.574220912763849
"t10b",0.199265149654821,0.030431860126555
"t10b",0.843995725503191,0.430224284529686
"t10b",0.160046542761847,0.808003765763715
"t10b",0.0899835249874741,0.546624462353066
"t10b",0.00206866441294551,0.363922695163637
"t10b",0.957684074062854,0.0583242678549141
"t10b",0.0368578317575157,0.9770229277201
"t10b",0.644377283751965,0.916848308872432
"t10b",0.403245657449588,0.958359988639131
"t10b",0.182005978422239,0.572286195354536
"t10b",0.823458385188133,0.82669625733979
"t10b",0.303609580732882,0.360666398191825
"t10b",0.643125753849745,0.72889197524637
"t10b",0.829191432101652,0.998170497827232
"t10b",0.627379238372669,0.987445501377806
"t10b",0.820712127024308,0.742753102676943
"t10b",0.572724244790152,0.487043991684914
"t10b",0.269987334497273,0.508057308616117
"t10b",0.108966746367514,0.134200556669384
"t10b",0.0068139482755214,0.581991639686748
"t10c",0.384996439566962,0.978794767009581
"t10c",0.257895141994449,0.819402455866976
"t10c",0.262647879794125,0.881921716930184
"t10c",0.242728767866603,0.748090594392228
"t10c",0.317103386594848,0.824259151931122
"t10c",0.31502661438198,0.857670859494451
"t10c",0.32373044205779,0.833083962474565
"t10c",0.996717107655327,0.0202169280187571
"t10c",0.55582279352104,0.866638950351803
"t10c",0.496129757044063,0.937578641455438
"t10c",0.563779215544219,0.889607516061378
"t10c",0.544564075621845,0.900914000089553
"t10c",0.54199403551207,0.881267984953838
"t10c",0.39613024898398,0.313397292895767
"t10c",0.427314154075145,0.294024054650077
"t10c",0.420921903403501,0.312563266349559
"t10c",0.478585825826408,0.322245452141569
"t10c",0.446996813378503,0.353180559723184
"t10c",0.417856076780833,0.318963421262852
"t10c",0.451711972586368,0.339607200638697
"t10c",0.043199966781184,0.0618577652607519
"t10c",0.0235786585022956,0.103500385261827
"t10c",0.033736593833411,0.0309877301282128
"t10c",0.63408807725942,0.189701808795189
"t10c",0.638478144256756,0.15202684179625
"t10c",0.659082032415441,0.16535228581216
"t10c",0.638626709413552,0.110207634324048
"t10c",0.689028366937426,0.134747157314476
"t10c",0.653244013391894,0.0725690422578212
"t10c",0.180591772459635,0.532665288317872
"t10c",0.180316688571123,0.573516829529457
"t10c",0.125123611955876,0.493262601104047
"t10c",0.167498853336622,0.538382743728058
"t10c",0.8002663021029,0.222270050219425
"t10c",0.854228999530854,0.218879803812471
"t10c",0.876832686730009,0.270722606027322
"t10c",0.888709962204069,0.421011152787564
"t10c",0.833206593888291,0.4116089350903
"t10c",0.803182762331447,0.335950837672257
"t10c",0.875790092566177,0.405621491571242
"t10c",0.839413075656116,0.376797483370422
"t10c",0.336225742204894,0.558859492026732
"t10c",0.329115041162224,0.57103241531139
"t10c",0.334366347669898,0.551907204999159
"t10c",0.360676273765461,0.576183690111128
"t10c",0.327510719271091,0.60972903842912
"t10c",0.70032711363849,0.19643185264008
"t10c",0.691866134631733,0.215987019021126
"t10c",0.680699972573004,0.176292275487773
"t10c",0.695706184946709,0.221573760956507
"t10c",0.701702186563574,0.181720034059874
"t10c",0.657932415243261,0.151912589733284
"t10c",0.282405897526961,0.00772336896655568
"t10c",0.24947936293644,0.0312721768304641
"t10c",0.893803480886076,0.628719546018574
"t10c",0.8943599016912,0.631005457707895
"t10c",0.895576101561759,0.623985958428834
"t10c",0.139371982182502,0.0788628822596243
"t10c",0.0193653257702003,0.1939559407272
"t10c",0.0970017230117508,0.0762089762950423
"t10c",0.0741409531629699,0.0869444474015623
"t10c",0.052291566916326,0.0917952273916915
"t10c",0.0453794651626352,0.0619311713797941
"t10c",0.0334465178377105,0.0776180539864383
"t10c",0.0854528015545153,0.0848793298344657
"t10c",0.0565002744229244,0.139305487053355
"t10c",0.0772791895217601,0.137955257879612
"t10c",0.0953027572282492,0.112975180228794
"t10c",0.617514418984212,0.634501286207398
"t10c",0.578539194280881,0.726138254895585
"t10c",0.565864076292059,0.633924088532146
"t10c",0.558454904239532,0.605460667329296
"t10c",0.624900832996032,0.618384872400627
"t10c",0.583714791009021,0.657706663346016
"t10c",0.651956449961287,0.601580704937084
"t10c",0.614061450226925,0.634103461670448
"t10c",0.540525483180725,0.638457644618054
"t10c",0.318281812886183,0.861986395919864
"t10c",0.245770856503886,0.945698714690237
"t10c",0.251356967789043,0.858748151213214
"t10c",0.34255645608613,0.898170336848015
"t10c",0.279559542846722,0.881348151346839
"t10c",0.0549599780197583,0.412123155259204
"t10c",0.0135046270130928,0.421564572685176
"t10c",0.0375145637428625,0.408931688508917
"t10c",0.0532149706412722,0.365341231683597
"t10c",0.102370045374021,0.390019445941764
"t10c",0.0906883056572116,0.419182753950057
"t10c",0.0417155507613916,0.384762896179158
"t10c",0.313556187483504,0.720696154211389
"t10c",0.344989067398526,0.672641386846809
"t10c",0.396473482252567,0.67862579485412
"t10c",0.372489846121986,0.662655847977407
"t10c",0.296150265390309,0.69707085100498
"t10c",0.452387054256034,0.000560057606438014
"t10c",0.430639248767436,0.761718897972786
"t10c",0.440845383076454,0.761090128950533
"t10c",0.444270609930567,0.769492431124216
"t10c",0.453994925074372,0.755997678389257
"t10c",0.434445250156333,0.807147894255795
"t10c",0.415361128207179,0.791818788203913
"t10c",0.3911508930535,0.765190834611981
"t10c",0.377072696915614,0.831082734361074
"t10c",0.401723222896057,0.1832407444721
"t10c",0.364131122162517,0.180507459628709
"t10c",0.407306125831645,0.11562567847119
"t10c",0.405033131182594,0.18027325286125
"t10c",0.420326913159185,0.13055226652055
"t10c",0.367790079351968,0.152218251155824
"t10c",0.00210347646743325,0.0198264548711838
"t10c",0.357709940573496,0.0801768551049457
"t10c",0.426866281056827,0.125144979521429
"t10c",0.352294299167063,0.111890272307012
"t10c",0.396022785335027,0.154418810586105
"t10c",0.366129389522711,0.0833596626434319
"t10c",0.212904086775767,0.844332445660705
"t10c",0.237864016765387,0.802017114121218
"t10c",0.210104697320911,0.826742087830818
"t10c",0.273427640647914,0.855925128230003
"t10c",0.929751037558418,0.428375011441915
"t10c",0.887698360393112,0.445279304525787
"t10c",0.924975555075834,0.461176869843202
"t10c",0.919910703370412,0.446284408121135
"t10c",0.857364876159654,0.481379162451427
"t10c",0.930105167158744,0.482057716072437
"t11a",0.996427268721163,0.205757224699482
"t11a",0.207218403462321,0.742778032785282
"t11a",0.21716433740221,0.0582890859805048
"t11a",0.584166100248694,0.73770873923786
"t11a",0.845198594499379,0.498767217621207
"t11a",0.254024441121146,0.46316543337889
"t11a",0.784395676571876,0.647036813898012
"t11a",0.91370337549597,0.476513663074002
"t11a",0.585333852795884,0.677796996198595
"t11a",0.465907400939614,0.264087959425524
"t11a",0.238437660736963,0.742208162555471
"t11a",0.0295315480325371,0.0322860046289861
"t11a",0.916818443918601,0.31475553708151
"t11a",0.22402866743505,0.275780594209209
"t11a",0.566748988581821,0.601448999950662
"t11a",0.0551100694574416,0.723689343081787
"t11a",0.960640050237998,0.283663955284283
"t11a",0.982858272036538,0.147095141466707
"t11a",0.197463143151253,0.882698914268985
"t11a",0.463375591672957,0.595333931036294
"t11a",0.219731241697446,0.39185327407904
"t11a",0.726608641212806,0.1122874293942
"t11a",0.711484055267647,0.800051146186888
"t11a",0.382852023700252,0.915192682761699
"t11a",0.458732680184767,0.513276413083076
"t11a",0.642703709192574,0.888112388551235
"t11a",0.359175057150424,0.883575501153246
"t11a",0.811668392270803,0.560562090016901
"t11a",0.465657406719401,0.674954830668867
"t11a",0.248458097688854,0.657579644815996
"t11a",0.481765281409025,0.531102449633181
"t11a",0.667822557501495,0.171631703618914
"t11a",0.22387774544768,0.126378599787131
"t11a",0.0668478931766003,0.837483017705381
"t11a",0.728985966416076,0.632288028253242
"t11a",0.875518225831911,0.400530172511935
"t11a",0.0867299237288535,0.0627382311504334
"t11a",0.0981577469501644,0.526878382312134
"t11a",0.664102102164179,0.0522905215620995
"t11a",0.627641240134835,0.533866040408611
"t11a",0.329807999776676,0.114622519118711
"t11a",0.96642006537877,0.109305968508124
"t11a",0.23901713383384,0.363933142740279
"t11a",0.769585321191698,0.401657841401175
"t11a",0.794977778801695,0.444962359266356
"t11a",0.593562820460647,0.655483370646834
"t11a",0.599438477773219,0.847459639655426
"t11a",0.68508651969023,0.101558059686795
"t11a",0.783568986691535,0.820242769550532
"t11a",0.85010211286135,0.649281836813316
"t11a",0.0312795983627439,0.928359854500741
"t11a",0.596075034467503,0.139830973232165
"t11a",0.585436155786738,0.920883567305282
"t11a",0.22071216837503,0.480061396723613
"t11a",0.299786568852141,0.539957941742614
"t11a",0.716281577246264,0.654620231827721
"t11a",0.586313496809453,0.855814983136952
"t11a",0.613718997454271,0.695597461424768
"t11a",0.908088461961597,0.387528320774436
"t11a",0.746614577714354,0.962883762083948
"t11a",0.650933997239918,0.156134771183133
"t11a",0.796621480258182,0.0686458847485483
"t11a",0.427068293327466,0.775015066377819
"t11a",0.261051499750465,0.589767041383311
"t11a",0.965692974627018,0.740108930505812
"t11a",0.832504811463878,0.719244657782838
"t11a",0.217432894278318,0.232700808672234
"t11a",0.643517109332606,0.819849981926382
"t11a",0.53584035509266,0.294531034771353
"t11a",0.735019143903628,0.783612569095567
"t11a",0.139271443709731,0.70716754370369
"t11a",0.694202525308356,0.403879362624139
"t11a",0.633781909011304,0.340392695972696
"t11a",0.124942667083815,0.767402450088412
"t11a",0.00319336890242994,0.444711605319753
"t11a",0.84391950443387,0.0957907994743437
"t11a",0.749127665767446,0.638236257247627
"t11a",0.853372088866308,0.988125885138288
"t11a",0.36943603050895,0.0320825600065291
"t11a",0.229443335905671,0.068777444306761
"t11a",0.268061194103211,0.487503429409117
"t11a",0.285265306942165,0.535709952469915
"t11a",0.806035243207589,0.635342172114179
"t11a",0.514658351894468,0.295872600981966
"t11a",0.0842951741069555,0.760029444471002
"t11a",0.317924370057881,0.75329431402497
"t11a",0.123377432813868,0.629186243517324
"t11a",0.473346682963893,0.266604185337201
"t11a",0.538924854015931,0.0174148748628795
"t11a",0.169771040556952,0.414349058177322
"t11a",0.357065782183781,0.450081096030772
"t11a",0.916076984489337,0.170684396289289
"t11a",0.987943888409063,0.799697392620146
"t11a",0.252187135163695,0.99256051145494
"t11a",0.701576511142775,0.135123677086085
"t11a",0.3668701229617,0.239121622638777
"t11a",0.199608934111893,0.909799795830622
"t11a",0.434072280069813,0.569501585094258
"t11b",0.330791159300134,0.251766995759681
"t11b",0.658368501346558,0.170279694721103
"t11b",0.174031200818717,0.861923289718106
"t11b",0.593324248213321,0.784948265878484
"t11b",0.474200492259115,0.371361584402621
"t11b",0.255021373275667,0.946689977310598
"t11b",0.0403600912541151,0.828798886621371
"t11b",0.824799255933613,0.831062291981652
"t11b",0.985252176178619,0.241076934384182
"t11b",0.285853062057868,0.711098362226039
"t11b",0.293564216466621,0.160167287569493
"t11b",0.224722481099889,0.657579763792455
"t11b",0.173904998460785,0.611810320755467
"t11b",0.95200431579724,0.097262462368235
"t11b",0.107876787427813,0.298136803787202
"t11b",0.849652481731027,0.632165954215452
"t11b",0.452185016823933,0.948266352061182
"t11b",0.0953749369364232,0.39356936281547
"t11b",0.266588190104812,0.782333125127479
"t11b",0.54773129732348,0.377136097755283
"t11b",0.790964822517708,0.111951104365289
"t11b",0.242250395705923,0.577608378371224
"t11b",0.538955878699198,0.584000556031242
"t11b",0.716698924545199,0.0123222754336894
"t11b",0.664296388626099,0.058792962692678
"t11b",0.388341513928026,0.319936792831868
"t11b",0.380650648381561,0.758648049551994
"t11b",0.801511164288968,0.355979293584824
"t11b",0.175434338394552,0.757990459445864
"t11b",0.614089323906228,0.263236280763522
"t11b",0.644937008153647,0.963844870682806
"t11b",0.461187350796536,0.30576225486584
"t11b",0.964698091847822,0.80079263006337
"t11b",0.388564920518547,0.143090568948537
"t11b",0.0455295611172915,0.0356994797475636
"t11b",0.154942350462079,0.953659246210009
"t11b",0.994776957202703,0.518362908158451
"t11b",0.787764930864796,0.482640022411942
"t11b",0.215950748650357,0.0950100088957697
"t11b",0.600245673442259,0.426804878050461
"t11b",0.225003254367039,0.0114081867504865
"t11b",0.720790187362581,0.101659484906122
"t11b",0.902901479741558,0.323329641716555
"t11b",0.381671657552943,0.613947067409754
"t11b",0.405332015128806,0.853554843459278
"t11b",0.586834690067917,0.662764358567074
"t11b",0.0853800827171654,0.505597330862656
"t11b",0.111833730712533,0.744195906678215
"t11b",0.528274068841711,0.727818952873349
"t11b",0.258932454511523,0.397564872400835
"t11b",0.974311252590269,0.442350388271734
"t11b",0.504874875536188,0.827651970554143
"t11b",0.866491132881492,0.716662862570956
"t11b",0.536228141514584,0.444896653294563
"t11b",0.764414897188544,0.681805978296325
"t11b",0.0590150959324092,0.243658310035244
"t11b",0.0326271606609225,0.96464446070604
"t11b",0.66439859685488,0.568235222483054
"t11b",0.888731657760218,0.113572794711217
"t11b",0.0246619549579918,0.622140617342666
"t11b",0.451348397647962,0.198316702386364
"t11b",0.611061598407105,0.876109456410632
"t11b",0.967445626389235,0.896067593479529
"t11b",0.69225381501019,0.46790029713884
"t11b",0.72041931306012,0.845558358822018
"t11b",0.258913049474359,0.296021317830309
"t11b",0.568640471901745,0.522483963286504
"t11b",0.982408012263477,0.35419669910334
"t11b",0.0401839460246265,0.456913199508563
"t11b",0.795905129052699,0.585673682857305
"t11b",0.0983169670216739,0.0762513882946223
"t11b",0.677230094792321,0.322041439590976
"t11b",0.0143407047726214,0.704082051757723
"t11b",0.417486531892791,0.493362241890281
"t11b",0.731020233593881,0.75117824645713
"t11b",0.0295375119894743,0.339966787490994
"t11b",0.722143875202164,0.618589364923537
"t11b",0.842073171632364,0.4104596786201
"t11b",0.402794947382063,0.250003236113116
"t11b",0.54485872713849,0.25276794959791
"t11b",0.95062822685577,0.718830921920016
"t11b",0.368089365307242,0.400287859141827
"t11b",0.477175717009231,0.0899729384109378
"t11b",0.146851147990674,0.233860790031031
"t11b",0.940220599295571,0.570921351667494
"t11b",0.392961373319849,0.0711843655444682
"t11b",0.6775632428471,0.398804774973541
"t11b",0.174622099613771,0.424072816735134
"t11b",0.37522833654657,0.998345504747704
"t11b",0.906411291565746,0.193855436053127
"t11b",0.530519399559125,0.910811082459986
"t11b",0.332758250646293,0.55520362011157
"t11b",0.733795038657263,0.518754590535536
"t11b",0.579555032774806,0.995789437321946
"t11b",0.464857086772099,0.603656146442518
"t11b",0.804760786006227,0.247582276584581
"t11c",0.00237307213541232,0.450343790205575
"t11c",0.00935858877630724,0.453600505301291
"t11c",0.0243448755106672,0.434699407912205
"t11c",0.0175345620962316,0.503052236920288
"t11c",0.0146279549052693,0.43931770765909
"t11c",0.036746072241918,0.431364752340343
"t11c",0.0188388544902806,0.434832804631938
"t11c",0.0418823575515322,0.440438107603023
"t11c",0.0599403167290858,0.446874299971702
"t11c",0.635116658050224,0.294113114606412
"t11c",0.658649566429066,0.33827722127354
"t11c",0.59171200475601,0.293277942005623
"t11c",0.62384403211048,0.318880251327745
"t11c",0.611603546403617,0.309435843803663
"t11c",0.640652561428875,0.28090737697856
"t11c",0.660093495222597,0.295619440723411
"t11c",0.629574425691479,0.304264932759815
"t11c",0.0720452934549219,0.463111336966487
"t11c",0.0424397555201106,0.475858905488955
"t11c",0.0959671084843167,0.445659908033732
"t11c",0.0640503542919154,0.447230899709971
"t11c",0.0787303445505022,0.47098212097435
"t11c",0.0826884166904774,0.439948212229073
"t11c",0.115150086148067,0.457496853222213
"t11c",0.0902601965934478,0.417663974760202
"t11c",0.05620165740941,0.45390514624879
"t11c",0.0668965719162461,0.423699439588193
"t11c",0.0808881324241507,0.451705514973964
"t11c",0.129581330156186,0.418831571943117
"t11c",0.138747792475627,0.407714815854171
"t11c",0.183261081904088,0.428835227231945
"t11c",0.190322926667281,0.449172762108323
"t11c",0.207708870654976,0.403098660730603
"t11c",0.160765867190009,0.44888322862703
"t11c",0.120287868765195,0.422587573861844
"t11c",0.166977684865788,0.405830089495836
"t11c",0.407754275753653,0.565626122368114
"t11c",0.392223265730121,0.566142049768035
"t11c",0.381441947337237,0.600826175103346
"t11c",0.376629788924328,0.560867982885975
"t11c",0.319383400199696,0.601364990539876
"t11c",0.360228337535602,0.597637625045985
"t11c",0.368831406903241,0.548934279565287
"t11c",0.31720984997894,0.565485144110503
"t11c",0.382005896066331,0.575218414192683
"t11c",0.339250633244177,0.606746972872706
"t11c",0.384798710745711,0.587410154655979
"t11c",0.360202703000047,0.58681515466445
"t11c",0.346773437331723,0.532202945750025
"t11c",0.417625454605917,0.566269725443867
"t11c",0.371574813267934,0.57862911323482
"t11c",0.364546310036488,0.995731848130332
"t11c",0.275984628996981,0.986945302608074
"t11c",0.314566964085838,0.990990167841456
"t11c",0.290769398070548,0.980855540528241
"t11c",0.282834025800049,0.992879973864714
"t11c",0.331924595112773,0.95601127163952
"t11c",0.489129750848004,0.104710484821833
"t11c",0.481812887905908,0.194871117290688
"t11c",0.437778482307894,0.183626783235197
"t11c",0.44842091867259,0.177511308188936
"t11c",0.458557582662327,0.115603229230333
"t11c",0.45945992697275,0.157165053539685
"t11c",0.516106306686785,0.16110726851983
"t11c",0.486003820804299,0.115403258517801
"t11c",0.461782105718982,0.12255433931663
"t11c",0.495456845567699,0.144371954538145
"t11c",0.51112618012923,0.107190713150975
"t11c",0.406495930527909,0.174131328741083
"t11c",0.414620062690466,0.162453837905574
"t11c",0.442081563833825,0.104430233493677
"t11c",0.488821403060575,0.163953179548472
"t11c",0.452436647673075,0.14419477928448
"t11c",0.624175283406237,0.350773752108018
"t11c",0.69493357864384,0.424777882654887
"t11c",0.670633967626607,0.366966688328937
"t11c",0.6555741565163,0.339605826383078
"t11c",0.647163468864633,0.362321342725398
"t11c",0.704510309341213,0.338566404321089
"t11c",0.687676573760535,0.389313219160822
"t11c",0.649841567504909,0.376707145294748
"t11c",0.646899537036138,0.412143653138801
"t11c",0.643265640321951,0.375535262622705
"t11c",0.624507016813533,0.348031234110732
"t11c",0.658471701752984,0.441058275590016
"t11c",0.623449418420107,0.107345071388904
"t11c",0.637318237616132,0.10860024110359
"t11c",0.662536455881215,0.0620387328315937
"t11c",0.684323797686085,0.119835541532439
"t11c",0.646663762183344,0.0678816306364283
"t11c",0.667821925196566,0.0737171274314715
"t11c",0.654193479429151,0.0792673814069034
"t11c",0.665153634451837,0.123089394694632
"t11c",0.43316369199692,0.876282526943392
"t11c",0.465044172133751,0.879900879043705
"t11c",0.420248625578049,0.886991594908617
"t11c",0.430092779863116,0.912702255905097
"t11c",0.465617725432695,0.845979765580673
"t11c",0.426358919761391,0.857881676525255
"t11c",0.381059076777144,0.900376672847471
"t11c",0.422196985983482,0.812372053430866
"t11c",0.641135174551598,0.855364269303038
"t11c",0.652023045496928,0.795800524602513
"t11c",0.630436657812071,0.815810866745397
"t11c",0.592077584123336,0.834780580869158
"t11c",0.672792583851774,0.835147163456266
"t11c",0.600222929201884,0.827871565428873
"t11c",0.600902038428326,0.836633401437741
"t11c",0.603312262985505,0.812223493570593
"t11c",0.660583207154512,0.81083644416299
"t11c",0.621980614616403,0.788759379912963
"t11c",0.642439873613947,0.784738237783349
"t11c",0.609671615853487,0.815497045096348
"t11c",0.634728384892186,0.810740936799156
"t11c",0.615391559571566,0.850814754422298
"t11c",0.682461620770232,0.817818550530904
"t11c",0.69087022599087,0.837692200394096
"t11c",0.660069578006694,0.812847956935375
"t11c",0.681894606258139,0.829505463520319
"t11c",0.653193292677295,0.860227273582383
"t11c",0.71506352979292,0.822147875932005
"t11c",0.695325469197499,0.850429402353722
"t11c",0.628530446792486,0.790411454817399
"t11c",0.678917233985029,0.825204829999704
"t11c",0.698036595690314,0.789802996713675
"t11c",0.650805863194447,0.83460393483654
"t11c",0.661481070696379,0.846264489259888
"t11c",0.645603408314073,0.823317694593809
"t11c",0.695723682527006,0.870326815729736
"t11c",0.706863858248268,0.848644442909055
"t11c",0.713081297629746,0.811726036556527
"t11c",0.657601174580943,0.801467269011921
"t11c",0.234919677676117,0.31008992883257
"t11c",0.245219613531291,0.276257191955222
"t11c",0.224472846472472,0.30863067488729
"t11c",0.23052677163596,0.313794953609691
"t11c",0.196297217680192,0.324536166850957
"t11c",0.256111773307348,0.273345781555135
"t11c",0.242813215206853,0.314560043379401
"t11c",0.254932598880823,0.337304967274486
"t11c",0.215240995177649,0.289827631679714
"t11c",0.234888704088795,0.310541141658125
"t11c",0.273171209021901,0.369648497365811
"t11c",0.234319525737411,0.34312045591861
"t11c",0.236370920373927,0.261539225287316
"t11c",0.210421022877184,0.290912328556276
"t12a",0.48558470630087,0.521856491686776
"t12a",0.93066360312514,0.481981465127319
"t12a",0.90700905979611,0.454340500757098
"t12a",0.867022406077012,0.703169615473598
"t12a",0.572961554629728,0.753519436344504
"t12a",0.0508446756284684,0.469511200441048
"t12a",0.66464214050211,0.822035756893456
"t12a",0.946466795401648,0.244158651679754
"t12a",0.724527096608654,0.590224557789043
"t12a",0.397200230974704,0.641730074537918
"t12a",0.464838571613654,0.2521783830598
"t12a",0.146761056035757,0.82361891772598
"t12a",0.564259054604918,0.124445583671331
"t12a",0.720178021350875,0.269858774496242
"t12a",0.318715391214937,0.391545094316825
"t12a",0.471014509908855,0.689906544052064
"t12a",0.247717555146664,0.240521359723061
"t12a",0.768758605467156,0.186203947057948
"t12a",0.546092100674286,0.585918653290719
"t12a",0.341762194409966,0.918686973629519
"t12a",0.907345781568438,0.971473851474002
"t12a",0.0145861266646534,0.508797355461866
"t12a",0.854995637899265,0.543694500112906
"t12a",0.980215562973171,0.625899529783055
"t12a",0.164340890012681,0.641295697074383
"t12a",0.191338317701593,0.617426208686084
"t12a",0.125836760504171,0.954086064826697
"t12a",0.790530900005251,0.276425802148879
"t12a",0.834282038500533,0.498963508289307
"t12a",0.598299925681204,0.975202029338107
"t12a",0.0803036857396364,0.729202803224325
"t12a",0.961495422990993,0.365830092458054
"t12a",0.863102904055268,0.576689886394888
"t12a",0.493419819977134,0.756441924255341
"t12a",0.858604654902592,0.800106928916648
"t12a",0.372589036589488,0.646330465329811
"t12a",0.67367127048783,0.319800083292648
"t12a",0.782482223585248,0.497331266757101
"t12a",0.777891478966922,0.912063537864015
"t12a",0.646749287378043,0.664161705877632
"t12a",0.599668642971665,0.357811976224184
"t12a",0.159959850367159,0.89643871691078
"t12a",0.925723529187962,0.799179803347215
"t12a",0.552480754209682,0.515500183217227
"t12a",0.825183905893937,0.312080536270514
"t12a",0.906079281354323,0.625410083914176
"t12a",0.546139534097165,0.172295783879235
"t12a",0.539846473140642,0.37186079681851
"t12a",0.750626538414508,0.863371913321316
"t12a",0.644537357380614,0.083972810767591
"t12a",0.79395536496304,0.577972006285563
"t12a",0.0171328084543347,0.130861780140549
"t12a",0.6414601248689,0.275562518741935
"t12a",0.700999036431313,0.941819042898715
"t12a",0.673608118901029,0.230585517594591
"t12a",0.459092875709757,0.719242404447868
"t12a",0.60173835256137,0.60638765594922
"t12a",0.532855272525921,0.652047042734921
"t12a",0.593560576206073,0.788886497961357
"t12a",0.843256674474105,0.843129789689556
"t12a",0.0685631043743342,0.84547120379284
"t12a",0.212525834329426,0.697297006146982
"t12a",0.802488877438009,0.881297221640125
"t12a",0.698046693811193,0.335642128717154
"t12a",0.354366120649502,0.7204659297131
"t12a",0.332077081315219,0.401225812500343
"t12a",0.47018205979839,0.563631785102189
"t12a",0.537404706701636,0.607540991390124
"t12a",0.654226128477603,0.307661364786327
"t12a",0.132285336498171,0.977154334774241
"t12a",0.530750425066799,0.433294133516029
"t12a",0.66141216061078,0.640829888405278
"t12a",0.286579641047865,0.414486172841862
"t12a",0.550111330812797,0.0835070675238967
"t12a",0.573756960220635,0.742831089533865
"t12a",0.382870845496655,0.497220990480855
"t12a",0.0763013609685004,0.921664135763422
"t12a",0.719807063927874,0.789772540796548
"t12a",0.90545961423777,0.396728699794039
"t12a",0.0117116866167635,0.772799930535257
"t12a",0.888470796635374,0.834161472972482
"t12a",0.642296506091952,0.990513425553218
"t12a",0.199243565788493,0.562766949879006
"t12a",0.0227865155320615,0.820090928813443
"t12a",0.608610460767522,0.69927572994493
"t12a",0.590106355724856,0.353254565037787
"t12a",0.81801501987502,0.66846147319302
"t12a",0.210457266541198,0.795451821060851
"t12a",0.105075411964208,0.10712389787659
"t12a",0.482497342163697,0.561826481483877
"t12a",0.315135486423969,0.921086970251054
"t12a",0.0193237042985857,0.704756619641557
"t12a",0.941082999110222,0.565122736850753
"t12a",0.573916210560128,0.104997208341956
"t12a",0.315010130405426,0.801022810395807
"t12a",0.777524672448635,0.307981137884781
"t12a",0.725910493638366,0.232454493641853
"t12a",0.0328280446119606,0.29359268839471
"t12a",0.275338829262182,0.345133039867505
"t12a",0.248555768281221,0.6777993964497
"t12a",0.669419597834349,0.7163242821116
"t12a",0.138280990999192,0.0671030802186579
"t12a",0.701995637500659,0.0442669137846678
"t12a",0.744540030835196,0.970147763378918
"t12a",0.763920456869528,0.252420308301225
"t12a",0.913339938735589,0.606888803187758
"t12a",0.677501836093143,0.511286902241409
"t12a",0.620402018772438,0.13603520905599
"t12a",0.0761481462977827,0.31285352143459
"t12a",0.435590307228267,0.674910839647055
"t12a",0.984219764592126,0.574531589169055
"t12a",0.86352656991221,0.441630751360208
"t12a",0.214491034857929,0.826414036564529
"t12a",0.347037768689916,0.249953323276713
"t12a",0.0116809702012688,0.611707426141948
"t12a",0.75326086115092,0.382731817662716
"t12a",0.91964627825655,0.360844050999731
"t12a",0.9294548840262,0.243881065165624
"t12a",0.241508049890399,0.531383995199576
"t12a",0.768104033311829,0.887779980432242
"t12a",0.895540826488286,0.80064358189702
"t12a",0.68200020166114,0.753707523923367
"t12a",0.940437176963314,0.10981947532855
"t12a",0.803712980123237,0.963395341066644
"t12a",0.186950690578669,0.966801048256457
"t12a",0.609508622903377,0.0672938274219632
"t12a",0.417395796161145,0.398411096073687
"t12a",0.747793543152511,0.737538373330608
"t12a",0.0868434035219252,0.134289892856032
"t12a",0.903725927928463,0.336567423772067
"t12a",0.868900620844215,0.157016546698287
"t12a",0.923080938635394,0.516872197622433
"t12a",0.416042503900826,0.432585905538872
"t12a",0.878629897721112,0.289753337623551
"t12a",0.636897551128641,0.621350938687101
"t12a",0.0822197741363198,0.772955356165767
"t12a",0.553525415482,0.397636547219008
"t12a",0.448619637871161,0.330938858445734
"t12a",0.758135099662468,0.751871756510809
"t12a",0.190476921852678,0.933656954905018
"t12a",0.451767092337832,0.876842249883339
"t12a",0.467665230389684,0.878805613843724
"t12a",0.0328939016908407,0.660227447981015
"t12a",0.0447188506368548,0.549837284488603
"t12a",0.785420159110799,0.00666006817482412
"t12a",0.681072036270052,0.618075858335942
"t12a",0.549197630491108,0.28371296171099
"t12a",0.437245308188722,0.630496017867699
"t12a",0.825147242518142,0.521915126591921
"t12a",0.0302498829551041,0.956757363397628
"t12a",0.0126792483497411,0.537767032627016
"t12a",0.050241278950125,0.983586879912764
"t12a",0.78420759155415,0.00248480332084
"t12a",0.813257262809202,0.375823349226266
"t12a",0.128636488690972,0.725111595587805
"t12a",0.5893400660716,0.554236574098468
"t12a",0.856732153333724,0.689192924182862
"t12a",0.687596075702459,0.698102069785818
"t12a",0.155182900838554,0.389845361933112
"t12a",0.852841837098822,0.673536675283685
"t12a",0.796385776950046,0.756324677728117
"t12a",0.596389059210196,0.101493584457785
"t12a",0.877825925592333,0.791572883259505
"t12a",0.887222708202899,0.935705372598022
"t12a",0.113886747974902,0.7220330205746
"t12a",0.379682539729401,0.835783332586288
"t12a",0.691970000276342,0.000143892830237746
"t12a",0.995986401336268,0.218897667946294
"t12a",0.883195254951715,0.12774072936736
"t12a",0.579352553468198,0.940782006597146
"t12b",0.149236447177827,0.258174480404705
"t12b",0.935328025370836,0.780323247425258
"t12b",0.193039484554902,0.101842037867755
"t12b",0.762055250117555,0.35558797349222
"t12b",0.0767122590914369,0.858834135578945
"t12b",0.0750941408332437,0.145332480315119
"t12b",0.613476996775717,0.907999748596922
"t12b",0.960022144718096,0.468192460946739
"t12b",0.613928853301331,0.0221298653632402
"t12b",0.573363442206755,0.145357153611258
"t12b",0.130084769800305,0.460668438812718
"t12b",0.524853560840711,0.697834386955947
"t12b",0.893892700551078,0.304588010534644
"t12b",0.687629244523123,0.495366421760991
"t12b",0.333500485634431,0.112186014186591
"t12b",0.436075713951141,0.936182407196611
"t12b",0.883643663022667,0.59484658529982
"t12b",0.681990530109033,0.967035695910454
"t12b",0.840205232612789,0.841599140781909
"t12b",0.675915594445542,0.325795525452122
"t12b",0.474883825751022,0.158076315419748
"t12b",0.500929634552449,0.961347757140175
"t12b",0.028183359419927,0.489840744063258
"t12b",0.190319725079462,0.655441511189565
"t12b",0.899050094885752,0.984925965545699
"t12b",0.215785437496379,0.217732360586524
"t12b",0.133688496658579,0.00483984523452818
"t12b",0.68567273253575,0.751007146667689
"t12b",0.854640414938331,0.0608462349046022
"t12b",0.00680976384319365,0.646495172055438
"t12b",0.204625991173089,0.52502882736735
"t12b",0.698048506164923,0.11249693413265
"t12b",0.302901994204149,0.326302389381453
"t12b",0.608792456332594,0.695819249143824
"t12b",0.983980936696753,0.115612178575248
"t12b",0.860368546331301,0.250075923046097
"t12b",0.41048369393684,0.0584270753897727
"t12b",0.880244144471362,0.514152497053146
"t12b",0.500373527174816,0.329188619507477
"t12b",0.627660061698407,0.0836283434182405
"t12b",0.229310208233073,0.277542175259441
"t12b",0.51296055642888,0.411593132652342
"t12b",0.13837524340488,0.910439622122794
"t12b",0.00822979514487088,0.204155825078487
"t12b",0.622684584232047,0.581802611006424
"t12b",0.131741313496605,0.822476085508242
"t12b",0.836052130209282,0.431109841912985
"t12b",0.758495509624481,0.0149157061241567
"t12b",0.472996373428032,0.591841322137043
"t12b",0.666739717591554,0.202675429172814
"t12b",0.81167532899417,0.972801076248288
"t12b",0.106133732711896,0.743578371126205
"t12b",0.57961873523891,0.282739428104833
"t12b",0.389747462701052,0.239406011532992
"t12b",0.869571652496234,0.183724052738398
"t12b",0.373289957642555,0.97726982855238
"t12b",0.360588365001604,0.900109813315794
"t12b",0.805362791987136,0.893669934244826
"t12b",0.462450078222901,0.728158126585186
"t12b",0.952050046762452,0.0460211290046573
"t12b",0.94264378445223,0.22915357677266
"t12b",0.359638041350991,0.39037834876217
"t12b",0.722760893637314,0.26496033417061
"t12b",0.269436449510977,0.98157059517689
"t12b",0.89203521469608,0.709999943384901
"t12b",0.379690344212577,0.547759586712345
"t12b",0.282811351818964,0.90488504129462
"t12b",0.205854684114456,0.988755382830277
"t12b",0.217223481973633,0.374971446581185
"t12b",0.938014649786055,0.64152827556245
"t12b",0.361485896864906,0.751626232871786
"t12b",0.794400200480595,0.797532181255519
"t12b",0.0153144111391157,0.3458151826635
"t12b",0.619795633247122,0.350573970703408
"t12b",0.567871652310714,0.992047138977796
"t12b",0.553431999869645,0.640809119679034
"t12b",0.253748759161681,0.716771283419803
"t12b",0.319239766569808,0.230409965384752
"t12b",0.825719783781096,0.716620516730472
"t12b",0.0237791396211833,0.906546681886539
"t12b",0.106223787879571,0.659504871349782
"t12b",0.240453962003812,0.595734931295738
"t12b",0.0222341979388148,0.99183970852755
"t12b",0.198744510300457,0.833610620582476
"t12b",0.788592214463279,0.281683303182945
"t12b",0.267219617497176,0.446481150109321
"t12b",0.970890747150406,0.381017818581313
"t12b",0.404144166503102,0.171875468222424
"t12b",0.764451174996793,0.482920764712617
"t12b",0.458339484175667,0.857850603992119
"t12b",0.333046973915771,0.471660896670073
"t12b",0.0550551288761199,0.0390895300079137
"t12b",0.55685482127592,0.828617303166538
"t12b",0.820995217887685,0.564431294100359
"t12b",0.89566948171705,0.914339697919786
"t12b",0.398082773433998,0.608315160498023
"t12b",0.745765673229471,0.569414952304214
"t12b",0.67698608734645,0.875688897911459
"t12b",0.314422870753333,0.0489999195560813
"t12b",0.0823686085641384,0.956420646049082
"t12b",0.303336956305429,0.619867200264707
"t12b",0.107585031772032,0.306826155865565
"t12c",0.742520790250322,0.64790725516225
"t12c",0.695058493430527,0.628636039891723
"t12c",0.764281426606855,0.689404956964169
"t12c",0.729180782235577,0.632358238641362
"t12c",0.747279558890946,0.630370465069225
"t12c",0.686333829113274,0.667486582171154
"t12c",0.759975049749755,0.669499296491851
"t12c",0.697159630699307,0.647855817117998
"t12c",0.713421511074045,0.680433534512253
"t12c",0.716108618533468,0.717227360474464
"t12c",0.875860692549202,0.00949858627713618
"t12c",0.912824448969601,0.00588891499907662
"t12c",0.890362229753139,0.0102326594967215
"t12c",0.88957018582176,0.0136063406892587
"t12c",0.643015768505014,0.27276213395895
"t12c",0.60742771491274,0.158718461638194
"t12c",0.67467276750297,0.137310474249953
"t12c",0.665295421156,0.166459461627264
"t12c",0.589069120962611,0.105168682473842
"t12c",0.653603208144446,0.209608966939163
"t12c",0.617521216175232,0.135565195507704
"t12c",0.594625941301468,0.14761762584935
"t12c",0.651032481163203,0.165977726821909
"t12c",0.663553887024739,0.118025385030142
"t12c",0.645614084279206,0.207998075009177
"t12c",0.656599757956897,0.103949780180092
"t12c",0.628053306857711,0.194232495060966
"t12c",0.640388734399922,0.216163336339133
"t12c",0.0749716810384002,0.88669595569983
"t12c",0.026619695880001,0.765110627130428
"t12c",0.024399957928892,0.798620923189651
"t12c",0.0468973333365896,0.85559480519292
"t12c",0.0210880836684657,0.801469754108503
"t12c",0.0164141186202992,0.80448818314975
"t12c",0.016469524728822,0.851483400456278
"t12c",0.0349007396197749,0.826535013399795
"t12c",0.0540483008448778,0.778261217646122
"t12c",0.715853988066799,0.179232911575546
"t12c",0.818231455222179,0.193942089075486
"t12c",0.726579145515084,0.197951332789481
"t12c",0.791188034574162,0.16507851117988
"t12c",0.91252793130066,0.0564017362524918
"t12c",0.970534052922617,0.0696292842964806
"t12c",0.929019563491483,0.0438400898767421
"t12c",0.913743875326599,0.101271176076019
"t12c",0.920009453965509,0.0778649015169176
"t12c",0.907996129678065,0.0610442586846764
"t12c",0.944873987824302,0.124302721988421
"t12c",0.910663273484918,0.0697056445600515
"t12c",0.9222588318541,0.0368401520096879
"t12c",0.984705395350511,0.0373082798346158
"t12c",0.960782485172482,0.106171817404007
"t12c",0.911893494423367,0.00943329280258226
"t12c",0.892640804066901,0.0253061077634602
"t12c",0.844496796179415,0.0941795578566608
"t12c",0.937119732097329,0.0910085953672102
"t12c",0.921403979375376,0.0777232608747664
"t12c",0.136883254407436,0.0276965235353857
"t12c",0.122155048254585,0.0216462310232036
"t12c",0.931256397408656,0.116128501806733
"t12c",0.953452899644934,0.0185916873245854
"t12c",0.972938801487179,0.109603357774526
"t12c",0.944304545547451,0.0516286927096709
"t12c",0.932201484755466,0.125911854917998
"t12c",0.98238535749193,0.0362840542368774
"t12c",0.931345551293391,0.056972892674682
"t12c",0.972922313120325,0.130193571541371
"t12c",0.1356128404493,0.0392296188389895
"t12c",0.184083064576204,0.0420915304948773
"t12c",0.142417901738561,0.0222130089011435
"t12c",0.189901580339915,0.00840697088956893
"t12c",0.132544898061902,0.00923426957882334
"t12c",0.0806418953620106,0.0609807597723434
"t12c",0.13179681466981,0.118663881723853
"t12c",0.152514673627033,0.0858034733690361
"t12c",0.142391387490622,0.0120012006717146
"t12c",0.130115035129229,0.0222415953355821
"t12c",0.157730260606653,0.0198376690837097
"t12c",0.131778189835034,0.60640572869159
"t12c",0.142161278260158,0.566716036844039
"t12c",0.17147023318843,0.583511001222647
"t12c",0.134681964268079,0.585988817949302
"t12c",0.151675940329402,0.538384284627586
"t12c",0.103738633645829,0.623017403516148
"t12c",0.160437443556002,0.549737426289357
"t12c",0.166961342924688,0.513660459888169
"t12c",0.131908032193692,0.584584006189745
"t12c",0.134543424064208,0.585552435458084
"t12c",0.175366371655447,0.613026755591903
"t12c",0.140680673537136,0.55584092773662
"t12c",0.939353582111154,0.45867931925014
"t12c",0.967875269430788,0.423076268298964
"t12c",0.962602599581375,0.460877079707474
"t12c",0.986758742586953,0.464610516777295
"t12c",0.998906395596321,0.420986258845038
"t12c",0.989045654783575,0.450359186637703
"t12c",0.999383210211328,0.4327214712669
"t12c",0.966483812167589,0.440060546239484
"t12c",0.905637693754665,0.426779390956084
"t12c",0.945617043195926,0.454715450585572
"t12c",0.999828231419892,0.455840761539448
"t12c",0.888619698052534,0.272299243669202
"t12c",0.874165906219788,0.297767298804172
"t12c",0.895455762367642,0.293439442611139
"t12c",0.925750937859752,0.266310203644375
"t12c",0.944653865397308,0.282682882724563
"t12c",0.902764104326986,0.280555169720063
"t12c",0.123580589639147,0.44008567763343
"t12c",0.163746653504981,0.514349003028831
"t12c",0.205786403158588,0.408586394405323
"t12c",0.147554142589123,0.452558496913483
"t12c",0.137557748147973,0.434395403315512
"t12c",0.202879280430485,0.444278625091933
"t12c",0.178705728028276,0.393948665215206
"t12c",0.168944525903749,0.463497167073324
"t12c",0.219574139544767,0.438595868953635
"t12c",0.130967498053534,0.442676763736282
"t12c",0.167167768931868,0.431471599251465
"t12c",0.208731007434615,0.322982832755341
"t12c",0.104523384507594,0.457394050424586
"t12c",0.179359105750178,0.385446270676109
"t12c",0.184821597477892,0.495474451209199
"t12c",0.587849207140016,0.106881036790333
"t12c",0.525754572975801,0.185330440432855
"t12c",0.590371079870577,0.151061617204375
"t12c",0.634202750521927,0.146511827829047
"t12c",0.603486188643909,0.127589054422559
"t12c",0.631795824326095,0.228603348076185
"t12c",0.585815929030498,0.114221026136517
"t12c",0.589047413545276,0.106219446191664
"t12c",0.617946081780129,0.147458036381683
"t12c",0.553773977231057,0.18246174324455
"t12c",0.57812056466138,0.152576698018598
"t12c",0.549038465483557,0.109352013600539
"t12c",0.536190747396528,0.0842562794575801
"t12c",0.586254556833235,0.11318962618389
"t12c",0.657182786017579,0.063497476154056
"t12c",0.30245048092733,0.154458960901034
"t12c",0.275362555913757,0.172899220567443
"t12c",0.254414322993436,0.108046072559231
"t12c",0.305716746472692,0.131420274527221
"t12c",0.381421622536214,0.136761271599934
"t12c",0.33988092389687,0.134174682143975
"t12c",0.316092615015712,0.145028751857487
"t12c",0.344104188222414,0.23382189580749
"t12c",0.350299006767775,0.170290197016381
"t12c",0.141052498609198,0.131020331653341
"t12c",0.114477133824063,0.10549485394519
"t12c",0.171658724832999,0.09577360997982
"t12c",0.160711297515417,0.105348570170978
"t12c",0.177957202759174,0.0459320390543236
"t12c",0.108923041405691,0.145316637404301
"t12c",0.200116089268936,0.146030565538578
"t12c",0.0755309372373821,0.117752493273678
"t12c",0.3317577536627,0.592394425916711
"t12c",0.37370207617161,0.631150782651979
"t12c",0.402636760611756,0.660023636431691
"t12c",0.0688021536531156,0.506864220273096
"t12c",0.0899599905601686,0.566664299192016
"t12c",0.10767497329702,0.540140120313147
"t12c",0.0499785730949181,0.566101143143601
"t12c",0.0793911364356722,0.565203554315646
"t12c",0.0473293031813186,0.528426544321751
"t12c",0.067033635354498,0.59486078970581
"t12c",0.0810384983270966,0.530427332963891
"t12c",0.0958371098316323,0.579128429121181
"t12c",0.108142350985802,0.466924077486524
"t12c",0.0313444707969315,0.569283265175663
"t12c",0.67035748226622,0.0299288037528174
"t12c",0.693223101376171,0.0369173970913128
"t12c",0.484809433267394,0.448226266712108
"t12c",0.498673479689976,0.495005905294375
"t12c",0.477257362022982,0.509100833725971
"t12c",0.479739595968477,0.512138934044104
"t12c",0.503294164806745,0.465052833342815
"t12c",0.477323259269651,0.497669567015452
"t12c",0.478781095744588,0.515074420681161
"t12c",0.526335089214396,0.54033699861138
"t12c",0.504949450297168,0.508833579888564
"t12c",0.544931985313939,0.53723974186188
"t12c",0.478430391831374,0.500567313722238
"t12c",0.471765315636854,0.475225986556495
"t12c",0.54466393570908,0.494674316668505
"t12c",0.878535135761485,0.0871341538826194
"t12c",0.906688833756264,0.0601222038417947
"t12c",0.92549580763033,0.161069643315378
"t12c",0.910470074495903,0.108290274080189
"t12c",0.923109808096161,0.151481264195024
"t12c",0.838209079996478,0.164449246404311
"t12c",0.828565393042551,0.0605182941041308
"t12c",0.0252558720809146,0.926326740348611
"t12c",0.105831391745505,0.953175769209258
"t12c",0.0270089331442013,0.943869153067034
"t12c",0.0128301729942514,0.958879818556118
"t12c",0.00444059618375797,0.956730205648417
"t12c",0.0328573208230689,0.965462401279331
"t12c",0.0564674952945744,0.925767764603636
"t12c",0.0795217149927049,0.991707622589083
"t12c",0.00567981196680323,0.985992106966909
"t12c",0.0543203603286011,0.929913651362088
"t12c",0.0186795214684703,0.969729988964572
"t12c",0.111383481793399,0.990827472094543
"t12c",0.122199232069874,0.486858352972283
"t12c",0.166989588781484,0.591012523037526
"t12c",0.115225717985521,0.570953391116111
"t12c",0.165326976747159,0.580327770272709
"t12c",0.136453191053498,0.592703032650812
"t12c",0.107850560060701,0.509197211160531
"t12c",0.164988845494977,0.589772449587751
"t12c",0.584968471601177,0.415030092833866
"t12c",0.64806769814039,0.42430217707737
"t12c",0.54492885068221,0.445844705289472
"t12c",0.580883525142126,0.433761342654309
"t12c",0.597305210165484,0.389848932778548
"t12c",0.59193426332568,0.442753214105912
"t12c",0.558159473576031,0.383952543898051
"t12c",0.536776223446609,0.465294201941285
"t12c",0.531794019255153,0.519748174332916
"t12c",0.577555428540534,0.448812097680131
"t12c",0.544584243009978,0.498516518920682
"t12c",0.560252587630836,0.430001031795619
"t12c",0.581473397405992,0.4413569722162
"t12c",0.568995561979018,0.43126954257065
"t12c",0.557642207829331,0.446346874458423
"t12c",0.699279623453847,0.91015542047677
"t12c",0.75731203759663,0.839351444696066
"t12c",0.690636030904039,0.863476924538866
"t12c",0.731973816588697,0.90480579564585
"t12c",0.762856607252481,0.937093453674436
"t12c",0.674902965185532,0.875504431985893
"t12c",0.637329604208392,0.930008831868357
"t12c",0.533286325389341,0.923441108205917
"t12c",0.571597506135666,0.973629922858976
"t12c",0.596162169752343,0.987601059276837
"t12c",0.577388673246265,0.97074105705643
"t12c",0.467574652249769,0.9877684966364
"t12c",0.636133642073411,0.958844823043062
"t12c",0.586220108342067,0.985932152514883
"t12c",0.578651417628794,0.989202980958457
"t12c",0.598352077206635,0.991050036257827
"t12c",0.968887866277269,0.430202783034971
"t12c",0.978041465750348,0.409984671387889
"t12c",0.761800820462619,0.117885716640843
"t12c",0.846873532965765,0.134298300817062
"t12c",0.815354759829631,0.177143200746744
"t12c",0.8320146474466,0.117918557383479
"t12c",0.716005853199689,0.107542953393102
"t12c",0.797854789227676,0.176079583566264
"t12c",0.815110025396273,0.156886536656557
"t12c",0.852325885278774,0.198183744925929
"t12c",0.966503977360615,0.917871387890619
"t12c",0.507348951233759,0.438830814278148
"t12c",0.454348659728205,0.407756967533716
"t12c",0.423021008890535,0.403910993469618
"t12c",0.40041596304188,0.445323113169352
"t12c",0.451344884853347,0.471364540216286
"t12c",0.509279339340307,0.478081779026399
"t12c",0.465986418370063,0.457307970317933
"t12c",0.470165568517103,0.405303014383994
