"replica","h_nrd0","ise_nrd0","h_nrd","ise_nrd","h_ucv","ise_ucv","h_bcv","ise_bcv","h_SJ","ise_SJ","aviso_nrd0","aviso_nrd","aviso_ucv","aviso_bcv","aviso_SJ"
1,0.3411482332,0.0380750564,0.401796808,0.0539564268,0.1483786857,0.0070826992,0.1417660601,0.0068208429,0.1474411472,0.0070412195,0,0,0,0,0
2,0.3381652288,0.0382939342,0.3982834917,0.0539109864,0.1161476641,0.0069781632,0.1417482824,0.0068827701,0.1414310509,0.0068756429,0,0,0,0,0
3,0.3284060161,0.0272794849,0.3867893079,0.0410713534,0.1058178978,0.0083252306,0.1404207057,0.0060653404,0.1355571361,0.0062185218,0,0,0,0,0
4,0.3435669309,0.0405022932,0.4046454964,0.0562369109,0.1346257674,0.0073651168,0.1611662821,0.0086326773,0.1514161285,0.0080175912,0,0,0,0,0
5,0.3287736051,0.0323755682,0.3872222461,0.0462210258,0.1332507453,0.0082473125,0.1379358482,0.0082260101,0.1409311125,0.0082330871,0,0,0,0,0
6,0.3293821731,0.0343515608,0.3879390039,0.0484448426,0.0924899274,0.0121236575,0.1881329158,0.0101878024,0.1522132556,0.0077777819,0,0,0,0,0
7,0.3242744101,0.0395597401,0.3819231941,0.0530518521,0.1616504876,0.0120831048,0.1730006464,0.0133018275,0.1649931462,0.0124254744,0,0,0,0,0
8,0.3336981995,0.029850275,0.3930223239,0.0448095718,0.1041203454,0.0145055401,0.1211402598,0.0118348405,0.1255226791,0.0112615872,0,0,0,0,0
9,0.3348422424,0.0454336291,0.3943697522,0.0598348155,0.1528726954,0.0128423942,0.1693924758,0.0145800882,0.163268297,0.0138922701,0,0,0,0,0
10,0.3299345625,0.0309832036,0.3885895959,0.0461227328,0.1265410175,0.0068837696,0.1290170051,0.0067712663,0.1335931691,0.0065888149,0,0,0,0,0
11,0.3365835515,0.0325796087,0.3964206274,0.0467329103,0.1450003583,0.0097038327,0.1412094795,0.0097248014,0.1457071368,0.009703013,0,0,0,0,0
12,0.3167377094,0.0388096422,0.3730466355,0.0518138774,0.1309261798,0.0140426903,0.1600439668,0.0151619988,0.1537765803,0.0148053577,0,0,0,0,0
13,0.3347063022,0.0353598873,0.3942096449,0.0505854466,0.1211673689,0.0058074701,0.1527565196,0.0062029925,0.144845126,0.0059112995,0,0,0,0,0
14,0.3428592849,0.0339611824,0.4038120466,0.0495496785,0.0916582338,0.0123601142,0.1604116945,0.0060145461,0.1379452413,0.0063274867,0,0,0,0,0
15,0.3297895591,0.0320518718,0.3884188141,0.0465783601,0.1240918993,0.0036768128,0.153063186,0.0043691469,0.1476242086,0.0041200471,0,0,0,0,0
16,0.3280590729,0.0343093772,0.3863806858,0.048797169,0.1260552854,0.0060082825,0.1459781778,0.0063381443,0.1449042702,0.0063013155,0,0,0,0,0
17,0.341100106,0.0437576054,0.4017401248,0.0590330936,0.1340304548,0.0161403681,0.1444511747,0.0161873595,0.1444259618,0.016187016,0,0,0,0,0
18,0.343486141,0.0375518848,0.4045503438,0.0526084754,0.1575630762,0.0077598127,0.1499261338,0.0072717518,0.1535736814,0.0075003208,0,0,0,0,0
19,0.343282274,0.0355583788,0.4043102338,0.0514101747,0.1280317407,0.0097152225,0.1299140513,0.0096252925,0.1332027246,0.0094879373,0,0,0,0,0
20,0.3313628954,0.0407338398,0.3902718546,0.054947342,0.1536629873,0.0107193882,0.158649116,0.0111333455,0.1583327912,0.0111049915,0,0,0,0,0
21,0.3398278367,0.0362478239,0.4002416743,0.0513354892,0.1469535493,0.0043772303,0.1557760304,0.005023213,0.1545051516,0.0049249803,0,0,0,0,0
22,0.3325225701,0.0360293397,0.3916376937,0.0506812027,0.1416589634,0.0060946004,0.1548219105,0.0068635636,0.1516579143,0.0066550626,0,0,0,0,0
23,0.3386493962,0.0340167011,0.3988537333,0.0494664567,0.1403267174,0.0027455323,0.1477731975,0.0030923552,0.1474628778,0.0030762725,0,0,0,0,0
24,0.336253437,0.0395281224,0.3960318258,0.0538963146,0.1613018867,0.0118026819,0.1622185732,0.0118699296,0.1599360235,0.011704223,0,0,0,0,0
25,0.3358882549,0.0369973299,0.3956017225,0.0515558338,0.0967018661,0.0122043674,0.1655481732,0.0090850299,0.1387163756,0.0085615312,0,0,0,0,0
26,0.3521140023,0.0412957846,0.4147120472,0.0568931828,0.1418167092,0.0104688845,0.1383582093,0.0104190356,0.1443579217,0.0105189881,0,0,0,0,0
27,0.3259934563,0.0267636663,0.3839478485,0.0405578549,0.1462940465,0.0027127794,0.1387045033,0.0025514508,0.1433830687,0.002642364,0,0,0,0,0
28,0.3446775791,0.0410779477,0.4059535932,0.056717707,0.1333895545,0.0089753942,0.1456021692,0.0091885718,0.1464568273,0.0092146129,0,0,0,0,0
29,0.3309837247,0.0326864251,0.3898252757,0.047125616,0.1605626129,0.0065168784,0.1430510392,0.0056406388,0.151125645,0.0059980535,0,0,0,0,0
30,0.3353899659,0.0347195351,0.3950148487,0.049771856,0.1419978098,0.0059401304,0.1487832283,0.0061689131,0.1484110702,0.0061545816,0,0,0,0,0
31,0.3173359504,0.0344548913,0.3737512305,0.0463292855,0.0757606603,0.0303408122,0.1523115559,0.0187866254,0.1368414477,0.0196113878,0,0,0,0,0
32,0.333552113,0.0436767444,0.3928502665,0.0579668977,0.171991033,0.0151851217,0.1632558926,0.0142926044,0.1647871526,0.014442066,0,0,0,0,0
33,0.3324178409,0.0370493953,0.391514346,0.0521633749,0.1249729977,0.0058331403,0.1603592861,0.0074154713,0.1530016524,0.0069077095,0,0,0,0,0
34,0.3289957721,0.0447466373,0.3874839094,0.0588025807,0.1743594442,0.0166472829,0.1711439022,0.0162710118,0.1695777866,0.0160916503,0,0,0,0,0
35,0.336412663,0.0440831019,0.3962193587,0.0590950523,0.1573525,0.0134120387,0.1686290249,0.0143958644,0.1643163691,0.013999166,0,0,0,0,0
36,0.3285158168,0.0310316738,0.3869186287,0.0442086884,0.1212973095,0.0136364105,0.1465924792,0.0119528732,0.1420970904,0.0121490111,0,0,0,0,0
37,0.328488218,0.0384294881,0.3868861234,0.0527840629,0.157841646,0.0093298235,0.1529153465,0.0089466781,0.1559635513,0.0091822005,0,0,0,0,0
38,0.3340446049,0.0305286095,0.3934303125,0.0456303172,0.1283362001,0.0049966914,0.1391588852,0.0048382366,0.1402695002,0.0048321966,0,0,0,0,0
39,0.3324514046,0.0305954601,0.3915538766,0.0451885603,0.1555781883,0.0043536768,0.1419302336,0.0038065699,0.1482158332,0.0040280343,0,0,0,0,0
40,0.3391910803,0.0356015241,0.3994917168,0.0507289791,0.1421595522,0.0056420358,0.14545054,0.0057563406,0.1478966892,0.0058517799,0,0,0,0,0
41,0.3157695976,0.0370102979,0.3719064149,0.0477248409,0.0957803863,0.0293929023,0.1564888274,0.0238782532,0.1461009409,0.0242594387,0,0,0,0,0
42,0.3326844322,0.0289518485,0.3918283313,0.0432623574,0.1448112395,0.0040097645,0.1357327531,0.0039476065,0.1425160837,0.0039815504,0,0,0,0,0
43,0.3299947679,0.0302259555,0.3886605045,0.044206124,0.1150832658,0.010341016,0.1432605473,0.0087164525,0.1380819319,0.0088821399,0,0,0,0,0
44,0.337444149,0.0347486807,0.3974342199,0.0502332235,0.1465690379,0.0057838818,0.1389510722,0.0056064922,0.145368171,0.0057502648,0,0,0,0,0
45,0.3415613406,0.0345675084,0.4022833567,0.0497833884,0.1135773894,0.0117423633,0.1386119002,0.0099402305,0.1354234973,0.0100865168,0,0,0,0,0
46,0.3311956653,0.0288150132,0.3900748947,0.0427379486,0.0876644726,0.015864272,0.1558424874,0.0084377598,0.1395485868,0.0089808426,0,0,0,0,0
47,0.3455106647,0.0397592144,0.4069347829,0.0552545545,0.1445809692,0.0091201169,0.1489515989,0.0092576843,0.1498824271,0.0092916103,0,0,0,0,0
48,0.323192063,0.0323777132,0.3806484298,0.0459049636,0.1373141155,0.0082544582,0.1524705735,0.0086733464,0.1477810793,0.008505018,0,0,0,0,0
49,0.3273126712,0.0426455362,0.3855015906,0.0562980575,0.1880823723,0.0186301324,0.1649662268,0.0161394315,0.1691237981,0.0165531913,0,0,0,0,0
50,0.3262609003,0.0280802771,0.3842628381,0.0419887058,0.1458791941,0.0050067579,0.1295819805,0.0050648283,0.1398633403,0.0049802484,0,0,0,0,0
51,0.3315379864,0.0361959627,0.3904780729,0.051340465,0.1464089399,0.0067887801,0.1491501184,0.0069141318,0.1495236638,0.0069322327,0,0,0,0,0
52,0.3264709464,0.040951696,0.3845102257,0.0530264687,0.1800943709,0.0198128314,0.1565452462,0.0179876157,0.1642074151,0.0185269358,0,0,0,0,0
53,0.3209531581,0.043421372,0.3780114973,0.0566392936,0.1309963445,0.0168432291,0.1907265891,0.0207582726,0.1626151078,0.0181449115,0,0,0,0,0
54,0.3308934751,0.0343888412,0.3897189818,0.0486017624,0.1367757041,0.0078845185,0.147156968,0.0080629301,0.1470699463,0.0080607123,0,0,0,0,0
55,0.3253228469,0.0339205387,0.3831580197,0.0471348283,0.1586989761,0.0104501756,0.1519523668,0.0101408802,0.1550218405,0.0102760799,0,0,0,0,0
56,0.3293512001,0.0292965267,0.3879025246,0.0436047813,0.1326707333,0.0056384133,0.1477152933,0.0055533444,0.1436279632,0.005537656,0,0,0,0,0
57,0.3222668965,0.0475847265,0.3795587892,0.0605445213,0.1817843844,0.0236486043,0.1732273824,0.0226910441,0.1718958479,0.0225485979,0,0,0,0,0
58,0.3251451009,0.038308596,0.3829486744,0.0513492387,0.0785949978,0.015693656,0.1778019971,0.0145865882,0.157911872,0.0129233442,0,0,0,0,0
59,0.3288843931,0.0382681103,0.3873527296,0.0530340459,0.1477403284,0.0076393688,0.1551053671,0.0081637728,0.1534641032,0.0080408698,0,0,0,0,0
60,0.3260505377,0.0407495354,0.3840150778,0.0538177199,0.1263922413,0.0153342412,0.1804747517,0.0181183839,0.1685011149,0.0171434335,0,0,0,0,0
61,0.3241017792,0.038751302,0.3817198733,0.0527155296,0.155992204,0.0111473098,0.1542338708,0.0110179182,0.1553886146,0.0111025904,0,0,0,0,0
62,0.3469388603,0.0444280262,0.4086168799,0.0603331727,0.1157196022,0.0159202649,0.142184348,0.0145217018,0.1390404404,0.0145905155,0,0,0,0,0
63,0.3318697945,0.03641388,0.3908688691,0.0518103205,0.1318096812,0.0041516878,0.1423830786,0.0045098652,0.1437632039,0.0045725021,0,0,0,0,0
64,0.3464691387,0.0455757515,0.4080636523,0.0601209083,0.0631645805,0.0254678006,0.1839175935,0.0181992913,0.1667531637,0.0167300131,0,0,0,0,0
65,0.3375729858,0.0367523798,0.397585961,0.0517253153,0.1616710326,0.0066656836,0.1535011067,0.0059912414,0.1567342025,0.006245871,0,0,0,0,0
66,0.3373624968,0.0393183939,0.3973380518,0.0539887735,0.1375153002,0.0104108016,0.1646532692,0.0114439816,0.1558130894,0.0109649952,0,0,0,0,0
67,0.3333740284,0.0313944857,0.3926405223,0.0460329182,0.1345260705,0.0084108596,0.1385077092,0.0083036399,0.1402221719,0.0082639378,0,0,0,0,0
68,0.341622992,0.0369662444,0.4023559684,0.0515972597,0.1285112735,0.0074008519,0.1507933476,0.0079365051,0.1478410136,0.0078176417,0,0,0,0,0
69,0.3214111481,0.0341307735,0.3785509077,0.0481993996,0.1248762973,0.0065338496,0.1521302568,0.0074590202,0.1475770983,0.0072133083,0,0,0,0,0
70,0.341264561,0.0351547562,0.4019338163,0.0505323536,0.1308824418,0.0047422209,0.1556337315,0.0054802339,0.1500727648,0.0052199086,0,0,0,0,0
71,0.3228963358,0.0337045873,0.3803001289,0.0461473519,0.1268775412,0.0206761919,0.1395070168,0.0196576196,0.1380659348,0.0197589088,0,0,0,0,0
72,0.3386032021,0.0340695795,0.3987993269,0.0490327096,0.1316146555,0.0063254383,0.1582754852,0.0067801404,0.14903139,0.0064763067,0,0,0,0,0
73,0.3399343525,0.0346013414,0.4003671263,0.0495900822,0.1376167818,0.0033892468,0.1479026688,0.003859385,0.1487968687,0.0039076932,0,0,0,0,0
74,0.3299491108,0.0357506896,0.3886067305,0.0506616263,0.1332793443,0.005493394,0.1353396432,0.005513313,0.1414635085,0.0056167181,0,0,0,0,0
75,0.3152403729,0.0298770249,0.3712831059,0.0423759148,0.0949978907,0.0225709,0.13598366,0.015871133,0.129158843,0.0166301094,0,0,0,0,0
76,0.3461039186,0.0390379548,0.4076335041,0.0551404107,0.1325350944,0.0060829467,0.1374630892,0.006141934,0.1418261079,0.0062341737,0,0,0,0,0
77,0.3295070771,0.0343235434,0.388086113,0.0475715663,0.1523301488,0.0114613988,0.143580211,0.0112508409,0.1490780948,0.0113688805,0,0,0,0,0
78,0.3294958865,0.0431371915,0.388072933,0.0582171118,0.163845979,0.0131481033,0.1533191637,0.0122391709,0.1556706928,0.0124285547,0,0,0,0,0
79,0.3337839563,0.0371918141,0.3931233263,0.0521784839,0.1060363458,0.0113260532,0.1550716592,0.0095307456,0.1423594444,0.0094030011,0,0,0,0,0
80,0.3417315189,0.045114142,0.4024837889,0.0601290931,0.1546660683,0.0130204317,0.1763602116,0.0150270157,0.1658637373,0.013973511,0,0,0,0,0
81,0.3330069159,0.032292371,0.3922081454,0.0473755189,0.0827871111,0.0097529567,0.1603314345,0.0045130335,0.1400173813,0.00398082,0,0,0,0,0
82,0.3265210242,0.0363743863,0.3845692063,0.0504906985,0.1139853501,0.0069058131,0.1706220768,0.0090881042,0.1527790742,0.0076825263,0,0,0,0,0
83,0.3287411109,0.0313304927,0.387183975,0.0453649676,0.1029910628,0.0108278011,0.1544394484,0.0077635745,0.1426834483,0.0078615532,0,0,0,0,0
84,0.3482722311,0.0422610339,0.4101872944,0.057773485,0.1439606198,0.0101837561,0.1575467059,0.0109083728,0.1545099999,0.0107246723,0,0,0,0,0
85,0.324657919,0.0431694703,0.3823748824,0.0566253461,0.0894665348,0.0180409021,0.178152953,0.0184148854,0.162513385,0.0170632907,0,0,0,0,0
86,0.3373536362,0.0341380105,0.397327616,0.0488396587,0.144163764,0.0080355775,0.1416107978,0.0080055296,0.1455601654,0.0080564548,0,0,0,0,0
87,0.3405382084,0.0357482892,0.4010783344,0.0504387865,0.1338096651,0.0092127439,0.1591446108,0.0095243707,0.1522181478,0.0093284591,0,0,0,0,0
88,0.3216440406,0.0336087664,0.3788252033,0.0468038563,0.1362125787,0.0111854449,0.15040405,0.0114107666,0.1479835878,0.0113529791,0,0,0,0,0
89,0.3329494633,0.0324218992,0.3921404791,0.0471869673,0.1514875017,0.0038188534,0.1460017355,0.0035085575,0.1493463099,0.0036918969,0,0,0,0,0
90,0.3375482715,0.0383832794,0.3975568531,0.0528131815,0.1144022598,0.008453742,0.1654123049,0.0099742541,0.154121367,0.0092167576,0,0,0,0,0
91,0.3356751227,0.0362932237,0.3953507,0.0516158072,0.1333210543,0.0106489934,0.1265880201,0.0109214661,0.1350441519,0.0105916531,0,0,0,0,0
92,0.3196915036,0.038991867,0.3765255487,0.0520337729,0.1578315681,0.014063236,0.1475843267,0.0133833777,0.1523066684,0.0136817828,0,0,0,0,0
93,0.3316955805,0.0369675541,0.3906636837,0.0497873832,0.1432766727,0.0167273525,0.1764602323,0.0172688929,0.1614276392,0.0168127794,0,0,0,0,0
94,0.3336437656,0.0374850148,0.3929582129,0.051801972,0.1414977761,0.008818638,0.1729030075,0.0108189795,0.159631671,0.0097880964,0,0,0,0,0
95,0.3366368181,0.0376435486,0.3964833635,0.0533022521,0.1412842032,0.0070400487,0.1351293583,0.0069215789,0.1430395235,0.0070857017,0,0,0,0,0
96,0.340664189,0.037697471,0.4012267115,0.0533792106,0.126079193,0.0103627608,0.1289226381,0.0102398277,0.1352809386,0.0100196629,0,0,0,0,0
97,0.3298812607,0.0340840878,0.3885268182,0.0473809828,0.1221241394,0.0112424907,0.1479539259,0.0107481426,0.1446341746,0.0107402079,0,0,0,0,0
98,0.3371342733,0.0390631003,0.3970692552,0.0539427416,0.1650849115,0.0117136176,0.1430763992,0.0105001431,0.1518030873,0.0109149368,0,0,0,0,0
99,0.3306300208,0.0318124548,0.3894086912,0.0460219947,0.1424004066,0.0048294289,0.1471833132,0.005003261,0.1476414442,0.0050207664,0,0,0,0,0
100,0.3161340473,0.0328733358,0.3723356557,0.045476196,0.1378141696,0.0100788503,0.1460787124,0.0102783387,0.1455126451,0.010261067,0,0,0,0,0
101,0.3398360259,0.0349027812,0.4002513194,0.0506252331,0.1297189324,0.0038857147,0.1300978515,0.0038814788,0.1382366782,0.0038602755,0,0,0,0,0
102,0.3399104425,0.0390663479,0.4003389656,0.0540045877,0.0935418587,0.0107908645,0.1646780572,0.0102773381,0.1543531813,0.0096615909,0,0,0,0,0
103,0.3236075034,0.0376217857,0.3811377263,0.0507367042,0.1369656528,0.0134682348,0.1620179425,0.0142762845,0.1545683836,0.0139271411,0,0,0,0,0
104,0.3275735463,0.0323879141,0.3858088434,0.0460137599,0.1487661327,0.0087940066,0.1404836736,0.008658157,0.1468051156,0.0087538384,0,0,0,0,0
105,0.3355012972,0.0355507489,0.3951459722,0.0502035413,0.1440788695,0.0068024932,0.1512629351,0.0071220054,0.1516981109,0.0071444776,0,0,0,0,0
106,0.3222889498,0.0350531157,0.3795847631,0.0479964154,0.130917264,0.010756659,0.1635805939,0.0119685391,0.1560972241,0.0115447766,0,0,0,0,0
107,0.3350774718,0.0375627104,0.3946468001,0.0516743552,0.1438747026,0.0110651223,0.1439040503,0.0110655416,0.1497506028,0.0111657688,0,0,0,0,0
108,0.3262911773,0.0329261022,0.3842984977,0.0467094098,0.0595808308,0.0204237941,0.1703593944,0.0090595185,0.1557336047,0.0081653197,0,0,0,0,0
109,0.329457628,0.0363045044,0.3880278729,0.051067334,0.1447534462,0.0067666152,0.156439324,0.0075508952,0.1532090388,0.0073168975,0,0,0,0,0
110,0.3398759508,0.0418303549,0.400298342,0.056980781,0.1608549673,0.0120962728,0.1565378683,0.0118034441,0.1582361452,0.0119143095,0,0,0,0,0
111,0.333436848,0.0396365475,0.3927145099,0.0550172772,0.1012586137,0.0109904736,0.1507398077,0.010001575,0.1404955739,0.0097091975,0,0,0,0,0
112,0.3438114911,0.0373286327,0.4049335339,0.053037092,0.0907374893,0.0072941064,0.1597141294,0.0056257308,0.1464343335,0.0049574617,0,0,0,0,0
113,0.3300791865,0.0278770244,0.3887599307,0.0419103261,0.1463673747,0.00493329,0.140347484,0.0049003647,0.1441368545,0.0049159368,0,0,0,0,0
114,0.3227791398,0.0337060204,0.3801620979,0.0471305418,0.1142297575,0.0110565062,0.1600259521,0.0106027405,0.1455112712,0.0102488404,0,0,0,0,0
115,0.3352818955,0.0302543647,0.3948875658,0.0446508301,0.1382440503,0.0047612863,0.14542775,0.0048377267,0.1449039656,0.0048292621,0,0,0,0,0
116,0.3403472375,0.0341207881,0.4008534131,0.0493103472,0.1139986943,0.0071874934,0.1542901241,0.0067328418,0.1462037546,0.0065570871,0,0,0,0,0
117,0.3462403955,0.0399700087,0.4077942436,0.0553171123,0.1246044535,0.0094039024,0.1559805763,0.0100247156,0.1510093627,0.009810608,0,0,0,0,0
118,0.3353095888,0.0349582699,0.3949201824,0.0503240218,0.1487955748,0.0058190374,0.1382503416,0.0055061486,0.1435629017,0.0056432576,0,0,0,0,0
119,0.3320404227,0.0294762185,0.3910698312,0.0438439819,0.1469380687,0.0042353726,0.1461406073,0.0042151066,0.1474359384,0.0042481581,0,0,0,0,0
120,0.3254696686,0.034776301,0.383330943,0.0487906769,0.1470960986,0.0082334537,0.1501996996,0.0083729213,0.1502336707,0.0083745719,0,0,0,0,0
121,0.324681507,0.0399066128,0.3824026638,0.0532691401,0.1319716989,0.0163486972,0.1588673294,0.0164583953,0.1490248325,0.0162470879,0,0,0,0,0
122,0.3297478097,0.0338977879,0.3883696425,0.0481072196,0.1242030915,0.0063438877,0.1511847401,0.007037231,0.1487019367,0.0069217749,0,0,0,0,0
123,0.3125005918,0.0363845209,0.3680562525,0.0495452694,0.0706340357,0.0210074115,0.1492434375,0.0119876034,0.1371577439,0.0119016387,0,0,0,0,0
124,0.3336526752,0.0373631907,0.3929687063,0.0502929818,0.1668714816,0.0153964156,0.1608581897,0.0151071299,0.1604348738,0.0150882678,0,0,0,0,0
125,0.3392224582,0.0329414457,0.399528673,0.0479314151,0.1487121377,0.0048459326,0.1441659779,0.0046999484,0.1478897332,0.0048177541,0,0,0,0,0
126,0.334441665,0.031473899,0.393897961,0.0466318817,0.0871551546,0.006960194,0.1590855642,0.0036016254,0.145028281,0.0031063227,0,0,0,0,0
127,0.3400479378,0.0329227618,0.4005009045,0.0473444723,0.1516753534,0.0122767823,0.133158655,0.0127314767,0.1398497772,0.0125248659,0,0,0,0,0
128,0.3148836074,0.0321347631,0.3708629154,0.0458779783,0.1490197521,0.0072890229,0.1362316873,0.0068149099,0.1440605741,0.0070786675,0,0,0,0,0
129,0.3390419283,0.0402923848,0.3993160489,0.0548974498,0.1718976275,0.0135565706,0.1641889574,0.0129665637,0.1641173615,0.0129613403,0,0,0,0,0
130,0.3391313518,0.0356917169,0.3994213699,0.0510397514,0.1465664843,0.005055678,0.1433264525,0.0049088159,0.1473922522,0.0050957141,0,0,0,0,0
131,0.3335907207,0.0382968664,0.3928957377,0.0523290599,0.1436673007,0.0093343006,0.1586914056,0.0101919868,0.1539785893,0.0098871301,0,0,0,0,0
132,0.3336446299,0.0336387667,0.3929592307,0.0484578816,0.0597609828,0.0128627242,0.1526052947,0.0052235104,0.1489917546,0.0050432263,0,0,0,0,0
133,0.3322554547,0.0323838233,0.3913230911,0.0470958273,0.1449058975,0.0038604714,0.1487257049,0.00406438,0.1497131076,0.0041200285,0,0,0,0,0
134,0.336880215,0.0324862129,0.3967700311,0.046827881,0.1649224395,0.0064138152,0.1483777144,0.0054355478,0.1544465103,0.0057616028,0,0,0,0,0
135,0.331624554,0.0306602086,0.3905800302,0.0445546779,0.1182723814,0.0079096812,0.1530357802,0.0074735596,0.1457366311,0.0073815652,0,0,0,0,0
136,0.3370795912,0.0397835422,0.3970048518,0.0543752711,0.1705222451,0.01096203,0.164434767,0.0103640741,0.1644515199,0.0103656765,0,0,0,0,0
137,0.3305654023,0.0427065057,0.3893325849,0.0556973478,0.1444212215,0.0200784895,0.1760317581,0.0212815252,0.1660464075,0.0207525702,0,0,0,0,0
138,0.3413788631,0.0368724783,0.4020684388,0.0517768285,0.1575797269,0.0068873455,0.1541109591,0.0066400358,0.1560067906,0.0067740164,0,0,0,0,0
139,0.3389186206,0.0351975533,0.3991708199,0.0500730671,0.1459415176,0.0082358816,0.1399987265,0.008143769,0.1457300127,0.0082318696,0,0,0,0,0
140,0.3417587842,0.0365115216,0.4025159014,0.052077885,0.1371853663,0.0074593774,0.1467429127,0.0076360486,0.1455504894,0.0076049448,0,0,0,0,0
141,0.3310761372,0.0334866671,0.3899341172,0.0480795466,0.1314944621,0.003997613,0.1511455667,0.00473489,0.1465778876,0.0045059965,0,0,0,0,0
142,0.3322991249,0.0296977832,0.3913745249,0.0436426332,0.1558655202,0.0068905044,0.1423929044,0.0067134618,0.1478334002,0.0067556655,0,0,0,0,0
143,0.3218772104,0.0351028386,0.3790998255,0.048740485,0.1402782992,0.0095111238,0.1537604032,0.0100256849,0.1507177641,0.0098818597,0,0,0,0,0
144,0.3360476585,0.0345862092,0.3957894644,0.0500339785,0.1281079001,0.0036396618,0.1440661926,0.0039373175,0.1443424235,0.0039466319,0,0,0,0,0
145,0.3271462273,0.0323402522,0.3853055566,0.0470348177,0.1065080979,0.0110850599,0.1389101571,0.0084704212,0.1344775042,0.0086573112,0,0,0,0,0
146,0.338246858,0.0311895885,0.3983796328,0.046710118,0.128851355,0.0029342432,0.1343424779,0.0028380885,0.1382810599,0.0028039193,0,0,0,0,0
147,0.3302108584,0.0318689851,0.388915011,0.0473838814,0.1283525616,0.0049152391,0.1252050538,0.0050341309,0.1332732691,0.0047731295,0,0,0,0,0
148,0.3316138583,0.0329289141,0.3905674331,0.0474446945,0.147442479,0.0076158047,0.1459745934,0.007575,0.1477179733,0.0076238528,0,0,0,0,0
149,0.3490358982,0.0529583499,0.4110867245,0.0681415048,0.1503272192,0.0218716266,0.1494368662,0.0218291304,0.1532797064,0.0220240091,0,0,0,0,0
150,0.3370257546,0.0329593048,0.3969414443,0.0477451945,0.1524545179,0.0053012979,0.1472132629,0.0050701487,0.1499163221,0.005185068,0,0,0,0,0
151,0.338586462,0.0346532432,0.3987796108,0.0492610749,0.137061564,0.0056753073,0.1565354825,0.0065555124,0.1538225726,0.0064031188,0,0,0,0,0
152,0.3451392487,0.0447214838,0.4064973374,0.0600067478,0.1494588165,0.014071371,0.1690714265,0.0152661603,0.1628829354,0.0148278124,0,0,0,0,0
153,0.3471344411,0.0396967547,0.4088472307,0.0549079348,0.1271999129,0.0096833595,0.1364015613,0.0094703176,0.1428584785,0.0094320313,0,0,0,0,0
154,0.3329740872,0.0333423675,0.3921694805,0.0478346566,0.1470141116,0.0067536285,0.136591361,0.0065314695,0.1445780881,0.006687848,0,0,0,0,0
155,0.3294163591,0.0393679897,0.3879792674,0.0526496234,0.1341149855,0.0176903048,0.1594885089,0.0175463977,0.1499909191,0.0174555229,0,0,0,0,0
156,0.3331301801,0.0338110886,0.3923533233,0.0482909103,0.144478775,0.0043875507,0.1449890979,0.0044122292,0.1482473397,0.0045776288,0,0,0,0,0
157,0.3389359702,0.0363224689,0.3991912537,0.0518283525,0.1404228512,0.0045541147,0.1478788722,0.004903754,0.1483256315,0.0049270505,0,0,0,0,0
158,0.346462378,0.0387061362,0.4080556897,0.0544760088,0.1227785721,0.0111954126,0.1406337325,0.0105096581,0.139854531,0.0105249913,0,0,0,0,0
159,0.3292507193,0.031037822,0.3877841806,0.0452482542,0.1454805549,0.0053992806,0.1446228846,0.0053750494,0.146280638,0.0054230363,0,0,0,0,0
160,0.3319798017,0.0298991344,0.3909984331,0.0448523297,0.1318533731,0.0069756919,0.1304467604,0.0070396899,0.1342540647,0.0068754577,0,0,0,0,0
161,0.3281891083,0.0336882902,0.3865338387,0.0479459097,0.119343799,0.0059041277,0.1599271815,0.0065293385,0.1451193282,0.0058808374,0,0,0,0,0
162,0.3306274923,0.0381622666,0.3894057131,0.0521819053,0.1562974828,0.0094866693,0.1561033722,0.0094715579,0.1564050285,0.0094950236,0,0,0,0,0
163,0.33613533,0.0389718265,0.395892722,0.0539879614,0.1367593686,0.0064083937,0.1594138166,0.0078653328,0.1519066705,0.0072881316,0,0,0,0,0
164,0.3331342865,0.0324450886,0.3923581596,0.046864734,0.1226775423,0.0039598257,0.155934921,0.0051181085,0.1517244234,0.0048776804,0,0,0,0,0
165,0.3350558349,0.0353047722,0.3946213167,0.0497462397,0.1194654243,0.0069259837,0.1620642371,0.0081193753,0.1536601514,0.0076343899,0,0,0,0,0
166,0.3289529196,0.034907883,0.3874334386,0.0490914977,0.161788561,0.0075517623,0.1586392911,0.0072927435,0.1584172419,0.0072747977,0,0,0,0,0
167,0.3176392005,0.0354521416,0.3741083917,0.0487952548,0.1329332431,0.0093489905,0.1566314852,0.0104109155,0.1502150961,0.0100299482,0,0,0,0,0
168,0.3341296658,0.0370213734,0.3935304953,0.0521543275,0.1441894558,0.0084359642,0.1413596664,0.0083568949,0.1454180352,0.0084745267,0,0,0,0,0
169,0.3439376602,0.0371426397,0.4050821331,0.0532203468,0.1192316568,0.0049098208,0.1326155456,0.0046546566,0.1374988125,0.0046550549,0,0,0,0,0
170,0.3222653929,0.0338182474,0.3795570183,0.0469997649,0.1572336032,0.009885304,0.1457544825,0.0093071388,0.1519808239,0.0096004315,0,0,0,0,0
171,0.3189946796,0.0290960193,0.3757048449,0.0426718823,0.1320651655,0.0054193545,0.1458746053,0.0055739596,0.1424694139,0.0055053018,0,0,0,0,0
172,0.3300262964,0.0272272586,0.388697638,0.0415142388,0.0574779594,0.0179232018,0.1429268161,0.0042558029,0.1393877612,0.0043204036,0,0,0,0,0
173,0.333607686,0.0345904213,0.3929157191,0.0483998457,0.1413383461,0.0080659745,0.1614321022,0.0088914495,0.1540031076,0.0085108213,0,0,0,0,0
174,0.3362861849,0.0356716908,0.3960703956,0.0509998437,0.1551914356,0.0062434988,0.1438852189,0.005706399,0.1503418086,0.0059893054,0,0,0,0,0
175,0.3229968844,0.032680956,0.3804185527,0.044161042,0.1362725239,0.0185337609,0.1350309763,0.0185963892,0.1389136963,0.0184057844,0,0,0,0,0
176,0.3291882256,0.0359455841,0.3877105768,0.0506333387,0.1275907171,0.0081540422,0.1440849074,0.0083578464,0.1444020911,0.0083665828,0,0,0,0,0
177,0.3343601223,0.036946521,0.3938019219,0.0521415042,0.1117189847,0.0067165352,0.1601488267,0.0066038427,0.1426049035,0.0059401179,0,0,0,0,0
178,0.3483117243,0.0488944422,0.4102338086,0.0650810131,0.1276666889,0.0151028828,0.1431016667,0.0153014343,0.1427577967,0.0152925944,0,0,0,0,0
179,0.3345109783,0.0321332058,0.3939795966,0.0468211435,0.1478576719,0.0046462468,0.1422477634,0.0044587904,0.1466973688,0.0046049206,0,0,0,0,0
180,0.3450333174,0.0403695036,0.4063725738,0.0562844497,0.1121950456,0.008781698,0.1330556803,0.0079791108,0.1386219095,0.0079430157,0,0,0,0,0
181,0.3470733296,0.041770329,0.4087752549,0.0574533316,0.1542283448,0.0112824664,0.1533460007,0.0112405517,0.154537073,0.0112972431,0,0,0,0,0
182,0.3352375696,0.0422690478,0.3948353598,0.0565328381,0.1263845582,0.0224702506,0.1303047379,0.0221893413,0.1340842373,0.0219604516,0,0,0,0,0
183,0.3443838843,0.0349737878,0.4056076859,0.0507428692,0.1367799382,0.003879636,0.1415667729,0.0039614923,0.1440154447,0.0040186306,0,0,0,0,0
184,0.3208631779,0.0329481152,0.3779055206,0.0455056298,0.1485509619,0.0115858042,0.1368725124,0.0114693445,0.1452312009,0.0115355179,0,0,0,0,0
185,0.3310728944,0.0382175718,0.3899302978,0.0518325264,0.0954468901,0.0220928935,0.166752996,0.0170478805,0.1511183633,0.0170961382,0,0,0,0,0
186,0.3472379466,0.0402337647,0.4089691371,0.056661692,0.1002532958,0.0145620512,0.1260974169,0.0111783877,0.1301734156,0.0108393149,0,0,0,0,0
187,0.3327136807,0.0326266494,0.3918627795,0.0465763003,0.0961336779,0.0086647641,0.1653486988,0.0075914107,0.1476682464,0.0068123202,0,0,0,0,0
188,0.3326716936,0.0422322716,0.391813328,0.0574337389,0.1072627265,0.0086051838,0.1667951382,0.0114616995,0.1578189941,0.0106184005,0,0,0,0,0
189,0.3329373472,0.0367818046,0.3921262089,0.0512732808,0.1584421571,0.0093547912,0.1559459869,0.0092008733,0.1557764491,0.009190758,0,0,0,0,0
190,0.3223532147,0.0345771633,0.3796604529,0.0483761223,0.1266641294,0.0073305153,0.1556682746,0.0083629331,0.1493475067,0.0080068239,0,0,0,0,0
191,0.328477048,0.0327293311,0.3868729676,0.0463003585,0.1403832655,0.0110840039,0.1482413591,0.0110543445,0.1487139466,0.0110551956,0,0,0,0,0
192,0.3513628053,0.0533057708,0.4138273041,0.069354056,0.1106664127,0.0294214626,0.1298424695,0.0274190957,0.1328344936,0.0271940162,0,0,0,0,0
193,0.3306717407,0.0345100736,0.3894578279,0.0494088466,0.1257769652,0.0059540347,0.1514556121,0.0064176066,0.1466318196,0.0062375005,0,0,0,0,0
194,0.3189981375,0.0329326429,0.3757089175,0.0452116023,0.1467750808,0.0132217177,0.1542928849,0.0134230878,0.1521922437,0.0133592928,0,0,0,0,0
195,0.3386071079,0.03889554,0.3988039271,0.05426356,0.1539760622,0.0089917919,0.1508602984,0.0088004052,0.1524340103,0.0088955485,0,0,0,0,0
196,0.3325977858,0.032426907,0.391726281,0.0474447987,0.1336064174,0.0034956604,0.1320988196,0.0034988162,0.139331988,0.0035226326,0,0,0,0,0
197,0.3386173898,0.0346460609,0.3988160369,0.0498669627,0.1029180995,0.0092595561,0.1535480697,0.0077705176,0.1448383773,0.0076261124,0,0,0,0,0
198,0.3330490739,0.0361170115,0.3922577982,0.0504948209,0.1372833199,0.0058069066,0.1529602626,0.006590367,0.1505933074,0.0064420131,0,0,0,0,0
199,0.3386905507,0.032249063,0.3989022042,0.0475935098,0.127836302,0.0038033065,0.1445522254,0.0037418858,0.1424286875,0.0037185156,0,0,0,0,0
200,0.3389157769,0.036483358,0.3991674706,0.0514938231,0.148450012,0.0060740634,0.1439684018,0.0058508565,0.1494589449,0.0061274842,0,0,0,0,0
201,0.3351902654,0.0337852903,0.3947796459,0.0481414574,0.1261803186,0.0046006415,0.1580567106,0.0057843796,0.1510172249,0.0053776094,0,0,0,0,0
202,0.3332952993,0.0339513852,0.3925477969,0.0482130987,0.0700634078,0.0255859198,0.1555788406,0.0104089821,0.1339933243,0.0112187161,0,0,0,0,0
203,0.3368563594,0.03273096,0.3967419344,0.0479058484,0.1201685662,0.0083791284,0.1304270161,0.007681889,0.1343710743,0.0074799381,0,0,0,0,0
204,0.3289592584,0.0333106961,0.3874409043,0.0471945807,0.1668077088,0.0078401979,0.1512370157,0.006721533,0.1565394943,0.0070728323,0,0,0,0,0
205,0.3368447531,0.0313509611,0.3967282648,0.0462190469,0.1367109909,0.0027960868,0.1463744084,0.0030697674,0.1460186263,0.0030572561,0,0,0,0,0
206,0.331369198,0.0398861962,0.3902792776,0.0534699726,0.1316108578,0.0178723454,0.1660636833,0.0180026946,0.1530662534,0.0177171623,0,0,0,0,0
207,0.3394711369,0.0402030758,0.3998215612,0.0554963671,0.1493620904,0.0103686675,0.1483285812,0.0103198185,0.1498725685,0.0103938076,0,0,0,0,0
208,0.3403010111,0.0291053379,0.4007989687,0.0444768961,0.1198985951,0.0056145698,0.1241122246,0.0052713667,0.1306467529,0.0048130365,0,0,0,0,0
209,0.3252047578,0.0339740654,0.383018937,0.0466924286,0.0950074057,0.0161489241,0.1553252626,0.0133247984,0.1442762214,0.0132260011,0,0,0,0,0
210,0.3328881648,0.0359356666,0.392068283,0.0509772769,0.1084449484,0.0126247786,0.1361955267,0.01094197,0.1333575326,0.0110350457,0,0,0,0,0
211,0.327124657,0.0416178994,0.3852801516,0.0545206903,0.1929785167,0.0201170119,0.1705014304,0.0179380609,0.1734870464,0.018200853,0,0,0,0,0
212,0.3318696795,0.0316463321,0.3908687337,0.0451895593,0.1441087571,0.011541909,0.1414127185,0.0115827507,0.144571984,0.0115351781,0,0,0,0,0
213,0.3332021432,0.0335857072,0.3924380798,0.0472485466,0.152716687,0.007429519,0.1453982665,0.0070774592,0.1503503528,0.0073034029,0,0,0,0,0
214,0.3273763612,0.0307324406,0.3855766032,0.0445219277,0.134882476,0.0061671673,0.1416914757,0.0062347692,0.143229184,0.0062604153,0,0,0,0,0
215,0.3417539456,0.0359205141,0.4025102026,0.0522175811,0.1207517642,0.0059749128,0.1357353979,0.0056664077,0.1373583873,0.0056590157,0,0,0,0,0
216,0.3407821266,0.0416537745,0.4013656158,0.0561692055,0.1745485948,0.0132318436,0.1604754401,0.0119305249,0.1647464772,0.0123030403,0,0,0,0,0
217,0.3295321859,0.0313585288,0.3881156856,0.0454904729,0.139893578,0.0065429917,0.1393076985,0.0065407969,0.1427470897,0.0065630943,0,0,0,0,0
218,0.3328671083,0.0362129328,0.3920434831,0.0496623259,0.120437126,0.0113629008,0.1577846755,0.0118703205,0.1529701319,0.0116813105,0,0,0,0,0
219,0.342975567,0.0326982404,0.4039490012,0.0481482131,0.127582284,0.0051942666,0.1313288057,0.0050878112,0.137487801,0.0049661254,0,0,0,0,0
220,0.3185227994,0.0426624187,0.3751490748,0.0553190115,0.1574761208,0.0187129893,0.1701896879,0.0196527179,0.1635235525,0.0191335107,0,0,0,0,0
221,0.3316955791,0.0360243031,0.3906636821,0.0511859608,0.1178378757,0.0049440137,0.1546575421,0.0056430344,0.1437804303,0.0051162686,0,0,0,0,0
222,0.325160922,0.031769786,0.3829673082,0.0446237866,0.124682385,0.0122118545,0.1502862112,0.0112832273,0.1433289838,0.0113973633,0,0,0,0,0
223,0.3324748825,0.0382429961,0.3915815282,0.0531787513,0.1463427618,0.0072750104,0.1472548503,0.00732676,0.1503398927,0.0075128428,0,0,0,0,0
224,0.343774463,0.0371372355,0.4048899231,0.0534215045,0.0765422042,0.010324012,0.1431803053,0.0058437184,0.1405810988,0.0057983236,0,0,0,0,0
225,0.3434032063,0.0393917433,0.4044526652,0.0547719473,0.150414275,0.008446537,0.1597362587,0.009019041,0.1559786805,0.0087729083,0,0,0,0,0
226,0.3435194521,0.0331385236,0.4045895769,0.0478248094,0.1107663986,0.0170813808,0.1193771643,0.0155982971,0.129382114,0.014154747,0,0,0,0,0
227,0.3364834961,0.0362179272,0.3963027842,0.0508630855,0.1563184738,0.0100520352,0.1400023642,0.0096458311,0.1501369023,0.0098545942,0,0,0,0,0
228,0.3323629339,0.0335826006,0.3914496778,0.0484359339,0.1320055428,0.0050984295,0.1480043898,0.005487989,0.1459567785,0.0054147673,0,0,0,0,0
229,0.3376199405,0.0378410411,0.3976412633,0.053347167,0.1449222378,0.0054195968,0.1462704441,0.005493102,0.1497977555,0.005697097,0,0,0,0,0
230,0.3271175203,0.0348077889,0.3852717462,0.0491499048,0.1336659575,0.0084053135,0.1339105666,0.0084035921,0.1399087193,0.0083898441,0,0,0,0,0
231,0.3381648807,0.0405804553,0.3982830817,0.0554691198,0.1237030558,0.0113084604,0.1841467408,0.0135234214,0.157179248,0.0116063056,0,0,0,0,0
232,0.325234554,0.0384939839,0.3830540303,0.051711784,0.1533756356,0.0139880212,0.1447648796,0.0136671895,0.1517750745,0.0139194849,0,0,0,0,0
233,0.3293742385,0.0348545679,0.3879296587,0.0476803246,0.1431992466,0.0125337113,0.1715894622,0.0135634692,0.1617707434,0.0130814365,0,0,0,0,0
234,0.3323682835,0.0341671006,0.3914559783,0.0491751417,0.0634371554,0.0159166326,0.1691497293,0.0059994883,0.1451971586,0.0046824557,0,0,0,0,0
235,0.3346388738,0.0360140996,0.3941302291,0.0503304396,0.1523212646,0.0074167315,0.1598382568,0.007951899,0.1578641881,0.007802178,0,0,0,0,0
236,0.3367507266,0.0311965784,0.3966175225,0.0456815178,0.1244036218,0.0059314639,0.1423208861,0.0056165137,0.141509245,0.0056170744,0,0,0,0,0
237,0.3380440613,0.0314147558,0.3981407833,0.0470947516,0.1021183987,0.0071808874,0.1402654766,0.0043280828,0.133722586,0.0045378344,0,0,0,0,0
238,0.3416523754,0.0401313925,0.4023905755,0.0557328858,0.1477875205,0.0061543554,0.1547149497,0.0066872716,0.1544163162,0.0066630107,0,0,0,0,0
239,0.3405249036,0.0307277044,0.4010626642,0.0460707666,0.1338044371,0.0042469764,0.1278873796,0.004436484,0.1363551758,0.0041841779,0,0,0,0,0
240,0.3424504064,0.0353062117,0.4033304787,0.0507864158,0.1203796739,0.0059602217,0.152687804,0.0055805385,0.1424070576,0.005423128,0,0,0,0,0
241,0.3344615969,0.0409703051,0.3939214364,0.055706095,0.138435118,0.0121680218,0.158514286,0.0129759294,0.1531631092,0.012698967,0,0,0,0,0
242,0.3379899881,0.0278024815,0.3980770971,0.0435537994,0.0514276563,0.0277619674,0.1365956889,0.0026591994,0.1288963941,0.0032053385,0,0,0,0,0
243,0.3487009509,0.0343204101,0.4106922311,0.0499851795,0.1352298105,0.0038626921,0.1370170991,0.0038761587,0.1421303626,0.0039455975,0,0,0,0,0
244,0.3366315442,0.0360805829,0.3964771521,0.051910924,0.1119013936,0.0058631683,0.1305009939,0.0049267537,0.133783322,0.0048536084,0,0,0,0,0
245,0.335123017,0.0322711421,0.3947004423,0.0476925904,0.1361335076,0.0045111829,0.1366523391,0.0045131959,0.140443822,0.0045403204,0,0,0,0,0
246,0.342557748,0.0337089478,0.4034569031,0.0481440791,0.1503885241,0.0082789056,0.1488210081,0.0082460607,0.1505020401,0.0082814639,0,0,0,0,0
247,0.3438443421,0.0363680504,0.4049722252,0.0522256889,0.1185860173,0.0044313302,0.1500763164,0.0047366205,0.1437056166,0.0045118212,0,0,0,0,0
248,0.3159150828,0.0403399392,0.3720777641,0.052504975,0.1473788662,0.0175367949,0.1657105035,0.0185156604,0.1577612336,0.0180254169,0,0,0,0,0
249,0.3208772788,0.0387882295,0.3779221284,0.0523148122,0.152001952,0.0132247077,0.1385364007,0.0126585196,0.1478301905,0.0130197145,0,0,0,0,0
250,0.3375254345,0.0376062489,0.3975299562,0.0524333905,0.1181036539,0.0055483401,0.1684612521,0.0080852074,0.1571629583,0.0071337725,0,0,0,0,0
251,0.3262179657,0.0324607062,0.3842122707,0.0457676732,0.1315914906,0.0088978601,0.1334594057,0.0088657563,0.1399009438,0.0088016952,0,0,0,0,0
252,0.3218634872,0.0474753502,0.3790836628,0.0605183708,0.169891199,0.0228993746,0.1744219694,0.0233166254,0.1701175912,0.022919711,0,0,0,0,0
253,0.3448637204,0.0393432381,0.4061728263,0.0544786309,0.0536951449,0.0233287419,0.1700541029,0.0092879522,0.1496617964,0.0079822905,0,0,0,0,0
254,0.3354538241,0.0369917935,0.3950900595,0.0510299327,0.0917923292,0.0124629891,0.1787594408,0.0120177627,0.1603791028,0.0107357053,0,0,0,0,0
255,0.3231740022,0.0333178799,0.3806271581,0.0472041509,0.1352585946,0.0073229957,0.1381853538,0.0073644515,0.1431410339,0.0074650888,0,0,0,0,0
256,0.3254654613,0.030833188,0.3833259878,0.0431631867,0.0874528876,0.0253535135,0.1458306247,0.0181189834,0.1391104802,0.018573737,0,0,0,0,0
257,0.3304844875,0.0293680117,0.3892372853,0.0438982465,0.1287710532,0.0045744158,0.1429940098,0.004436692,0.1416701048,0.0044334176,0,0,0,0,0
258,0.356319722,0.0457125608,0.4196654503,0.061364182,0.1415205292,0.0156682471,0.1453064572,0.0157064049,0.1483511819,0.0157569277,0,0,0,0,0
259,0.3338490211,0.0358946851,0.3931999581,0.0496261772,0.155312314,0.0092439306,0.1537890069,0.0091474172,0.1548429529,0.0092140934,0,0,0,0,0
260,0.3278259352,0.0328680254,0.3861061015,0.0476874717,0.1057958511,0.0143197467,0.1424113766,0.0104663886,0.131598572,0.0111774259,0,0,0,0,0
261,0.353386932,0.0425889877,0.4162112755,0.0588234714,0.1289873466,0.0110376671,0.1335408831,0.0109585478,0.139789023,0.0109121547,0,0,0,0,0
262,0.3322461329,0.035879096,0.3913121121,0.0508551338,0.052765636,0.0188532812,0.1450914932,0.0059125886,0.1417443571,0.0058145791,0,0,0,0,0
263,0.3363257414,0.0305939194,0.3961169843,0.0462349621,0.103671679,0.0150653668,0.1141908163,0.0128884419,0.1228926481,0.0113546337,0,0,0,0,0
264,0.341558013,0.0359010385,0.4022794375,0.0512379962,0.1459329867,0.008196668,0.1385146191,0.0081401691,0.1445788762,0.0081796299,0,0,0,0,0
265,0.3395412589,0.0462281198,0.3999041493,0.0602121373,0.1370966217,0.0168046361,0.1609576044,0.0179412532,0.1560254468,0.0176327042,0,0,0,0,0
266,0.3275037302,0.0335879633,0.3857266156,0.0473901547,0.1129000081,0.0076882082,0.1574222523,0.0079536525,0.1471193483,0.0075346938,0,0,0,0,0
267,0.3339229507,0.0306555335,0.3932870308,0.0452829566,0.1156794125,0.0048039443,0.1428791288,0.0039358432,0.1394464465,0.0039506002,0,0,0,0,0
268,0.323246384,0.0314717406,0.3807124079,0.045261012,0.1347343433,0.0068815444,0.1548313951,0.0075359534,0.1490368676,0.0072864861,0,0,0,0,0
269,0.3200970942,0.0352615602,0.3770032443,0.0475180691,0.1549247548,0.0134051868,0.1501974561,0.0131759335,0.1521529485,0.0132693746,0,0,0,0,0
270,0.3285672121,0.0396999692,0.386979161,0.0520995886,0.1088008338,0.0201895435,0.169968493,0.0191109153,0.1514563241,0.018616147,0,0,0,0,0
271,0.3356270363,0.0391845926,0.3952940649,0.0542155435,0.1647696024,0.0086541302,0.1459848187,0.0071128123,0.156462661,0.0079177896,0,0,0,0,0
272,0.3364610231,0.0325226644,0.396276316,0.0477391057,0.1097304284,0.0035505397,0.1587293334,0.0038893562,0.1466166329,0.0033430036,0,0,0,0,0
273,0.3204326078,0.031097058,0.3773984048,0.0443657237,0.1374235684,0.0106807148,0.1383643875,0.0106709951,0.139749639,0.0106589885,0,0,0,0,0
274,0.324141145,0.0338761823,0.3817662374,0.0462262833,0.1381561516,0.0143923499,0.1554644654,0.014389981,0.1499257542,0.014334639,0,0,0,0,0
275,0.3459592036,0.0377569868,0.407463062,0.0531659467,0.156901112,0.0065257417,0.1395852225,0.0055549154,0.1495871633,0.0060681523,0,0,0,0,0
276,0.3459181483,0.0422960611,0.4074147081,0.0579852721,0.1292589674,0.0077784335,0.1567624202,0.0091159058,0.1512373729,0.0087400642,0,0,0,0,0
277,0.3184182368,0.037832013,0.3750259233,0.0489866089,0.1709463736,0.0212089413,0.1595917943,0.0208025535,0.1602221476,0.0208226713,0,0,0,0,0
278,0.3410466036,0.0357502726,0.4016771109,0.0511622504,0.0983677159,0.0040087294,0.1571602037,0.0048298475,0.1507519657,0.0044080604,0,0,0,0,0
279,0.3383926162,0.0418363927,0.3985513035,0.0567611562,0.1438139891,0.0086900259,0.1539910848,0.0093730016,0.1538608377,0.009363205,0,0,0,0,0
280,0.3302019829,0.0321355869,0.3889045577,0.0464322103,0.1146102053,0.0080122977,0.1582966806,0.007197761,0.1452860975,0.0069863873,0,0,0,0,0
281,0.3414612585,0.0394847946,0.4021654823,0.0553143443,0.1188883431,0.0081893201,0.1445604274,0.007975345,0.142048616,0.0079319766,0,0,0,0,0
282,0.3417337918,0.0336006793,0.4024864659,0.0492738198,0.0657444717,0.0148576208,0.146743666,0.0050915217,0.1406313009,0.0050748404,0,0,0,0,0
283,0.308594003,0.0394077489,0.3634551591,0.0499678472,0.1460471158,0.0252037191,0.1452896372,0.0252162735,0.1469431665,0.0251894169,0,0,0,0,0
284,0.3311909442,0.0349422894,0.3900693343,0.0497234627,0.1053557225,0.009037296,0.1497272522,0.0077512782,0.1413501216,0.0076363117,0,0,0,0,0
285,0.3375032622,0.0347528987,0.3975038421,0.0491508893,0.12830115,0.0079445738,0.1485046009,0.0082155603,0.1486268873,0.0082189765,0,0,0,0,0
286,0.3421383396,0.0437790241,0.4029629334,0.0581597193,0.144038526,0.0140650253,0.1578103419,0.0147714626,0.1542085394,0.0145635927,0,0,0,0,0
287,0.3394923941,0.0330550973,0.3998465975,0.0479430278,0.1514707717,0.0052171713,0.1536462054,0.0053247154,0.1526546902,0.0052753251,0,0,0,0,0
288,0.340495803,0.0401704178,0.4010283902,0.0552132336,0.099404739,0.0123033644,0.1583633348,0.0120478216,0.1495054886,0.0116430445,0,0,0,0,0
289,0.3280280433,0.0319605875,0.3863441399,0.0468042834,0.0777813502,0.0148990045,0.1521719141,0.0052114704,0.1333325694,0.0056620689,0,0,0,0,0
290,0.3294930482,0.0396027126,0.3880695901,0.0537983971,0.1040498192,0.0134593649,0.1532901263,0.0122854214,0.1420631689,0.0120105684,0,0,0,0,0
291,0.3110496961,0.0379066458,0.3663474199,0.0495615,0.1696272527,0.0183824875,0.1618751086,0.0178382896,0.1614724841,0.017811677,0,0,0,0,0
292,0.3406958748,0.0336526553,0.4012640303,0.0489968517,0.1296905617,0.0046014056,0.1407684729,0.0046648863,0.1426688985,0.0046964374,0,0,0,0,0
293,0.3284656252,0.0369303011,0.3868595142,0.0503883809,0.1704991277,0.0121294644,0.158773496,0.0111797785,0.1621157548,0.0114365382,0,0,0,0,0
294,0.3410002593,0.0403669033,0.4016225276,0.0560717005,0.1117739081,0.008873987,0.148874575,0.0088952152,0.145729852,0.0087825323,0,0,0,0,0
295,0.3291043784,0.0281632646,0.3876118234,0.0429636962,0.1107399605,0.0077079132,0.135662186,0.0054135427,0.1318677395,0.0056537553,0,0,0,0,0
296,0.3407936852,0.0335834129,0.4013792293,0.0481983724,0.1498699901,0.0062045695,0.152796621,0.0063328694,0.1515632078,0.0062774849,0,0,0,0,0
297,0.3397095099,0.0357296421,0.4001023116,0.0509310442,0.117752133,0.0064417621,0.1550245513,0.0067517392,0.1480450866,0.0064880758,0,0,0,0,0
298,0.3350472449,0.0440093285,0.3946111996,0.0588802533,0.1619771425,0.015097046,0.1508435973,0.0143293471,0.1565366166,0.0147032925,0,0,0,0,0
299,0.3314335916,0.0409810792,0.390355119,0.0548948401,0.1556313002,0.0133495765,0.1523861619,0.0131503593,0.1553235721,0.0133301824,0,0,0,0,0
300,0.3184353179,0.027166433,0.3750460411,0.04008565,0.1318843752,0.0054735229,0.1441332819,0.0056095245,0.1424672452,0.0055772483,0,0,0,0,0
301,0.3340000708,0.0350057402,0.3933778612,0.0502849462,0.135362551,0.0043453113,0.145178756,0.0046387333,0.1461404759,0.004677045,0,0,0,0,0
302,0.3351581657,0.0342116995,0.3947418396,0.0490485071,0.1398504729,0.0047504608,0.1447575023,0.0049151161,0.1469039309,0.0049981873,0,0,0,0,0
303,0.3350021604,0.0344222523,0.3945581,0.0502131715,0.1175479616,0.0056216979,0.1233135018,0.0052147425,0.1306772142,0.0048283099,0,0,0,0,0
304,0.3249893954,0.0280706165,0.3827652879,0.0410902927,0.0934737861,0.0196911935,0.1505279627,0.0117816016,0.1342507403,0.013019576,0,0,0,0,0
305,0.3217132916,0.0322147777,0.3789067657,0.0461754582,0.1245999032,0.0099888306,0.1325463405,0.0096173117,0.1353039328,0.0095216928,0,0,0,0,0
306,0.3359553224,0.0408244518,0.3956807131,0.0557449339,0.1296870184,0.0095017251,0.1537115939,0.0102376266,0.1503571514,0.0100638394,0,0,0,0,0
307,0.3265123899,0.0343840163,0.384559037,0.0475392355,0.1422622468,0.0099314618,0.1620026461,0.0106882485,0.1547109313,0.0103354718,0,0,0,0,0
308,0.3412339236,0.0365044378,0.4018977322,0.0522972857,0.1291848534,0.005169251,0.1468574749,0.0055180125,0.1452380342,0.0054622873,0,0,0,0,0
309,0.3339222224,0.0356972182,0.3932861731,0.049767937,0.0774727928,0.0112522648,0.1725879443,0.0092918371,0.1580172262,0.0081398604,0,0,0,0,0
310,0.327365496,0.0330443445,0.3855638064,0.0473570917,0.1395379266,0.0047316798,0.151091012,0.0052488881,0.1484164823,0.0051089038,0,0,0,0,0
311,0.3474474791,0.0372077031,0.4092159199,0.0534920273,0.1126618109,0.0056331402,0.143008257,0.0055391659,0.1435315207,0.0055509075,0,0,0,0,0
312,0.3255932819,0.0353663119,0.383476532,0.0489319627,0.1230154096,0.0068831712,0.1661307174,0.0094933256,0.1597408675,0.0089451287,0,0,0,0,0
313,0.3409959977,0.0412657255,0.4016175084,0.0566137041,0.145787449,0.0100696864,0.1470087274,0.0101278002,0.1507511279,0.0103203701,0,0,0,0,0
314,0.3433640021,0.0383532523,0.4044064914,0.0527468644,0.15100006,0.0111630588,0.1458105379,0.0110069702,0.1503047885,0.0111388637,0,0,0,0,0
315,0.3399274939,0.0419553871,0.4003590484,0.0561197784,0.0768332969,0.0232235694,0.1862747543,0.0172660148,0.1552677918,0.0156202233,0,0,0,0,0
316,0.3211603933,0.0325762153,0.3782555744,0.0454473487,0.1411878412,0.0108004352,0.1469520523,0.0108451928,0.1484895395,0.0108620945,0,0,0,0,0
317,0.3480274856,0.0406918946,0.4098990385,0.0561282531,0.0985541566,0.0179384881,0.1596482114,0.0136750643,0.1408978307,0.0138469533,0,0,0,0,0
318,0.3408723721,0.0367664755,0.4014719049,0.051551135,0.1253246508,0.0095527866,0.1510853801,0.0094241977,0.1452551958,0.0093372801,0,0,0,0,0
319,0.3406977245,0.0427405246,0.4012662089,0.0569620624,0.1527486581,0.0163361171,0.1657027585,0.0169116891,0.1614874851,0.0166999479,0,0,0,0,0
320,0.3296232627,0.0323971286,0.3882229538,0.04732579,0.1426440141,0.0046190549,0.1323140476,0.0044583695,0.1412627865,0.0045874191,0,0,0,0,0
321,0.344290496,0.0415753796,0.4054976952,0.0563068122,0.1536422678,0.0116973903,0.1616037268,0.0121843643,0.1592200417,0.012026843,0,0,0,0,0
322,0.3393996344,0.0403686985,0.3997373472,0.053881161,0.1628815683,0.0154822029,0.1479579577,0.0147210069,0.1552308292,0.0150623803,0,0,0,0,0
323,0.3275198612,0.027893236,0.3857456143,0.0425322158,0.1176727886,0.0045205596,0.1253641858,0.0039823156,0.1307511025,0.0036885228,0,0,0,0,0
324,0.3337030222,0.0324509355,0.3930280039,0.0468300918,0.1377521293,0.0033742052,0.1499455411,0.003926957,0.1492458407,0.0038888988,0,0,0,0,0
325,0.3356095568,0.0322923127,0.395273478,0.0460101998,0.1417264787,0.0085244993,0.1470159851,0.0086097957,0.147792223,0.0086238695,0,0,0,0,0
326,0.3433175193,0.0350759539,0.4043517449,0.050294209,0.1392657092,0.004447562,0.1473995539,0.0047473473,0.1484572307,0.0047917404,0,0,0,0,0
327,0.3352890754,0.0368744384,0.3948960221,0.0515850099,0.1527985698,0.0073015857,0.1560274059,0.0075200414,0.1548774205,0.0074415092,0,0,0,0,0
328,0.3375742041,0.0409497883,0.3975873959,0.0561910445,0.08912648,0.0080766363,0.1728308576,0.0103598358,0.1607378362,0.0091419732,0,0,0,0,0
329,0.3370563665,0.0400125553,0.3969774984,0.0549784771,0.1523956686,0.0090418061,0.1602771127,0.0096464011,0.157348453,0.0094095098,0,0,0,0,0
330,0.3307496597,0.0323413605,0.3895495992,0.0457331558,0.096929766,0.0150687949,0.1556064102,0.0116317727,0.1471825725,0.0116691802,0,0,0,0,0
331,0.3327431631,0.0350268507,0.3918975032,0.0493434739,0.1175096086,0.00561153,0.1576262199,0.0066900238,0.1489134796,0.0061955222,0,0,0,0,0
332,0.3276763559,0.0296480169,0.3859299302,0.0429940309,0.0905991161,0.0140932778,0.1451954055,0.0096260222,0.137519933,0.0098170491,0,0,0,0,0
333,0.3323068678,0.040126789,0.3913836443,0.0543971693,0.1440429534,0.0109836258,0.1712116554,0.0129128809,0.1613459199,0.012087592,0,0,0,0,0
334,0.3414548697,0.0384774398,0.4021579576,0.0536096699,0.1514763883,0.0081532068,0.1583391108,0.008575213,0.156504345,0.008457328,0,0,0,0,0
335,0.3342586812,0.0354210328,0.3936824467,0.0495976162,0.1623165668,0.0086043801,0.1640838874,0.0087438465,0.1611561992,0.0085151108,0,0,0,0,0
336,0.3291775113,0.0362207696,0.3876979577,0.0499795319,0.1246091581,0.0104933781,0.1490630304,0.0105713089,0.1470772918,0.0105247221,0,0,0,0,0
337,0.3361620172,0.0399937162,0.3959241536,0.0546117005,0.0974135068,0.0150670113,0.1831364164,0.0142992402,0.1563660687,0.0126062605,0,0,0,0,0
338,0.3297856597,0.0359807432,0.3884142214,0.0503101072,0.1440238302,0.0086384279,0.1472238982,0.0087567435,0.1485534622,0.0088089107,0,0,0,0,0
339,0.3290370391,0.0294827087,0.3875325127,0.0439210429,0.063035321,0.0234732324,0.1344802799,0.0074333071,0.1299095452,0.0078520653,0,0,0,0,0
340,0.3377508591,0.03910469,0.3977954563,0.0544110054,0.0837402647,0.0152368785,0.1788367095,0.0104504723,0.1420105199,0.0087719864,0,0,0,0,0
341,0.3330231723,0.0375041865,0.3922272918,0.0518219829,0.1150282973,0.0083256147,0.1671584838,0.0103476319,0.1584594372,0.0097005256,0,0,0,0,0
342,0.3351916479,0.0316541164,0.3947812742,0.0465210413,0.1423974337,0.0044538928,0.1364228376,0.0044018629,0.1433412179,0.0044665594,0,0,0,0,0
343,0.3310827177,0.0332416526,0.3899418675,0.0474705513,0.0973444314,0.0085046082,0.1618646296,0.0068719144,0.1450585618,0.0062806051,0,0,0,0,0
344,0.3282911923,0.0333824937,0.3866540709,0.0474685353,0.142113092,0.0086721786,0.1469051597,0.00876856,0.1462518718,0.0087533575,0,0,0,0,0
345,0.3343390137,0.0328820584,0.3937770606,0.0479840099,0.1347732895,0.0045698659,0.1327903881,0.0045635671,0.1394618208,0.0046118265,0,0,0,0,0
346,0.3379267819,0.0395198352,0.3980026542,0.0545957101,0.1139705001,0.0102980536,0.1509056711,0.0099721701,0.1427445369,0.0097760355,0,0,0,0,0
347,0.3327231014,0.0390167709,0.391873875,0.0527976116,0.1118432571,0.0125234416,0.1720708162,0.0145554523,0.1657666929,0.014094598,0,0,0,0,0
348,0.342835079,0.0363951654,0.4037835375,0.0524821529,0.1347121878,0.0040146919,0.1376174017,0.0040611116,0.1415474382,0.004152104,0,0,0,0,0
349,0.3410583803,0.0403659997,0.4016909813,0.0554512313,0.125974024,0.0147374669,0.1496374126,0.0143289161,0.1459082543,0.0143250453,0,0,0,0,0
350,0.3289020829,0.0331263267,0.3873735643,0.0469668051,0.1449287558,0.0063085453,0.1480517595,0.0064411516,0.1496854704,0.0065124911,0,0,0,0,0
351,0.3357117243,0.0345757296,0.3953938086,0.0486937442,0.1090091839,0.0132240108,0.1571393751,0.0110147725,0.1452727228,0.0110744317,0,0,0,0,0
352,0.3338395011,0.0357587276,0.3931887458,0.049844575,0.1170323531,0.009453807,0.1609969427,0.0102591819,0.1541269952,0.009925531,0,0,0,0,0
353,0.3221841579,0.0350456589,0.3794613415,0.0484628381,0.0681198948,0.0221353333,0.1711305882,0.0116166926,0.1463202934,0.0105079799,0,0,0,0,0
354,0.3374425251,0.0330576807,0.3974323073,0.0483889054,0.1194572015,0.0028013939,0.1445718366,0.0028625098,0.1429448226,0.0028190596,0,0,0,0,0
355,0.331277136,0.0415183165,0.3901708491,0.0551359882,0.1422780448,0.0137587055,0.164347764,0.0152052699,0.1595557778,0.014836801,0,0,0,0,0
356,0.3471631873,0.037631899,0.4088810873,0.0534170746,0.1237877614,0.0082248932,0.1408785396,0.0078789561,0.1398645503,0.0078820703,0,0,0,0,0
357,0.3326300842,0.0331815686,0.3917643214,0.0474512467,0.1589356767,0.0080910085,0.1456676608,0.0076220803,0.1521859883,0.0078234666,0,0,0,0,0
358,0.330717558,0.0327289566,0.3895117905,0.0472571224,0.1088835059,0.0090446841,0.1581430739,0.0076560784,0.1445602277,0.0074665802,0,0,0,0,0
359,0.3356537535,0.0305192637,0.3953255319,0.0453585034,0.0885695198,0.009748526,0.163513767,0.0048207842,0.1411573072,0.0044396463,0,0,0,0,0
360,0.3443388042,0.0395633187,0.4055545916,0.0554980871,0.1211908359,0.0092647031,0.1511624523,0.0094410676,0.1454654861,0.0092763377,0,0,0,0,0
361,0.329906532,0.0410860022,0.3885565822,0.0550161146,0.0727974417,0.0197259768,0.1577063593,0.0156202123,0.1532963412,0.0154347282,0,0,0,0,0
362,0.3430154474,0.0342987591,0.4039959714,0.0492540946,0.1573225162,0.0083247037,0.1475119147,0.0080772081,0.151546098,0.0081626944,0,0,0,0,0
363,0.3322809175,0.0407416594,0.3913530806,0.0545424553,0.1534145052,0.0135499221,0.153658812,0.0135630673,0.1559685462,0.0136890611,0,0,0,0,0
364,0.3330541048,0.0372708339,0.3922637234,0.0521132835,0.0448720834,0.0209579747,0.1599562342,0.0070472634,0.1529657733,0.0065014761,0,0,1,0,0
365,0.3351112785,0.0387184366,0.3946866169,0.0530754613,0.1606051075,0.0116398684,0.1551421239,0.0113179394,0.1572828501,0.0114375162,0,0,0,0,0
366,0.3416439673,0.0296280405,0.4023806726,0.0442824929,0.1476872177,0.0060347944,0.1372482892,0.0061001689,0.1418749571,0.0060527939,0,0,0,0,0
367,0.3298786843,0.0295837927,0.3885237837,0.0427260922,0.1376593608,0.0103911757,0.1593260675,0.0103328817,0.1506643159,0.0102711803,0,0,0,0,0
368,0.3294402139,0.0359177579,0.388007363,0.050493927,0.1130684286,0.005365036,0.1541074979,0.0067390679,0.1509207367,0.0065269779,0,0,0,0,0
369,0.317673357,0.0374005636,0.3741486205,0.0496139595,0.071803228,0.0316990447,0.1686456373,0.0185526295,0.1380744488,0.0189103471,0,0,0,0,0
370,0.323517784,0.0302663588,0.3810320568,0.0444684926,0.0932908333,0.0067734764,0.156086076,0.0049956497,0.1449245842,0.0046245511,0,0,0,0,0
371,0.3441393412,0.0433200437,0.4053196686,0.0587171241,0.1118662599,0.0120521742,0.1627642339,0.0132885978,0.1537193182,0.0127229005,0,0,0,0,0
372,0.3484040424,0.0373004654,0.4103425388,0.0533457084,0.1274612031,0.0061952925,0.1486894704,0.0062950494,0.1449253812,0.006213954,0,0,0,0,0
373,0.318535194,0.0335116659,0.375163673,0.0463799535,0.1291464865,0.0111545019,0.1545019303,0.0115347691,0.1466183076,0.0113001358,0,0,0,0,0
374,0.3261883959,0.0399924955,0.384177444,0.0540218941,0.1574650895,0.011862438,0.1655490548,0.0125670879,0.1616438102,0.0122184032,0,0,0,0,0
375,0.3352909886,0.0354830542,0.3948982755,0.0502057206,0.0957404571,0.0103740626,0.1543205842,0.0078758581,0.1432748598,0.0076706694,0,0,0,0,0
376,0.3394729467,0.0414632232,0.3998236928,0.0570235773,0.1664363432,0.0104368227,0.1532052147,0.0092991887,0.1580934347,0.0096928418,0,0,0,0,0
377,0.3219463561,0.0351139713,0.3791812639,0.0482317418,0.1761017311,0.0120744882,0.1520688594,0.0101100317,0.1603646608,0.0107240193,0,0,0,0,0
378,0.3394371592,0.0443368226,0.3997815431,0.0584345274,0.1752977097,0.0167719338,0.1686679427,0.0161359744,0.1687210747,0.0161409226,0,0,0,0,0
379,0.3335008553,0.0372783779,0.3927898963,0.0507709685,0.0767937501,0.015259192,0.1745723635,0.0137490804,0.1653340497,0.0130783102,0,0,0,0,0
380,0.3199735443,0.033787661,0.37685773,0.0469257127,0.1179792816,0.010543081,0.1548846273,0.0105256623,0.145818457,0.0102771057,0,0,0,0,0
381,0.335172042,0.0293551561,0.3947581828,0.0440818932,0.1001663709,0.0064139687,0.155848817,0.00378955,0.1420755057,0.0036967934,0,0,0,0,0
382,0.3259430612,0.0340513027,0.3838884944,0.0476456053,0.0517714978,0.0253069406,0.1487934502,0.0096562159,0.1453272619,0.0095960472,0,0,0,0,0
383,0.3337477813,0.0380371424,0.3930807202,0.0528886465,0.1525870506,0.0109624434,0.1568879151,0.0111599515,0.1536187346,0.0110081794,0,0,0,0,0
384,0.3317454954,0.027191674,0.3907224724,0.0418567389,0.1335072539,0.0023816057,0.131760313,0.0024215735,0.1375090688,0.0023118847,0,0,0,0,0
385,0.3240694906,0.0262651449,0.3816818445,0.0403141752,0.1234111292,0.0035125246,0.1373159906,0.0032012288,0.1375089655,0.0031992559,0,0,0,0,0
386,0.3303001056,0.0272794905,0.3890201244,0.0412951282,0.1355204562,0.0037686324,0.134255014,0.0037883629,0.1388975628,0.0037287684,0,0,0,0,0
387,0.3303759177,0.0297137454,0.3891094142,0.0447284335,0.1084236849,0.0041956409,0.1351199832,0.0026718212,0.1342774053,0.0026916474,0,0,0,0,0
388,0.3381657901,0.0422572365,0.3982841527,0.0569414125,0.1715890876,0.0140834022,0.1501368718,0.0123998438,0.1579693815,0.0129533668,0,0,0,0,0
389,0.3254163407,0.0406484568,0.3832681346,0.0526321154,0.1761220879,0.0204394265,0.1526681841,0.0190054438,0.1606351738,0.0194376369,0,0,0,0,0
390,0.3278498143,0.0368493563,0.3861342257,0.050534764,0.1644544767,0.0121884147,0.1633914177,0.0121138259,0.1613974015,0.0119769143,0,0,0,0,0
391,0.3504531867,0.0503975851,0.4127559754,0.0659685803,0.1348128071,0.0166569214,0.1570585405,0.0173451865,0.1529221352,0.0171438709,0,0,0,0,0
392,0.3307301229,0.0322399813,0.3895265892,0.0477191517,0.0812267801,0.0177251502,0.120028448,0.0082545743,0.1232747336,0.0077737013,0,0,0,0,0
393,0.3376213695,0.03557997,0.3976429463,0.0505797991,0.0506933756,0.0155020924,0.1608475074,0.0051852022,0.1536267036,0.0046173144,0,0,0,0,0
394,0.3311585654,0.0308831344,0.3900311993,0.0456452597,0.1426304276,0.0036976831,0.1434605729,0.0037210712,0.145070114,0.0037690355,0,0,0,0,0
395,0.3321607436,0.0447694985,0.3912115424,0.0583445186,0.1017871578,0.0168843197,0.1661478533,0.0176495781,0.1533192757,0.0168095783,0,0,0,0,0
396,0.3409125418,0.0387049832,0.4015192159,0.0537892148,0.1552774597,0.0083410082,0.1576979828,0.0085058183,0.1572610597,0.0084754379,0,0,0,0,0
397,0.3217073796,0.0327230521,0.3788998027,0.0461666554,0.0675765671,0.0184666552,0.1710336711,0.0096559669,0.1484189781,0.0085936542,0,0,0,0,0
398,0.3277517275,0.0430170714,0.3860187013,0.0562954601,0.1421913241,0.0158664942,0.1722166977,0.0179259772,0.1606872888,0.0169805833,0,0,0,0,0
399,0.321167078,0.0401649057,0.3782634474,0.0540098471,0.1405754429,0.01232147,0.1640034132,0.0137799335,0.1564859999,0.0132153627,0,0,0,0,0
400,0.3371198509,0.0350058797,0.3970522688,0.0503355637,0.1374348981,0.0067299226,0.1443976886,0.0068058839,0.1451320727,0.0068192759,0,0,0,0,0
401,0.3279899707,0.0316253222,0.3862992989,0.0452811757,0.1549547131,0.0063716045,0.151742872,0.0061897126,0.1525146474,0.0062327595,0,0,0,0,0
402,0.3378324291,0.0330776452,0.3978915276,0.0479863114,0.1412675802,0.0058325484,0.1308185556,0.0058967122,0.1417846492,0.0058339169,0,0,0,0,0
403,0.3405593933,0.0307055027,0.4011032854,0.0461812198,0.0450136081,0.0258234372,0.1561562679,0.0019551487,0.1375696819,0.0018239609,0,0,1,0,0
404,0.3380770204,0.0367988626,0.3981796018,0.0522969904,0.134275023,0.006846307,0.1378696464,0.0068528464,0.1425162092,0.0068994508,0,0,0,0,0
405,0.332650308,0.0382555391,0.3917881406,0.0509407419,0.1448630326,0.0183137621,0.1536241131,0.0183273219,0.1508727585,0.0183093985,0,0,0,0,0
406,0.3323470587,0.0323298445,0.3914309802,0.0470418673,0.1347634544,0.006261309,0.1444668168,0.0062768596,0.1445265485,0.006277558,0,0,0,0,0
407,0.3399341946,0.0382171901,0.4003669403,0.0532354074,0.1088054087,0.0081808964,0.1746196816,0.0096877279,0.1549501527,0.0083051325,0,0,0,0,0
408,0.3385264494,0.032221156,0.3987089293,0.0463817036,0.1577306825,0.0061201337,0.1478008995,0.0056470088,0.1518752936,0.005828046,0,0,0,0,0
409,0.3356598988,0.0353670586,0.3953327697,0.0502918894,0.1493878077,0.0050434546,0.1517331261,0.0052003266,0.1527359064,0.00526935,0,0,0,0,0
410,0.3330826642,0.0394939995,0.39229736,0.0538108575,0.0940477152,0.0195074698,0.165990861,0.0158910127,0.1440720168,0.0155493211,0,0,0,0,0
411,0.3245230314,0.0310246747,0.3822160147,0.045419934,0.0832802712,0.0148423465,0.1368553021,0.0080670347,0.1313871332,0.0083399307,0,0,0,0,0
412,0.3436016936,0.0383415633,0.4046864391,0.0532383294,0.1248418144,0.0090596824,0.1655858693,0.009855615,0.1519035019,0.0092237985,0,0,0,0,0
413,0.3366274025,0.030999379,0.3964722741,0.0460084852,0.1511063919,0.0038059516,0.1372191113,0.0034456526,0.1428557724,0.0035599814,0,0,0,0,0
414,0.3386264479,0.0334125464,0.3988267053,0.0496569366,0.0855467506,0.0358567611,0.0995624273,0.0295580031,0.1093881714,0.0257439648,0,0,0,0,0
415,0.3361000511,0.0299795934,0.3958511713,0.0440737658,0.1391407411,0.0063009949,0.1440776919,0.0062999391,0.1447814822,0.0063035858,0,0,0,0,0
416,0.3395709564,0.0397558996,0.3999391264,0.0543007149,0.1706945881,0.0114409653,0.1644536795,0.0108820038,0.1647845568,0.0109101773,0,0,0,0,0
417,0.3248860779,0.0424142299,0.3826436028,0.0545505141,0.1529609281,0.0193145686,0.1579846047,0.0195951452,0.1572754792,0.0195541332,0,0,0,0,0
418,0.3274996618,0.0372854157,0.3857218239,0.050449965,0.1766179891,0.0145427962,0.1572351948,0.0130752813,0.1616309816,0.0133785221,0,0,0,0,0
419,0.3322263194,0.0406668271,0.3912887762,0.0553319465,0.1146296402,0.0100948469,0.1732399949,0.0129256658,0.1628759301,0.0119999661,0,0,0,0,0
420,0.3289779568,0.0365793586,0.3874629269,0.0508514274,0.1532498998,0.0093074679,0.1450947565,0.0088825853,0.1502695391,0.0091385221,0,0,0,0,0
421,0.3297362827,0.033924582,0.3883560663,0.0468267701,0.1401309032,0.0154086254,0.1450303605,0.0152562377,0.1459196259,0.0152317079,0,0,0,0,0
422,0.3434552304,0.0388709057,0.404513938,0.0541510317,0.1402609609,0.0097299103,0.1321269677,0.0097305257,0.1421805934,0.0097454136,0,0,0,0,0
423,0.3412723615,0.0351850781,0.4019430036,0.049878831,0.1553500578,0.0073163071,0.1518536776,0.007147204,0.153267454,0.0072146533,0,0,0,0,0
424,0.3286100917,0.0319941769,0.3870296636,0.0469650722,0.1479949046,0.0048092287,0.1337035683,0.0044267908,0.1413646984,0.0045967046,0,0,0,0,0
425,0.3314912245,0.037052527,0.3904229977,0.0502399394,0.0835273275,0.0157093986,0.1644945012,0.0132155841,0.1557779657,0.0127924737,0,0,0,0,0
426,0.3327422581,0.0298931234,0.3918964374,0.0452891106,0.1035752491,0.0036747716,0.1443325608,0.0021549154,0.1382239819,0.0021309833,0,0,0,0,0
427,0.3271824818,0.0360620097,0.3853482563,0.0503040376,0.1360770234,0.0073423174,0.1509529061,0.0079811733,0.1484976242,0.0078498561,0,0,0,0,0
428,0.335770308,0.02865789,0.3954628072,0.043754668,0.0947220316,0.0088521347,0.1517770811,0.0033896806,0.133267175,0.0039885587,0,0,0,0,0
429,0.329053482,0.0285642628,0.3875518788,0.042780776,0.1038967517,0.0062786468,0.1447359665,0.0042136725,0.1388671488,0.0042644205,0,0,0,0,0
430,0.3362849834,0.0363676121,0.3960689805,0.0506183362,0.0939610155,0.0094833741,0.1726187053,0.0091961458,0.1521116952,0.0078207601,0,0,0,0,0
431,0.3356977664,0.0414691551,0.3953773693,0.0561330457,0.1567576991,0.0107194832,0.1619106352,0.0111945397,0.1607748643,0.0110871917,0,0,0,0,0
432,0.3355908263,0.0323564878,0.3952514177,0.0469147746,0.1352570901,0.006482893,0.1447591019,0.0065087819,0.1441791049,0.0065028862,0,0,0,0,0
433,0.3345332392,0.0326959289,0.394005815,0.0470777643,0.1275520958,0.0085305747,0.1287520591,0.0084797736,0.1361310003,0.0082178568,0,0,0,0,0
434,0.3324784312,0.0365511052,0.3915857079,0.0511667462,0.1271871863,0.0056743299,0.1580709276,0.0071109635,0.1503525252,0.0065917868,0,0,0,0,0
435,0.319088874,0.0331091817,0.375815785,0.0463203235,0.1267334462,0.0082344837,0.1604881098,0.0091590389,0.1466600841,0.0085131088,0,0,0,0,0
436,0.3321661502,0.0338211655,0.3912179103,0.048911814,0.1123314115,0.0043577628,0.1584040915,0.0049338463,0.1463512773,0.0043453563,0,0,0,0,0
437,0.3369339619,0.0354632364,0.3968333329,0.0503173387,0.1571602599,0.0079646435,0.1421652914,0.0072468473,0.1476358614,0.0074775924,0,0,0,0,0
438,0.3401652961,0.0385434373,0.4006391265,0.0538306479,0.1557760198,0.0089436209,0.1451475408,0.0084551205,0.151939035,0.0087499304,0,0,0,0,0
439,0.3349640663,0.0306271236,0.3945132336,0.045246484,0.1040288142,0.0060895527,0.1478959609,0.0042505709,0.1387033623,0.0042433538,0,0,0,0,0
440,0.3219011416,0.0392288936,0.3791280112,0.0512662491,0.1756990944,0.0188601669,0.1732997139,0.018674224,0.1693295533,0.0183743239,0,0,0,0,0
441,0.345320045,0.042533332,0.4067102752,0.0580229062,0.1330865097,0.0124596703,0.1468731271,0.0125475324,0.1467643964,0.0125455321,0,0,0,0,0
442,0.3346883024,0.0377240529,0.394188445,0.052572074,0.1518945117,0.0089233851,0.1422061741,0.0085047254,0.1488223228,0.0087752335,0,0,0,0,0
443,0.3378963694,0.0315041514,0.397966835,0.0472433919,0.0993477707,0.0074389954,0.1327715918,0.0039461823,0.1314935294,0.0040185023,0,0,0,0,0
444,0.3329922009,0.0325752378,0.3921908144,0.0469396132,0.1077449895,0.0084289154,0.1482969602,0.0067862248,0.1400228473,0.0067981562,0,0,0,0,0
445,0.3378273334,0.0367952809,0.3978855261,0.0516497921,0.1341758541,0.0084968333,0.1465974853,0.0086410334,0.1466164457,0.0086414642,0,0,0,0,0
446,0.3349695236,0.0298169335,0.3945196612,0.0446956565,0.0984872241,0.0103470654,0.1580173975,0.0054248557,0.1363168744,0.0059296,0,0,0,0,0
447,0.3449816168,0.0447563338,0.406311682,0.0597346967,0.1721708773,0.013391113,0.1626194101,0.0123565901,0.1659300649,0.0127021955,0,0,0,0,0
448,0.3459575456,0.0402810077,0.4074611093,0.0557795956,0.1203351314,0.0100808653,0.1613041561,0.0106255852,0.1518576424,0.0102126525,0,0,0,0,0
449,0.3307989123,0.0317918998,0.3896076078,0.0458696374,0.1431330735,0.0049420391,0.1495726365,0.0052121192,0.1494135764,0.0052046869,0,0,0,0,0
450,0.3223783644,0.0337046875,0.3796900736,0.0463935783,0.1458757815,0.0111635262,0.1596254984,0.0117085739,0.1547359125,0.011484004,0,0,0,0,0
451,0.3456177117,0.0374038925,0.4070608604,0.052769077,0.0915347928,0.0118991763,0.1586936124,0.0091060364,0.1451436185,0.0087454488,0,0,0,0,0
452,0.3447105074,0.0365950486,0.4059923753,0.0519030238,0.1233511996,0.0095117139,0.1568506618,0.0091551763,0.1480242271,0.0090291061,0,0,0,0,0
453,0.3155997528,0.0431797303,0.3717063756,0.0552542266,0.1044577254,0.0208837549,0.1892379502,0.0231923513,0.1602803927,0.0208298401,0,0,0,0,0
454,0.3471577952,0.0364917739,0.4088747366,0.0525375424,0.1117561851,0.0094248902,0.144809872,0.0079983687,0.1377961155,0.0080893888,0,0,0,0,0
455,0.3276649096,0.037148091,0.385916449,0.0506004898,0.1515386558,0.0105942087,0.1601551068,0.0111643348,0.1569247011,0.0109373095,0,0,0,0,0
456,0.3434496548,0.0429335733,0.4045073712,0.0582572938,0.1308558979,0.0107972362,0.1493971777,0.0111406904,0.1471842615,0.0110644381,0,0,0,0,0
457,0.3227748402,0.0307279896,0.380157034,0.0439815768,0.1380789938,0.0086218114,0.1435128111,0.008640902,0.1441385769,0.0086460797,0,0,0,0,0
458,0.3232687108,0.0380876054,0.3807387038,0.0507251506,0.1668725451,0.0148700205,0.1504991005,0.0137210279,0.1544254917,0.0139745027,0,0,0,0,0
459,0.3261426537,0.0321039126,0.3841235699,0.04595859,0.1607647407,0.0064466685,0.1491538098,0.0056924983,0.153044915,0.0059294784,0,0,0,0,0
460,0.3372896817,0.0336684367,0.3972522918,0.0483896601,0.1511892475,0.0053037765,0.1583383639,0.0057217899,0.1543309312,0.0054811045,0,0,0,0,0
461,0.3288323135,0.0331234335,0.3872913914,0.0467964336,0.1522353981,0.0110361454,0.143920206,0.0109491125,0.1479572361,0.0109795243,0,0,0,0,0
462,0.3406246371,0.0384970895,0.4011801281,0.0537431795,0.1441953286,0.0078115254,0.1452293104,0.0078471403,0.1493664371,0.0080029214,0,0,0,0,0
463,0.3271866483,0.0433882813,0.3853531636,0.0576814565,0.0592623839,0.024095257,0.180692646,0.016183639,0.1592424057,0.0140290449,0,0,0,0,0
464,0.3161652763,0.035882538,0.3723724365,0.0488799182,0.1446751432,0.0110274145,0.1598423684,0.0119154753,0.1537206628,0.0115173287,0,0,0,0,0
465,0.3215816876,0.0359825779,0.3787517654,0.0485301081,0.1108946684,0.0152840823,0.1632409141,0.0147288199,0.1502684392,0.0143445313,0,0,0,0,0
466,0.3371625049,0.0333030463,0.3971025058,0.0474626865,0.1460681937,0.0126292243,0.1358393625,0.0129804022,0.1439027682,0.0126890953,0,0,0,0,0
467,0.3236639302,0.0388676244,0.3812041844,0.0523300623,0.1458078611,0.0107886006,0.1642929366,0.0122173677,0.1566125299,0.0115603564,0,0,0,0,0
468,0.3199239764,0.0318567901,0.3767993499,0.0435412175,0.1532270728,0.0150704669,0.1518127552,0.0150572575,0.1504162536,0.0150472308,0,0,0,0,0
469,0.3373219528,0.0334352388,0.3972902999,0.0481472566,0.1050458058,0.0095387732,0.16129397,0.0077296458,0.1470730865,0.0074956466,0,0,0,0,0
470,0.3409131531,0.0351049978,0.4015199358,0.0504388264,0.1567889543,0.0060430577,0.1460520163,0.0055381288,0.1514907847,0.0057749621,0,0,0,0,0
471,0.3351194782,0.0388051101,0.3946962743,0.0541802906,0.138941294,0.0063493044,0.1496867619,0.006857729,0.1488635656,0.0068119291,0,0,0,0,0
472,0.3397384202,0.0349780334,0.4001363616,0.0505886974,0.0923768433,0.0120129274,0.1727324746,0.0068287692,0.1409084984,0.0061335943,0,0,0,0,0
473,0.3284052132,0.0401203056,0.3867883622,0.0541015926,0.1354701841,0.013476179,0.1572494313,0.0140219846,0.1493874196,0.0137202207,0,0,0,0,0
474,0.3352851166,0.0289262225,0.3948913596,0.0429799545,0.1453455498,0.0073755617,0.1404253961,0.0074451819,0.1439068605,0.0073920864,0,0,0,0,0
475,0.339948517,0.0436107211,0.4003838089,0.0588367232,0.1503255436,0.0124355082,0.1569125272,0.012853695,0.1555755452,0.0127654809,0,0,0,0,0
476,0.3248929437,0.0353491512,0.3826516893,0.0486021943,0.1382929307,0.0108455985,0.1543653119,0.0112713181,0.1523513957,0.0111956761,0,0,0,0,0
477,0.3298036863,0.0365253893,0.3884354528,0.0517037928,0.1199250746,0.0072712714,0.1552856161,0.0076498711,0.1433527425,0.0072081169,0,0,0,0,0
478,0.3383165386,0.0353818849,0.398461701,0.0511638105,0.1443738389,0.004846275,0.1377978089,0.0046801846,0.1430135413,0.004806642,0,0,0,0,0
479,0.3352314078,0.0360172328,0.3948281025,0.0499958776,0.1409364164,0.0116214756,0.1392723157,0.0116348763,0.1448558378,0.0116218389,0,0,0,0,0
480,0.3362785857,0.039804693,0.3960614454,0.0542961325,0.1682578168,0.0125235017,0.151702508,0.0113630582,0.1587835821,0.0118193,0,0,0,0,0
481,0.3287251074,0.044772991,0.3871651265,0.0576436623,0.0965045205,0.0200439217,0.1807216014,0.0218634941,0.16704759,0.0207185601,0,0,0,0,0
482,0.3176750593,0.0346241818,0.3741506254,0.0473313867,0.1315671005,0.0157362715,0.1450483709,0.0155179027,0.1426635687,0.0155351025,0,0,0,0,0
483,0.3434217228,0.033932998,0.4044744735,0.0492013378,0.1521447094,0.0073180119,0.1442000955,0.007136455,0.148086812,0.0072138732,0,0,0,0,0
484,0.3279385693,0.030967744,0.3862387593,0.0447816186,0.1018512871,0.0084988451,0.1607853913,0.0071925708,0.1473129619,0.0068123593,0,0,0,0,0
485,0.3308014844,0.0311504358,0.3896106371,0.0460132056,0.102332646,0.0088537795,0.1452214029,0.0060384639,0.1366062627,0.0062265101,0,0,0,0,0
486,0.3221625903,0.0354182941,0.3794359396,0.0482954323,0.1734589603,0.0132621363,0.1568164245,0.0120239882,0.160058301,0.0122430987,0,0,0,0,0
487,0.3401762133,0.03240003,0.4006519845,0.0479851031,0.1336674242,0.0029594022,0.140521028,0.0030357945,0.141674739,0.0030563974,0,0,0,0,0
488,0.3287688257,0.0339150077,0.387216617,0.0481212596,0.0766237262,0.0121214159,0.1370428695,0.0072270678,0.1390497517,0.0072335369,0,0,0,0,0
489,0.3399167348,0.0299334479,0.4003463766,0.0448043365,0.107800992,0.0102622912,0.1283963449,0.0077975397,0.1316979904,0.0075042134,0,0,0,0,0
490,0.3431193895,0.0369840762,0.4041183921,0.052219647,0.14425675,0.0047344544,0.1514559658,0.0051620499,0.1525333653,0.0052334708,0,0,0,0,0
491,0.3283426018,0.0401721519,0.3867146199,0.0534462386,0.1469648273,0.0144843762,0.1732201747,0.0161439247,0.1624307836,0.0153474296,0,0,0,0,0
492,0.3288819729,0.0408901398,0.3873498792,0.0531786447,0.1749448955,0.0196428412,0.16531699,0.0190069638,0.1655415881,0.0190203596,0,0,0,0,0
493,0.3232266976,0.0285310709,0.3806892216,0.0412668287,0.1318393536,0.0118072039,0.1421471391,0.0113942091,0.1421076691,0.0113953772,0,0,0,0,0
494,0.3300600548,0.04216816,0.3887373979,0.0560486855,0.1567619657,0.0149343575,0.163873092,0.0154724385,0.1611396117,0.0152577834,0,0,0,0,0
495,0.3425272567,0.0414297674,0.4034209913,0.0554515087,0.1583469801,0.0133070537,0.1709103113,0.0142713893,0.1658488482,0.0138574189,0,0,0,0,0
496,0.3398141234,0.0388513894,0.4002255231,0.0537807789,0.1126833238,0.0091845245,0.1811907566,0.0107163776,0.1502379237,0.0086486965,0,0,0,0,0
497,0.3302364542,0.0393881811,0.3889451572,0.0530491412,0.1015870834,0.0232080332,0.158170669,0.0184990112,0.1361054496,0.0192303762,0,0,0,0,0
498,0.3307973536,0.0355137592,0.3896057721,0.0489711271,0.1477626926,0.0106789922,0.1526143091,0.0108528983,0.1537403401,0.0108972005,0,0,0,0,0
499,0.330782773,0.0367349513,0.3895885993,0.0511453532,0.1618532435,0.008615885,0.1560731416,0.0081532191,0.1572518891,0.0082419623,0,0,0,0,0
500,0.3403506409,0.0374108569,0.4008574215,0.0527063388,0.1272523838,0.0062335716,0.1419084826,0.0064396641,0.1443271433,0.0065127578,0,0,0,0,0
501,0.3209427292,0.0326539784,0.3779992144,0.0464695801,0.1240471747,0.0058331321,0.1501954554,0.0062881931,0.1453503716,0.006102902,0,0,0,0,0
502,0.3289289285,0.0339268187,0.3874051825,0.0478411474,0.0835277735,0.0108042692,0.171169004,0.0086415855,0.1534066987,0.0075129175,0,0,0,0,0
503,0.3377734789,0.0366138333,0.3978220974,0.0509102215,0.1467506013,0.0093430064,0.1610701931,0.0100765553,0.1558168475,0.0097764859,0,0,0,0,0
504,0.3264672271,0.0390331279,0.3845058453,0.0523048676,0.1487451915,0.0126789111,0.1590106704,0.01336519,0.1561238191,0.0131601241,0,0,0,0,0
505,0.3459609589,0.0461320768,0.4074651293,0.0608521168,0.100253058,0.0151387687,0.1918172548,0.0185115123,0.1678189798,0.0160736045,0,0,0,0,0
506,0.3348753157,0.0311485,0.3944087052,0.046116462,0.1330033927,0.0018318826,0.1350890468,0.0018444854,0.1403557312,0.0019096339,0,0,0,0,0
507,0.332704931,0.0405001308,0.3918524742,0.0554179575,0.1307316897,0.0085334823,0.1635947266,0.0105794665,0.1535386307,0.0097619876,0,0,0,0,0
508,0.3310555338,0.0394382555,0.3899098509,0.0541915919,0.1372743394,0.0100504281,0.1554128775,0.0109142019,0.1517822187,0.0106993747,0,0,0,0,0
509,0.3356021886,0.0376408924,0.3952647999,0.0533460737,0.1298959378,0.0051411509,0.1466759388,0.0056791552,0.1465012417,0.0056709458,0,0,0,0,0
510,0.3341809383,0.0340859826,0.3935908829,0.048510098,0.1194464254,0.0050181031,0.1741928276,0.0074041339,0.1545174667,0.0059241896,0,0,0,0,0
511,0.3378303776,0.0375391625,0.3978891114,0.0522554393,0.1308541864,0.0103435814,0.1396976925,0.0102030615,0.1441285477,0.0101932267,0,0,0,0,0
512,0.3185494926,0.0422567597,0.3751805135,0.0552102285,0.0747006738,0.0173080909,0.1744801811,0.0181290965,0.1659678132,0.0172753301,0,0,0,0,0
513,0.3318230261,0.0395098028,0.3908137863,0.0537112788,0.1480261605,0.0128234171,0.1488541179,0.0128568689,0.1499625594,0.0129044466,0,0,0,0,0
514,0.3242551019,0.0353950207,0.3819004534,0.0484477671,0.127051454,0.0125426576,0.1501732045,0.0125963277,0.1466091064,0.012532106,0,0,0,0,0
515,0.3247962422,0.0376219182,0.3825377964,0.0499765748,0.1442705316,0.0155681622,0.1734042519,0.0170195489,0.1628359276,0.0163741059,0,0,0,0,0
516,0.3274119256,0.0353029194,0.3856184901,0.0490574388,0.1323672662,0.0069041638,0.1643526521,0.0088601433,0.1559522708,0.0081988346,0,0,0,0,0
517,0.3289868427,0.0311269261,0.3874733926,0.0451819165,0.1439617399,0.0058661692,0.1518987202,0.0061226277,0.1497906463,0.006043299,0,0,0,0,0
518,0.3438807629,0.0450394359,0.4050151208,0.0596522537,0.1461485851,0.0169041108,0.1566033948,0.0173483236,0.1543116704,0.0172393414,0,0,0,0,0
519,0.3263751067,0.0327735779,0.3843973479,0.0471076116,0.1222634317,0.0055707223,0.1490497787,0.0059791438,0.1469055809,0.0058993533,0,0,0,0,0
520,0.3393592398,0.0349853305,0.3996897714,0.0502308098,0.1551000105,0.0038592048,0.1431674001,0.0030845652,0.1512022001,0.0035841548,0,0,0,0,0
521,0.336525786,0.0416584618,0.3963525924,0.0558456843,0.1743090519,0.013938108,0.1654454874,0.0130455129,0.1665518038,0.0131516725,0,0,0,0,0
522,0.3346763502,0.0401954659,0.394174368,0.0546674171,0.1467675799,0.0106775603,0.1632737659,0.0118284305,0.1582951372,0.01144074,0,0,0,0,0
523,0.3541379178,0.0413153749,0.4170957698,0.056894009,0.1388733065,0.0146668884,0.132599172,0.014849402,0.1390016842,0.0146639566,0,0,0,0,0
524,0.3287329321,0.0385420395,0.3871743422,0.0528571047,0.144184771,0.0117035349,0.1491519559,0.0118687287,0.1496352313,0.0118870776,0,0,0,0,0
525,0.3404607344,0.03199617,0.4009870871,0.047604291,0.1107193031,0.0126329599,0.1238904563,0.0108740317,0.1284290045,0.0103726925,0,0,0,0,0
526,0.3227772923,0.0390280442,0.380159922,0.0528443746,0.1224456818,0.0134037581,0.1508580661,0.0135751765,0.1457342021,0.0134254675,0,0,0,0,0
527,0.3384533404,0.0415101622,0.3986228231,0.056865007,0.1165109014,0.0093505898,0.1610238443,0.0105905756,0.1490377803,0.009855777,0,0,0,0,0
528,0.3428535375,0.0302133136,0.4038052776,0.0455332194,0.141722557,0.007247413,0.1276281281,0.0078856259,0.1360168219,0.0074705081,0,0,0,0,0
529,0.3352876776,0.0370467921,0.3948943758,0.0509345598,0.1052636155,0.0112132436,0.1637732155,0.0110477306,0.1505928511,0.0104622048,0,0,0,0,0
530,0.3355467437,0.0298359813,0.3951994982,0.044457487,0.1301137913,0.0051037096,0.1366040416,0.0049656795,0.1390154609,0.0049323752,0,0,0,0,0
531,0.3517021122,0.0464300221,0.4142269321,0.061140363,0.1106986264,0.019100154,0.1821410437,0.0198644752,0.1655009812,0.0188440103,0,0,0,0,0
532,0.3186108454,0.0344858048,0.3752527735,0.0475699385,0.1130555352,0.0132982951,0.1454673176,0.012237822,0.1404190177,0.0122462605,0,0,0,0,0
533,0.3369651529,0.0337046847,0.396870069,0.0482477947,0.1267994599,0.0048806447,0.1502692249,0.0051091606,0.145441257,0.0049693755,0,0,0,0,0
534,0.3246015906,0.0280176227,0.38230854,0.0415138873,0.0491649896,0.0255454821,0.1583849238,0.0054055301,0.1399926186,0.0051785383,0,0,0,0,0
535,0.3468554778,0.0400041055,0.4085186738,0.0555361756,0.1419790717,0.0098601462,0.1361758984,0.0097731332,0.1438406334,0.0098981594,0,0,0,0,0
536,0.3405774123,0.0320019646,0.4011245078,0.0472986209,0.1232477549,0.0036435672,0.1470004296,0.0035549438,0.1430996285,0.0034923737,0,0,0,0,0
537,0.3401599847,0.0306216054,0.4006328708,0.0460567317,0.1329102842,0.0029665326,0.1365435923,0.0029442354,0.1392886052,0.0029433354,0,0,0,0,0
538,0.3458396643,0.0429747504,0.4073222712,0.0583681344,0.1509048382,0.0101638843,0.1602345849,0.0109094929,0.1585425567,0.0107643468,0,0,0,0,0
539,0.330970167,0.0406756654,0.3898093077,0.0537715375,0.140153839,0.0159310338,0.1805509196,0.017893305,0.1635926763,0.0167656591,0,0,0,0,0
540,0.3272639238,0.0331132923,0.3854441769,0.047542674,0.1568927989,0.005354537,0.1464291169,0.0046762064,0.1516469115,0.0049976442,0,0,0,0,0
541,0.3318589877,0.0424392391,0.3908561411,0.0564936191,0.04850429,0.027969035,0.1659244988,0.0147400151,0.1554930194,0.0139775071,0,0,0,0,0
542,0.3292220373,0.035224346,0.3877503995,0.0492622669,0.1307580639,0.006006645,0.1609442603,0.0077301538,0.1546813531,0.0072626598,0,0,0,0,0
543,0.3269820521,0.0379905635,0.3851121947,0.0523401426,0.1753617873,0.0126743338,0.1492258186,0.0106442643,0.1567288474,0.01115352,0,0,0,0,0
544,0.3354014844,0.0311929611,0.395028415,0.0461441416,0.1313580041,0.0028152442,0.1514490395,0.0033071134,0.1481794227,0.0031826143,0,0,0,0,0
545,0.3277094912,0.0344290544,0.3859689564,0.0465060139,0.1593078286,0.0159147607,0.1438919745,0.0157078939,0.1503455152,0.0157579072,0,0,0,0,0
546,0.3439472328,0.0371932833,0.4050934075,0.0514538809,0.1387743618,0.0125590868,0.1669214801,0.0130541994,0.1583267291,0.0127754837,0,0,0,0,0
547,0.322908546,0.0345693456,0.3803145098,0.0477224463,0.1684422503,0.010795024,0.1487149543,0.0093815225,0.1559667529,0.0098556172,0,0,0,0,0
548,0.3297174909,0.0364835225,0.3883339338,0.0503466736,0.0713538305,0.0128509457,0.1595827594,0.0094142394,0.1528481725,0.0089968409,0,0,0,0,0
549,0.340692608,0.0404670367,0.4012601828,0.0557202939,0.1471173884,0.0112429133,0.1574815607,0.011698645,0.1540508137,0.0115320437,0,0,0,0,0
550,0.3386231837,0.0421992545,0.3988228608,0.0569585328,0.0445969386,0.0334708614,0.1734198544,0.0144935485,0.1482380062,0.0131467687,0,0,1,0,0
551,0.331049244,0.0359302706,0.3899024429,0.0502553698,0.1570234217,0.0080128078,0.1556026414,0.0079145591,0.1563917827,0.0079689328,0,0,0,0,0
552,0.3450215261,0.0415659295,0.4063586863,0.0575995405,0.1069957784,0.0148015868,0.1431098355,0.0129982797,0.1379780633,0.0130726565,0,0,0,0,0
553,0.3360211192,0.0398967813,0.395758207,0.054385835,0.0692859333,0.0164224626,0.1704246369,0.0113544509,0.1513482696,0.0099680724,0,0,0,0,0
554,0.323375732,0.038741218,0.380864751,0.0530512126,0.1523584703,0.0104788266,0.1481964451,0.0102077334,0.1512127858,0.010401043,0,0,0,0,0
555,0.3359290145,0.0391196071,0.3956497281,0.0540063194,0.1644815788,0.0104908281,0.1512420951,0.0095024426,0.156017608,0.0098355871,0,0,0,0,0
556,0.3332317168,0.0274755916,0.3924729109,0.0419657212,0.0703994055,0.014378605,0.1413987031,0.0044482412,0.136407079,0.004615321,0,0,0,0,0
557,0.3331272935,0.0341314161,0.3923499235,0.0487316526,0.1523365115,0.0053811236,0.1469057457,0.0050678655,0.1514836488,0.0053282387,0,0,0,0,0
558,0.3352411663,0.0375947481,0.3948395958,0.0526746385,0.0501373516,0.0217989935,0.1491670145,0.0095556354,0.1464149941,0.0094557156,0,0,0,0,0
559,0.3361535452,0.0333622489,0.3959141755,0.048909802,0.0956300043,0.0066632922,0.1461104432,0.0049712699,0.1410464542,0.0048866555,0,0,0,0,0
560,0.3270102725,0.0315885851,0.385145432,0.045939918,0.1043892456,0.0051972144,0.1468206986,0.004081459,0.139685249,0.0039548324,0,0,0,0,0
561,0.3347279679,0.0324995054,0.3942351622,0.047507566,0.1271071589,0.0049587125,0.1450374907,0.0049526295,0.1412676137,0.0049020812,0,0,0,0,0
562,0.3302974126,0.0382862778,0.3890169526,0.0525268721,0.0515107502,0.0232615261,0.1706937044,0.0116720604,0.1558288962,0.0106729146,0,0,0,0,0
563,0.3345261718,0.0314918444,0.3939974912,0.0455339824,0.1454649979,0.0063673365,0.142225061,0.0063073924,0.1461570725,0.0063810415,0,0,0,0,0
564,0.3401021377,0.0369469211,0.40056474,0.0525253634,0.1247230137,0.0083164837,0.1466353677,0.0082589904,0.1427161508,0.0082015342,0,0,0,0,0
565,0.3164435871,0.0346904561,0.3727002248,0.047209731,0.155474664,0.0131744488,0.1517654129,0.0130065385,0.1519024608,0.0130125688,0,0,0,0,0
566,0.3366350989,0.0311489033,0.3964813387,0.0466013637,0.128421448,0.0022550196,0.1395706095,0.0022444188,0.1401110767,0.0022500284,0,0,0,0,0
567,0.3411095261,0.0346460365,0.4017512196,0.0496606551,0.1456435116,0.0059382034,0.1469788159,0.0059827346,0.1486927524,0.0060444697,0,0,0,0,0
568,0.344064046,0.0388758634,0.4052309875,0.054373859,0.1311329528,0.0086089584,0.148801471,0.008759826,0.1476642787,0.008733149,0,0,0,0,0
569,0.3196574397,0.0378968162,0.376485429,0.0505412477,0.1583685855,0.0148541969,0.1584322609,0.0148584866,0.1571104835,0.014773844,0,0,0,0,0
570,0.3301987617,0.0360909156,0.3889007638,0.0508257364,0.1406765954,0.0068334134,0.1369485131,0.0067382417,0.1437850763,0.0069359282,0,0,0,0,0
571,0.3357911882,0.0336469625,0.3954873994,0.0486010281,0.1193712478,0.0048996395,0.1623200538,0.0055367673,0.1498558066,0.0049588192,0,0,0,0,0
572,0.3306781277,0.0352872425,0.3894653504,0.0493542548,0.1246902356,0.0066760225,0.1583656362,0.0076194578,0.1476814339,0.0070758051,0,0,0,0,0
573,0.3451715877,0.0316873772,0.4065354255,0.0474991257,0.1349257818,0.0034288305,0.1298758342,0.0035315252,0.1357323894,0.0034155081,0,0,0,0,0
574,0.3172758525,0.0327275979,0.3736804485,0.0461812808,0.0421004471,0.0319523645,0.1427394759,0.0088405812,0.1364732226,0.0088578489,0,0,1,0,0
575,0.3313834145,0.033980451,0.3902960215,0.0491163919,0.1237336976,0.0043919427,0.1482366863,0.0045533113,0.1421545032,0.0043887879,0,0,0,0,0
576,0.341494153,0.0388613587,0.4022042246,0.0533663462,0.166021315,0.0099967837,0.1519751332,0.0089025722,0.1580158418,0.0093431178,0,0,0,0,0
577,0.3347304941,0.0332461832,0.3942381375,0.0482403429,0.147577223,0.0055124907,0.1386609824,0.0052893754,0.1457861233,0.0054590859,0,0,0,0,0
578,0.3310157596,0.044104402,0.3898630058,0.0580684568,0.1236774937,0.0140576687,0.180575867,0.0178601036,0.1629378049,0.0161325826,0,0,0,0,0
579,0.337139696,0.0348079703,0.3970756419,0.0500316927,0.1417971433,0.0052870277,0.1501517887,0.0056001132,0.1484524305,0.0055282476,0,0,0,0,0
580,0.339848833,0.0376707719,0.4002664033,0.0529290519,0.0773052676,0.0127468044,0.1516243791,0.0091079586,0.1493962542,0.0090203735,0,0,0,0,0
581,0.3521595598,0.0424412221,0.4147657038,0.0579793188,0.1595194002,0.0101457875,0.1521988929,0.0096109259,0.1561158746,0.0098891421,0,0,0,0,0
582,0.3382453315,0.0311813576,0.3983778348,0.0462966849,0.1454824303,0.003343395,0.1379346204,0.003161418,0.1441608764,0.003306177,0,0,0,0,0
583,0.3367168072,0.0330170464,0.3965775729,0.048025789,0.1108803126,0.0060298319,0.1580257996,0.0055273403,0.1459039431,0.005182628,0,0,0,0,0
584,0.3361330706,0.0323450226,0.395890061,0.0470660082,0.1355920841,0.0068159642,0.1428248598,0.0067517417,0.1433779736,0.0067512978,0,0,0,0,0
585,0.347184572,0.0457230387,0.4089062737,0.0613905828,0.1463523409,0.0138384184,0.1476785296,0.0139014412,0.1495764149,0.0139970377,0,0,0,0,0
586,0.3408684643,0.0354601829,0.4014673023,0.050811951,0.0704457672,0.0095515807,0.1530341181,0.0050753943,0.1489621679,0.0048700101,0,0,0,0,0
587,0.3367730699,0.0373382676,0.3966438378,0.0526546938,0.1273025308,0.0061982442,0.1463492336,0.0064758693,0.1439647892,0.0064005249,0,0,0,0,0
588,0.3289039143,0.0273952317,0.3873757213,0.040882263,0.1200385083,0.0101580116,0.1227712938,0.009860868,0.1316308697,0.0090281831,0,0,0,0,0
589,0.3356110412,0.0278278279,0.3952752263,0.0431062199,0.1241361202,0.0037581376,0.1237474116,0.0037849772,0.1306679969,0.003352758,0,0,0,0,0
590,0.3322861239,0.0343920624,0.3913592126,0.0489364024,0.1373487488,0.0067108242,0.1478981476,0.0069775925,0.1473148641,0.0069579617,0,0,0,0,0
591,0.3368448607,0.0346206508,0.3967283915,0.0485711854,0.1231677916,0.0144701049,0.1412873309,0.0135549235,0.1437243029,0.0134762849,0,0,0,0,0
592,0.3337481423,0.0355695564,0.3930811454,0.0502382052,0.1356957341,0.0067887754,0.1586439953,0.0077477202,0.153384587,0.0074542529,0,0,0,0,0
593,0.3378979691,0.0352943106,0.3979687192,0.0509129401,0.1137765032,0.0072572211,0.1455427243,0.0065610526,0.1395599224,0.0065224558,0,0,0,0,0
594,0.3316776225,0.0350812831,0.3906425331,0.0494086249,0.097825631,0.0103005179,0.1575155141,0.0084135133,0.1452557487,0.0080926316,0,0,0,0,0
595,0.3271632803,0.0356327948,0.3853256413,0.0498082214,0.1623660811,0.0090935086,0.1560821696,0.008614435,0.1569214943,0.0086744987,0,0,0,0,0
596,0.322525435,0.0369174893,0.3798632901,0.0512724128,0.1308314633,0.007654929,0.1626817945,0.0091770955,0.149698812,0.0083110042,0,0,0,0,0
597,0.3329069004,0.0299953709,0.3920903494,0.0447940044,0.1420251509,0.0015770145,0.1415566774,0.0015622461,0.1447280725,0.001668087,0,0,0,0,0
598,0.3295248906,0.0344146642,0.3881070934,0.0479688356,0.1691145299,0.0104110939,0.1471521755,0.0091042753,0.1534918324,0.0094302341,0,0,0,0,0
599,0.3439654689,0.0344241358,0.4051148856,0.0503262546,0.103660219,0.0089262305,0.130210783,0.0059046744,0.1309779435,0.0058513948,0,0,0,0,0
600,0.3282261599,0.040531549,0.3865774773,0.0548906369,0.1433023258,0.0100289769,0.1649696494,0.0116417522,0.1576108088,0.0110064058,0,0,0,0,0
601,0.3319367169,0.0398347044,0.3909476888,0.0538403985,0.1551648708,0.0122535111,0.1709196727,0.0134101658,0.1637504022,0.0128407706,0,0,0,0,0
602,0.3337018044,0.0289398462,0.3930265696,0.0437702109,0.1267007565,0.0035072466,0.1442222708,0.0033429812,0.1402109986,0.0033300803,0,0,0,0,0
603,0.34609447,0.0369396138,0.4076223758,0.052262101,0.1322665612,0.0098814927,0.1344509774,0.0098300324,0.1407088561,0.0097144179,0,0,0,0,0
604,0.3245263081,0.0302614122,0.382219874,0.0436958182,0.1275180157,0.0109237659,0.1367349839,0.0105390379,0.1375920908,0.0105117857,0,0,0,0,0
605,0.3262533699,0.0338573018,0.3842539689,0.04823184,0.140490252,0.004670889,0.1494898097,0.0051696932,0.1502503012,0.005218262,0,0,0,0,0
606,0.338141918,0.0346219298,0.3982560368,0.0500723531,0.1095380878,0.0094869137,0.1449734869,0.0078359721,0.1412684745,0.0078796439,0,0,0,0,0
607,0.339163576,0.0386872205,0.3994593229,0.0534130109,0.1257725291,0.0084716719,0.1674208737,0.0100967611,0.1535961007,0.0092082405,0,0,0,0,0
608,0.3323330145,0.0434155061,0.3914144393,0.0578000528,0.1380018374,0.0104760155,0.1672660107,0.0129714241,0.1568962738,0.0119308678,0,0,0,0,0
609,0.3316092131,0.0324580562,0.3905619621,0.0468283695,0.1410771151,0.0069430866,0.1422283057,0.0069603527,0.1449356134,0.007007706,0,0,0,0,0
610,0.3314184755,0.0389073331,0.3903373156,0.0527566353,0.0949856225,0.0137894746,0.1733911448,0.0137437722,0.1598065563,0.0128398786,0,0,0,0,0
611,0.3371719605,0.0406323505,0.3971136424,0.0545644675,0.0930880564,0.0161069477,0.1790929407,0.0157738666,0.1561275471,0.0143042736,0,0,0,0,0
612,0.3358802262,0.0412630012,0.3955922665,0.0554326447,0.0960670276,0.0202774399,0.1553974564,0.0181550341,0.1505060426,0.0180809496,0,0,0,0,0
613,0.3376730881,0.0362964063,0.3977038593,0.0515721559,0.1124436316,0.0055788541,0.1550245438,0.0055608818,0.1438742555,0.0051397402,0,0,0,0,0
614,0.3450300048,0.0373291969,0.4063686723,0.0530195944,0.1037066437,0.0099684599,0.1574447018,0.0072683697,0.1396985069,0.0072244589,0,0,0,0,0
615,0.331730883,0.0320169068,0.3907052622,0.0465087388,0.0937802486,0.0073107094,0.1686616784,0.0055446324,0.1449482648,0.0045122586,0,0,0,0,0
616,0.3446983666,0.0387936756,0.4059780762,0.0544863809,0.1486995429,0.0077660889,0.1533123624,0.0079842359,0.1531554044,0.0079763134,0,0,0,0,0
617,0.3347695162,0.0409962211,0.3942840968,0.0563804282,0.1479716208,0.0100969985,0.143603451,0.0098826742,0.1490381746,0.0101532341,0,0,0,0,0
618,0.3364001379,0.0387266578,0.3962046069,0.0534144932,0.1260755369,0.0093049154,0.1562387881,0.0100964488,0.1494445271,0.0097689692,0,0,0,0,0
619,0.3304706239,0.0350563783,0.389220957,0.0496345615,0.1361730008,0.006400967,0.1533675149,0.0069374618,0.1501556674,0.0067912815,0,0,0,0,0
620,0.3387002664,0.0298226995,0.3989136471,0.0447154819,0.1097739331,0.0097854987,0.1416717206,0.0070977061,0.1369868789,0.0073385794,0,0,0,0,0
621,0.3300759869,0.0320174939,0.3887561623,0.0469564275,0.1331222274,0.0065158142,0.135164072,0.006491137,0.1387916315,0.0064675916,0,0,0,0,0
622,0.3287568948,0.0306923147,0.387202565,0.0440739279,0.1174422436,0.0086034288,0.1559328487,0.0083124393,0.1478524347,0.0081508182,0,0,0,0,0
623,0.3274605381,0.0353546282,0.3856757448,0.0495589368,0.0977224258,0.0182758631,0.1342175024,0.0139559689,0.1308733736,0.0141926164,0,0,0,0,0
624,0.3416057101,0.0393456239,0.4023356141,0.0549672376,0.1292176341,0.0077981838,0.1461915602,0.0081966185,0.1457579133,0.0081798116,0,0,0,0,0
625,0.3369801499,0.0327585717,0.3968877321,0.0477948116,0.1539942653,0.004408962,0.1439442639,0.003930487,0.1492645758,0.0041652595,0,0,0,0,0
626,0.3413940951,0.0335437257,0.4020863787,0.0491031213,0.0755354752,0.0260426002,0.145031557,0.0109469342,0.127475359,0.0127619135,0,0,0,0,0
627,0.3330305848,0.0308491796,0.3922360221,0.0461608857,0.1114521943,0.0053933314,0.1407867924,0.0041626805,0.1360914142,0.0042230867,0,0,0,0,0
628,0.3313804675,0.032944468,0.3902925506,0.0474410901,0.1570780749,0.0058608651,0.1422041203,0.005085305,0.1472405845,0.0053180919,0,0,0,0,0
629,0.3453366791,0.0368461598,0.4067298665,0.0525014269,0.1288972777,0.004508664,0.1483735485,0.0050576479,0.1487917891,0.0050759863,0,0,0,0,0
630,0.3283515211,0.0342988863,0.3867251249,0.0489584767,0.1531518105,0.0056881632,0.1492603525,0.0054369662,0.151041873,0.0055495234,0,0,0,0,0
631,0.3207431129,0.0341668699,0.3777641108,0.047297634,0.1293916824,0.0124284451,0.1529863901,0.0124221897,0.1456043833,0.0123144278,0,0,0,0,0
632,0.3312958542,0.0303663091,0.3901928949,0.0443964547,0.0510130319,0.0217267715,0.1549783447,0.0055195235,0.1498468454,0.0053175333,0,0,0,0,0
633,0.3363727064,0.0338002169,0.3961722986,0.0485411437,0.0687948867,0.014561036,0.1585230099,0.0061428105,0.14620517,0.0057058766,0,0,0,0,0
634,0.3342003887,0.0487047686,0.3936137911,0.0639591884,0.1353254826,0.0135392501,0.1720148008,0.0168388497,0.1593373902,0.015446929,0,0,0,0,0
635,0.3413485881,0.0436171046,0.4020327815,0.0581502957,0.1560510815,0.0146496728,0.1643243882,0.0151784779,0.1608588581,0.0149460251,0,0,0,0,0
636,0.3325882594,0.0329775896,0.3917150611,0.0476156453,0.0816782652,0.0107476312,0.1535519645,0.0062173603,0.1447826178,0.005998827,0,0,0,0,0
637,0.344802297,0.0423454789,0.4061004832,0.0575516336,0.1121824453,0.0177722839,0.1398680048,0.0160203669,0.1362422764,0.0161458955,0,0,0,0,0
638,0.3206263632,0.0336073906,0.3776266055,0.0454963165,0.1215654502,0.0139414712,0.1626851567,0.014194424,0.1516593404,0.013843121,0,0,0,0,0
639,0.3303120554,0.0334230936,0.3890341986,0.0466705327,0.1641503905,0.0123852791,0.1476801242,0.0118410743,0.1504268685,0.0119109354,0,0,0,0,0
640,0.3344763025,0.0372473012,0.3939387562,0.052573237,0.0828735437,0.0145134692,0.1616393001,0.0081309562,0.139617727,0.0077635068,0,0,0,0,0
641,0.3465290924,0.0358769376,0.4081342643,0.0522722594,0.0931718959,0.0137337341,0.1391002154,0.0069216391,0.1283278648,0.0077935349,0,0,0,0,0
642,0.3179632074,0.0385210156,0.3744899999,0.0514269287,0.1468087452,0.0130326734,0.1627829999,0.0141331967,0.1577836232,0.0137472445,0,0,0,0,0
643,0.3365620087,0.0315096009,0.3963952547,0.0470196623,0.148326079,0.0034080821,0.1336733014,0.0031482976,0.1416998421,0.0032536294,0,0,0,0,0
644,0.3316914763,0.0293737961,0.3906588499,0.0435598129,0.1431791657,0.0077204388,0.1367731218,0.0078373747,0.1397975852,0.0077742979,0,0,0,0,0
645,0.3331089121,0.0336097721,0.3923282743,0.048528747,0.0710971122,0.0197157038,0.1696474903,0.0083785373,0.1430057665,0.0078881956,0,0,0,0,0
646,0.3404315937,0.0382310241,0.4009527659,0.0532527709,0.1516571172,0.0088472986,0.1509408172,0.0088135872,0.1535012437,0.0089378,0,0,0,0,0
647,0.3318101853,0.0341292902,0.3907986627,0.0487095104,0.065805972,0.0125175139,0.1571755322,0.0069932455,0.1511663699,0.0066872506,0,0,0,0,0
648,0.3384093728,0.0382269783,0.398571039,0.0526952037,0.1424016671,0.0109954013,0.1510375308,0.0112311561,0.1502899453,0.0112061847,0,0,0,0,0
649,0.3487166505,0.0369641776,0.4107107217,0.0527326476,0.1474585607,0.0071938813,0.1357708398,0.0070178801,0.1434647351,0.0071118914,0,0,0,0,0
650,0.3242779507,0.0340436588,0.3819273641,0.0469412796,0.1548696071,0.0125706404,0.1503026698,0.0124394012,0.1522569178,0.0124927418,0,0,0,0,0
651,0.333239155,0.0333675152,0.3924816714,0.0485694015,0.1219527134,0.0083177046,0.123724146,0.0081952314,0.1316522664,0.0077441657,0,0,0,0,0
652,0.3474368636,0.0426233308,0.4092034171,0.0581115231,0.1071425383,0.0112740504,0.1521803616,0.0107759611,0.1477590772,0.0106275199,0,0,0,0,0
653,0.3292113424,0.0407638482,0.3877378032,0.0537991864,0.1446911922,0.0148125833,0.1688862189,0.0164125992,0.160888707,0.015801865,0,0,0,0,0
654,0.3242684071,0.0326860794,0.3819161239,0.0460338081,0.0856942267,0.0204185624,0.1470212682,0.0131048502,0.1385840387,0.0134879612,0,0,0,0,0
655,0.3377681083,0.0308953084,0.3978157721,0.0461638107,0.1341523315,0.0024252584,0.1327211935,0.0024308633,0.13899779,0.0024344436,0,0,0,0,0
656,0.3385557208,0.0396415916,0.3987434045,0.0539706163,0.1400576135,0.0118743936,0.1679889924,0.0129265945,0.1575008644,0.0123722733,0,0,0,0,0
657,0.3340178445,0.0325685962,0.3933987946,0.0471010182,0.065470554,0.0212588954,0.1601124206,0.0084138479,0.1437775718,0.0084752891,0,0,0,0,0
658,0.3313515088,0.0338871872,0.3902584437,0.0479069267,0.1509705023,0.0082964859,0.1523643509,0.0083503551,0.1530083307,0.0083760761,0,0,0,0,0
659,0.3377548104,0.0373551779,0.39780011,0.0526644767,0.0859780326,0.0103948451,0.1482005973,0.0085852479,0.1483953341,0.0085915915,0,0,0,0,0
660,0.3430215113,0.0303332603,0.4040031133,0.0460333963,0.1202643574,0.0114059978,0.1252276955,0.0108444949,0.1282022707,0.0105362669,0,0,0,0,0
661,0.3393877661,0.0283155768,0.3997233689,0.0425596433,0.1440184963,0.0057630609,0.1367121174,0.0058520869,0.1419828994,0.0057798046,0,0,0,0,0
662,0.3411388826,0.0361603024,0.4017857951,0.05145601,0.1480593282,0.0046324235,0.1456305135,0.0044994673,0.1502428782,0.0047582295,0,0,0,0,0
663,0.3376241917,0.0356988997,0.3976462703,0.0513309205,0.1231558434,0.0094164807,0.1313897447,0.009003234,0.1348812154,0.0088702326,0,0,0,0,0
664,0.3395258385,0.0358468209,0.3998859876,0.051001291,0.1419357221,0.0050667867,0.1444835364,0.005167295,0.147737123,0.0053110088,0,0,0,0,0
665,0.3367519587,0.036948512,0.3966189735,0.0511003008,0.1557077625,0.007981662,0.1604282722,0.0083718761,0.1586212884,0.0082166175,0,0,0,0,0
666,0.3352964923,0.0292183086,0.3949047576,0.0437230718,0.1497311077,0.0048086192,0.131750007,0.0047137676,0.140666413,0.0047111259,0,0,0,0,0
667,0.3290775723,0.0350026228,0.3875802519,0.0492718261,0.1364936229,0.0074336102,0.1477979646,0.007792241,0.1467882398,0.0077524744,0,0,0,0,0
668,0.3282585176,0.031377902,0.3866155874,0.045849101,0.1289845345,0.0025258501,0.1444265842,0.0029379452,0.1435356532,0.0029023147,0,0,0,0,0
669,0.3430741285,0.0348619384,0.4040650847,0.0507405699,0.1394949183,0.0046371762,0.1306326384,0.0045903218,0.1403157434,0.004648164,0,0,0,0,0
670,0.3244837649,0.0368332684,0.3821697675,0.050517717,0.0685579775,0.0148145284,0.1648166522,0.0104623636,0.1535057696,0.0096393557,0,0,0,0,0
671,0.339992304,0.0347739044,0.4004353802,0.0508800185,0.1257097708,0.0035529395,0.1350357217,0.003445557,0.1375180413,0.0034492457,0,0,0,0,0
672,0.3308782376,0.0390328336,0.3897010354,0.0532379463,0.1314158617,0.016056957,0.128220301,0.0162263646,0.1374732988,0.0157893413,0,0,0,0,0
673,0.324676309,0.0315175552,0.3823965417,0.0458930604,0.1073491851,0.0072308628,0.1402663541,0.0054912482,0.1361369043,0.0055514933,0,0,0,0,0
674,0.3416714182,0.0337104371,0.4024130037,0.0490662729,0.15279779,0.0041141841,0.1409192922,0.0035933411,0.1485396359,0.003905459,0,0,0,0,0
675,0.3273205554,0.0354195688,0.3855108764,0.0475804102,0.104854839,0.0157235913,0.1596874584,0.0152157061,0.1516426039,0.0149727232,0,0,0,0,0
676,0.325751498,0.0463073623,0.3836628754,0.0602367597,0.1393253236,0.0184563141,0.1447872496,0.0186367109,0.1478711904,0.0187574801,0,0,0,0,0
677,0.3335343244,0.0362392709,0.3928293154,0.0500345442,0.1286066389,0.0118492572,0.1590483555,0.011816116,0.150516549,0.0116408821,0,0,0,0,0
678,0.339695099,0.0381365104,0.4000853388,0.0527508117,0.1706817078,0.0110807513,0.1627564686,0.0105049401,0.1625302858,0.0104896595,0,0,0,0,0
679,0.3369345566,0.0345683466,0.3968340334,0.0501710147,0.1020838277,0.0081399866,0.1399682767,0.0065483724,0.13893764,0.0065510921,0,0,0,0,0
680,0.3334414178,0.0309297113,0.392719892,0.0450276871,0.1114798802,0.0090349841,0.1453542621,0.0069839254,0.1396458393,0.0071247228,0,0,0,0,0
681,0.3376549162,0.0415450841,0.3976824568,0.0564654809,0.1341073746,0.0105748378,0.1509731718,0.0111692532,0.1495233154,0.011097255,0,0,0,0,0
682,0.3429736633,0.0329588152,0.403946759,0.0488057624,0.1233395494,0.0047931495,0.1392445797,0.0044873693,0.1383741078,0.0044911246,0,0,0,0,0
683,0.3450971463,0.0336622568,0.4064477501,0.0498780025,0.1223776433,0.0073449203,0.1370632266,0.0066858646,0.1365986969,0.0067004779,0,0,0,0,0
684,0.330334311,0.0311381496,0.3890604107,0.0450965516,0.1256228945,0.007035111,0.1454834679,0.0068913116,0.1433720258,0.0068735572,0,0,0,0,0
685,0.3369425657,0.0389720984,0.3968434663,0.0540379963,0.1515844474,0.0091114318,0.1565436943,0.0094242835,0.1547436325,0.0093087968,0,0,0,0,0
686,0.3405679883,0.0326491641,0.4011134084,0.0473114746,0.1542365828,0.0064167433,0.1490589714,0.0062410956,0.1509090499,0.0063000338,0,0,0,0,0
687,0.3319593271,0.0305186439,0.3909743186,0.0454055586,0.1318452411,0.0048357869,0.1361967807,0.0047442951,0.1394153677,0.0047009714,0,0,0,0,0
688,0.326686619,0.0314060097,0.3847642402,0.0463414231,0.1147881902,0.0054476921,0.1311352497,0.0045393387,0.1331427419,0.0044750817,0,0,0,0,0
689,0.3308891427,0.0358227999,0.3897138792,0.0506294848,0.1471170471,0.0080571698,0.1387416613,0.0078000201,0.14311887,0.007920838,0,0,0,0,0
690,0.34093929,0.0359659302,0.4015507194,0.0515159663,0.0673414827,0.0089815271,0.1559048869,0.0048326544,0.1499985575,0.0044674186,0,0,0,0,0
691,0.3401801354,0.0338878358,0.4006566039,0.0489049801,0.131380801,0.0055239966,0.1395227547,0.0054683793,0.1416903132,0.0054755563,0,0,0,0,0
692,0.3373692227,0.0358394919,0.3973459734,0.050603674,0.1681189922,0.0075309979,0.1529166746,0.0063369907,0.1578432157,0.0066916902,0,0,0,0,0
693,0.3446109965,0.03610694,0.4058751736,0.0516526556,0.0857008091,0.0098807401,0.1642615991,0.0067193009,0.1505726432,0.0060917799,0,0,0,0,0
694,0.338793593,0.0373161466,0.3990235651,0.0521822919,0.1123895034,0.0067728979,0.1584327174,0.0079428542,0.151240973,0.0075124474,0,0,0,0,0
695,0.326369679,0.0383727485,0.3843909552,0.0526814512,0.1548350397,0.0102586945,0.1403077835,0.0094480845,0.1499836958,0.009952006,0,0,0,0,0
696,0.3292864858,0.0337771593,0.3878263055,0.0472161857,0.1019721111,0.0151372469,0.1704351209,0.0124554739,0.1460545746,0.0121268609,0,0,0,0,0
697,0.3317091192,0.0344232148,0.3906796292,0.0493600684,0.1289349338,0.0058872643,0.1422048066,0.0059045126,0.1428065776,0.0059146164,0,0,0,0,0
698,0.3357114738,0.041947859,0.3953935135,0.0556493893,0.1020630189,0.0230110563,0.2022084827,0.0207307151,0.1584711669,0.0186669916,0,0,0,0,0
699,0.3145000801,0.0338800164,0.3704112054,0.0460468038,0.1491138767,0.0125257421,0.1496206447,0.0125427949,0.1499438141,0.0125546667,0,0,0,0,0
700,0.3426124427,0.0346069174,0.4035213214,0.0493303693,0.1607595657,0.006850694,0.1520200999,0.0063461188,0.1546552923,0.0064891774,0,0,0,0,0
701,0.3331469631,0.0347928525,0.3923730899,0.0494739831,0.1203580436,0.0139937703,0.1265803238,0.0134743504,0.1318516282,0.0130938243,0,0,0,0,0
702,0.3424025064,0.0363770032,0.4032740631,0.0512026446,0.0700540399,0.0134843952,0.1507382306,0.007558324,0.1458330721,0.0074160947,0,0,0,0,0
703,0.3389726581,0.0379942049,0.399234464,0.0531823297,0.0531282561,0.0246049167,0.1447536712,0.0115786947,0.1423678646,0.0115611987,0,0,0,0,0
704,0.3282196023,0.0395574953,0.3865697538,0.0542691473,0.1547226618,0.0088957532,0.1573650368,0.0091204679,0.1569043905,0.0090809189,0,0,0,0,0
705,0.3385388535,0.0336164363,0.3987235385,0.0487591327,0.0883558951,0.0224001054,0.1386434741,0.013024163,0.1275665234,0.0143040632,0,0,0,0,0
706,0.3273758927,0.0342942835,0.3855760514,0.0487809041,0.1353016966,0.0066032632,0.1324755758,0.0065878404,0.1408220447,0.0066698201,0,0,0,0,0
707,0.3206717999,0.0337237369,0.3776801199,0.0469265634,0.1600953959,0.0101702424,0.1514795802,0.0096920047,0.1546073327,0.0098558753,0,0,0,0,0
708,0.3262069937,0.037214525,0.3841993482,0.0503181712,0.1571507147,0.0112082999,0.1513565659,0.0107938705,0.1553061143,0.0110750008,0,0,0,0,0
709,0.3200586102,0.0302575007,0.3769579187,0.0424721886,0.108599585,0.0151694503,0.1412764356,0.0129163997,0.1382424587,0.0130331964,0,0,0,0,0
710,0.3338923819,0.0330957804,0.3932510275,0.0477845246,0.0740438231,0.0184584589,0.1665194773,0.0079632982,0.1413371398,0.0076901098,0,0,0,0,0
711,0.3481943148,0.0439537163,0.4100955263,0.0579672219,0.0461654192,0.0422510969,0.1626005244,0.0205313901,0.1534826537,0.0204592229,0,0,1,0,0
712,0.3336692784,0.0361855428,0.3929882613,0.0499384262,0.1067235827,0.0105381984,0.1767732111,0.0119231104,0.1597691819,0.0107538825,0,0,0,0,0
713,0.3348497407,0.0378216709,0.3943785834,0.0530982779,0.1354723771,0.0041218802,0.1437916131,0.0045026602,0.1464220261,0.0046515753,0,0,0,0,0
714,0.3279545401,0.0326571504,0.3862575694,0.0457418541,0.1464644958,0.0100843784,0.1537144967,0.010313476,0.1518969418,0.0102491064,0,0,0,0,0
715,0.3192911894,0.0305719577,0.3760540675,0.0441182002,0.1572935181,0.0070038358,0.1400336157,0.0062689985,0.1458331389,0.0064796108,0,0,0,0,0
716,0.3323930101,0.0363281011,0.3914851008,0.05085201,0.1726485269,0.0087378819,0.1551512155,0.0071360285,0.160181157,0.0075622808,0,0,0,0,0
717,0.3335000087,0.0348050905,0.3927888992,0.0489639732,0.1637502139,0.0091230954,0.1448677611,0.0080846287,0.1528595264,0.00847594,0,0,0,0,0
718,0.3353850004,0.0395284863,0.3950090004,0.0542090255,0.1264012016,0.0096041163,0.1632473179,0.0114658995,0.1549188583,0.0108649909,0,0,0,0,0
719,0.3395632428,0.036086142,0.3999300416,0.0520698879,0.0983991188,0.0112408955,0.1334265662,0.0073181965,0.1324240238,0.0073746491,0,0,0,0,0
720,0.3372074609,0.0375254736,0.397155454,0.0526548789,0.1192044536,0.0106601315,0.1539407008,0.0103096894,0.1464578502,0.0101750163,0,0,0,0,0
721,0.3371520761,0.0347106517,0.397090223,0.0486331146,0.052494445,0.0298460137,0.1766517961,0.0106610656,0.1487563684,0.0098570644,0,0,0,0,0
722,0.3297811138,0.0322575025,0.3884088673,0.0465443517,0.1352959432,0.0059060993,0.1578189311,0.0066000087,0.1521097854,0.0063484608,0,0,0,0,0
723,0.3349942084,0.0338974155,0.3945487344,0.0487357534,0.1630384593,0.0057704224,0.1433953693,0.0045387922,0.1506125694,0.004937868,0,0,0,0,0
724,0.3332222045,0.0307904976,0.3924617075,0.0455693904,0.1446656174,0.0040807076,0.1378821481,0.0039776645,0.1436679992,0.0040612348,0,0,0,0,0
725,0.3345840842,0.0334073891,0.3940656992,0.0481579964,0.1113382647,0.0075085203,0.1531824503,0.0064322289,0.141746703,0.0063083882,0,0,0,0,0
726,0.3347776039,0.035566937,0.3942936224,0.0498797581,0.1329645842,0.008844574,0.1482721097,0.0089575175,0.1470586794,0.0089337393,0,0,0,0,0
727,0.341113231,0.0371272373,0.4017555832,0.0523208296,0.1302321248,0.0042241367,0.1640462091,0.0059705595,0.1511004768,0.0050459325,0,0,0,0,0
728,0.3345299848,0.0314145062,0.3940019821,0.0462678156,0.143831364,0.0049149846,0.1314488187,0.004876696,0.1413885774,0.0048891765,0,0,0,0,0
729,0.3377838081,0.0283457193,0.3978342629,0.0434447358,0.1301584062,0.0030030156,0.1277844903,0.0030951782,0.1348784333,0.0028473886,0,0,0,0,0
730,0.3286919837,0.0328134409,0.3871261142,0.0468294931,0.0568928315,0.0192188883,0.1704336023,0.0075133656,0.1478982501,0.0063242701,0,0,0,0,0
731,0.3455170859,0.0364063218,0.4069423456,0.0521473516,0.1386939859,0.0077598117,0.1401579567,0.0077647776,0.1439037202,0.0077897198,0,0,0,0,0
732,0.3172571706,0.0411397776,0.3736584454,0.053595948,0.1287293707,0.0173314229,0.1566456281,0.018011523,0.1493817129,0.0176934362,0,0,0,0,0
733,0.3285128044,0.0272773781,0.3869150807,0.041405647,0.1263556702,0.0042847276,0.1453369997,0.0039492692,0.1418860257,0.0039568706,0,0,0,0,0
734,0.3346967432,0.0285467731,0.3941983864,0.0435151671,0.1298481505,0.0050452808,0.1357821504,0.0048264382,0.1372487634,0.0047825148,0,0,0,0,0
735,0.3301497436,0.036155412,0.3888430314,0.0503025084,0.1621043428,0.0088887334,0.1542209608,0.0083026105,0.1571897542,0.0085109674,0,0,0,0,0
736,0.3180807998,0.0363098182,0.3746284976,0.0490907366,0.167084466,0.0139464404,0.1589317928,0.0133589094,0.1586384289,0.0133385094,0,0,0,0,0
737,0.3296904043,0.0395841877,0.3883020317,0.0534352581,0.1579615213,0.0113433047,0.1591622577,0.0114444959,0.1592734665,0.0114540261,0,0,0,0,0
738,0.3333426185,0.0325624633,0.3926035284,0.0469807895,0.1579330082,0.0064350816,0.1530748058,0.0061694066,0.1534026629,0.0061869192,0,0,0,0,0
739,0.3365077744,0.0383847014,0.3963313787,0.0533753252,0.1267548909,0.0068913356,0.1674403141,0.0087336294,0.1537645392,0.0077625591,0,0,0,0,0
740,0.3306163747,0.033150943,0.3893926191,0.0476506527,0.1701006139,0.0061820494,0.1456126781,0.0042789285,0.1534702974,0.0048217078,0,0,0,0,0
741,0.3368789392,0.0335915106,0.3967685283,0.0490130331,0.1260665782,0.0068391672,0.1337991776,0.0066160835,0.137232623,0.0065541741,0,0,0,0,0
742,0.3357139894,0.0433479752,0.3953964764,0.0567718052,0.1800917504,0.0196458783,0.1674643764,0.0186527414,0.1691949695,0.0187801716,0,0,0,0,0
743,0.3342343963,0.036144003,0.3936538445,0.0512523807,0.1277085478,0.0062826125,0.1522906149,0.0070152545,0.1478961873,0.0068065756,0,0,0,0,0
744,0.3206672752,0.0342502116,0.3776747907,0.0473396145,0.1337848588,0.0087015406,0.1502091323,0.0091914753,0.1460917428,0.009025268,0,0,0,0,0
745,0.3391411627,0.035000646,0.399432925,0.0498531109,0.1480249496,0.0060434126,0.1487979322,0.006074216,0.1512407208,0.0061791324,0,0,0,0,0
746,0.3310761502,0.0373995107,0.3899341325,0.0522013093,0.1062679347,0.0066491036,0.1636433071,0.0079822168,0.152178877,0.0071605901,0,0,0,0,0
747,0.3368476841,0.0372879317,0.3967317168,0.0519668816,0.1354634255,0.0136411497,0.1515242887,0.0133736706,0.1490529534,0.0133854129,0,0,0,0,0
748,0.3327938609,0.030471607,0.3919572139,0.0454592436,0.1132946825,0.0072869167,0.1307666334,0.0058436835,0.1316433947,0.0057916132,0,0,0,0,0
749,0.3354745503,0.0316640382,0.3951144703,0.0467137387,0.1346628125,0.0024946961,0.1463942185,0.0028321319,0.1451156752,0.0027855697,0,0,0,0,0
750,0.3422692887,0.0391346705,0.4031171623,0.0550712456,0.1467544198,0.0065438963,0.1322026863,0.0061320424,0.1446005086,0.0064605744,0,0,0,0,0
751,0.3227744817,0.0355357339,0.3801566117,0.0493570736,0.1154282139,0.0076911867,0.1613534277,0.0092430343,0.15154512,0.0085805366,0,0,0,0,0
752,0.3329605827,0.0316274419,0.3921535752,0.0449920053,0.1462860471,0.0124914031,0.1361515965,0.0127924839,0.1436987692,0.0125522938,0,0,0,0,0
753,0.3435587996,0.037199003,0.4046359195,0.0529888403,0.1200216976,0.011816778,0.1270250341,0.0112883012,0.1328349789,0.0109386106,0,0,0,0,0
754,0.3203381149,0.0444329607,0.3772871131,0.056650477,0.1272296108,0.0209927086,0.1700807176,0.0225608638,0.1595688741,0.0219025777,0,0,0,0,0
755,0.3415031345,0.0315635557,0.4022148028,0.0471477007,0.1399217471,0.0042824052,0.1341888191,0.0043361024,0.1409432116,0.0042781247,0,0,0,0,0
756,0.3466899959,0.0375040676,0.4083237729,0.0531915022,0.1398365445,0.0077893073,0.144574335,0.0078821258,0.1454496101,0.0079041689,0,0,0,0,0
757,0.3276634604,0.0271989332,0.3859147423,0.0413925543,0.0852318594,0.0115797288,0.1648944775,0.0035671282,0.1353500082,0.003812819,0,0,0,0,0
758,0.3301049776,0.0390161824,0.388790307,0.0516495342,0.0643649924,0.0287789149,0.1632631119,0.0182027894,0.1532350714,0.0179399816,0,0,0,0,0
759,0.3251140183,0.036469361,0.3829120661,0.0504454354,0.1682794117,0.0106490985,0.1548224468,0.0096093536,0.1583910476,0.0098609431,0,0,0,0,0
760,0.3244371566,0.0324412738,0.3821148733,0.0464154364,0.1247851271,0.0072865538,0.144520062,0.0070195501,0.1417661011,0.0070010124,0,0,0,0,0
761,0.3382366656,0.0357341795,0.3983676283,0.0505564726,0.1389961939,0.0058871606,0.1490578252,0.0062544264,0.1479928186,0.0062082438,0,0,0,0,0
762,0.3275889405,0.0347622685,0.3858269744,0.0492215773,0.1245650655,0.0072610307,0.1548526021,0.0080408947,0.1496731719,0.0077950321,0,0,0,0,0
763,0.3343903542,0.0329832968,0.3938375282,0.0480083714,0.1092407993,0.0093246722,0.1458355887,0.0073764893,0.1384330279,0.0075115678,0,0,0,0,0
764,0.3469360148,0.0413728054,0.4086135285,0.0561665379,0.1215649124,0.0205815148,0.1296746597,0.0196724602,0.1367777931,0.0190032155,0,0,0,0,0
765,0.3507373163,0.0428626429,0.413090617,0.0583768817,0.0571108384,0.0229443976,0.1708727228,0.0122301184,0.1576768442,0.0112770469,0,0,0,0,0
766,0.3311918707,0.0364945238,0.3900704255,0.0511043885,0.1660026367,0.0081996333,0.157363825,0.007443824,0.1585119691,0.0075392166,0,0,0,0,0
767,0.3319740907,0.0372564044,0.3909917068,0.0522616758,0.1448719103,0.0080984279,0.1436661825,0.0080456482,0.1464015421,0.0081682328,0,0,0,0,0
768,0.3256326276,0.040258859,0.3835228725,0.0526112778,0.1777823503,0.0193283817,0.1589097177,0.0180058107,0.1628348521,0.0182575284,0,0,0,0,0
769,0.3223023238,0.0367314062,0.3796005146,0.050141447,0.1260192981,0.0107061245,0.159418318,0.0120033179,0.1518324166,0.011554025,0,0,0,0,0
770,0.3456326766,0.0403602318,0.4070784858,0.05641337,0.1166318247,0.0083537295,0.1497175152,0.0082780033,0.1435214219,0.0081132559,0,0,0,0,0
771,0.3331558363,0.0380082278,0.3923835405,0.052515274,0.1489280398,0.0127663734,0.1421199937,0.0126707009,0.147828972,0.0127472427,0,0,0,0,0
772,0.3300487157,0.0351289665,0.388724043,0.0491892518,0.1428360297,0.010427248,0.1397015143,0.010414304,0.1453239145,0.0104480643,0,0,0,0,0
773,0.3398658609,0.0390511385,0.4002864584,0.0544274775,0.1315589375,0.0121258922,0.1295731312,0.012198755,0.1376833682,0.0119518687,0,0,0,0,0
774,0.3339942367,0.0375341715,0.3933709899,0.0514812419,0.1342948309,0.0115993379,0.1500618125,0.0118867078,0.1483436691,0.0118384371,0,0,0,0,0
775,0.3282846912,0.0364522902,0.3866464141,0.0496768874,0.1400822525,0.0108495686,0.145442953,0.0109989666,0.1474070597,0.0110634349,0,0,0,0,0
776,0.3501375144,0.0473373363,0.4123841837,0.0633796744,0.1543913445,0.0117560929,0.1486253955,0.0112941443,0.1546757539,0.0117798472,0,0,0,0,0
777,0.3411712554,0.0420421616,0.401823923,0.0567679849,0.1475480997,0.0112654116,0.1694718252,0.0129542344,0.1631712315,0.0124050131,0,0,0,0,0
778,0.3375752725,0.0322624224,0.3975886543,0.0472596469,0.1407474711,0.0060724883,0.143908727,0.0061126066,0.144982389,0.0061290144,0,0,0,0,0
779,0.3295780988,0.0358082822,0.3881697609,0.0501258947,0.1688595679,0.0084653974,0.1527461206,0.0070222016,0.1577217542,0.0074342496,0,0,0,0,0
780,0.3350605665,0.0308252854,0.3946268894,0.0440625717,0.1086172745,0.022583623,0.1375006235,0.0174813618,0.1321820504,0.0182279903,0,0,0,0,0
781,0.3400451163,0.0394169898,0.4004975814,0.0538950071,0.1428958931,0.0143800477,0.1336159115,0.0145055761,0.1422303071,0.0143836035,0,0,0,0,0
782,0.3330596195,0.0330511352,0.3922702185,0.048238614,0.1014926342,0.0084127244,0.1509696292,0.0046597692,0.1342019159,0.0050231831,0,0,0,0,0
783,0.3229238974,0.0326627651,0.3803325903,0.0457239439,0.1594126745,0.0111640333,0.1467255114,0.0107309155,0.150903754,0.0108508975,0,0,0,0,0
784,0.3380770928,0.0371748675,0.398179687,0.0520034257,0.1546803318,0.0076048276,0.1525131491,0.0074606161,0.1538893867,0.0075515652,0,0,0,0,0
785,0.3383127146,0.0357138773,0.3984571972,0.0503335333,0.1124205663,0.0103967362,0.1674007119,0.0097532349,0.1503651615,0.0092426006,0,0,0,0,0
786,0.3343475354,0.0378381943,0.3937870972,0.0532596695,0.1296023192,0.0065760825,0.1439546186,0.0068112801,0.1450495512,0.0068464085,0,0,0,0,0
787,0.3327254859,0.0345658786,0.3918766834,0.0485666629,0.1150178784,0.0090329811,0.159141543,0.0090429118,0.1478215096,0.0086673773,0,0,0,0,0
788,0.3436725616,0.0386599771,0.4047699059,0.0527446064,0.1388261582,0.0145497965,0.1449545676,0.0145252287,0.1469884579,0.0145275494,0,0,0,0,0
789,0.3408604245,0.0343560924,0.4014578333,0.0491156579,0.0814596025,0.0126523483,0.168663323,0.008149934,0.1521335371,0.0074920994,0,0,0,0,0
790,0.3431739547,0.0358186925,0.4041826577,0.0511619152,0.1429621719,0.0065880889,0.1478498736,0.0067168123,0.1476927991,0.0067121162,0,0,0,0,0
791,0.331196785,0.0375627622,0.3900762135,0.0524580949,0.1437527076,0.0094177306,0.1396887417,0.0093066898,0.144435023,0.0094390694,0,0,0,0,0
792,0.3427488778,0.0330795624,0.4036820116,0.0479197782,0.1578196536,0.0053698381,0.1455914774,0.0047796693,0.1513806023,0.0050379708,0,0,0,0,0
793,0.3338339401,0.0434965618,0.3931821961,0.0588850182,0.1396294701,0.0106597394,0.1516449298,0.0113682124,0.15052579,0.0112905377,0,0,0,0,0
794,0.3340168821,0.0300147615,0.3933976612,0.045442992,0.1039338307,0.0065066258,0.1402011196,0.0041093034,0.1350799572,0.0042541379,0,0,0,0,0
795,0.3398853396,0.0326269118,0.4003094,0.047396823,0.1392567535,0.0051842657,0.1484768817,0.0054048772,0.1472361157,0.0053685816,0,0,0,0,0
796,0.3262745533,0.0304871875,0.3842789184,0.0454745875,0.1239488347,0.0032287775,0.139895251,0.0031269656,0.1384736101,0.0031167112,0,0,0,0,0
797,0.3265832436,0.0322848947,0.3846424869,0.0461226298,0.0978194249,0.0106896154,0.155944016,0.0085453424,0.1444369162,0.008339609,0,0,0,0,0
798,0.3328707353,0.0391112649,0.3920477549,0.0535669798,0.1475185509,0.0085642776,0.1608081191,0.0095704034,0.1568590884,0.0092427336,0,0,0,0,0
799,0.3270183753,0.0358075186,0.3851549754,0.049817831,0.1459163567,0.0081598056,0.1648093683,0.0094082053,0.158234961,0.0089128347,0,0,0,0,0
800,0.336205212,0.0318492136,0.3959750275,0.0469962553,0.154098639,0.0050078004,0.1349561074,0.004581559,0.142848155,0.0047001718,0,0,0,0,0
801,0.3288934136,0.039361367,0.3873633537,0.0531128099,0.10657649,0.0091807457,0.1728808038,0.0123206254,0.1586330636,0.0109569679,0,0,0,0,0
802,0.329532347,0.0311694461,0.3881158754,0.0452829148,0.1434043677,0.0059385173,0.14624314,0.0060031992,0.1471411456,0.0060264175,0,0,0,0,0
803,0.3266011765,0.0346987959,0.3846636079,0.0495883646,0.1223614836,0.0079993754,0.1311009522,0.0077297332,0.1373077762,0.0076388654,0,0,0,0,0
804,0.3402000426,0.0385103984,0.4006800502,0.0530453351,0.1515498957,0.0111101812,0.1649026071,0.0117894539,0.1599688998,0.011509664,0,0,0,0,0
805,0.3340904487,0.0382966228,0.3934843063,0.0527089752,0.1442518239,0.0077708352,0.1627796488,0.0092005206,0.156198332,0.0086371458,0,0,0,0,0
806,0.3230015721,0.0390528278,0.3804240738,0.0525425241,0.1510791288,0.012546059,0.165389346,0.0135673132,0.1599429316,0.0131466379,0,0,0,0,0
807,0.3145557619,0.0365196686,0.3704767863,0.0484876571,0.1623804401,0.0153076966,0.1527794348,0.0147254783,0.1559886449,0.0149073249,0,0,0,0,0
808,0.3359403241,0.0364378598,0.3956630484,0.051683187,0.159229616,0.0065442303,0.1447223453,0.0055680406,0.1524264319,0.006054984,0,0,0,0,0
809,0.3278181637,0.0333765756,0.3860969484,0.0472964167,0.1375149241,0.0078637327,0.1589019592,0.0086893324,0.1535986974,0.0084229971,0,0,0,0,0
810,0.3248806821,0.0286004668,0.3826372478,0.0431532863,0.0981917733,0.0053403733,0.1390839123,0.0033826063,0.1372647217,0.0033903732,0,0,0,0,0
811,0.3383528977,0.0301238761,0.3985045239,0.0450884532,0.1362158505,0.0036784708,0.1453134898,0.003721729,0.1434342935,0.0037008227,0,0,0,0,0
812,0.3366108155,0.0398845605,0.3964527383,0.0551319488,0.1428853819,0.0113187631,0.1386070786,0.0112409773,0.1436200638,0.0113353866,0,0,0,0,0
813,0.3444912213,0.0375101941,0.4057341051,0.0531790815,0.1409781178,0.0084021132,0.1389037411,0.0083783876,0.1431232252,0.0084320285,0,0,0,0,0
814,0.3299696433,0.0309995392,0.3886309132,0.0449380589,0.1343336765,0.0055970287,0.1504778127,0.0058261399,0.147684771,0.0057546894,0,0,0,0,0
815,0.327921749,0.0367847232,0.3862189489,0.050682149,0.1537246929,0.0096871012,0.1554015924,0.0097962593,0.1553853783,0.009795192,0,0,0,0,0
816,0.3403563786,0.0326264939,0.4008641792,0.0472702695,0.1510352767,0.0054987129,0.1428758655,0.0052143025,0.1480018943,0.0053831369,0,0,0,0,0
817,0.3352182483,0.0339378747,0.3948126035,0.0480648279,0.1568058942,0.0082064694,0.1511981821,0.007948928,0.1535049672,0.0080510469,0,0,0,0,0
818,0.3531211633,0.0437078098,0.415898259,0.0585752511,0.1495769934,0.0160647256,0.152008437,0.0161029946,0.1549956314,0.016161944,0,0,0,0,0
819,0.3349852619,0.035624044,0.3945381973,0.0501906384,0.1368271272,0.0104920509,0.1600688021,0.0109137103,0.1524798596,0.0106805143,0,0,0,0,0
820,0.3369195384,0.0316487548,0.3968163453,0.0470767575,0.1257272366,0.0066524706,0.1246129915,0.0067309655,0.1334275687,0.0061846198,0,0,0,0,0
821,0.3299278789,0.0346979592,0.388581724,0.0491738325,0.1594029836,0.0083979003,0.1451157963,0.0076281451,0.1512152918,0.0079265933,0,0,0,0,0
822,0.3449627848,0.0387807929,0.4062895021,0.0546225994,0.1008691693,0.0113127738,0.1558080688,0.0099095591,0.1458914486,0.009668318,0,0,0,0,0
823,0.3319857504,0.0268694353,0.3910054393,0.0411409761,0.09114259,0.0083086148,0.1394642742,0.0044952388,0.1375728305,0.0045454839,0,0,0,0,0
824,0.3276627476,0.0288245914,0.3859139027,0.0427311786,0.0790695597,0.0097315886,0.1545633772,0.0041022168,0.1421782676,0.0038277594,0,0,0,0,0
825,0.3358823472,0.0352449574,0.3955947645,0.0509210439,0.1348265062,0.005523839,0.137584102,0.0055330447,0.1406515716,0.0055612896,0,0,0,0,0
826,0.3227382988,0.0465902788,0.3801139964,0.059911189,0.156570568,0.0187375557,0.1631165453,0.0193425513,0.1626476716,0.0192974322,0,0,0,0,0
827,0.3269163788,0.0329571055,0.3850348461,0.0478283057,0.1068285569,0.0062878651,0.141051094,0.0051544366,0.1387563954,0.005144183,0,0,0,0,0
828,0.328864466,0.0287255533,0.38732926,0.0429444515,0.1254743547,0.0037509041,0.1399618559,0.0035578542,0.1399331717,0.0035578487,0,0,0,0,0
829,0.3371363598,0.0301829009,0.3970717127,0.0453759611,0.1053314219,0.003868478,0.1436803497,0.0020560449,0.1363804759,0.0021062374,0,0,0,0,0
830,0.335031502,0.0391003996,0.3945926579,0.0537661968,0.1354649489,0.0089522345,0.1716844237,0.0111329124,0.1588962911,0.0101229779,0,0,0,0,0
831,0.3274172696,0.0358139741,0.3856247842,0.0495600918,0.1367689659,0.0084846532,0.1621200201,0.0098838989,0.1539808457,0.0093300354,0,0,0,0,0
832,0.3281848994,0.0288663645,0.3865288815,0.0423941762,0.1265045124,0.0123436033,0.1340187649,0.0117064877,0.1355624761,0.0115916155,0,0,0,0,0
833,0.3304795245,0.0368509661,0.38923144,0.052030749,0.1053939447,0.0069362963,0.1569598989,0.0068141556,0.1417492642,0.0061517661,0,0,0,0,0
834,0.3271518108,0.0295043558,0.3853121327,0.042296687,0.1656418738,0.0093758379,0.1447798183,0.0087672619,0.1500099366,0.0088740968,0,0,0,0,0
835,0.3438286315,0.0407003109,0.4049537215,0.0547776255,0.1466350903,0.0163221666,0.1527022628,0.0163585936,0.1537927846,0.0163731642,0,0,0,0,0
836,0.3285064742,0.0384627021,0.3869076251,0.0524831714,0.1631738313,0.0105632281,0.1480756562,0.0093615544,0.1553020392,0.009902268,0,0,0,0,0
837,0.3377545156,0.0397621335,0.3977997628,0.0551248646,0.153308474,0.0080156965,0.1449183634,0.007449029,0.1510523844,0.0078534467,0,0,0,0,0
838,0.3209570757,0.0280361096,0.3780161114,0.0413253265,0.1403530374,0.0053811626,0.1327322197,0.0053798226,0.1400268917,0.0053795636,0,0,0,0,0
839,0.3355496707,0.0379115677,0.3952029455,0.0526734861,0.081789435,0.0161786369,0.1698170486,0.0099724244,0.1402802047,0.0092339338,0,0,0,0,0
840,0.3266497979,0.0350698594,0.3847208731,0.0494005286,0.151179264,0.007952433,0.1600347395,0.0084834279,0.1557863829,0.008214725,0,0,0,0,0
841,0.3431941441,0.0414283734,0.4042064364,0.0568278613,0.1402368566,0.0101325807,0.1705715614,0.0117986111,0.159195592,0.010996611,0,0,0,0,0
842,0.3329882488,0.0391883801,0.3921861597,0.0544218699,0.1472643635,0.006877353,0.1439224004,0.0066836343,0.1499568554,0.0070471461,0,0,0,0,0
843,0.3293716336,0.0394575614,0.3879265907,0.0543203282,0.1348697013,0.0113436687,0.1368955496,0.0113544283,0.1418433706,0.0114132461,0,0,0,0,0
844,0.3381974962,0.0394088879,0.3983214955,0.0538416742,0.1458747913,0.0093723195,0.1607067115,0.0103056289,0.1576664254,0.0100847566,0,0,0,0,0
845,0.3385979543,0.0317883996,0.3987931461,0.0469124753,0.129836345,0.0038325277,0.1408926665,0.0038115743,0.1412705531,0.003815094,0,0,0,0,0
846,0.3314486315,0.043897396,0.3903728326,0.0578002114,0.1615462632,0.0164724167,0.1763672895,0.0177754581,0.1693516166,0.0171260778,0,0,0,0,0
847,0.3354888044,0.0340247268,0.3951312585,0.0486070532,0.1549663213,0.0089279916,0.1479397703,0.0087469475,0.148546251,0.0087595758,0,0,0,0,0
848,0.3378313333,0.037201061,0.397890237,0.0526209363,0.1441183786,0.0061780446,0.1486313074,0.0064177743,0.1485436024,0.0064128519,0,0,0,0,0
849,0.3346541475,0.0363095958,0.3941482182,0.0491622218,0.1329155507,0.015419461,0.1625146559,0.0153942351,0.1541991209,0.0152536612,0,0,0,0,0
850,0.3345475914,0.0320571001,0.3940227187,0.0461262433,0.131455737,0.006955979,0.1608976201,0.0078015939,0.155833044,0.007571923,0,0,0,0,0
851,0.3234879778,0.0452912809,0.3809969517,0.0572161631,0.1669202739,0.0255698578,0.1710637897,0.0257977858,0.1663474926,0.0255412046,0,0,0,0,0
852,0.322220777,0.0379557579,0.3795044707,0.0512710211,0.1720629674,0.0135505886,0.1580460697,0.0123019306,0.1619383395,0.0126296435,0,0,0,0,0
853,0.3392550536,0.032433479,0.3995670631,0.0473406214,0.1485000803,0.0048991352,0.1526977464,0.0050555682,0.1510783444,0.0049915748,0,0,0,0,0
854,0.3460541996,0.0339547309,0.4075749461,0.0495412725,0.0824181279,0.0228722678,0.1305395931,0.012755793,0.1277373674,0.013125938,0,0,0,0,0
855,0.3384954915,0.0353840453,0.3986724678,0.0492490722,0.1361399349,0.0111271464,0.1622186779,0.0114900157,0.1549151172,0.0112783205,0,0,0,0,0
856,0.3266914486,0.0368938819,0.3847699283,0.0511188242,0.1211581509,0.0107521143,0.1587398438,0.0110190165,0.1479854362,0.0106386244,0,0,0,0,0
857,0.3284266956,0.0406733723,0.3868136637,0.0546026746,0.1657267468,0.0137476947,0.1599232035,0.0132533177,0.1618339189,0.0134125382,0,0,0,0,0
858,0.3225173099,0.0356377072,0.3798537205,0.0495422712,0.048036907,0.0270354945,0.1550546191,0.0105619989,0.1458825046,0.0102462384,0,0,0,0,0
859,0.3311587838,0.0387112757,0.3900314565,0.0532075365,0.1417336615,0.0094083884,0.160153877,0.0105001176,0.1542485155,0.0100945814,0,0,0,0,0
860,0.3225347371,0.0416271869,0.3798742459,0.0550811606,0.1780543519,0.0157968685,0.1623183977,0.0140024575,0.1657535309,0.0143718975,0,0,0,0,0
861,0.3331415927,0.0320555608,0.3923667648,0.0456599143,0.1606364533,0.0091366055,0.1474484227,0.0086736402,0.1497995195,0.0087391836,0,0,0,0,0
862,0.3356519023,0.0380398366,0.3953233516,0.052714859,0.1548015009,0.0088168224,0.1531009479,0.0087066423,0.1549077818,0.0088238584,0,0,0,0,0
863,0.3371598955,0.0353640224,0.3970994325,0.0504188761,0.1570628699,0.0058238321,0.1459885945,0.0051784734,0.1523964269,0.0055318549,0,0,0,0,0
864,0.3222330648,0.0365133257,0.3795189429,0.0493088233,0.1515618304,0.0132156311,0.1558104791,0.0134184023,0.1542267201,0.0133418334,0,0,0,0,0
865,0.3336225747,0.0364900161,0.3929332546,0.0510640224,0.1637443634,0.0078316629,0.1569890869,0.0072732772,0.158267216,0.0073730159,0,0,0,0,0
866,0.3300824172,0.0468682512,0.3887637358,0.0606430175,0.140106247,0.0231454868,0.1471570478,0.0231680706,0.1482170325,0.0231786075,0,0,0,0,0
867,0.3193922777,0.0354740993,0.3761731271,0.0479607598,0.1255006712,0.01295317,0.1595635364,0.0135592822,0.1486150472,0.01313658,0,0,0,0,0
868,0.3439241286,0.0397417163,0.4050661959,0.0554089703,0.1442448845,0.0083865602,0.1468394104,0.0084910975,0.1487849691,0.0085772065,0,0,0,0,0
869,0.3274990009,0.0394302376,0.3857210455,0.0525339936,0.1682930665,0.0151272706,0.1745458313,0.0156645924,0.1680765091,0.0151092412,0,0,0,0,0
870,0.3487188994,0.0337989385,0.4107133704,0.0492187134,0.1302018812,0.0080684302,0.1385016887,0.0077571595,0.1405592569,0.0077005134,0,0,0,0,0
871,0.3496662898,0.0400820163,0.4118291858,0.0560746603,0.091834286,0.0108003606,0.1564680637,0.0086916945,0.1449592597,0.0082897558,0,0,0,0,0
872,0.3304580923,0.0310794214,0.3892061976,0.0450325669,0.0936816852,0.0077544664,0.1679681836,0.0057219252,0.1454217488,0.0047290932,0,0,0,0,0
873,0.3345721521,0.0398366467,0.3940516458,0.0552422883,0.1278057656,0.0064714077,0.1528440837,0.0076287256,0.1482648402,0.0073277946,0,0,0,0,0
874,0.3267730346,0.0335817958,0.3848660185,0.0477609178,0.128400835,0.0079676075,0.1413298313,0.0077858429,0.1418204098,0.0077869294,0,0,0,0,0
875,0.3355948607,0.0348704886,0.3952561693,0.0492765134,0.0558736094,0.0186395128,0.1703606928,0.0077810855,0.1511810302,0.0066209058,0,0,0,0,0
876,0.3494120455,0.0359941296,0.4115297425,0.0511213355,0.0478985205,0.0315665261,0.1443766592,0.0107377881,0.1411846257,0.0107988323,0,0,1,0,0
877,0.3424875391,0.0385243603,0.4033742127,0.0535474455,0.139990018,0.0066526247,0.1489541073,0.0070602258,0.1505270744,0.0071454944,0,0,0,0,0
878,0.3327944824,0.0296367408,0.3919579459,0.0446407628,0.0766310968,0.012019212,0.1531519749,0.0031263483,0.1373546475,0.0032498211,0,0,0,0,0
879,0.3250071935,0.033088063,0.3827862501,0.0465589152,0.1623968037,0.0077263713,0.1585698591,0.0074165399,0.1579968608,0.0073715355,0,0,0,0,0
880,0.3314933088,0.0316811136,0.3904254526,0.0462466264,0.1316601513,0.0028162121,0.1431117551,0.0031296901,0.1443497025,0.0031770115,0,0,0,0,0
881,0.3308751955,0.0499038337,0.3896974525,0.0629637278,0.1433732995,0.0225702518,0.1806078452,0.02510462,0.1613288269,0.0235191855,0,0,0,0,0
882,0.3283332078,0.0376748583,0.3867035558,0.0513776808,0.1263465962,0.0104132187,0.1756073034,0.0125704563,0.1590057314,0.0113612025,0,0,0,0,0
883,0.342921022,0.0344037901,0.4038847592,0.0500885084,0.1261333763,0.0039038555,0.1437643721,0.0040159469,0.1424793487,0.0039884941,0,0,0,0,0
884,0.3258594194,0.0358523359,0.3837899829,0.0495646051,0.1363992782,0.0116560626,0.1445528253,0.011726255,0.1441477946,0.0117198333,0,0,0,0,0
885,0.3310648749,0.036229055,0.3899208527,0.05146154,0.1206086606,0.0079360485,0.1361090244,0.0073748112,0.1384459903,0.0073449019,0,0,0,0,0
886,0.3591853646,0.0429860194,0.4230405405,0.0591528841,0.082265184,0.0218222414,0.1504331668,0.0145410173,0.1438791942,0.0146875427,0,0,0,0,0
887,0.3292202624,0.0276475085,0.3877483091,0.0413383186,0.1158074567,0.0111845696,0.1407365089,0.0087599698,0.1352599844,0.0091517581,0,0,0,0,0
888,0.3493847475,0.0387882305,0.4114975915,0.0546019098,0.0860912568,0.0121314543,0.1550765616,0.0080362787,0.1432615126,0.007816017,0,0,0,0,0
889,0.3109541724,0.045396064,0.3662349141,0.056922415,0.1316716573,0.0227705949,0.1835739285,0.0260164078,0.1653649648,0.0244320585,0,0,0,0,0
890,0.3371363579,0.0493577255,0.3970717105,0.0620719947,0.175904114,0.0254575004,0.1796374352,0.0257772358,0.1756075075,0.0254328117,0,0,0,0,0
891,0.3414464535,0.0304051936,0.4021480453,0.0450732916,0.1308199657,0.009788177,0.1268343277,0.0100745781,0.1354765023,0.0094929992,0,0,0,0,0
892,0.3305911613,0.0342760575,0.3893629233,0.0483807733,0.166037727,0.0088471494,0.1433878708,0.0075615666,0.1520155878,0.007981783,0,0,0,0,0
893,0.3326976733,0.0424740136,0.3918439264,0.0565541956,0.1579184391,0.0147735509,0.1568871754,0.0147061713,0.1593612945,0.0148746219,0,0,0,0,0
894,0.33523417,0.0289078477,0.3948313558,0.0439245998,0.1282979425,0.0022065593,0.1369777811,0.0021298688,0.1387007761,0.0021303332,0,0,0,0,0
895,0.3473898754,0.0455749531,0.4091480755,0.0608240652,0.1467902855,0.0132402415,0.1546888632,0.0137298057,0.1555375415,0.0137870581,0,0,0,0,0
896,0.3385391093,0.0313249648,0.3987238398,0.0470995791,0.0563710245,0.0279586473,0.1428585426,0.0041339462,0.1248877238,0.0057524065,0,0,0,0,0
897,0.3391359375,0.034043337,0.3994267708,0.0480863937,0.1490573874,0.0092491991,0.1600027305,0.0095728707,0.1550768591,0.0094075726,0,0,0,0,0
898,0.3279658822,0.0343622139,0.3862709279,0.04865958,0.1534446587,0.0082478515,0.1471941464,0.0079695133,0.1506792344,0.0081161451,0,0,0,0,0
899,0.3282101108,0.0275711093,0.3865585749,0.0414507704,0.1008722132,0.0053926157,0.149438709,0.0033363029,0.1399153984,0.0032863526,0,0,0,0,0
900,0.3354802864,0.0378188094,0.3951212262,0.0519420453,0.1432198418,0.0105900051,0.1577022754,0.0112350256,0.1545930637,0.0110745295,0,0,0,0,0
901,0.3402267009,0.034402793,0.4007114477,0.0495616556,0.0716111777,0.0139455658,0.1672535755,0.0064834206,0.1487494094,0.0056239307,0,0,0,0,0
902,0.3352242952,0.0299261816,0.3948197254,0.0455533035,0.1317216381,0.0035038054,0.1268499135,0.003680919,0.1341832188,0.0034301136,0,0,0,0,0
903,0.3348218813,0.0400670356,0.3943457713,0.0548769347,0.0737627229,0.0134186289,0.1651087167,0.011375785,0.1567899621,0.0106990399,0,0,0,0,0
904,0.3289010643,0.0292934591,0.3873723646,0.0435009805,0.1438889915,0.0033856078,0.147178953,0.0034874353,0.1470355104,0.003482799,0,0,0,0,0
905,0.3434089656,0.0322987797,0.4044594484,0.0476800612,0.1235128049,0.0046067686,0.1471462199,0.0046586905,0.1446829036,0.0046130733,0,0,0,0,0
906,0.3386887999,0.0364093072,0.3989001421,0.05086591,0.1419118858,0.0092595168,0.1580564909,0.0097503085,0.1522481546,0.0095275806,0,0,0,0,0
907,0.3369364981,0.0387409587,0.39683632,0.0543133722,0.1286497924,0.0130331278,0.1412915845,0.012670824,0.141979081,0.0126591587,0,0,0,0,0
908,0.3220013116,0.0422432083,0.3792459892,0.0539152747,0.1292545208,0.0204583241,0.1787079205,0.0225623957,0.1673337403,0.0217830935,0,0,0,0,0
909,0.31855994,0.0266237093,0.3751928182,0.039751084,0.143290588,0.0067969755,0.1251736158,0.0071696647,0.1354943771,0.0068998239,0,0,0,0,0
910,0.3264439175,0.0310079245,0.3844783917,0.0449018562,0.1327788941,0.0045145937,0.1402218068,0.0046028273,0.1430138237,0.0046660366,0,0,0,0,0
911,0.3302792336,0.03138133,0.3889955418,0.0457558177,0.1267111219,0.0039351818,0.1519033921,0.0041078264,0.1431937715,0.0038884967,0,0,0,0,0
912,0.3328910141,0.0325341256,0.3920716388,0.0481394001,0.1348295478,0.0043313053,0.1303065447,0.0043843542,0.137677058,0.0043190326,0,0,0,0,0
913,0.3408438311,0.0322202248,0.40143829,0.0474856176,0.1406278435,0.0037086294,0.1379354628,0.0036849777,0.143048555,0.0037424897,0,0,0,0,0
914,0.3336847814,0.0344890708,0.3930065203,0.0486465292,0.0810169396,0.0159435785,0.1702221671,0.0105641993,0.1533343038,0.0099377287,0,0,0,0,0
915,0.3352293984,0.0359118076,0.3948257359,0.0503262903,0.1299381287,0.0095660528,0.1727790616,0.0107841844,0.1590354615,0.0100458009,0,0,0,0,0
916,0.3359905859,0.0363163818,0.3957222456,0.050963353,0.145768877,0.0099504153,0.1455787626,0.0099472451,0.1478293994,0.0099884992,0,0,0,0,0
917,0.3432799437,0.0369727146,0.4043074892,0.0515951728,0.1500830117,0.0085886693,0.1524005696,0.0086971678,0.153391093,0.0087449725,0,0,0,0,0
918,0.3454908717,0.0423199809,0.4069114712,0.0574655683,0.1545290453,0.0122368285,0.1495425126,0.0119901771,0.1545080091,0.0122357356,0,0,0,0,0
919,0.3371148245,0.0387474397,0.3970463488,0.0534893327,0.1176839037,0.0086792939,0.1817659799,0.0113393969,0.1586750762,0.0094464721,0,0,0,0,0
920,0.3295545567,0.0419185062,0.3881420334,0.0556326012,0.1604921809,0.0140851573,0.1667365459,0.0146694643,0.1639067089,0.0144012561,0,0,0,0,0
921,0.3267013928,0.0347410082,0.3847816405,0.0482250288,0.1543150677,0.0084515655,0.1575472772,0.0086710715,0.1567342877,0.0086151929,0,0,0,0,0
922,0.3374769902,0.0418585093,0.3974728996,0.0567304601,0.1588113681,0.0114032559,0.1669770206,0.0121060509,0.1626755963,0.0117266486,0,0,0,0,0
923,0.3357391216,0.0376555817,0.3954260766,0.0516526369,0.1679018825,0.0107063497,0.1455568129,0.0091508499,0.1560953637,0.0098140263,0,0,0,0,0
924,0.3415509554,0.0432034648,0.4022711253,0.0582769363,0.1033166176,0.014840927,0.174688651,0.0148841725,0.1536273653,0.0136548596,0,0,0,0,0
925,0.3188503064,0.0390982536,0.3755348053,0.0517324571,0.1628294342,0.0154233261,0.1647237007,0.0155751118,0.1615521606,0.0153227326,0,0,0,0,0
926,0.3465142627,0.0436202776,0.4081167983,0.0592306361,0.147808702,0.0119838923,0.1540760566,0.0123407749,0.1536391908,0.0123143121,0,0,0,0,0
927,0.3391730771,0.0379825206,0.399470513,0.0520280823,0.1332732561,0.0125353288,0.1671634167,0.013167973,0.1552957235,0.0127209877,0,0,0,0,0
928,0.3288352918,0.0363991493,0.3872948992,0.0508547741,0.1170344209,0.0092311464,0.1753246257,0.0103971569,0.1517717027,0.0090242579,0,0,0,0,0
929,0.3361942074,0.0335211033,0.3959620665,0.0480531354,0.1304931834,0.0084907163,0.1511721369,0.0084534701,0.1470410378,0.0084028868,0,0,0,0,0
930,0.3342151332,0.0366231248,0.3936311568,0.0506238829,0.1478283933,0.0096032569,0.1619900971,0.0104659245,0.1575154965,0.0101629765,0,0,0,0,0
931,0.3365062035,0.0390893673,0.3963295286,0.0537937883,0.1310294564,0.0098071065,0.1603422125,0.0107422766,0.1549352398,0.0104569892,0,0,0,0,0
932,0.3425490099,0.0414472514,0.4034466117,0.0565918953,0.15885041,0.0104290669,0.1439085699,0.0094518994,0.1532630258,0.0100330577,0,0,0,0,0
933,0.3466618792,0.0396877973,0.4082906577,0.0556651119,0.1314428367,0.0096372148,0.1320547544,0.0096244868,0.1395278673,0.0095242699,0,0,0,0,0
934,0.3358456109,0.0401402251,0.3955514973,0.0546787983,0.1526901497,0.0116550453,0.1580310285,0.0119765686,0.1569850754,0.0119111925,0,0,0,0,0
935,0.3479344537,0.0404053365,0.4097894677,0.0560524264,0.1581501835,0.0084423997,0.1556550906,0.0082633798,0.1573764824,0.0083853691,0,0,0,0,0
936,0.3192160766,0.0407283057,0.3759656013,0.0523805932,0.159073771,0.0202723666,0.1617664426,0.02041763,0.1594283156,0.0202913705,0,0,0,0,0
937,0.3305432481,0.0294803111,0.3893064922,0.0445617317,0.1023572928,0.0072031003,0.1413940487,0.0032848313,0.1298850652,0.0038925883,0,0,0,0,0
938,0.3305997623,0.035033729,0.3893730534,0.049142602,0.1284171658,0.010802066,0.1448459785,0.0104780774,0.1455812517,0.0104759708,0,0,0,0,0
939,0.3245662997,0.0364316046,0.3822669752,0.0504197177,0.1699216125,0.0100501662,0.1507273858,0.0083495007,0.1580026302,0.0089437549,0,0,0,0,0
940,0.3290251569,0.0349350583,0.3875185181,0.0490524691,0.1627352054,0.0068538387,0.1519722419,0.0059215339,0.1560801412,0.0062611933,0,0,0,0,0
941,0.3353608452,0.0369142187,0.3949805511,0.0522608681,0.1284931252,0.0081296024,0.1468887989,0.0081313419,0.1446689235,0.00809459,0,0,0,0,0
942,0.334572567,0.0292385097,0.3940521345,0.0446117262,0.1238000198,0.0028538113,0.1308779853,0.0025637575,0.1354108133,0.0024356125,0,0,0,0,0
943,0.3317894313,0.0367241319,0.3907742191,0.0507159683,0.135745004,0.0116075872,0.1522724017,0.0119585702,0.1497294559,0.0118754507,0,0,0,0,0
944,0.3394377354,0.0363557055,0.3997822217,0.0516986043,0.1162664527,0.0085302147,0.153321511,0.0080999173,0.1451759058,0.0079451958,0,0,0,0,0
945,0.3341159629,0.0358416187,0.3935143563,0.0500863199,0.1597403492,0.0096272729,0.1591972398,0.0095950515,0.158229754,0.009537515,0,0,0,0,0
946,0.3323840211,0.0419642054,0.3914745138,0.0560974482,0.1654247841,0.0137426783,0.1553580807,0.0128622718,0.159636102,0.0132198659,0,0,0,0,0
947,0.328626993,0.0336955449,0.3870495695,0.0473656099,0.1519268651,0.0080206668,0.1516044102,0.0080023227,0.1513261422,0.0079865418,0,0,0,0,0
948,0.3344695706,0.0443903994,0.3939308277,0.0583120475,0.1926637547,0.0190280016,0.1640840158,0.0157674068,0.1712970742,0.0165231551,0,0,0,0,0
949,0.3456106399,0.0383514778,0.4070525314,0.0536299399,0.1372671723,0.0077833639,0.1517370923,0.0082823912,0.1512787663,0.0082608827,0,0,0,0,0
950,0.3218863012,0.0431686098,0.3791105325,0.0563665644,0.1439955452,0.0189875344,0.1479649483,0.0190751413,0.1502203321,0.0191354114,0,0,0,0,0
951,0.3229632904,0.0396604479,0.3803789864,0.0528499911,0.1110141256,0.0127039626,0.1584003745,0.0141899321,0.1547333864,0.013947415,0,0,0,0,0
952,0.3361654174,0.0399975829,0.3959281583,0.0545964282,0.1539147739,0.0091239291,0.1645065369,0.0100712623,0.1614423668,0.0097814107,0,0,0,0,0
953,0.318566269,0.0277425834,0.3752002723,0.0414076121,0.0482508643,0.0310865467,0.1401946007,0.0065273181,0.1313342036,0.0070538335,0,0,0,0,0
954,0.3243473735,0.0394885588,0.3820091287,0.0537210102,0.1464993218,0.0091478317,0.1658200257,0.0108781163,0.1592157786,0.0102251541,0,0,0,0,0
955,0.3363337577,0.0327000274,0.3961264257,0.0483508649,0.0899449793,0.007333485,0.1465066435,0.0034135692,0.1370681151,0.0034224675,0,0,0,0,0
956,0.3309848373,0.0370996176,0.3898265862,0.050580157,0.1641150652,0.0122193108,0.160971674,0.0120003221,0.1605681073,0.0119727596,0,0,0,0,0
957,0.3396636974,0.0368080296,0.4000483547,0.0512173252,0.1065386431,0.0125836588,0.1622734987,0.0112668097,0.1516688009,0.0110085893,0,0,0,0,0
958,0.3421415573,0.0330042449,0.402966723,0.047774675,0.1301280444,0.0059418058,0.1488450136,0.0061241766,0.1457741352,0.0060552012,0,0,0,0,0
959,0.3294648198,0.0384816698,0.3880363433,0.0528449803,0.1535313742,0.010746776,0.1545173856,0.0108087941,0.1547731012,0.0108249718,0,0,0,0,0
960,0.3302168994,0.0338823323,0.388922126,0.0485368009,0.0683481207,0.0220388425,0.1692868255,0.0081688603,0.1397303924,0.0077599709,0,0,0,0,0
961,0.3391865588,0.0341707755,0.3994863915,0.0496620211,0.1494374227,0.0051023612,0.1412236495,0.0048228024,0.1472317114,0.0050188649,0,0,0,0,0
962,0.328825166,0.042040126,0.3872829733,0.0553951758,0.1553507487,0.0153354854,0.144782355,0.0146945783,0.1520588723,0.0151201207,0,0,0,0,0
963,0.3379888399,0.0305246417,0.3980757447,0.0461230834,0.1090580984,0.0034240504,0.139341691,0.0016168691,0.133639948,0.0017592228,0,0,0,0,0
964,0.3242557302,0.0418084892,0.3819011934,0.0542816429,0.1536582847,0.0182658678,0.1667223571,0.0190591664,0.1616912133,0.0187306572,0,0,0,0,0
965,0.3320486144,0.0352985299,0.3910794792,0.0497705245,0.1458741851,0.0068949133,0.1493323547,0.007052378,0.1500867869,0.0070902728,0,0,0,0,0
966,0.3230927456,0.0451561748,0.3805314559,0.0574757731,0.1630789091,0.021883742,0.1748177291,0.0228296262,0.1683107569,0.0222855907,0,0,0,0,0
967,0.3324271856,0.0345205133,0.3915253519,0.0489311832,0.1117753561,0.0067172809,0.1605684663,0.0069613294,0.1460833582,0.0063337767,0,0,0,0,0
968,0.3380355566,0.0346952682,0.3981307666,0.0496833415,0.1141839165,0.0065042133,0.1708426667,0.0071782131,0.1500240396,0.006096936,0,0,0,0,0
969,0.3355156422,0.0305890921,0.3951628675,0.0454000914,0.1273402447,0.0045885642,0.1389097546,0.0044065137,0.1400203646,0.0044015422,0,0,0,0,0
970,0.3441815858,0.035867776,0.4053694233,0.0506117762,0.1323938827,0.0087787997,0.1414073154,0.0086723152,0.1448019914,0.0086731649,0,0,0,0,0
971,0.3223367582,0.0296186425,0.3796410708,0.0429326893,0.1354094715,0.0074209178,0.1376637723,0.0074090709,0.1406818991,0.0074040194,0,0,0,0,0
972,0.3302619718,0.0341676878,0.3889752112,0.0484961207,0.1297717635,0.0063978775,0.1495072332,0.0067449729,0.1468190321,0.0066585428,0,0,0,0,0
973,0.3354797556,0.037786911,0.3951206011,0.0526587983,0.1443976903,0.0111973939,0.1471506987,0.0112549715,0.1486638946,0.0112921793,0,0,0,0,0
974,0.3386750469,0.0398705684,0.3988839441,0.0545731949,0.1711233998,0.0115918322,0.1508600103,0.0098878523,0.1574972248,0.0103971659,0,0,0,0,0
975,0.3428368019,0.0380316975,0.4037855667,0.0535222795,0.1110512013,0.0122388202,0.137790968,0.0105553582,0.1351312131,0.0106463926,0,0,0,0,0
976,0.3378855054,0.0334296547,0.3979540397,0.0482112611,0.0959936266,0.0072123962,0.1434106036,0.0044857582,0.1371069712,0.0044903974,0,0,0,0,0
977,0.3335354585,0.0339619705,0.3928306511,0.0476114701,0.1430514555,0.0101976037,0.1352733144,0.0102525962,0.1438279869,0.0101980217,0,0,0,0,0
978,0.3286114984,0.0331344761,0.3870313203,0.0470363288,0.1319849866,0.0062944907,0.1482386153,0.0068234953,0.1467833279,0.0067601945,0,0,0,0,0
979,0.3374835237,0.0334356773,0.3974805945,0.0482117751,0.1411753362,0.0048835231,0.1503695799,0.0052100869,0.1504665515,0.0052142486,0,0,0,0,0
980,0.3354627849,0.0298548323,0.3951006133,0.0447621652,0.1273261886,0.0059086082,0.1252580295,0.0060351196,0.1326707999,0.0056248019,0,0,0,0,0
981,0.3296760368,0.0376048721,0.38828511,0.0507203481,0.1460182124,0.0153470604,0.1493596785,0.0153796172,0.150667403,0.0153999347,0,0,0,0,0
982,0.3236619224,0.0335860538,0.3812018198,0.0476918319,0.1558962653,0.0070469724,0.147244924,0.0065411548,0.1515699522,0.0067811912,0,0,0,0,0
983,0.3383233211,0.0280150337,0.3984696893,0.0424739926,0.1424884563,0.0052200698,0.1360153891,0.0053197143,0.1385731961,0.0052720232,0,0,0,0,0
984,0.3236840755,0.030307009,0.3812279112,0.0445005601,0.0974490598,0.0104738977,0.1425161546,0.0067214996,0.1346314266,0.0069570952,0,0,0,0,0
985,0.3432353522,0.0390405079,0.4042549703,0.0541728779,0.1477173074,0.0092225154,0.1508295137,0.0093562301,0.1528205877,0.0094505843,0,0,0,0,0
986,0.3347629474,0.031373215,0.3942763602,0.0458627425,0.1082247697,0.0122121913,0.1265923902,0.0099124069,0.1307429616,0.0095269165,0,0,0,0,0
987,0.3226893254,0.0290556237,0.3800563166,0.042728749,0.1130402558,0.0096799517,0.1441930227,0.0080345534,0.1364286201,0.0082377637,0,0,0,0,0
988,0.3336465754,0.0350436745,0.3929615222,0.0502101969,0.1370452659,0.0053463657,0.1420216699,0.00545547,0.1447441083,0.0055372762,0,0,0,0,0
989,0.3341622747,0.0413493531,0.3935689013,0.0566334949,0.1211308146,0.007200207,0.1516636171,0.0084711075,0.1471013083,0.0081631687,0,0,0,0,0
990,0.329106506,0.0340072857,0.3876143293,0.0477002498,0.1495595168,0.0082143915,0.1520557608,0.0083357039,0.1520495796,0.008335391,0,0,0,0,0
991,0.3342196716,0.032336559,0.3936365022,0.0477536776,0.1087870161,0.0051264145,0.1426007234,0.0040886727,0.1377954277,0.0040728883,0,0,0,0,0
992,0.3360308952,0.0373623067,0.395769721,0.0521114631,0.118049867,0.0078282532,0.1545773111,0.0082575952,0.1505504031,0.0080773551,0,0,0,0,0
993,0.3347834981,0.0294933028,0.3943005644,0.0424534609,0.1453068057,0.0127392558,0.1390592913,0.0129834484,0.1430964494,0.0128213855,0,0,0,0,0
994,0.3411695532,0.0367543915,0.4018219183,0.0523136313,0.1501144754,0.0057700816,0.1504968717,0.0057915416,0.1515872043,0.0058541694,0,0,0,0,0
995,0.3481402291,0.0389615246,0.4100318254,0.0549855179,0.1507642005,0.0060653251,0.1494452567,0.0059882622,0.151486319,0.0061094532,0,0,0,0,0
996,0.3244189152,0.0378030479,0.3820933891,0.0506446657,0.1470163391,0.0127974153,0.1646835886,0.0139080935,0.1583290855,0.0134564787,0,0,0,0,0
997,0.3311657241,0.0276337141,0.3900396306,0.0413284165,0.1333898204,0.0057380878,0.145725967,0.0057004853,0.1437470786,0.0056911698,0,0,0,0,0
998,0.3194297293,0.0287844895,0.3762172367,0.0420222648,0.1069190935,0.0097513049,0.1453317871,0.0072482754,0.1347476394,0.0075336771,0,0,0,0,0
999,0.3264884095,0.0287408085,0.3845307934,0.0425201967,0.1344496335,0.0040928265,0.1437796123,0.0042010045,0.14422954,0.0042098638,0,0,0,0,0
1000,0.3274724105,0.0358413493,0.3856897279,0.0495180854,0.1649528477,0.0094887213,0.1593471902,0.0090000841,0.1597377181,0.0090335316,0,0,0,0,0
