"dane_sede","localidad","estrato","lon","lat","x_9377","y_9377"
"111001000132","Usaquen",NA,-74.03917132,4.7657263494,4884803.20621986,2084693.67437255
"111001029955","Usaquen",NA,-74.0241024198,4.7296466059,4886467.93993883,2080703.96840593
"111848000244","Usaquen",1,-74.0176732204,4.7325330488,4887181.2234202,2081021.90380964
"111848003456","Usaquen",1,-74.0161650703,4.7350554222,4887348.84168712,2081300.40800303
"111001800920","Usaquen",NA,-74.02445769,4.733538535,4886429.18491575,2081134.12709225
"111001044806","Usaquen",2,-74.0232124103,4.7492066286,4886569.80673292,2082865.41852538
"111848000198","Usaquen",2,-74.02554076,4.7588699847,4886313.2500352,2083933.70796831
"111001046957","Usaquen",3,-74.0394877498,4.7454143971,4884764.74809563,2082449.02292958
"111001086843","Usaquen",3,-74.0357061901,4.7429960059,4885183.60903179,2082181.13510846
"111848000082","Usaquen",3,-74.0404540801,4.743046612,4884657.21817335,2082187.51635079
"111001086681","Usaquen",2,-74.0258200696,4.7668536071,4886283.59550696,2084816.0324567
"111848004053","Usaquen",2,-74.0243804502,4.7669456658,4886443.21529605,2084825.96863348
"111001041629","Usaquen",2,-74.0231036504,4.7629742046,4886584.11766453,2084386.86842309
"211848000141","Usaquen",NA,-74.0290370803,4.8000768706,4885932.43798266,2088488.1075672
"111001098612","Usaquen",2,-74.0240543797,4.7643725011,4886478.94307295,2084541.55192512
"111001107743","Usaquen",2,-74.0404180496,4.7580504493,4884663.70671815,2083845.6071719
"111848000911","Usaquen",NA,-74.0433311297,4.6828093633,4884328.27798441,2075531.08715699
"111848001046","Usaquen",3,-74.02834942,4.7635040614,4886002.62470943,2084446.28810987
"111848002522","Usaquen",6,-74.0347827902,4.7041741933,4885279.60504377,2077890.73554862
"111848002662","Usaquen",6,-74.0346348,4.7072084356,4885296.51044072,2078226.02893566
"111848000112","Usaquen",4,-74.0321325904,4.7243841722,4885576.75602219,2080123.72819033
"111848002671","Usaquen",3,-74.02746749,4.7593507294,4886099.71791682,2083987.15312634
"111848000252","Usaquen",3,-74.0279924097,4.7655738504,4886042.54610866,2084674.9638407
"111848002689","Usaquen",3,-74.0277372496,4.7399580841,4886066.62703174,2081844.09553965
"111848000091","Usaquen",3,-74.0250721996,4.7397763202,4886362.07201891,2081823.57119546
"111848000058","Usaquen",3,-74.0245354302,4.7393154184,4886421.50848971,2081772.54853845
"111848003031","Usaquen",3,-74.0258344498,4.7416415911,4886277.86622651,2082029.8291087
"111001046949","Usaquen",2,-74.0214755096,4.7386992522,4886760.66222487,2081703.95497724
"111848000074","Usaquen",NA,-74.0192862596,4.7434539349,4887004.15754749,2082229.04144049
"111848003910","Usaquen",3,-74.0279320699,4.7346493504,4886044.15788822,2081257.45384946
"311001000735","Usaquen",NA,-74.0408509504,4.7321600507,4884611.41175419,2080984.49230153
"311001002452","Usaquen",3,-74.0293678796,4.7463344698,4885886.88554129,2082549.02522667
"311001003271","Usaquen",NA,-74.0412059502,4.7502821404,4884575.06072481,2082987.25091285
"311001010781","Usaquen",4,-74.0429087904,4.7545767774,4884386.98415068,2083462.1425346
"311001017891","Usaquen",3,-74.0279421598,4.7410918557,4886044.09437521,2081969.42351249
"311001032246","Usaquen",NA,-74.0183060296,4.6754120328,4887101.86170092,2074709.5281894
"311001033633","Usaquen",6,-74.0359229401,4.7059896218,4885153.48711213,2078091.5481257
"311001036489","Usaquen",3,-74.03284039,4.7626694821,4885504.58803319,2084354.80147047
"311001039054","Usaquen",3,-74.0280614803,4.7402047101,4886030.71989687,2081871.40373502
"311001039402","Usaquen",6,-74.0504523696,4.6907658466,4883539.99226791,2076411.54940856
"311001041334","Usaquen",3,-74.0280320299,4.7338236627,4886032.94006609,2081166.22265839
"311001042438","Usaquen",4,-74.0446956698,4.7375441716,4884186.03552033,2081580.14031595
"311001044503","Usaquen",4,-74.0357748402,4.6866823858,4885166.7494215,2075957.85816769
"311001044783","Usaquen",3,-74.0287902799,4.7668062702,4885954.29249668,2084811.29191198
"311001046743","Usaquen",3,-74.0281633097,4.762866258,4886023.15306792,2084375.77298341
"311001047278","Usaquen",3,-74.0448047701,4.7503677638,4884176.07689894,2082997.31485641
"311001047944","Usaquen",4,-74.0454422901,4.7239206468,4884100.99090273,2080074.70708354
"311001048002","Usaquen",2,-74.0228772902,4.7483233859,4886606.81676573,2082767.75564322
"311001075522","Usaquen",3,-74.0312947703,4.7378344981,4885671.85450565,2081610.00127771
"311001076031","Usaquen",4,-74.04725876,4.7416383879,4883902.54580948,2082033.02772543
"311001078092","Usaquen",2,-74.0243842698,4.7657707786,4886442.59891996,2084696.13129083
"311001078734","Usaquen",1,-74.0247743201,4.7437094888,4886395.74070311,2082258.1805651
"311001079803","Usaquen",4,-74.0458794804,4.7239871371,4884052.52915572,2080082.12790181
"311001080313","Usaquen",3,-74.0463580004,4.7406819826,4884002.2540674,2081927.18291194
"311001087725","Usaquen",3,-74.0260645102,4.7284880787,4886250.21035621,2080576.25940864
"311001088985","Usaquen",4,-74.0472544202,4.739416529,4883902.6560145,2081787.48553798
"311001092923","Usaquen",5,-74.0473975398,4.7199198482,4883883.54015275,2079632.89824043
"311001092940","Usaquen",4,-74.0376394301,4.7260090318,4884966.46409953,2080304.20200517
"311001093971","Usaquen",3,-74.0308568201,4.7392815468,4885720.64807529,2081769.84411435
"311001095213","Usaquen",3,-74.0249342804,4.7317834068,4886376.05847017,2080940.24424128
"311001095701","Usaquen",3,-74.0301705404,4.7595440338,4885800.07012786,2084008.96194802
"311001098336","Usaquen",3,-74.0409220997,4.7422042883,4884605.18889721,2082094.50781995
"311001098671","Usaquen",2,-74.0299769804,4.7622478068,4885821.97544339,2084307.72710007
"311001098701","Usaquen",2,-74.0293925796,4.7629193218,4885886.87678645,2084381.84033022
"311001101591","Usaquen",4,-74.0365778497,4.7296251206,4885084.76048186,2080703.64518442
"311001104069","Usaquen",6,-74.0368993504,4.6985355476,4885044.00442299,2077267.94978285
"311001104441","Usaquen",3,-74.0262083601,4.7385554114,4886235.90597386,2081688.83369763
"311001107289","Usaquen",6,-74.0279071201,4.6942168013,4886040.33491255,2076789.20940498
"311001107556","Usaquen",3,-74.0354120502,4.765958103,4885220.02169425,2084718.65883127
"311001107599","Usaquen",5,-74.0512746102,4.7096471062,4883451.96069701,2078498.28705372
"311001108129","Usaquen",4,-74.0273130301,4.7233006343,4886110.93743395,2080003.19429704
"311001108366","Usaquen",5,-74.0440819399,4.7178206703,4884250.80646095,2079400.36268681
"311001108790","Usaquen",2,-74.0433817696,4.7649266036,4884336.27418667,2084605.99803305
"311001108854","Usaquen",4,-74.0307824198,4.7155811626,4885725.01301226,2079150.67602815
"311001109460","Usaquen",6,-74.0446808799,4.6905899431,4884179.89894581,2076391.15311397
"311001109664","Usaquen",NA,-74.0196778604,4.6741485502,4886949.55029692,2074570.12052991
"311001109729","Usaquen",3,-74.0282246602,4.7595546779,4886015.80616001,2084009.8166658
"311001110492","Usaquen",3,-74.0293925698,4.7629193218,4885886.87788198,2084381.84032859
"311001110581","Usaquen",4,-74.0432384002,4.7342828994,4884347.06290437,2081219.48883387
"311001800081","Usaquen",6,-74.04070138,4.6963573147,4884622.0877921,2077027.85643391
"311001800171","Usaquen",4,-74.0308065099,4.7231027906,4885723.57255515,2079981.90327934
"311001800316","Usaquen",3,-74.0257194098,4.7333804148,4886289.27071152,2081116.85963232
"311001800499","Usaquen",3,-74.0373041403,4.7619931577,4885009.59355531,2084280.80227078
"311001800588","Usaquen",5,-74.0405040696,4.7181526218,4884647.55512544,2079436.45350326
"311001800898","Usaquen",4,-74.04725876,4.7416383879,4883902.54580948,2082033.02772543
"311001801135","Usaquen",NA,-74.0408509504,4.7321600507,4884611.41175419,2080984.49230153
"311001801305","Usaquen",NA,-74.0384588904,4.7442171289,4884878.61912968,2082316.53997241
"311001801381","Usaquen",NA,-74.0436771599,4.6985369917,4884292.49955093,2077269.22717547
"311769002214","Usaquen",3,-74.0334216899,4.7659066311,4885440.67714479,2084712.63957014
"311848000286","Usaquen",3,-74.0267996599,4.693760386,4886163.05336649,2076738.59034842
"311848000294","Usaquen",6,-74.0495541101,4.7132080417,4883643.3148334,2078891.5249653
"311848000308","Usaquen",NA,-74.0282631898,4.7500381384,4886009.96981049,2082958.1396807
"311848000341","Usaquen",1,-74.0260129001,4.7418192982,4886258.11052299,2082049.49698178
"311848000456","Usaquen",2,-74.0273232196,4.739470565,4886112.45080911,2081790.1512682
"311848000481","Usaquen",6,-74.0260352403,4.722771351,4886252.52341254,2079944.49364204
"311848000499","Usaquen",2,-74.0223905004,4.7035839531,4886653.51695153,2077823.48450501
"311848000588","Usaquen",3,-74.0229686597,4.7410846893,4886595.50522455,2081967.81575759
"311848000618","Usaquen",NA,-74.0497691604,4.7170420271,4883620.10926351,2079315.2612311
"311848000626","Usaquen",3,-74.0255901404,4.7287086237,4886302.84066382,2080600.55440566
"311848000634","Usaquen",4,-74.0465315001,4.73423658,4883981.94336875,2081214.91961781
"311848000693","Usaquen",NA,-74.0384660302,4.7495597551,4884878.71320454,2082906.962459
"311848000782","Usaquen",4,-74.0304304698,4.7698513588,4885772.95428243,2085148.07996344
"311848000791","Usaquen",NA,-74.0490447401,4.6899740989,4883695.93758664,2076323.81820166
"311848000812","Usaquen",4,-74.0287300002,4.7074896169,4885951.25452254,2078256.13502748
"311848000821","Usaquen",4,-74.0349735996,4.723774828,4885261.66475146,2080056.85685309
"311848000847","Usaquen",NA,-74.0313272804,4.8201951801,4885681.90096455,2090711.79190754
"311848000936","Usaquen",3,-74.03284039,4.7626694821,4885504.58803319,2084354.80147047
"311848000995","Usaquen",5,-74.0509363101,4.7097561507,4883489.48818278,2078510.28124427
"311848001011","Usaquen",4,-74.0439264002,4.7351461074,4884270.92664775,2081314.99800026
"311848002084","Usaquen",3,-74.0267723799,4.7374928704,4886173.19900847,2081571.50378272
"311848002262","Usaquen",5,-74.0514756298,4.7073253733,4883429.28590455,2078241.74181442
"311848002271","Usaquen",NA,-74.0337031401,4.7487882037,4885406.64282104,2082820.90659093
"311848002351","Usaquen",4,-74.0418235797,4.7323682668,4884503.60893223,2081007.66429029
"311848002416","Usaquen",3,-74.0224805196,4.7446439521,4886650.20572304,2082361.07314665
"311848002424","Usaquen",2,-74.03665694,4.7705136279,4885082.76249292,2085222.30383209
"311848002432","Usaquen",3,-74.0411168104,4.7498110427,4884584.86522916,2082935.1743003
"311848002459","Usaquen",2,-74.0242271904,4.7533989739,4886457.98551125,2083328.88508508
"311848002513","Usaquen",2,-74.0239448804,4.7518249856,4886489.02706632,2083154.89576514
"311848002611","Usaquen",NA,-74.04440046,4.7365100263,4884218.59373593,2081465.80596346
"311848002866","Usaquen",2,-74.0326216404,4.7630959993,4885528.9106536,2084401.90013609
"311848002874","Usaquen",3,-74.04106091,4.7532037556,4884591.62723076,2083310.0989139
"311848003102","Usaquen",6,-74.0307461997,4.6889165198,4885724.6826463,2076203.93285552
"311848003463","Usaquen",3,-74.0430896204,4.7556565466,4884367.11591479,2083581.49983621
"311848003633","Usaquen",3,-74.0395740797,4.7398440418,4884754.25314161,2081833.44918671
"311848003714","Usaquen",4,-74.0444452698,4.7275610752,4884212.13822882,2080476.85053583
"311848004206","Usaquen",5,-74.0497981697,4.70952857,4883615.64263067,2078484.940935
"311848004311","Usaquen",3,-74.0380559197,4.7655191414,4884926.83231334,2084670.58925909
"311848004672","Usaquen",3,-74.0267053997,4.7325729708,4886179.82080629,2081027.7897884
"411001108271","Usaquen",NA,-74.0295634096,4.7445585223,4885864.9154733,2082352.79549625
"411001800752","Usaquen",NA,-74.0196778604,4.6741485502,4886949.55029692,2074570.12052991
"111001016314","Chapinero",4,-74.0612539201,4.6543547598,4882336.25437812,2072389.49211631
"111001015261","Chapinero",4,-74.0566587096,4.6483820623,4882844.80657609,2071728.67440697
"111001020249","Chapinero",2,-74.054,4.6409999998,4883138.40407283,2070912.43024413
"111001033901","Chapinero",2,-74.02143728,4.6709119052,4886753.94556075,2074212.72007593
"211001014545","Chapinero",2,-74.0301480799,4.6751939116,4885788.77540148,2074687.33686791
"111001034665","Chapinero",1,-74.0591066304,4.6300917456,4882570.34457499,2069707.78418274
"111001014559","Chapinero",1,-74.0612640998,4.6306497539,4882331.19775163,2069769.80811529
"311001000832","Chapinero",5,-74.0553619402,4.658511189,4882990.27273474,2072847.84705679
"311001001022","Chapinero",2,-74.0523255403,4.6476258807,4883325.16857218,2071644.39082155
"311001002070","Chapinero",NA,-74.0526625199,4.6498379054,4883288.16638511,2071888.90091354
"311001002428","Chapinero",5,-74.0542780797,4.6654660514,4883111.60523295,2073616.26121972
"311001004528","Chapinero",6,-74.04940807,4.6645527703,4883651.45567102,2073514.52666707
"311001004706","Chapinero",4,-74.0587686698,4.6495836692,4882611.0408893,2071861.81626883
"311001006784","Chapinero",4,-74.0592621997,4.6537279927,4882557.00226084,2072319.89524496
"311001017492","Chapinero",4,-74.0592621997,4.6537279927,4882557.00226084,2072319.89524496
"311001019568","Chapinero",6,-74.04671544,4.6680145767,4883950.59095591,2073896.65183003
"311001019941","Chapinero",NA,-74.0501708601,4.6470443118,4883563.99628101,2071579.7655073
"311001031134","Chapinero",4,-74.06143779,4.6427454783,4882313.93953174,2071106.55850552
"311001087440","Chapinero",3,-74.0608810896,4.6474424077,4882376.448666,2071625.53260229
"311001088403","Chapinero",4,-74.0613544299,4.657602783,4882325.64914385,2072748.45429348
"311001104492","Chapinero",6,-74.0480753699,4.6690481576,4883799.96882422,2074011.09879569
"311001104549","Chapinero",4,-74.0601563001,4.6553371896,4882458.12697165,2072497.87946449
"311001108137","Chapinero",NA,-74.0513638102,4.6480559943,4883431.88136246,2071691.76471099
"311001110034","Chapinero",4,-74.06227925,4.6320082332,4882218.8538417,2069920.10469473
"311001800308","Chapinero",3,-74.0606422599,4.658701325,4882404.80025694,2072869.73754982
"311001800847","Chapinero",4,-74.0556243103,4.6489266294,4882959.59656538,2071788.68409319
"111001009831","Santa Fe",NA,-74.06784352,4.6146441357,4881598.95662165,2068002.08823692
"111001015326","Santa Fe",3,-74.0691967897,4.6049174889,4881447.27829559,2066927.40121676
"111001010839","Santa Fe",3,-74.0673698698,4.6203975341,4881652.43401471,2068637.82940432
"111001013242","Santa Fe",NA,-74.0711412902,4.5808287506,4881227.66118958,2064265.62699571
"111001086371","Santa Fe",2,-74.0729959196,4.5802421519,4881021.89178267,2064201.10809858
"111001801390","Santa Fe",NA,-74.0712598597,4.5774696597,4881213.95802754,2063894.42649163
"111001032409","Santa Fe",2,-74.0733939703,4.5877429329,4880978.99044782,2065030.10177315
"111001015563","Santa Fe",2,-74.0733742801,4.5847225626,4880980.67394672,2064696.31078233
"111001015512","Santa Fe",2,-74.07034683,4.5885768691,4881317.04297761,2065121.75609951
"111001036544","Santa Fe",2,-74.0823146498,4.5921953868,4879990.46729849,2065523.64239161
"111001015491","Santa Fe",2,-74.0846286596,4.59347222,4879734.06806085,2065665.13711518
"111001094901","Santa Fe",2,-74.0645728097,4.6176830894,4881962.1523402,2068337.38588429
"111001100030","Santa Fe",2,-74.0791869298,4.5830735642,4880335.79802548,2064515.0440341
"211001027485","Santa Fe",NA,-74.0240000002,4.583,4886455.78049711,2064497.93812607
"311001000328","Santa Fe",4,-74.0689234099,4.6178050589,4881479.73064494,2068351.58820682
"311001007021","Santa Fe",3,-74.0655540503,4.6102066878,4881852.10556398,2067511.31674948
"311001008540","Santa Fe",3,-74.0711644398,4.6048381479,4881229.06652391,2066918.96031581
"311001008949","Santa Fe",2,-74.0859522796,4.5928176891,4879587.17500722,2065593.02585757
"311001010820","Santa Fe",3,-74.0648622604,4.6205457588,4881930.52847137,2068653.79316984
"311001017727","Santa Fe",2,-74.0743585902,4.6114011649,4880875.95003464,2067644.78680478
"311001024383","Santa Fe",2,-74.0645913501,4.5885828748,4881955.30037673,2065121.46838416
"311001026441","Santa Fe",2,-74.0681044797,4.5877027036,4881565.56544322,2065024.77903754
"111001013463","Santa Fe",2,-74.0667064298,4.5875423362,4881720.57657342,2065006.82547091
"111001013412","Santa Fe",2,-74.0665785097,4.591382374,4881735.39452387,2065431.17440976
"311001035857","Santa Fe",2,-74.0784312499,4.5895260271,4880420.6737529,2065227.99487427
"311001089345","Santa Fe",2,-74.06853613,4.5870728412,4881517.59348194,2064955.24307291
"311001092532","Santa Fe",3,-74.0689513898,4.624439906,4881477.73018886,2069084.82394685
"311001800332","Santa Fe",3,-74.0662989603,4.6229699001,4881771.6140171,2068921.92866458
"311769001757","Santa Fe",2,-74.0642750802,4.5901823492,4881990.6359693,2065298.17715569
"111001000353","San Cristobal",3,-74.0949815897,4.569181497,4878581.87667098,2062982.44668563
"111001011975","San Cristobal",1,-74.0701314302,4.5680828111,4881337.55289718,2062856.88017982
"111001012033","San Cristobal",NA,-74.0947879201,4.5713270123,4878603.71556078,2063219.52112451
"111001801438","San Cristobal",3,-74.0962139399,4.5716820522,4878445.63108065,2063258.99866112
"111001012246","San Cristobal",1,-74.0747778699,4.5691547308,4880822.44549824,2062976.10861824
"111001012301","San Cristobal",2,-74.0842339004,4.5463146653,4879769.9865153,2060453.57023417
"111001012335","San Cristobal",2,-74.0856088698,4.5309164374,4879614.94717449,2058752.10271708
"111001086576","San Cristobal",2,-74.0890708296,4.5320427787,4879231.18549803,2058877.15327948
"111001014184","San Cristobal",2,-74.0889020002,4.5321697749,4879249.93057884,2058891.15983935
"111001012475","San Cristobal",1,-74.0674390499,4.5619045224,4881635.12165798,2062173.66206332
"111001014168","San Cristobal",2,-74.0849916203,4.5454890081,4879685.81648007,2060362.45090439
"111001014192","San Cristobal",2,-74.0862571696,4.5395406627,4879544.47647743,2059705.29505789
"111001012378","San Cristobal",2,-74.0895734801,4.543985522,4879177.42515477,2060197.06097726
"111001014176","San Cristobal",2,-74.0794494399,4.569687329,4880304.46248945,2063035.74323998
"111001012220","San Cristobal",2,-74.0808663203,4.5692483387,4880147.25924325,2062987.46540477
"111001000213","San Cristobal",2,-74.0824363904,4.5717988144,4879973.56454551,2063269.58665794
"111001014451","San Cristobal",2,-74.0836754501,4.5623810266,4879834.58694253,2062229.01046019
"111001012211","San Cristobal",1,-74.0828563599,4.5595291247,4879924.9503481,2061913.70316644
"111001015903","San Cristobal",3,-74.0880153604,4.5667765489,4879354.02453775,2062715.49691628
"111001015938","San Cristobal",2,-74.0896201297,4.5637658767,4879175.55263886,2062383.04868554
"111001015911","San Cristobal",2,-74.0847709204,4.5527804237,4879711.50284563,2061168.20663455
"111001015920","San Cristobal",2,-74.0879137097,4.5507041304,4879362.61663903,2060939.27466521
"111001801454","San Cristobal",NA,-74.0823115003,4.5546634561,4879984.56839652,2061375.89559321
"111001016004","San Cristobal",2,-74.0921943599,4.5304447446,4878884.50455714,2058701.07132209
"111001016012","San Cristobal",2,-74.0897728504,4.5328874396,4879153.46827046,2058970.61596225
"111001018252","San Cristobal",2,-74.1009424003,4.5593285944,4877919.16042412,2061894.58093743
"111001018309","San Cristobal",2,-74.0937410504,4.5568469221,4878717.38132972,2061619.10826043
"111001018325","San Cristobal",2,-74.0929046003,4.5597687432,4878810.63424664,2061941.86627118
"111001020451","San Cristobal",2,-74.0884391702,4.555608564,4879305.15947687,2061481.36435356
"111001018333","San Cristobal",2,-74.0952428997,4.5513104574,4878549.89553357,2061007.51040805
"111001016284","San Cristobal",2,-74.0926140699,4.5459726046,4878840.54609808,2060417.16776511
"111001018341","San Cristobal",2,-74.0934043304,4.5652077689,4878756.1263514,2062543.0325126
"111001018414","San Cristobal",NA,-74.0948901996,4.5660407356,4878591.48350975,2062635.33657402
"111001018368","San Cristobal",2,-74.0934270299,4.5522570383,4878751.43781817,2061111.81446631
"111001018406","San Cristobal",2,-74.0937476404,4.5542464926,4878716.21470686,2061331.72854948
"111001018384","San Cristobal",3,-74.1011048004,4.565596407,4877902.20909193,2062587.2839916
"111001035548","San Cristobal",2,-74.1019839798,4.564040537,4877804.44468627,2062415.48911259
"111001020338","San Cristobal",3,-74.0853800501,4.5766858012,4879647.93280199,2063810.15249043
"111001020443","San Cristobal",2,-74.0975136099,4.5480264412,4878297.51724037,2060644.9665131
"111001029106","San Cristobal",2,-74.1009140701,4.5462666644,4877920.10033504,2060451.06195245
"111001032468","San Cristobal",NA,-74.0987099296,4.5443233498,4878164.21996482,2060235.9284812
"111001041548","San Cristobal",2,-74.0937325604,4.5411992076,4878715.70442468,2059889.83392477
"111001024686","San Cristobal",NA,-74.0805536203,4.5415110253,4880177.34538441,2059922.09759226
"111001012289","San Cristobal",2,-74.0827971098,4.5375978887,4879927.88837633,2059490.01952022
"111001012319","San Cristobal",2,-74.0826270802,4.5405661827,4879947.23588669,2059818.02455223
"111001027324","San Cristobal",3,-74.09635027,4.567173437,4878429.75254144,2062760.76127604
"111001030066","San Cristobal",2,-74.0853761101,4.5712966822,4879647.46992971,2063214.5863886
"111001030864","San Cristobal",NA,-74.0950743497,4.5558777758,4878569.35408384,2061512.22953349
"111001029629","San Cristobal",2,-74.10021373,4.5582556481,4877999.78978438,2061775.88293916
"111001032280","San Cristobal",2,-74.0870651503,4.5651731269,4879459.13470141,2062538.1392761
"111001014419","San Cristobal",2,-74.0883080099,4.5615573739,4879320.69791931,2062138.76109395
"111001012416","San Cristobal",2,-74.08650367,4.561520896,4879520.79369205,2062134.42776318
"111001032433","San Cristobal",2,-74.0802810104,4.5769179146,4880213.44376204,2063834.95105651
"111001014311","San Cristobal",2,-74.0770818204,4.5750122972,4880567.91046723,2063623.82387112
"111001034011","San Cristobal",1,-74.0898860103,4.5225580541,4879139.20393357,2057829.10749775
"111001016276","San Cristobal",1,-74.0878160098,4.5198221153,4879368.32750833,2057526.40796107
"111001035530","San Cristobal",3,-74.0899473401,4.5746037171,4879141.08027649,2063580.82296657
"111001013226","San Cristobal",3,-74.0840561103,4.5771055643,4879794.82496685,2063856.31975512
"111001012025","San Cristobal",1,-74.0794544597,4.5727937802,4880304.4213387,2063379.04533132
"111001107841","San Cristobal",3,-74.0876075603,4.5749419486,4879400.61460717,2063617.80851999
"111001035602","San Cristobal",NA,-74.0956289103,4.5520590984,4878507.21168869,2061090.30983981
"111001046621","San Cristobal",2,-74.0875102197,4.5280961292,4879403.61078321,2058440.7392658
"111001086789","San Cristobal",3,-74.0932091696,4.5762633569,4878779.62761664,2063764.78423798
"111001015873","San Cristobal",3,-74.0954024899,4.5739968178,4878536.01008934,2063514.67302746
"111001098817","San Cristobal",2,-74.0957671197,4.5414558628,4878490.10723897,2059918.53901262
"111001098825","San Cristobal",NA,-74.0883125096,4.5552366937,4879319.14429674,2061440.24679116
"111001102016","San Cristobal",3,-74.0908798102,4.5804846468,4879038.658494,2064230.8979045
"111001801047","San Cristobal",NA,-74.0868153001,4.5269116003,4879480.4851035,2058309.71856276
"311001000085","San Cristobal",3,-74.08759743,4.5792851007,4879402.46518808,2064097.78015164
"311001001642","San Cristobal",2,-74.0876823297,4.5433397048,4879387.05214937,2060125.37430198
"311001002461","San Cristobal",3,-74.0897026004,4.5762549396,4879168.49840487,2063763.26291218
"311001002681","San Cristobal",3,-74.0899471299,4.5728813979,4879140.81481935,2063390.48470553
"311001002843","San Cristobal",3,-74.0926009104,4.5745969278,4878846.80231067,2063580.51974362
"311001005508","San Cristobal",2,-74.0919401897,4.5510846247,4878916.13528813,2060981.99819438
"311001006601","San Cristobal",2,-74.0937284399,4.5499406471,4878717.62307088,2060855.87419375
"311001006610","San Cristobal",3,-74.0883091499,4.5796827788,4879323.60381358,2064141.84829876
"311001009341","San Cristobal",NA,-74.0892585802,4.5819393747,4879218.69298775,2064391.39067286
"311001011877","San Cristobal",2,-74.0877931998,4.5657342226,4879378.48790928,2062600.26942395
"311001017522","San Cristobal",NA,-74.0861347697,4.5777483658,4879564.4136314,2063927.70585584
"311001020191","San Cristobal",2,-74.0927679998,4.551361928,4878824.37579674,2061012.78264585
"311001024901","San Cristobal",2,-74.0802669904,4.5806997159,4880215.62767524,2064252.88469832
"311001029474","San Cristobal",3,-74.0856613404,4.581664406,4879617.57071505,2064360.39825138
"311001029920","San Cristobal",2,-74.0867542003,4.5330541917,4879488.27847308,2058988.54154536
"311001033391","San Cristobal",2,-74.08484758,4.5318939472,4879699.53958146,2058860.00336036
"311001034117","San Cristobal",2,-74.0946175097,4.5505183883,4878619.11993093,2060919.87140466
"311001038732","San Cristobal",3,-74.0905960199,4.5719493622,4879068.69746837,2063287.59205228
"311001038783","San Cristobal",2,-74.0862440299,4.532704521,4879544.80082082,2058949.81375546
"311001039569","San Cristobal",2,-74.0920769204,4.5604047349,4878902.53110159,2062012.01233077
"311001039836","San Cristobal",3,-74.0895310096,4.5661389582,4879185.83302049,2062645.28937863
"311001040168","San Cristobal",2,-74.0886987196,4.5644025867,4879277.84345233,2062453.25862464
"311001040362","San Cristobal",2,-74.0837142196,4.5466303304,4879827.67273269,2060488.36871655
"311001042012","San Cristobal",3,-74.0866417698,4.5844129593,4879509.3042345,2064664.3128318
"311001043591","San Cristobal",2,-74.0908684097,4.5579172789,4879036.13963109,2061736.91373024
"311001043949","San Cristobal",3,-74.0885996803,4.5798374288,4879291.41062852,2064158.98796506
"311001044716","San Cristobal",2,-74.0847416003,4.5667476031,4879717.07796665,2062711.74986689
"311001045437","San Cristobal",2,-74.0807524004,4.5712637786,4880160.22763492,2063210.17752911
"311001045551","San Cristobal",3,-74.08390517,4.5788092391,4879811.84823518,2064044.57190461
"311001046492","San Cristobal",2,-74.0882523198,4.5319422383,4879321.94555018,2058865.90600531
"311001047553","San Cristobal",2,-74.0907269798,4.5527880514,4879050.96720053,2061170.04512056
"311001075018","San Cristobal",3,-74.0908281301,4.5721309519,4879042.98716658,2063307.69909509
"311001075689","San Cristobal",2,-74.0850761401,4.5377559453,4879675.16130694,2059507.86507837
"311001075999","San Cristobal",3,-74.0831155401,4.5761895582,4879898.97940341,2063754.93218934
"311001076731","San Cristobal",3,-74.0914536199,4.5773620454,4878974.49955605,2063885.90722239
"311001079862","San Cristobal",2,-74.0891836203,4.5480021458,4879221.33070128,2060640.88351692
"311001079901","San Cristobal",2,-74.09288742,4.5476217984,4878810.50639965,2060599.47057495
"311001087644","San Cristobal",2,-74.0948837497,4.5497713307,4878589.46813823,2060837.35670401
"311001092141","San Cristobal",2,-74.0920512304,4.5552893237,4878904.52380208,2061446.68971158
"311001092184","San Cristobal",2,-74.0976992602,4.5455449377,4878276.51155538,2060370.7595156
"311001092281","San Cristobal",2,-74.0904206202,4.5436489612,4879083.41861509,2060160.00836115
"311001092371","San Cristobal",2,-74.0909019501,4.5514907933,4879031.34602156,2061026.71092267
"311001096732","San Cristobal",1,-74.0831464304,4.5300500796,4879887.90074947,2058655.95110094
"311001097496","San Cristobal",2,-74.09741235,4.5516883483,4878309.3621924,2061049.63760238
"311001098107","San Cristobal",3,-74.0863027699,4.5813841739,4879546.39110149,2064329.53676722
"311001099065","San Cristobal",2,-74.0917166403,4.543885963,4878939.72539441,2060186.41692848
"311001101639","San Cristobal",2,-74.0909345401,4.5390620873,4879025.65896474,2059653.18656489
"311001102406","San Cristobal",2,-74.0882512804,4.5531001157,4879325.57855289,2061204.11769251
"311001102520","San Cristobal",2,-74.0856165199,4.5361288299,4879614.96155579,2059328.13835308
"311001108773","San Cristobal",2,-74.09270258,4.540424509,4878829.80372539,2059804.04726033
"311001109419","San Cristobal",3,-74.0850398796,4.5784658086,4879685.95433491,2064006.80867861
"311001109427","San Cristobal",3,-74.0966296102,4.57298562,4878399.75346436,2063403.13015088
"311001110000","San Cristobal",2,-74.0841010701,4.5452671916,4879784.54411555,2060337.78924819
"311001110131","San Cristobal",3,-74.0841704497,4.5762299028,4879781.99885259,2063759.56732307
"311001110565","San Cristobal",2,-74.0920483001,4.5556954522,4878904.91672932,2061491.57160999
"311001110590","San Cristobal",2,-74.0905805904,4.5512160234,4879066.93957836,2060996.29151577
"311001800367","San Cristobal",3,-74.0974889502,4.5702224599,4878303.98732079,2063097.91050467
"311001800472","San Cristobal",2,-74.0986785101,4.5529092798,4878169.14761338,2061184.77999863
"311848004176","San Cristobal",2,-74.0985690297,4.5597423608,4878182.43954371,2061939.90586422
"311850000111","San Cristobal",1,-74.0894428696,4.5243510863,4879188.64824327,2058027.18639966
"111001013820","Usme",2,-74.11351462,4.5142965296,4876517.2324914,2056920.07167082
"111001013935","Usme",2,-74.1156267102,4.5253105012,4876284.85159469,2058137.62331578
"111001016039","Usme",2,-74.1156500197,4.5194456191,4876281.27116862,2057489.47837844
"111001024643","Usme",1,-74.0910314997,4.5134445134,4879010.65092812,2056822.13691037
"111001110442","Usme",1,-74.0902259301,4.5136341113,4879100.02624016,2056842.95601628
"111001030872","Usme",1,-74.1005115,4.49849571,4877956.75017675,2055171.68333859
"111001075591","Usme",1,-74.10435609,4.4972484461,4877530.1364953,2055034.48799372
"111001041556","Usme",1,-74.0910309904,4.5159524189,4879011.12289602,2057099.29200894
"111001044270","Usme",1,-74.1087226497,4.4985204486,4877046.05114786,2055175.79455308
"111001096580","Usme",1,-74.1107996804,4.4985295026,4876815.68764924,2055177.14514855
"111001045705","Usme",2,-74.1223118602,4.5233189926,4875543.08140467,2057918.67673294
"111001046485","Usme",2,-74.1200391899,4.5253288199,4875795.47992198,2058140.40117909
"111001046931","Usme",2,-74.1167743897,4.5068274721,4876154.43072124,2056095.19351682
"111001065234","Usme",NA,-74.1172251203,4.495042923,4876102.44716944,2054792.91787473
"111001046914","Usme",1,-74.1146213804,4.4953107916,4876391.27701077,2054822.08008003
"111001047902","Usme",1,-74.1141579099,4.4934329244,4876442.364902,2054614.47221203
"111001077895","Usme",1,-74.1036950701,4.5070095994,4877605.0820308,2056113.11192556
"111001106933","Usme",NA,-74.1024977999,4.5046004259,4877737.46778821,2055846.66600329
"111001077917","Usme",2,-74.1147811799,4.5179272454,4876377.37500087,2057321.52978162
"111001078638","Usme",2,-74.1116492099,4.5027857409,4876722.18186903,2055647.65956524
"111001083011","Usme",2,-74.1058054202,4.5123159797,4877371.91465088,2056699.89135514
"111001104086","Usme",2,-74.1141793697,4.5118779279,4876443.09705105,2056652.89645704
"111001086614","Usme",2,-74.11090248,4.5063611736,4876805.60358229,2056042.66635806
"111001094439","Usme",2,-74.1070127901,4.5028117716,4877236.41194162,2055649.75457013
"111001098833","Usme",1,-74.0875073604,4.5171048656,4879402.10972152,2057226.0667063
"111001098841","Usme",NA,-74.1183260398,4.5017485101,4875981.47705845,2055534.1629809
"111001098850","Usme",1,-74.1042483299,4.4970238674,4877542.05073743,2055009.65104582
"111001098868","Usme",2,-74.1122583099,4.5004746703,4876654.23728568,2055392.35834047
"111001100081","Usme",2,-74.1196404098,4.5128088869,4875837.57682739,2056756.70906553
"111001102008","Usme",1,-74.1150710402,4.5321810807,4876347.64615969,2058896.8207069
"111001104337","Usme",1,-74.1134353796,4.4901214344,4876521.94489431,2054248.38622141
"111001104345","Usme",1,-74.1150956298,4.49675362,4876338.92063467,2054981.61224775
"111001076201","Usme",NA,-74.1167826299,4.5015291636,4876152.62040069,2055509.66012516
"111001107751","Usme",1,-74.1156290099,4.5001744959,4876280.34023004,2055359.75542522
"111001104353","Usme",1,-74.1044487296,4.4854562256,4877517.89434459,2053731.30943183
"211001094832","Usme",NA,-74.1008182998,4.4872266432,4877920.848304,2053926.3572975
"211001094875","Usme",NA,-74.1023228099,4.4939749216,4877755.1033848,2054672.38051828
"111001107760","Usme",2,-74.11670744,4.5327148533,4876166.25069472,2058956.08918647
"111001800562","Usme",NA,-74.1231047501,4.4749550469,4875446.92435978,2052573.93141583
"111001800660","Usme",2,-74.0994022603,4.5112005834,4878081.89270038,2056575.5503498
"111850000740","Usme",2,-74.1211459799,4.4743531268,4875664.07933161,2052507.07902604
"111850000065","Usme",2,-74.1251865599,4.4695800842,4875215.11102634,2051980.27762265
"111850000081","Usme",2,-74.1258821002,4.4709682442,4875138.19966902,2052133.80655046
"111001110027","Usme",NA,-74.1231047501,4.4749550469,4875446.92435978,2052573.93141583
"111850001380","Usme",2,-74.1067038702,4.5174430739,4877273.13052107,2057266.65426953
"111001034762","Usme",2,-74.1189163398,4.5177837413,4875918.72801506,2057306.37490101
"111850001428","Usme",2,-74.1119182302,4.5122853436,4876693.94616413,2056697.53804577
"111001106798","Usme",2,-74.1131782701,4.5125598229,4876554.24307275,2056728.08520531
"111001106801","Usme",2,-74.1135075898,4.5116769787,4876517.56945001,2056630.57491271
"111850001461","Usme",2,-74.1032546099,4.5108172731,4877654.57018706,2056533.83559986
"111001096601","Usme",1,-74.1032699801,4.5108854957,4877652.87692132,2056541.37766687
"111850001576","Usme",2,-74.1071127797,4.5071718779,4877226.05349445,2056131.62058614
"211850000159","Usme",2,-74.1079577001,4.5093121237,4877132.70348962,2056368.2883975
"211001032501","Usme",1,-74.0910000003,4.5049999998,4879012.74721436,2055888.90656906
"211850000043","Usme",NA,-74.1835567101,4.3433648368,4868718.73852823,2038041.6622337
"211850000051","Usme",2,-74.1095795598,4.5081613331,4876952.63089675,2056241.38446326
"211850000108","Usme",NA,-74.1347214202,4.4412169172,4874152.72061679,2048847.37426244
"211850000698","Usme",NA,-74.1656327204,4.3536985493,4870708.92189529,2039180.60436735
"211850000710","Usme",NA,-74.1404183399,4.3631116608,4873507.62684502,2040216.61132338
"211850000736","Usme",NA,-74.1483973496,4.3859609423,4872626.3584117,2042743.13018886
"211850000787","Usme",2,-74.1078128099,4.4986353608,4877146.9813644,2055188.34075356
"111001096571","Usme",NA,-74.1227381,4.5167329513,4875494.6840874,2057190.90132084
"211850000841","Usme",NA,-74.2032480299,4.3394589886,4866533.55486606,2037613.44825598
"211850000868","Usme",NA,-74.13664256,4.3494429199,4873924.20519715,2038705.39275698
"211850000876","Usme",NA,-74.1384068,4.4081067041,4873738.32721869,2045188.85624928
"211850000884","Usme",NA,-74.1639753503,4.3864393756,4870898.38321976,2042798.67136138
"211850000931","Usme",1,-74.1198760101,4.4949446442,4875808.41610534,2054782.50663671
"211850000981","Usme",NA,-74.1052493199,4.4775932779,4877427.78890748,2052862.48512409
"211850001007","Usme",NA,-74.1878312598,4.3705769507,4868249.27106974,2041049.77551354
"211850001074","Ciudad Bolivar",NA,-74.1762223404,4.3922462973,4869540.83531786,2043442.54841264
"211850001481","Usme",2,-74.10930459,4.5331473654,4876987.34187842,2059002.62697558
"111001008168","Usme",1,-74.1151287497,4.5379078981,4876342.21990739,2059529.7215371
"211850001431","Usme",1,-74.1040339002,4.5331850957,4877571.89600782,2059005.90420011
"311001000131","Usme",1,-74.1017375701,4.4987360374,4877820.80628008,2055198.4476318
"311001025983","Usme",2,-74.1141508204,4.5127987853,4876446.41913784,2056754.65874688
"311001026891","Usme",2,-74.1143636402,4.5149846309,4876423.18535838,2056996.26025169
"311001032271","Usme",NA,-74.11998613,4.5196812309,4875800.40251433,2057516.25611268
"311001036659","Usme",2,-74.1181104001,4.5157186739,4876007.7625287,2057078.01937309
"311001037051","Usme",2,-74.1116224599,4.5099211837,4876726.35093066,2056436.21671147
"311001040338","Usme",1,-74.1140914498,4.4957218659,4876450.12159868,2054867.41969385
"311001041342","Usme",2,-74.1146710096,4.5126655698,4876388.70306132,2056740.0249404
"311001042721","Usme",2,-74.1110976399,4.510747504,4876784.69751545,2056527.44733261
"311001044902","Usme",2,-74.1144013497,4.5142622684,4876418.88082492,2056916.43586824
"311001045313","Usme",2,-74.1154088301,4.5110839771,4876306.60457115,2056565.36290226
"311001045623","Usme",2,-74.1135431002,4.5113026911,4876513.56778811,2056589.21713045
"311001046689","Usme",2,-74.1126374403,4.5082202271,4876613.49334589,2056248.41006112
"311001065012","Usme",1,-74.1157279602,4.5067840538,4876270.48259009,2056090.21750745
"311001065357","Usme",1,-74.1144179201,4.5383974369,4876421.13770334,2059583.70083648
"311001075531","Usme",2,-74.1083554202,4.5038770591,4877087.67965128,2055767.70895592
"311001078203","Usme",1,-74.1074955896,4.4967449367,4877181.84775623,2054979.37064632
"311001086991","Usme",2,-74.1192200099,4.5174786334,4875884.9966342,2057272.70813831
"311001090611","Usme",2,-74.1067794302,4.5054083561,4877262.72924039,2055936.67206443
"311001090807","Usme",2,-74.1134465996,4.5046826956,4876523.15296701,2055857.60243164
"311001091234","Usme",2,-74.1169630602,4.5396081734,4876139.07564401,2059717.93870388
"311001094659","Usme",2,-74.123797,4.5224934997,4875378.22717928,2057827.70299567
"311001096309","Usme",2,-74.1090923899,4.5093044508,4877006.85480823,2056367.63188857
"311001096953","Usme",1,-74.1014170296,4.4965486939,4877855.99310893,2054956.6642508
"311001097038","Usme",2,-74.1040049601,4.5034662392,4877570.11960317,2055721.57638956
"311001097101","Usme",2,-74.1174207796,4.5188466784,4876084.77830913,2057423.58889641
"311001097569","Usme",2,-74.1059397596,4.5092796642,4877356.50580612,2056364.36119434
"311001097691","Usme",1,-74.1066988298,4.4875400799,4877268.67797634,2053961.97929718
"311001099103","Usme",1,-74.1056675899,4.5001126423,4877385.156216,2055351.23919881
"311001099154","Usme",2,-74.1188002802,4.5424429661,4875935.80352013,2060031.53686972
"311001107262","Usme",2,-74.1203163202,4.5264182137,4875764.93000014,2058260.84157456
"311001107335","Usme",1,-74.1145375604,4.5120357707,4876403.39722119,2056670.40099878
"311001108404","Usme",2,-74.1189169399,4.517582405,4875918.62723145,2057284.12459955
"311848003471","Usme",1,-74.1067722904,4.4991893034,4877262.47881169,2055249.38374052
"411001086561","Usme",1,-74.1037794201,4.4926311119,4877593.32486823,2054524.11578477
"111001009652","Tunjuelito",3,-74.1313178204,4.5786135773,4874553.82692391,2064031.06383199
"111001045675","Tunjuelito",3,-74.1325742104,4.5782628372,4874414.43292057,2063992.52178565
"111001010251","Tunjuelito",3,-74.1435775198,4.5920322607,4873196.5982591,2065516.18162409
"111001034631","Tunjuelito",3,-74.1478628098,4.5865087768,4872720.39039377,2064906.5149409
"111001011011","Tunjuelito",2,-74.1379697202,4.5854736571,4873817.33796995,2064790.36885747
"111001017949","Tunjuelito",2,-74.1385037399,4.5847746799,4873757.99325219,2064713.21575093
"111001018295","Tunjuelito",2,-74.1422117698,4.5868359709,4873347.14063475,2064941.67308308
"111001017965","Tunjuelito",2,-74.13770797,4.5876457377,4873846.74688694,2065030.36930354
"111001012271","Tunjuelito",3,-74.1289223998,4.5800201778,4874819.72190265,2064186.09484535
"111001018261","Tunjuelito",2,-74.1320914297,4.5832911828,4874468.85004474,2064548.14157505
"111001014206","Tunjuelito",2,-74.1354321098,4.5786670866,4874097.56405655,2064037.6979642
"111001014214","Tunjuelito",3,-74.1384082202,4.5774875463,4873767.30805764,2063907.86445467
"111001018279","Tunjuelito",2,-74.14024887,4.5774635671,4873563.17615132,2063905.5383843
"111001018201","Tunjuelito",2,-74.1248435103,4.5600749024,4875268.61797886,2061981.15160848
"111001015318","Tunjuelito",2,-74.1239208399,4.5555063301,4875370.1567687,2061476.10093793
"111001029084","Tunjuelito",2,-74.1293013101,4.5590530359,4874774.06204889,2061868.99417114
"111001110264","Tunjuelito",2,-74.1293013101,4.5590530359,4874774.06204889,2061868.99417114
"111001019411","Tunjuelito",NA,-74.1319975396,4.576106857,4874478.00965935,2063754.15420642
"111001038253","Tunjuelito",2,-74.13202585,4.5830274587,4874476.07672553,2064518.98480403
"111001032450","Tunjuelito",3,-74.1265156398,4.5713010207,4875085.11751784,2063222.08543318
"111001075736","Tunjuelito",2,-74.1524695,4.5894298037,4872210.03333364,2065230.15278873
"111001075957","Tunjuelito",2,-74.1323517498,4.5644178177,4874436.69327413,2062462.40999796
"111001018066","Tunjuelito",3,-74.1281208097,4.5695132167,4874906.79367019,2063024.78696496
"111001086631","Tunjuelito",2,-74.1370875198,4.5666443911,4873911.87741481,2062709.30645612
"111001025623","Tunjuelito",2,-74.1343961798,4.5662373974,4874210.27969773,2062663.85668258
"111850001037","Tunjuelito",NA,-74.1223790003,4.5494710004,4875540.11353889,2060808.84694961
"311001000379","Tunjuelito",2,-74.1300217796,4.5607496283,4874694.45437633,2062056.61694996
"311001002118","Tunjuelito",2,-74.1345718103,4.5818288392,4874193.5234074,2064386.96634538
"311001003378","Tunjuelito",3,-74.1416195303,4.5899643298,4873413.37023057,2065287.29808565
"311001003971","Tunjuelito",2,-74.1301335803,4.5664587686,4874683.04577863,2062687.57752382
"311001004820","Tunjuelito",2,-74.1345600603,4.5829416046,4874195.02104293,2064509.94091275
"311001004897","Tunjuelito",3,-74.1368471297,4.5912583512,4873942.84643021,2065429.46403865
"311001005311","Tunjuelito",2,-74.1324849898,4.5659287256,4874422.17948444,2062629.41017498
"311001006032","Tunjuelito",2,-74.1300462201,4.5658555267,4874692.62944092,2062620.89550122
"311001008159","Tunjuelito",2,-74.1241873296,4.5586163763,4875341.13823846,2061819.85053307
"311001008213","Tunjuelito",3,-74.14062258,4.592878684,4873524.44330329,2065609.2008067
"311001010404","Tunjuelito",2,-74.12395251,4.5571683476,4875366.93073821,2061659.78253944
"311001020213","Tunjuelito",2,-74.1433954601,4.5779500819,4873214.30528001,2063959.86051775
"311001025894","Tunjuelito",3,-74.1483553301,4.5878780454,4872666.0131146,2065057.92714816
"311001026491","Tunjuelito",2,-74.1341670196,4.5665081311,4874235.74103262,2062693.73658031
"311001028427","Tunjuelito",2,-74.13951526,4.5869226861,4873646.19455033,2064950.78013629
"311001036250","Tunjuelito",3,-74.1275707901,4.5694359492,4874967.77777704,2063016.15214852
"311001036641","Tunjuelito",3,-74.1298761304,4.5764471688,4874713.33247853,2063791.39296647
"311001044091","Tunjuelito",2,-74.1552955001,4.5904998029,4871896.82493662,2065348.90910884
"311001046077","Tunjuelito",3,-74.1279968701,4.5758447394,4874921.63704023,2063724.48829263
"311001065489","Rafael Uribe Uribe",3,-74.1260821802,4.5735832083,4875133.58351609,2063474.22397302
"311001075191","Tunjuelito",2,-74.1353579503,4.5858990876,4874107.05374909,2064836.92565341
"311001075387","Tunjuelito",2,-74.1303536397,4.5683670727,4874658.97230008,2062898.51061057
"311001076588","Tunjuelito",2,-74.1355124901,4.5791644248,4874088.73688914,2064092.67512678
"311001088608","Tunjuelito",3,-74.14186965,4.5887925268,4873385.42592652,2065157.8408295
"311001089442","Tunjuelito",3,-74.1472386999,4.5885696841,4872789.96819626,2065134.16510103
"311001091374","Tunjuelito",2,-74.1362033997,4.5857518344,4874013.26898217,2064820.80065633
"311001092788","Tunjuelito",2,-74.12933527,4.5644457768,4874771.23022298,2062464.97437273
"311001097178","Tunjuelito",2,-74.1362566096,4.5866324709,4874007.52243334,2064918.13312665
"311001099162","Tunjuelito",3,-74.1450455898,4.5896782044,4873033.3764077,2065256.28379047
"311001099197","Tunjuelito",3,-74.1461255004,4.5923841903,4872914.09519975,2065555.52718144
"311001099227","Tunjuelito",2,-74.1283509797,4.5657937029,4874880.6229321,2062613.76810698
"311001101825","Tunjuelito",2,-74.1393673497,4.5782468866,4873661.07402044,2063991.95139892
"311001101833","Tunjuelito",2,-74.1302727896,4.568405231,4874667.94528057,2062902.71355434
"311001104778","Tunjuelito",3,-74.1359252696,4.5941613246,4874045.58783658,2065750.12240905
"311001104786","Tunjuelito",3,-74.1369621303,4.5943049774,4873930.6282168,2065766.18083311
"311001108510","Tunjuelito",2,-74.14227488,4.5834526884,4873339.54582519,2064567.78166875
"311001108706","Tunjuelito",3,-74.1450621404,4.5921931017,4873031.98563313,2065534.22023866
"311001109931","Tunjuelito",3,-74.1370429499,4.5945438133,4873921.70751675,2065792.58992734
"311001800707","Tunjuelito",NA,-74.14062258,4.592878684,4873524.44330329,2065609.2008067
"311001800901","Tunjuelito",NA,-74.1396421802,4.5945978488,4873633.46984569,2065799.0204504
"311102000531","Tunjuelito",2,-74.1388309396,4.5855566841,4873721.84458922,2064799.69627978
"111001002909","Bosa",2,-74.1969467597,4.6051677459,4867280.44757151,2066977.55450027
"111102000788","Bosa",2,-74.1974957399,4.599556573,4867218.52674051,2066357.52696594
"211102000642","Bosa",2,-74.2098641004,4.6136104269,4865849.52334354,2067913.03426223
"111001010031","Bosa",2,-74.1874322704,4.5996254919,4868334.5627952,2066363.28075163
"111102000699","Bosa",2,-74.1850022099,4.606166947,4868605.25222077,2067085.7716672
"111102000567","Bosa",2,-74.1920211999,4.600973127,4867825.90662561,2066513.06449659
"111001013676","Bosa",2,-74.1662088999,4.6033404043,4870688.85923936,2066769.95970502
"111102000923","Bosa",2,-74.1648219801,4.6016548013,4870842.36029307,2066583.42304131
"111001800261","Bosa",3,-74.1576227898,4.6012813387,4871640.66136636,2066540.85136415
"111001014109","Bosa",2,-74.1813108904,4.6280729837,4869018.62734067,2069506.06786657
"211102000219","Bosa",2,-74.1859968102,4.6269027263,4868498.77238248,2069377.60134559
"111001094480","Bosa",2,-74.1812304202,4.6280625758,4869027.54905529,2069504.90276849
"111001041599","Bosa",2,-74.1756088503,4.5978947471,4869645.44202422,2066169.83703034
"111001046477","Bosa",2,-74.1996725698,4.6102343962,4866979.10311265,2067538.01342446
"111102000591","Bosa",2,-74.2001604799,4.6090363346,4866924.77236491,2067405.69825442
"111102000672","Bosa",2,-74.2018205198,4.6064754108,4866740.20135521,2067122.98241527
"111102000893","Bosa",2,-74.1968741704,4.6071072251,4867288.85718555,2067191.88629114
"111001046591","Bosa",2,-74.1790666797,4.606116708,4869263.47572978,2067079.12875948
"111001086606","Bosa",2,-74.1997837202,4.6034041778,4866965.50710686,2066783.17856758
"111001086754","Bosa",2,-74.1949194597,4.6223645749,4867508.45931223,2068877.7175231
"111001104132","Bosa",2,-74.1823395099,4.6051552763,4868900.35262491,2066973.47554489
"111001098876","Bosa",2,-74.204866,4.6098320003,4866403.09101494,2067494.51324291
"111001098884","Bosa",2,-74.1951755999,4.6089234001,4867477.56073191,2067392.2883889
"111001100064","Bosa",2,-74.18640948,4.6119165459,4868450.24737785,2067721.45675195
"111001100072","Bosa",2,-74.1927725796,4.6294346823,4867747.8496196,2069658.68353046
"111001104051","Bosa",1,-74.1899053396,4.6330171499,4868066.47271773,2070054.07245135
"111001104183","Bosa",2,-74.2014896703,4.6277617169,4866780.86347554,2069475.42251333
"111001104299","Bosa",NA,-74.1999212298,4.6164314506,4866952.68124629,2068222.94018258
"111001104302","Bosa",2,-74.1892680001,4.6286618844,4868136.34257061,2069572.6243266
"211102000251","Bosa",2,-74.1847643396,4.6227997817,4868634.68977395,2068923.93011495
"111001104329","Bosa",NA,-74.2048048499,4.6355596683,4866414.69178607,2070337.85420642
"111001106950","Bosa",2,-74.2065509098,4.6316845554,4866220.33658597,2069909.91613558
"111001106968","Bosa",2,-74.1944212001,4.624860813,4867564.17747759,2069153.5011275
"111001107832","Bosa",2,-74.1853238499,4.6305462083,4868574.07195153,2069780.14177258
"111001107867","Bosa",1,-74.2073150096,4.6221947492,4866133.81945745,2068861.27143842
"111001107875","Bosa",NA,-74.1871660699,4.6408535513,4868371.68974078,2070919.61613766
"111001107883","Bosa",2,-74.1834817502,4.6188280644,4868776.19140636,2068484.75309715
"111001800384","Bosa",2,-74.2025364996,4.6270372556,4866664.64030321,2069395.55358242
"111001800392","Bosa",NA,-74.1858795603,4.6427933626,4868514.7122653,2071133.75841617
"111001800457","Bosa",2,-74.2038099998,4.6149799996,4866521.16004338,2068063.25800917
"111001800643","Bosa",NA,-74.1823503697,4.6137255472,4868900.71926891,2067920.63272727
"111001800678","Bosa",2,-74.2118449997,4.6262568004,4865632.22887416,2069311.05431117
"111001800694","Bosa",2,-74.2119749204,4.6266257049,4865617.89088184,2069351.84933299
"111001801080","Bosa",NA,-74.1944700002,4.6155999996,4867557.04685508,2068130.03402748
"111001801098","Bosa",NA,-74.1991553603,4.6339546471,4867040.88206941,2070159.4095748
"111001801101","Bosa",NA,-74.1865276103,4.6300589898,4868440.49283653,2069726.51914104
"111102000265","Bosa",2,-74.1858413396,4.6006094053,4868511.17471887,2066471.726323
"111102000281","Bosa",2,-74.1874263604,4.6037680377,4868335.97953136,2066821.09950418
"111102000907","Bosa",2,-74.19437559,4.5995311816,4867564.54234234,2066354.14151366
"111102000621","Bosa",2,-74.1848119898,4.6108456387,4868627.20631458,2067602.80906843
"111102000753","Bosa",2,-74.1906738204,4.6068993102,4867976.42123555,2067167.75732541
"111102000559","Bosa",2,-74.1885348796,4.6062382247,4868213.50208621,2067094.30077666
"111102000583","Bosa",2,-74.1959009096,4.6107387324,4867397.46256523,2067593.04817666
"111001094862","Bosa",2,-74.1964365103,4.6150473599,4867338.86591051,2068069.32418344
"111001110329","Bosa",2,-74.1872707802,4.606462319,4868353.72845867,2067118.83346274
"111102000958","Bosa",2,-74.1934149801,4.6117871274,4867673.3383031,2067708.4513159
"111001110060","Bosa",2,-74.1956276798,4.6135146409,4867428.2777433,2067899.78214945
"211001076958","Bosa",2,-74.2007300702,4.6255424519,4866864.68424052,2069230.01317385
"111001110078","Bosa",1,-74.1950619999,4.6409690048,4867496.1158434,2070933.84869154
"111001801187","Bosa",NA,-74.1940122304,4.6436585236,4867613.02840447,2071230.88963964
"211102000201","Bosa",1,-74.2039999998,4.6179999998,4866500.65428372,2068397.05575347
"211102000243","Bosa",1,-74.1836476196,4.6358506818,4868760.93312634,2070366.06327636
"111001104361","Bosa",NA,-74.1977732196,4.641686014,4867195.5968126,2071013.59849553
"211102000995","Bosa",2,-74.1884874603,4.6225487412,4868221.76928757,2068896.87522378
"111001110647","Bosa",2,-74.1850074201,4.6095124411,4868605.28882712,2067455.50481071
"311001000361","Bosa",2,-74.1638171399,4.6002566514,4870953.54228942,2066428.72395468
"311001000387","Bosa",2,-74.1950638396,4.6211346031,4867492.2198042,2068741.81175954
"311001000921","Bosa",2,-74.1944429097,4.6239917072,4867561.60853873,2069057.45430336
"311001000972","Bosa",2,-74.1922819701,4.6251948132,4867801.46844111,2069190.01530779
"311001001014","Bosa",2,-74.1862395898,4.5981380401,4868466.55604687,2066198.67306165
"311001032637","Bosa",NA,-74.2011106001,4.6375468818,4866824.73154445,2070556.78023552
"311001035300","Bosa",3,-74.1613238101,4.6011354228,4871230.2034498,2066525.39178556
"311001035318","Bosa",3,-74.1599341999,4.6024160481,4871384.53691787,2066666.67023982
"311001036292","Bosa",2,-74.18400795,4.6009748086,4868714.5609253,2066511.7720649
"311001039623","Bosa",3,-74.16149684,4.6011999817,4871211.02655739,2066532.55775265
"311001041067","Bosa",2,-74.1646242097,4.6009983107,4870864.17412348,2066510.8347823
"311001042829","Bosa",2,-74.1793062999,4.6093354383,4869237.49084956,2067434.89465015
"311001045011","Bosa",2,-74.1921589296,4.626321494,4867815.32192227,2069314.50956947
"311001046239","Bosa",2,-74.1802949003,4.6035620139,4869126.80280367,2066797.0187289
"311001047014","Bosa",2,-74.1899253801,4.6201346637,4868061.86500407,2068630.3461082
"311001065098","Bosa",2,-74.1865850001,4.6109448822,4868430.6040287,2067614.1042491
"311001077525","Bosa",2,-74.1919837698,4.6040077193,4867830.61750001,2066848.43078045
"311001078220","Bosa",3,-74.1562950403,4.5987412978,4871787.45014458,2066259.8993866
"311001087555","Bosa",3,-74.1549201499,4.6000327271,4871940.15229036,2066402.37544156
"311001087636","Bosa",2,-74.18868665,4.6296274998,4868200.98941138,2069679.23295024
"311001088314","Bosa",2,-74.1981859299,4.6075654497,4867143.47140965,2067242.77215341
"311001089191","Bosa",2,-74.2000996397,4.604198777,4866930.61986841,2066871.05423305
"311001089876","Bosa",2,-74.1916725296,4.6215146481,4867868.37006101,2068783.18192452
"311001090637","Bosa",2,-74.1927057997,4.6241345768,4867754.27137337,2069072.92023284
"311001090645","Bosa",2,-74.1784996002,4.6035090392,4869325.88713481,2066790.83519484
"311001090718","Bosa",2,-74.2002317603,4.6219203718,4866919.2681203,2068829.61793511
"311001091846","Bosa",2,-74.1794988996,4.6029554186,4869214.96640634,2066729.83418022
"311001093768","Bosa",2,-74.1883353,4.603681476,4868235.16434347,2066811.70075707
"311001095175","Bosa",2,-74.1813850203,4.629024922,4869010.58188388,2069611.28631765
"311001095337","Bosa",2,-74.1864381597,4.6058115392,4868445.94411548,2067046.75792268
"311001095680","Bosa",2,-74.1999495204,4.6109968373,4866948.5319664,2067622.32788235
"311001095850","Bosa",2,-74.1850441199,4.601591436,4868599.76491517,2066580.11013118
"311001095868","Bosa",2,-74.1984473298,4.6020777911,4867113.46423633,2066636.341342
"311001096171","Bosa",2,-74.1772608602,4.6274248276,4869467.63067693,2069433.69012188
"311001096414","Bosa",2,-74.1981261704,4.6222952822,4867152.83791869,2068870.65805438
"311001096759","Bosa",2,-74.19610815,4.624671386,4867377.06850861,2069132.8809486
"311001097615","Bosa",2,-74.2029424797,4.6109468144,4866616.61225252,2067617.35908766
"311001097623","Bosa",3,-74.1595487903,4.6023056394,4871427.25776733,2066654.39894306
"311001097640","Bosa",2,-74.1871150097,4.6288502663,4868375.13063762,2069593.04404872
"311001097658","Bosa",2,-74.2060168703,4.6131945749,4866276.09148376,2067866.35180556
"311001097674","Bosa",2,-74.1907796402,4.6282876857,4867968.64161354,2069531.55010082
"311001102317","Bosa",2,-74.1902275203,4.6043913569,4868025.45229068,2066890.5040784
"311001102783","Bosa",NA,-74.1810236604,4.6252463098,4869049.95982426,2069193.62115417
"311001104832","Bosa",2,-74.17795418,4.6284575001,4869390.93533067,2069547.94471299
"311001104841","Bosa",2,-74.1941355296,4.6128332994,4867593.62559591,2067824.20482521
"311001107165","Bosa",2,-74.1798330504,4.6262325354,4869182.17236593,2069302.39579064
"311001107467","Bosa",2,-74.1800559503,4.6271568006,4869157.62386865,2069404.58324718
"311001108340","Bosa",2,-74.1953027097,4.6300540186,4867467.38890834,2069727.60268883
"311001109443","Bosa",2,-74.1971859801,4.6293034207,4867258.40581071,2069645.00086866
"311001109575","Bosa",2,-74.2038804502,4.6310096002,4866516.34794117,2069834.81882938
"311001109681","Bosa",2,-74.1825092502,4.6307761014,4868886.23458402,2069805.02800704
"311001109702","Bosa",2,-74.16568035,4.59965355,4870746.80861401,2066362.40871886
"311001109761","Bosa",2,-74.2038804502,4.6310096002,4866516.34794117,2069834.81882938
"311001109877","Bosa",2,-74.1879557699,4.6298240062,4868282.07571277,2069700.81447813
"311001109893","Bosa",2,-74.1879557699,4.6298240062,4868282.07571277,2069700.81447813
"311001109923","Bosa",2,-74.1877261596,4.6051824593,4868302.99267419,2066977.47183923
"311001109991","Bosa",2,-74.2045360497,4.6313504096,4866443.7097983,2069872.60755558
"311001110255","Bosa",2,-74.17809916,4.6065299889,4869370.84610036,2067124.62572376
"311001110662","Bosa",2,-74.1783744101,4.6305018877,4869344.70968264,2069773.96013427
"311001800006","Bosa",2,-74.1824587002,4.6222021057,4868890.26264977,2068857.45135853
"311001800103","Bosa",2,-74.1945263497,4.6059870503,4867549.01714974,2067067.65161017
"311001800537","Bosa",2,-74.1870622498,4.6041033758,4868376.42016077,2066858.09273604
"311001800740","Bosa",3,-74.1565319997,4.6020080004,4871761.75657859,2066620.96262413
"311001801020","Bosa",NA,-74.1810236604,4.6252463098,4869049.95982426,2069193.62115417
"311001801208","Bosa",NA,-74.2009655797,4.620387828,4866837.60490895,2068660.38299845
"311102000086","Bosa",2,-74.1843216399,4.6101084713,4868681.44897466,2067521.24955415
"311102000124","Bosa",2,-74.1866969203,4.6078653241,4868417.6259076,2067273.78282298
"311102000132","Bosa",2,-74.1864194702,4.6100183367,4868448.79024387,2067511.67509931
"311102000141","Bosa",2,-74.1846953804,4.6118233923,4868640.31753465,2067710.84543715
"311102000779","Bosa",2,-74.1877515604,4.6059588233,4868300.31863609,2067063.27760571
"311102001007","Bosa",2,-74.1915187102,4.6003547457,4867881.51783015,2066444.63004966
"311102001015","Bosa",2,-74.1957600699,4.6022976004,4867411.51738622,2066660.13431476
"311102001066","Bosa",2,-74.1871192102,4.6044603684,4868370.16902312,2066897.55683326
"311102001074","Bosa",2,-74.1857020002,4.6283387442,4868531.73004475,2069536.25049904
"311102001082","Bosa",2,-74.1966354099,4.6007643274,4867314.15979621,2066490.84436773
"311102001139","Bosa",3,-74.1997982603,4.6085624251,4866964.8534012,2067353.25555739
"311102001155","Bosa",2,-74.1788706403,4.6073046519,4869285.4328733,2067210.37989567
"311102001236","Bosa",2,-74.1945263497,4.6059870503,4867549.01714974,2067067.65161017
"311102001244","Bosa",2,-74.1876682803,4.6061678201,4868309.59262928,2067086.35983915
"311102001287","Bosa",2,-74.1827439503,4.6317505997,4868860.38745976,2069912.76946536
"411001000314","Bosa",2,-74.2014489003,4.6099121976,4866782.05311975,2067502.73677899
"411102000293","Bosa",2,-74.1851410104,4.6181274142,4868592.05849944,2068407.62600994
"111001000124","Kennedy",3,-74.1359583303,4.6162069351,4874045.80028947,2068186.48901665
"111001014303","Kennedy",2,-74.1343093998,4.6057601962,4874226.81853185,2067031.68121661
"111001001279","Kennedy",2,-74.1620735504,4.6418309411,4871154.41021508,2071023.01688226
"111001034771","Kennedy",2,-74.1615762502,4.6432991941,4871209.82247045,2071185.19130694
"111001034649","Kennedy",2,-74.1611483799,4.6440103256,4871257.39815396,2071263.70458676
"111001010910","Kennedy",NA,-74.1221985997,4.6321676003,4875574.44943786,2069947.94711637
"111001011321","Kennedy",3,-74.1463988101,4.5995558084,4872885.05662458,2066348.14656041
"111001106259","Kennedy",3,-74.1463386598,4.5994804174,4872891.71372191,2066339.80402779
"111001011690","Kennedy",3,-74.1482280702,4.6233739603,4872686.43943683,2068980.73637363
"111001033871","Kennedy",2,-74.1628563297,4.6331031878,4871066.02427752,2070058.60580535
"111001096628","Kennedy",2,-74.1666221096,4.6298737662,4870647.84192867,2069702.38945386
"111001012343","Kennedy",3,-74.15570817,4.6180832684,4871855.99711988,2068397.3781537
"111001013196","Kennedy",3,-74.1589506902,4.624256743,4871497.5324167,2069080.22755495
"111001012360","Kennedy",3,-74.15351232,4.6215239396,4872100.12061406,2068777.2297188
"111001013102","Kennedy",3,-74.1608954997,4.6218101873,4871281.42435922,2068810.19711553
"111001036579","Kennedy",2,-74.1714036101,4.6314778413,4870117.90043641,2069880.5387817
"111001013129","Kennedy",2,-74.1790517901,4.6141121129,4869266.58864278,2067962.74808424
"111001050181","Kennedy",3,-74.1712384099,4.6088559712,4870132.10272441,2067380.43086322
"111001029653","Kennedy",3,-74.1740144701,4.6104407987,4869824.5365516,2067556.08605818
"111001013153","Kennedy",3,-74.1584030197,4.6216408396,4871557.79424835,2068791.03073484
"111001013161","Kennedy",3,-74.1629130197,4.6214538374,4871057.62946148,2068771.18050921
"111001033961","Kennedy",3,-74.1657383902,4.6165177637,4870743.41902019,2068226.17974749
"111001013170","Kennedy",3,-74.1613707597,4.6170986387,4871227.87083603,2068289.58369487
"111001035599","Kennedy",2,-74.16943718,4.6111787152,4870332.27336231,2067636.80301453
"111001014290","Kennedy",NA,-74.1273879596,4.6320707693,4874998.98029738,2069938.15834631
"111001801471","Kennedy",NA,-74.12583263,4.6353950111,4875172.03538043,2070305.26055093
"111001014974","Kennedy",3,-74.15446413,4.6125479793,4871992.96189906,2067785.42010959
"111001015598","Kennedy",3,-74.15051359,4.6168386529,4872431.82274781,2068258.89575052
"111001015601","Kennedy",3,-74.1416149004,4.617894871,4873418.82102837,2068374.03446108
"111001012254","Kennedy",3,-74.1409061098,4.6096285059,4873495.95790652,2067460.35298412
"111001016071","Kennedy",3,-74.1529456502,4.6335693198,4872165.12207599,2070108.32623976
"111001016152","Kennedy",3,-74.1514883196,4.6349360667,4872326.97309837,2070259.11002015
"111001016098","Kennedy",2,-74.1361261796,4.604955536,4874025.20463859,2066943.07513453
"111001016101","Kennedy",3,-74.1582112303,4.6174713184,4871578.3121741,2068330.19957834
"111001016136","Kennedy",2,-74.1485482397,4.6037722059,4872647.44147704,2066814.50469857
"111001016292","Kennedy",3,-74.1407761901,4.6202510079,4873512.24620555,2068634.27324157
"111001018082","Kennedy",3,-74.1354011799,4.6153535992,4874107.43433362,2068092.08440392
"111001015628","Kennedy",3,-74.1454149303,4.6198245771,4872997.7649775,2068587.97305509
"111001015610","Kennedy",3,-74.1465508599,4.6219134281,4872872.16998003,2068819.02538011
"111001024660","Kennedy",3,-74.14752297,4.6188541509,4872763.82402807,2068481.10316587
"111001013111","Kennedy",2,-74.1726130003,4.6171875886,4869981.18165408,2068301.45839672
"111001024732","Kennedy",3,-74.1564526003,4.6247014908,4871774.63376721,2069128.92770248
"111001016080","Kennedy",3,-74.1527079299,4.6265143938,4872190.21689389,2069328.60634979
"111001026964","Kennedy",3,-74.1516886304,4.6218759693,4872302.41894886,2068815.80650682
"111001027308","Kennedy",3,-74.1510699697,4.6243410593,4872371.46553637,2069088.12528428
"111001027391","Kennedy",2,-74.1779424102,4.616540035,4869390.05800331,2068230.86923799
"111001050172","Kennedy",2,-74.1729551201,4.6253082887,4869944.72278436,2069198.98845
"111001034088","Kennedy",2,-74.1729728501,4.6256309074,4869942.81550493,2069234.64624037
"111001027405","Kennedy",2,-74.1670572104,4.6366906688,4870600.83215727,2070455.84446356
"111001029114","Kennedy",2,-74.1628427903,4.6089750518,4871063.16502531,2067392.06709476
"111001800465","Kennedy",2,-74.1644183096,4.6083132188,4870888.32699017,2067319.20934965
"111001033898","Kennedy",2,-74.1603080096,4.6405328646,4871349.95709354,2070879.2380327
"111001034045","Kennedy",3,-74.1273041998,4.6206994902,4875006.27392173,2068681.45477375
"111102001164","Kennedy",2,-74.1277001502,4.6204445102,4874962.32124053,2068653.34545008
"111001041475","Kennedy",3,-74.1440402304,4.6379380913,4873153.43633761,2070589.5414882
"111001047236","Kennedy",3,-74.1353034001,4.6507060608,4874124.53147774,2071999.03066175
"111001076767","Kennedy",3,-74.1418892503,4.6404502443,4873392.40730898,2070866.78697984
"111001079154","Kennedy",2,-74.1671174101,4.6057940196,4870588.55178834,2067041.2875059
"111001043141","Kennedy",2,-74.1662046203,4.6111164638,4870690.73905586,2067629.33576751
"111001086649","Kennedy",3,-74.1436434697,4.6077618413,4873192.06764018,2067254.54524931
"111001014681","Kennedy",2,-74.1409742596,4.6035267389,4873487.32180554,2066786.02983485
"111001086771","Kennedy",2,-74.1674720102,4.6402784199,4870555.48775196,2070852.42364761
"111001086860","Kennedy",2,-74.1695808997,4.64072443,4870321.711903,2070902.10077281
"111001034215","Kennedy",2,-74.1653674497,4.6399685258,4870788.80843657,2070817.79103452
"111001098892","Kennedy",2,-74.1731980704,4.6453564839,4869921.44800148,2071414.68091257
"111001098906","Kennedy",2,-74.1748646904,4.6416564131,4869735.95656712,2071006.06999355
"111001100048","Kennedy",2,-74.1722779,4.6348482337,4870021.56376263,2070253.18133743
"111001100056","Kennedy",2,-74.1754790096,4.6255898547,4869664.89069788,2069230.56864502
"111001104281","Kennedy",2,-74.1557811402,4.6448544816,4871852.72493386,2071356.02240256
"111001801446","Kennedy",NA,-74.14770728,4.6546038586,4872749.7836822,2072432.01851263
"111001104558","Kennedy",2,-74.1657190198,4.6481902107,4870751.31942818,2071726.48141188
"111001106984","Kennedy",2,-74.1396614796,4.6485980716,4873640.89549763,2071766.84460232
"111001034169","Kennedy",2,-74.1394832997,4.6525973723,4873661.366435,2072208.79475188
"111001107778","Kennedy",2,-74.1637632302,4.6423276871,4870967.13064018,2071078.22293688
"111001110477","Kennedy",2,-74.1779216699,4.6360972523,4869395.94251843,2070392.25555579
"111001800431","Kennedy",NA,-74.17457113,4.6336739986,4869767.04739319,2070123.83031613
"111001800554","Kennedy",3,-74.1455084701,4.634302773,4872989.97298447,2070188.04732179
"111001801241","Kennedy",NA,-74.1294838801,4.6218480706,4874764.76493245,2068808.77292411
"111001801268","Kennedy",NA,-74.1560634402,4.6570156229,4871823.61984491,2072700.06768169
"311001000034","Kennedy",2,-74.1754653004,4.6172880901,4869664.89415904,2068313.08724237
"311001000158","Kennedy",3,-74.1561152497,4.6061702431,4871808.7179143,2067080.87937094
"311001000352","Kennedy",2,-74.1724326698,4.6332080709,4870004.10128553,2070071.94540137
"311001000841","Kennedy",3,-74.1393020799,4.641746532,4873679.52938182,2071009.58383074
"311001001537","Kennedy",3,-74.1480449603,4.6212713837,4872706.36978575,2068748.3371795
"311001002282","Kennedy",3,-74.1475153702,4.6330606573,4872767.20315238,2070051.1346623
"311001004064","Kennedy",3,-74.1543612298,4.6192246298,4872005.56954203,2068523.27357877
"311001004374","Kennedy",NA,-74.1507395801,4.6086617889,4872405.30198071,2067355.26898238
"311001005231","Kennedy",3,-74.1306254996,4.6322805759,4874640.00337641,2069961.91637867
"311001005681","Kennedy",3,-74.1599554999,4.6220343474,4871385.70488557,2068834.80014739
"311001006423","Kennedy",3,-74.1568225903,4.6085560614,4871730.70433351,2067344.67611122
"311001008523","Kennedy",3,-74.1496781703,4.6273119972,4872526.33770676,2069416.20902652
"311001008990","Kennedy",3,-74.1357835801,4.6263298641,4874066.96597796,2069305.1894929
"311001010366","Kennedy",NA,-74.1546398,4.6179694291,4871974.45266033,2068384.6048292
"311001010382","Kennedy",3,-74.1438250704,4.597830324,4873170.17038806,2066156.99743977
"311001010617","Kennedy",3,-74.1347875102,4.6267419666,4874177.49501546,2069350.55626535
"311001016607","Kennedy",3,-74.1444321501,4.6269919866,4873108.02437705,2069379.90338161
"311001016933","Kennedy",3,-74.1302552796,4.611279993,4874677.36784784,2067640.98442622
"311001017671","Kennedy",3,-74.1537307903,4.6124125339,4872074.26132204,2067770.31958058
"311001019312","Kennedy",3,-74.1631311298,4.6190723164,4871033.0119392,2068508.02474827
"311001026327","Kennedy",3,-74.1419121304,4.6116064907,4873384.74559378,2067679.12820409
"311001026513","Kennedy",3,-74.14675449,4.6148237241,4872848.3259345,2068035.54313108
"311001027803","Kennedy",2,-74.1321091796,4.6244754414,4874474.10112445,2069099.59843731
"311001028184","Kennedy",3,-74.1544183896,4.6274322719,4872000.70420468,2069430.35401231
"311001029288","Kennedy",4,-74.1437256404,4.6292107072,4873186.765866,2069624.97888812
"311001029521","Kennedy",3,-74.1385636,4.602633788,4873754.49641939,2066686.91879836
"311001029971","Kennedy",3,-74.1566703798,4.6235599869,4871750.27817017,2069002.81324944
"311001030359","Kennedy",3,-74.14629211,4.6233401243,4872901.11783693,2068976.65044198
"311001030391","Kennedy",4,-74.1433725,4.6249061932,4873225.1603713,2069149.20286173
"311001030499","Kennedy",2,-74.1625423398,4.6206852794,4871098.59673693,2068686.17562775
"311001030928","Kennedy",3,-74.1282696498,4.627990199,4874900.49195054,2069487.35227415
"311001032131","Kennedy",2,-74.1724008003,4.6089085479,4870003.20759502,2067386.45330052
"311001032572","Kennedy",3,-74.1737272302,4.6128707319,4869856.83269735,2067824.58016754
"311001032823","Kennedy",3,-74.1686335597,4.614834674,4870422.05430946,2068040.69814901
"311001033277","Kennedy",3,-74.1694384601,4.6146201076,4870332.7557965,2068017.13171112
"311001033374","Kennedy",2,-74.1643493702,4.6353862973,4870900.87219995,2070311.19695883
"311001033439","Kennedy",3,-74.1353538899,4.6079644542,4874111.37729713,2067275.46801387
"311001033480","Kennedy",3,-74.1680507004,4.6112201959,4870486.03554174,2067641.13510454
"311001033510","Kennedy",2,-74.1657453198,4.6367319313,4870746.31740233,2070460.1651803
"311001033579","Kennedy",3,-74.1734881597,4.6112374987,4869883.04727227,2067644.03805567
"311001035253","Kennedy",2,-74.1725984898,4.619242415,4869983.16505087,2068528.54695598
"311001035806","Kennedy",2,-74.1723972402,4.6238538518,4870006.32291442,2069038.14776058
"311001036519","Kennedy",3,-74.1696404903,4.6140796088,4870310.25349695,2067957.4348135
"311001036811","Kennedy",3,-74.1663048902,4.6377448177,4870684.44995708,2070572.20724051
"311001036900","Kennedy",2,-74.1639305899,4.6381966403,4870947.82160131,2070621.70778082
"311001038899","Kennedy",3,-74.1493685497,4.6006332656,4872555.91384104,2066467.75097193
"311001039127","Kennedy",3,-74.1427897297,4.6367395948,4873291.89147248,2070456.86596795
"311001039747","Kennedy",3,-74.1751851402,4.6080034002,4869694.26977888,2067286.9282857
"311001039879","Kennedy",2,-74.1583418202,4.6404290938,4871567.97063096,2070867.41278107
"311001039941","Kennedy",3,-74.1351954001,4.6042374196,4874128.29757123,2066863.54856527
"311001039984","Kennedy",3,-74.1458945696,4.6193922186,4872944.49912748,2068540.27663291
"311001040028","Kennedy",3,-74.13554047,4.6287734011,4874094.35682389,2069575.19290712
"311001040346","Kennedy",3,-74.1291976202,4.6179282327,4874795.82126891,2068375.52420281
"311001040401","Kennedy",3,-74.1552512096,4.6125549088,4871905.67996762,2067786.32742698
"311001040923","Kennedy",3,-74.1262859702,4.6346453393,4875121.63271972,2070222.49096737
"311001041041","Kennedy",2,-74.13412151,4.6515097432,4874255.73178254,2072087.63883727
"311001041407","Kennedy",3,-74.1392460996,4.6339434969,4873684.35041249,2070147.22317048
"311001041806","Kennedy",3,-74.15777124,4.6105830916,4871625.86701335,2067568.86492362
"311001041873","Kennedy",2,-74.16612204,4.6372299998,4870704.63286144,2070515.2783501
"311001042276","Kennedy",NA,-74.1511823399,4.6252231622,4872359.16241125,2069185.63124003
"311001042713","Kennedy",3,-74.1593034497,4.6173039566,4871457.16107547,2068311.90072541
"311001042934","Kennedy",2,-74.1401985797,4.6022382269,4873573.11403788,2066643.49285423
"311001043728","Kennedy",2,-74.1757636804,4.6145110117,4869631.29838559,2068006.22995746
"311001043736","Kennedy",4,-74.1475116,4.6291244001,4872766.91770248,2069616.11824527
"311001043833","Kennedy",3,-74.1527608802,4.6053384558,4872180.55536802,2066988.35226065
"311001044830","Kennedy",2,-74.1637015402,4.619994202,4870969.92335564,2068610.01099904
"311001045241","Kennedy",3,-74.17393588,4.6116598229,4869833.47381045,2067690.79343605
"311001045348","Kennedy",2,-74.1755876501,4.6188441099,4869651.61030984,2068485.0749313
"311001046123","Kennedy",4,-74.14139439,4.6303831527,4873445.49104777,2069754.13539081
"311001046409","Kennedy",2,-74.1612644396,4.6377539926,4871243.39425634,2070572.30311418
"311001047120","Kennedy",3,-74.1513799998,4.604968935,4872333.62356192,2066947.26734837
"311001047421","Kennedy",3,-74.1552204198,4.628368753,4871911.9333242,2069533.99420581
"311001047880","Kennedy",2,-74.16437432,4.6252575138,4870896.26881399,2069191.81168819
"311001050252","Kennedy",3,-74.1385489198,4.6430723403,4873763.28285392,2071155.97085323
"311001050295","Kennedy",3,-74.1731362699,4.60930326,4869921.71856494,2067430.20946364
"311001075051","Kennedy",3,-74.1366739202,4.6440542477,4873971.37503833,2071264.1518367
"311001075395","Kennedy",2,-74.1689912698,4.6331800061,4870385.72121669,2070068.21383798
"311001075441","Kennedy",2,-74.1783736303,4.644629642,4869347.39281217,2071335.30700105
"311001075506","Kennedy",3,-74.1410175899,4.6419717952,4873489.33683904,2071034.78514296
"311001075671","Kennedy",3,-74.1297389298,4.6131213433,4874734.9507483,2067844.38923487
"311001075972","Kennedy",3,-74.1302162496,4.6335347107,4874685.60636404,2070100.44404021
"311001076138","Kennedy",3,-74.1355989602,4.6267188718,4874087.50761073,2069348.14778846
"311001076626","Kennedy",3,-74.1369987698,4.6433357698,4873935.22507763,2071184.80733925
"311001076685","Kennedy",2,-74.16915252,4.607839624,4870363.23570269,2067267.72872294
"311001087024","Kennedy",2,-74.1651073102,4.6138048684,4870812.9118562,2067926.2476244
"311001087059","Kennedy",3,-74.1679146604,4.6130241658,4870501.44861145,2067840.47757191
"311001087121","Kennedy",3,-74.1762170197,4.611304914,4869580.44002189,2067651.98746308
"311001087601","Kennedy",2,-74.1642875804,4.6345968447,4870907.58088728,2070223.93877462
"311001087741","Kennedy",3,-74.1384242803,4.6197946503,4873772.97626263,2068583.42110772
"311001087911","Kennedy",3,-74.1349753802,4.6421879488,4874159.39422834,2071057.59614739
"311001088063","Kennedy",2,-74.1719258798,4.62428552,4870058.67258183,2069085.76778159
"311001088187","Kennedy",3,-74.14451582,4.6124556549,4873096.16104135,2067773.4367574
"311001089001","Kennedy",3,-74.1473497299,4.6325351586,4872785.47731465,2069993.02941906
"311001089043","Kennedy",3,-74.14192513,4.6343300122,4873387.33858276,2070190.41670312
"311001089108","Kennedy",3,-74.1423955103,4.6234906916,4873333.24980408,2068992.59463603
"311001089230","Kennedy",2,-74.1597063198,4.6394017439,4871416.47425758,2070754.12228293
"311001089299","Kennedy",3,-74.1453004697,4.637709394,4873013.64674788,2070564.49278722
"311001089353","Kennedy",3,-74.1422785002,4.6218362567,4873345.93155924,2068809.73416119
"311001089892","Kennedy",3,-74.1434930899,4.6047379124,4873208.2083514,2066920.32947452
"311001090319","Kennedy",3,-74.1613696296,4.6180430739,4871228.166499,2068393.95828445
"311001090572","Kennedy",2,-74.1725549503,4.6400216204,4869991.78718214,2070824.9744667
"311001090742","Kennedy",3,-74.1349877402,4.6518099732,4874159.73045684,2072120.97291989
"311001090866","Kennedy",2,-74.1755378098,4.6406345384,4869661.12602056,2070893.26020356
"311001091552","Kennedy",3,-74.1553108802,4.6162042578,4871899.71712539,2068189.6471343
"311001091595","Kennedy",3,-74.1540294703,4.6230976663,4872043.05433412,2068951.24365782
"311001091803","Kennedy",3,-74.1453129599,4.6331533184,4873011.44818719,2070060.98032866
"311001091838","Kennedy",2,-74.1636246202,4.6355362246,4870981.26821369,2070327.63431263
"311001092397","Kennedy",2,-74.1732944802,4.606241278,4869903.61686638,2067091.84033262
"311001092800","Kennedy",3,-74.1413600196,4.6259995132,4873448.52363603,2069269.67209301
"311001093474","Kennedy",3,-74.1512280696,4.6280169379,4872354.59179416,2069494.39414334
"311001093504","Kennedy",3,-74.1490779196,4.6343427857,4872594.15926002,2070193.10979618
"311001093822","Kennedy",3,-74.15195142,4.6060319786,4872270.44502083,2067064.85206275
"311001094420","Kennedy",2,-74.1627343897,4.6365129243,4871080.16447453,2070435.41294464
"311001094691","Kennedy",2,-74.1647365297,4.6121101704,4870853.72338188,2067738.8896649
"311001095370","Kennedy",3,-74.1576774801,4.6137585196,4871636.83479822,2067919.78175009
"311001095434","Kennedy",3,-74.1304021299,4.6341288144,4874665.09861787,2070166.13392034
"311001095809","Kennedy",3,-74.1443255497,4.5968931372,4873114.50298938,2066053.51323887
"311001096066","Kennedy",3,-74.16294354,4.6399918851,4871057.60261979,2070819.93075298
"311001096112","Kennedy",2,-74.1656785103,4.6352269703,4870753.45248322,2070293.83104195
"311001096287","Kennedy",3,-74.1458466499,4.6020895319,4872946.7386014,2066628.06256697
"311001098476","Kennedy",3,-74.1384497197,4.6295298223,4873771.87905462,2069659.30529045
"311001098603","Kennedy",3,-74.1327334197,4.6273711151,4874405.38803017,2069419.72267384
"311001099308","Kennedy",3,-74.17828332,4.6224981264,4869353.34347803,2068889.397641
"311001099383","Kennedy",2,-74.1614405004,4.642491775,4871224.72939131,2071095.93415244
"311001099391","Kennedy",2,-74.1499458098,4.6439139689,4872499.63499417,2071251.02695627
"311001099413","Kennedy",3,-74.1688703403,4.6050252217,4870394.01870429,2066956.64143388
"311001099472","Kennedy",2,-74.1640633897,4.637422003,4870932.95460531,2070536.12237263
"311001099511","Kennedy",2,-74.1790016704,4.6328489894,4869275.58190701,2070033.46867018
"311001099570","Kennedy",3,-74.1373828697,4.6358558588,4873891.30491504,2070358.23558902
"311001099596","Kennedy",2,-74.1578708802,4.6370022057,4871619.57448108,2070488.60313682
"311001099626","Kennedy",3,-74.1426683403,4.6388370013,4873305.7262567,2070688.638935
"311001100471","Kennedy",3,-74.1296048499,4.6291982864,4874752.6419332,2069621.09873165
"311001100519","Kennedy",2,-74.1582593603,4.6396219928,4871576.96879122,2070778.20064387
"311001100551","Kennedy",3,-74.1345259899,4.6519504599,4874210.95799063,2072136.41650851
"311001101892","Kennedy",2,-74.1680045701,4.6221835066,4870493.13952263,2068852.7460242
"311001102431","Kennedy",2,-74.1649800198,4.6381935074,4870831.44832814,2070621.55282239
"311001102716","Kennedy",3,-74.1412418803,4.6393613483,4873464.00032245,2070746.33206723
"311001102856","Kennedy",3,-74.16605504,4.6122049492,4870707.52372148,2067749.6033855
"311001104867","Kennedy",3,-74.15899777,4.6263479787,4871492.68862511,2069311.35002414
"311001104905","Kennedy",3,-74.1753092604,4.6141962844,4869681.63409913,2067971.36434123
"311001106363","Kennedy",3,-74.13675798,4.6419984413,4873961.68876475,2071036.96999059
"311001106380","Kennedy",2,-74.1265658996,4.6221453432,4875088.39914984,2068841.11237619
"311001106398","Kennedy",3,-74.1703291397,4.6190307171,4870234.78519971,2068504.73652552
"311001106401","Kennedy",3,-74.1527229497,4.6198239513,4872187.35212239,2068589.21313163
"311001106410","Kennedy",3,-74.1418748198,4.6082662491,4873388.29177557,2067309.97546378
"311001106606","Kennedy",3,-74.1545629303,4.6225097137,4871983.79163843,2068886.36195954
"311001106622","Kennedy",3,-74.1511781699,4.619975661,4872358.68565746,2068605.70191551
"311001107157","Kennedy",3,-74.1528276502,4.6067947564,4872173.41092789,2067149.30757223
"311001107637","Kennedy",3,-74.1700489498,4.6141644278,4870264.97265345,2067966.88306153
"311001108285","Kennedy",2,-74.1578262699,4.640446019,4871625.14345723,2070869.18977844
"311001108544","Kennedy",3,-74.1517898697,4.6329996909,4872293.18619954,2070045.16529334
"311001108617","Kennedy",3,-74.1741407301,4.6119729431,4869810.81381684,2067725.43567313
"311001108714","Kennedy",3,-74.1742008902,4.6121837943,4869804.18070994,2067748.74911188
"311001108781","Kennedy",2,-74.1648208896,4.645188424,4870850.36648934,2071394.57242398
"311001108862","Kennedy",3,-74.1410688298,4.6194781149,4873479.65741024,2068548.90919558
"311001108927","Kennedy",3,-74.1635709297,4.619222702,4870984.26782604,2068524.72447022
"311001109010","Kennedy",3,-74.1443524704,4.6399734252,4873119.17524299,2070814.53228225
"311001109028","Kennedy",4,-74.1449419296,4.629156771,4873051.8795296,2069619.23557043
"311001109087","Kennedy",3,-74.13367285,4.6306133289,4874301.78511446,2069778.20066876
"311001109109","Kennedy",3,-74.14657798,4.6460530207,4872873.47623859,2071486.81837765
"311001109117","Kennedy",3,-74.1281886703,4.6156183947,4874907.30226617,2068120.07661378
"311001109125","Kennedy",2,-74.1750240803,4.6067297118,4869711.8988285,2067146.13581976
"311001109133","Kennedy",2,-74.1610620698,4.642556896,4871266.70557706,2071103.0621926
"311001109141","Kennedy",3,-74.1465779998,4.6133216946,4872867.63043484,2067869.51485273
"311001109168","Kennedy",3,-74.1386528899,4.6406513767,4873751.32329198,2070888.43717943
"311001109265","Kennedy",2,-74.1470308396,4.6542844388,4872824.73553751,2072396.59588361
"311001109435","Kennedy",3,-74.1550632497,4.6160593872,4871927.15198568,2068173.59215188
"311001109672","Kennedy",2,-74.1758672498,4.6291996743,4869622.49790113,2069629.5833042
"311001109699","Kennedy",2,-74.1705028299,4.6348289822,4870218.40159293,2070250.72850313
"311001109753","Kennedy",3,-74.1365493804,4.6279059727,4873982.32353218,2069479.50840438
"311001109940","Kennedy",3,-74.1513466696,4.6223090999,4872340.41766437,2068863.61260437
"311001110140","Kennedy",3,-74.1508936097,4.6212730939,4872390.47363948,2068749.03686059
"311001110280","Kennedy",2,-74.1491087102,4.6466786162,4872592.95720532,2071556.41163472
"311001110557","Kennedy",2,-74.1578262699,4.640446019,4871625.14345723,2070869.18977844
"311001800618","Kennedy",2,-74.1702362,4.6408567209,4870249.06904136,2070916.84110142
"311001800731","Kennedy",NA,-74.1755378098,4.6406345384,4869661.12602056,2070893.26020356
"311001800766","Kennedy",2,-74.1682464999,4.6394972273,4870469.46126712,2070766.23107527
"311001800774","Kennedy",2,-74.1376023497,4.6027913279,4873861.12285536,2066704.15932486
"311001800880","Kennedy",NA,-74.1543427101,4.6227518791,4872008.2560686,2068913.08527762
"311001800988","Kennedy",3,-74.1686217002,4.6133832636,4870423.10625446,2067880.2921551
"311001801062","Kennedy",NA,-74.1726355399,4.6158226422,4869978.43360171,2068150.61408782
"311001801151","Kennedy",NA,-74.1543612298,4.6192246298,4872005.56954203,2068523.27357877
"111001014346","Fontibon",3,-74.1444909601,4.6702835772,4873109.24919898,2074164.28438706
"111001102199","Fontibon",3,-74.1493728599,4.6721481667,4872568.25324867,2074371.23241794
"111279000214","Fontibon",3,-74.1464260003,4.672448396,4872895.07101675,2074403.87898041
"111001104272","Fontibon",2,-74.1597257396,4.6717335732,4871420.19187397,2074327.29784791
"111001800091","Fontibon",NA,-74.1304785801,4.6564736192,4874660.56746527,2072635.57159267
"111001801322","Fontibon",NA,-74.1317575098,4.6518542781,4874517.93218526,2072125.29454702
"111279000061","Fontibon",3,-74.1586481601,4.6889360769,4871542.81768675,2076228.24679292
"111279001261","Fontibon",2,-74.1614341403,4.6924872037,4871234.54988506,2076621.21372184
"111279000079","Fontibon",NA,-74.1608009197,4.6882438784,4871303.98609428,2076152.14297411
"111279000125","Fontibon",3,-74.1392056403,4.6728440824,4873695.7725797,2074446.30719799
"111279000761","Fontibon",4,-74.1207463796,4.6719828664,4875742.46867188,2074347.84158829
"111001107018","Fontibon",3,-74.1383150703,4.6759632526,4873795.08156452,2074790.86191331
"111279000168","Fontibon",3,-74.1452198396,4.6867357473,4873031.39161628,2075982.6295575
"111279000184","Fontibon",3,-74.1380401499,4.6821277047,4873826.66993267,2075472.07605983
"111279000176","Fontibon",3,-74.1391087202,4.6838201017,4873708.48678118,2075659.30337297
"111279000362","Fontibon",3,-74.1379954803,4.6793594133,4873831.1271278,2075166.13069766
"111279000231","Fontibon",3,-74.1270305802,4.6821667853,4875047.45360153,2075474.42505878
"111279000966","Fontibon",3,-74.1474234304,4.678245154,4872785.51654833,2075044.6892345
"111279000087","Fontibon",3,-74.1461615004,4.6831980676,4872926.33854531,2075591.83286133
"111001044938","Fontibon",3,-74.1529412098,4.6826502154,4872174.4796653,2075532.51836408
"111279000991","Fontibon",3,-74.1500441403,4.683856806,4872495.93653557,2075665.3379968
"111279001296","Fontibon",3,-74.1483883997,4.6882706929,4872680.32987751,2076152.83916119
"311001001928","Fontibon",4,-74.1251347702,4.6651654771,4875254.65995018,2073595.19926008
"311001005176","Fontibon",4,-74.1173473001,4.6660278476,4876118.32848112,2073689.12872386
"311001006130","Fontibon",3,-74.13838929,4.6746689314,4873786.62007098,2074647.83352431
"311001027722","Fontibon",4,-74.1258219203,4.6659373952,4875178.6012349,2073680.62902946
"311001031461","Fontibon",4,-74.1187418304,4.6672894772,4875963.91720362,2073828.80206225
"311001033111","Fontibon",3,-74.1422972499,4.6863018004,4873355.37882468,2075934.14324776
"311001040966","Fontibon",4,-74.1206688802,4.670270243,4875750.7606366,2074158.55873925
"311001044953","Fontibon",3,-74.1462188497,4.6801088512,4872919.42191485,2075250.43796237
"311001044970","Fontibon",3,-74.1533444797,4.6858205789,4872130.33955833,2075882.96600975
"311001047596","Fontibon",3,-74.1439572099,4.6676915476,4873167.96876681,2073877.72986649
"311001075492","Fontibon",2,-74.1681163996,4.6976638891,4870494.55681509,2077194.55304254
"311001075557","Fontibon",3,-74.1464260003,4.672448396,4872895.07101675,2074403.87898041
"311001076642","Fontibon",4,-74.1178135896,4.6701693641,4876067.3506871,2074146.90656207
"311001076669","Fontibon",3,-74.1505658998,4.6883383246,4872438.89458688,2076160.70947428
"311001086931","Fontibon",3,-74.1399248899,4.673930605,4873616.2132814,2074566.51338033
"311001087300","Fontibon",3,-74.1381082,4.6708266598,4873817.10141525,2074223.1550268
"311001087539","Fontibon",4,-74.1197984603,4.6709205559,4875847.39122044,2074230.27384749
"311001087580","Fontibon",4,-74.1146966799,4.6660658816,4876412.24955186,2073692.86623646
"311001087857","Fontibon",3,-74.1525043097,4.683321529,4872223.04672342,2075606.62929161
"311001088110","Fontibon",4,-74.1211000401,4.6658170572,4875702.16782885,2073666.49472884
"311001088217","Fontibon",3,-74.1537852103,4.6789044029,4872080.21319183,2075118.70198232
"311001088641","Fontibon",4,-74.1228739999,4.6628420099,4875504.93754299,2073338.02302272
"311001089540","Fontibon",4,-74.1164221899,4.6655204638,4876220.82060777,2073632.89302427
"311001090009","Fontibon",3,-74.1558217404,4.6881716842,4871856.0805818,2076143.25198283
"311001090653","Fontibon",4,-74.1166411004,4.6690299751,4876197.16180511,2074020.78167983
"311001091820","Fontibon",4,-74.1131142903,4.6580290987,4876586.31027367,2072804.41277805
"311001093270","Fontibon",3,-74.1511326496,4.6749757904,4872373.62972856,2074684.04734315
"311001093652","Fontibon",4,-74.1133924599,4.6555828821,4876555.03851465,2072534.12061696
"311001094152","Fontibon",2,-74.1514825596,4.6893612679,4872337.43838115,2076273.92737353
"311001096490","Fontibon",4,-74.1271637904,4.6678573656,4875030.14689349,2073893.05142622
"311001098450","Fontibon",4,-74.1275252402,4.6672348554,4874989.95725471,2073824.31925498
"311001099707","Fontibon",2,-74.1504801601,4.6891037799,4872448.54052674,2076245.28842828
"311001099723","Fontibon",4,-74.1182013599,4.6661450518,4876023.6464479,2073702.23175117
"311001099758","Fontibon",3,-74.1467398403,4.686806947,4872862.86221531,2075990.77367922
"311001099766","Fontibon",4,-74.1250449,4.6672136861,4875264.9868818,2073821.53976818
"311001099774","Fontibon",4,-74.1231227398,4.6658086088,4875477.87845891,2073665.91841458
"311001099782","Fontibon",3,-74.1401344202,4.680472207,4873594.15277545,2075289.49572641
"311001099791","Fontibon",3,-74.1468394104,4.678578949,4872850.33548344,2075081.4728844
"311001099839","Fontibon",4,-74.1279573999,4.6637783348,4874941.42529146,2073442.40060611
"311001102350","Fontibon",2,-74.1670461396,4.6969482048,4870613.09758175,2077115.26037792
"311001105006","Fontibon",4,-74.12793973,4.6683431361,4874944.19262638,2073946.87389319
"311001105057","Fontibon",3,-74.1459347198,4.6739034112,4872949.80885411,2074564.59140256
"311001105081","Fontibon",4,-74.1162375304,4.666211545,4876241.41766908,2073709.23471071
"311001106428","Fontibon",4,-74.1186663099,4.6657844938,4875972.02706845,2073662.46688909
"311001107505","Fontibon",4,-74.1239264499,4.6633637131,4875388.32760818,2073395.86470043
"311001107581","Fontibon",4,-74.1211121997,4.6708848626,4875701.71154108,2074226.56124169
"311001108153","Fontibon",4,-74.1251200001,4.6668605142,4875256.59701945,2073782.52252374
"311001108382","Fontibon",3,-74.1395951498,4.678898689,4873653.6668865,2075115.50143843
"311001108528","Fontibon",4,-74.1202492196,4.6715309616,4875797.51641073,2074297.81188843
"311001108561","Fontibon",4,-74.1221516304,4.6661503648,4875585.62051868,2073703.51565518
"311001108838","Fontibon",4,-74.1247344602,4.6675033194,4875299.46122481,2073853.49339139
"311001108986","Fontibon",3,-74.1467043802,4.6711753011,4872863.97340943,2074263.23301567
"311001108994","Fontibon",3,-74.1512584299,4.6748679008,4872359.66304008,2074672.14673396
"311001109800","Fontibon",4,-74.1186329896,4.6632269658,4875975.27299059,2073379.81816925
"311001109958","Fontibon",3,-74.1390448904,4.6791208111,4873714.72166997,2075139.95025659
"311001800189","Fontibon",4,-74.1184457601,4.6694376109,4875997.12419192,2074066.14892013
"311001800970","Fontibon",NA,-74.13734162,4.6710617497,4873902.14580977,2074248.99848167
"311001801402","Fontibon",NA,-74.1509250804,4.6719272162,4872396.09456763,2074347.09546731
"311279000027","Fontibon",3,-74.1416248798,4.6808502896,4873428.95287802,2075331.54809116
"311279000035","Fontibon",3,-74.1387684797,4.6746714464,4873744.57421162,2074648.17957036
"311279000043","Fontibon",3,-74.1421930902,4.676811718,4873365.22167829,2074885.32778976
"311279000094","Fontibon",2,-74.1443136802,4.672935355,4873129.38373382,2074457.31382563
"311279000281","Fontibon",3,-74.1459007302,4.676134386,4872953.97974353,2074811.14175968
"311279000311","Fontibon",3,-74.1493223197,4.6768687958,4872574.71037925,2074892.92486438
"311279000353","Fontibon",3,-74.1401478796,4.6780888656,4873592.23270028,2075026.10333763
"311279000370","Fontibon",NA,-74.1373416101,4.6710617497,4873902.14690547,2074248.9984799
"311279000396","Fontibon",3,-74.1335712299,4.6817519228,4874322.13173,2075429.74469484
"311279000426","Fontibon",3,-74.1427300196,4.6743059631,4873305.23429766,2074608.50103886
"311279000779","Fontibon",3,-74.1433488402,4.688052779,4873239.0909529,2076127.84283349
"311279000876","Fontibon",3,-74.1492262997,4.6780442392,4872585.57003709,2075022.81189568
"311279000906","Fontibon",3,-74.1465151303,4.6725958532,4872885.2143843,2074420.19135166
"311279001066","Fontibon",3,-74.1488314398,4.6787406047,4872629.47975745,2075099.69929903
"311279001236","Fontibon",3,-74.1471970396,4.6750758566,4872810.0478899,2074694.39270097
"311279001384","Fontibon",3,-74.1481973397,4.6793360141,4872699.89913748,2075165.38612872
"311279001406","Fontibon",3,-74.1416663397,4.6746217083,4873423.23693618,2074643.20398233
"111001000272","Engativa",NA,-74.1014005096,4.7180030738,4877895.61989909,2079430.30850002
"111001029122","Engativa",NA,-74.10197252,4.7185969832,4877832.30129906,2079496.04389466
"111001001121","Engativa",3,-74.1022602099,4.67428156,4877792.68810867,2074598.63891869
"111001013544","Engativa",3,-74.1016373603,4.673701401,4877861.65127782,2074534.41526848
"111001013536","Engativa",3,-74.09999865,4.6758226561,4878043.7238586,2074768.55792735
"111001013480","Engativa",3,-74.1117256,4.6740934239,4876743.09953474,2074579.49997123
"111001001538","Engativa",3,-74.1218340104,4.7108894408,4875628.75393158,2078647.76586993
"111001006483","Engativa",3,-74.1040154003,4.6857685084,4877600.06272904,2075868.40811251
"111001013528","Engativa",3,-74.1006996099,4.6830028009,4877967.24305953,2075562.18225015
"111001009521","Engativa",3,-74.1013125897,4.6790061061,4877898.58174902,2075120.60022344
"111001013510","Engativa",3,-74.1042934603,4.6831066469,4877568.76789593,2075574.28474672
"111001009580","Engativa",3,-74.0825062703,4.6872341591,4879985.27086997,2076026.66329072
"111001015199","Engativa",3,-74.0820700098,4.6843766662,4880033.15642409,2075710.79908496
"111001009971","Engativa",3,-74.0915880896,4.6773745562,4878976.57725124,2074938.60911569
"111001015385","Engativa",3,-74.0914811101,4.6788948561,4878988.70046788,2075106.60376262
"111001015415","Engativa",3,-74.08905943,4.6804402816,4879257.4864988,2075276.97657125
"111001010740","Engativa",NA,-74.0954012296,4.6688970511,4878552.30719795,2074002.3906296
"111001015351","Engativa",3,-74.0936015402,4.6729276731,4878752.55619264,2074447.51710903
"111001015431","Engativa",NA,-74.0899473904,4.6766278201,4879158.37394106,2074855.802572
"111001015393","Engativa",3,-74.0899473904,4.6766278201,4879158.37394106,2074855.802572
"111001011070","Engativa",3,-74.1049280096,4.7082986953,4877502.80357825,2078358.46104817
"111001011771","Engativa",3,-74.0985476202,4.7127363726,4878211.02034486,2078847.76742687
"111001024708","Engativa",3,-74.0959566202,4.7134184704,4878498.42134336,2078922.69629283
"111001012441","Engativa",3,-74.0905352901,4.7056475209,4879098.17897188,2078062.96139693
"111001012459","Engativa",3,-74.1019964304,4.699282237,4877826.27943133,2077361.50605554
"111001033944","Engativa",3,-74.1027743104,4.6959416388,4877739.44656569,2076992.46053117
"111001012483","Engativa",3,-74.0979859503,4.6940489411,4878270.05108516,2076782.45717761
"111001013099","Engativa",3,-74.0947654703,4.691671829,4878626.72720638,2076519.19547917
"111001013293","Engativa",3,-74.0871427504,4.6807784152,4879470.06934102,2075314.01533259
"111001015181","Engativa",3,-74.0885819898,4.6843662617,4879311.09896416,2075710.76639466
"111001015458","Engativa",3,-74.1142553304,4.6980112269,4876466.79357399,2077223.19562534
"111001015342","Engativa",3,-74.1115233901,4.6914769049,4876768.56432427,2076500.58023357
"111001033995","Engativa",3,-74.1103598302,4.6968316298,4876898.51959551,2077092.14691212
"111001015806","Engativa",3,-74.09911808,4.708844616,4878147.09171933,2078417.77547815
"111001013561","Engativa",3,-74.0978662903,4.704807577,4878285.18576337,2077971.40995494
"111001013609","Engativa",3,-74.0964643704,4.7030851949,4878440.32953372,2077780.81951064
"111001015814","Engativa",3,-74.1038172904,4.7076961126,4877625.85264149,2078291.67255174
"111001015784","Engativa",3,-74.1059992299,4.7060342169,4877383.6322421,2078108.39320101
"111001017795","Engativa",3,-74.0832194904,4.6866431963,4879906.08770359,2075961.47646286
"111001025216","Engativa",2,-74.1258742696,4.7109492437,4875180.78727229,2078655.09671952
"111001028207","Engativa",NA,-74.1446698101,4.722050278,4873098.77617666,2079885.32180602
"111001033979","Engativa",3,-74.1172043503,4.7104155068,4876141.99841922,2078594.56559911
"111001015831","Engativa",3,-74.1164503198,4.7115665367,4876225.80755222,2078721.63682562
"111001034002","Engativa",3,-74.1084957199,4.7044433862,4877106.5460985,2077933.02334694
"111001035521","Engativa",3,-74.0935167896,4.6837755212,4878763.82000688,2075646.33280322
"111001018236","Engativa",3,-74.0932524504,4.6819949596,4878792.82376249,2075449.51156636
"111001018139","Engativa",3,-74.0940912999,4.6814240197,4878699.712261,2075386.56010477
"111001036625","Engativa",3,-74.0868047197,4.6901644484,4879509.15817171,2076351.23568628
"111001046299","Engativa",3,-74.0995412898,4.6881880344,4878096.57820242,2076135.01883436
"111001018228","Engativa",3,-74.1032838402,4.6888665409,4877681.71808353,2076210.65511208
"111001098922","Engativa",2,-74.1251867503,4.7002473434,4875255.11267651,2077472.25911194
"111001098931","Engativa",NA,-74.1439142003,4.7216078328,4873182.4758322,2079836.28712337
"111001104035","Engativa",3,-74.0820700098,4.6843766662,4880033.15642409,2075710.79908496
"111001108456","Engativa",2,-74.1345756299,4.7081347652,4874215.48690445,2078345.61841332
"111001108901","Engativa",3,-74.1203068502,4.7140192156,4875798.63849343,2078993.37856181
"111001109550","Engativa",3,-74.1090654099,4.7197318238,4877046.06656408,2079622.7079571
"111001801004","Engativa",NA,-74.10701992,4.7190780908,4877272.74819686,2079550.1004923
"111001801055","Engativa",NA,-74.1296685396,4.7161091881,4874761.00833341,2079226.02631048
"111001801071","Engativa",NA,-74.1364339496,4.7251453737,4874012.50430827,2080225.87944894
"111265000017","Engativa",NA,-74.0935747696,4.6971781309,4878759.70312495,2077127.50849557
"111850001410","Engativa",NA,-74.0940259098,4.6997438288,4878710.1244929,2077411.13037502
"111265000025","Engativa",2,-74.1404361104,4.716513542,4873567.19520426,2079272.65835031
"111001107042","Engativa",2,-74.1415076298,4.7150206918,4873448.11687483,2079107.87042863
"111001110639","Engativa",2,-74.1379188297,4.7175754482,4873846.49807355,2079389.55850931
"111265000343","Engativa",2,-74.1342371196,4.7050953397,4874252.47496782,2078009.65592244
"111001030601","Engativa",2,-74.1403422697,4.7092171012,4873576.28129225,2078466.27483432
"111001800946","Engativa",NA,-74.12639406,4.7082500107,4875122.67215989,2078356.88536292
"111265000394","Engativa",3,-74.0998345404,4.7114830268,4878068.11185416,2078709.48069393
"111001015792","Engativa",3,-74.0948878999,4.7086303648,4878616.08715843,2078393.36056737
"111265000408","Engativa",3,-74.1081589901,4.7019877423,4877143.45187697,2077661.58155767
"311001000531","Engativa",3,-74.1214140597,4.7055139557,4875674.36283584,2078053.62295017
"311001000859","Engativa",3,-74.1059519597,4.6767076867,4877383.75623843,2074867.40191414
"311001001081","Engativa",3,-74.0858819298,4.6855990113,4879610.69575663,2075846.53715584
"311001001090","Engativa",NA,-74.10334812,4.6682982449,4877671.0198488,2073937.59088137
"311001001707","Engativa",NA,-74.0990500102,4.7080220114,4878154.49599138,2078326.85468854
"311001002908","Engativa",2,-74.1061404199,4.6652273424,4877360.86430296,2073598.70026454
"311001005249","Engativa",3,-74.0928191597,4.7047956554,4878844.80077545,2077969.21483984
"311001005273","Engativa",3,-74.09168499,4.6880575134,4878967.66934514,2076119.23291609
"311001008621","Engativa",4,-74.10677687,4.6680961588,4877290.78991578,2073915.85447689
"311001008680","Engativa",3,-74.10766191,4.6614410962,4877191.49623315,2073180.53344819
"311001009031","Engativa",3,-74.0903915597,4.6989539177,4879112.96129265,2077323.20534589
"311001009741","Engativa",3,-74.0938929196,4.7077995547,4878726.26430762,2078301.37200025
"311001011109","Engativa",4,-74.1065120098,4.6691164761,4877320.3360618,2074028.56727989
"311001016836","Engativa",3,-74.0949734896,4.7075133509,4878606.40351604,2078269.93052741
"311001018499","Engativa",3,-74.1125598501,4.7012771621,4876655.36273823,2077583.82779504
"311001019053","Engativa",NA,-74.0920455899,4.6685424467,4878924.33270471,2073962.62396969
"311001019061","Engativa",3,-74.1198368696,4.6957908524,4875847.51893096,2076978.80103298
"311001019151","Engativa",3,-74.0906827297,4.7045273034,4879081.63783983,2077939.18813824
"311001019339","Engativa",3,-74.1159913597,4.7112449432,4876276.63924432,2078686.01475877
"311001019444","Engativa",3,-74.10531866,4.6893576329,4877456.18060152,2076265.28300124
"311001025878","Engativa",3,-74.1181003902,4.7049841001,4876041.68564539,2077994.47726918
"311001026009","Engativa",3,-74.1104975302,4.7042793441,4876884.55886524,2077915.2469811
"311001026076","Engativa",NA,-74.1439142003,4.7216078328,4873182.4758322,2079836.28712337
"311001027188","Engativa",3,-74.1024336297,4.6962870194,4877777.28135244,2077030.57025632
"311001027706","Engativa",3,-74.0928412799,4.6760602226,4878837.3944941,2074793.57398837
"311001027871","Engativa",3,-74.1150601301,4.7103131887,4876379.72750804,2078582.87763171
"311001027986","Engativa",3,-74.0929168003,4.6787008694,4878829.47456342,2075085.41324679
"311001029229","Engativa",3,-74.0903915597,4.6989539177,4879112.96129265,2077323.20534589
"311001029318","Engativa",2,-74.0991136801,4.7163644951,4878148.8895088,2079248.82286988
"311001032149","Engativa",3,-74.1142465799,4.716939641,4876471.10287869,2079315.04967075
"311001032581","Engativa",3,-74.11086269,4.6828179002,4876840.30710601,2075543.52400658
"311001033358","Engativa",3,-74.1048858903,4.6865707834,4877503.681102,2075957.22245463
"311001034389","Engativa",3,-74.10632617,4.6807492206,4877342.96619934,2075314.11195189
"311001034974","Engativa",3,-74.0918092997,4.6765140709,4878951.90115454,2074843.55231369
"311001035873","Engativa",3,-74.1149778498,4.7072753116,4876388.31419623,2078247.1348778
"311001036004","Engativa",3,-74.1096949304,4.696065841,4876972.10950276,2077007.39968507
"311001036527","Engativa",3,-74.1159562697,4.7068708288,4876279.75689706,2078202.60716845
"311001037094","Engativa",3,-74.1062040898,4.6900147083,4877358.11781322,2076338.05374733
"311001038163","Engativa",3,-74.1077527503,4.7041364041,4877188.87187387,2077898.96690273
"311001038317","Engativa",3,-74.1009176598,4.696223112,4877945.3607516,2077023.2429769
"311001039101","Engativa",4,-74.1061430798,4.6667576284,4877360.83498663,2073767.81816499
"311001039399","Engativa",3,-74.0981438302,4.6709325883,4878248.5477946,2074227.81853319
"311001039917","Engativa",3,-74.0892626496,4.6884042113,4879236.31976768,2076157.12971524
"311001040290","Engativa",2,-74.1427134196,4.7119174683,4873313.85870695,2078765.13635557
"311001040630","Engativa",3,-74.1107711202,4.6814841672,4876850.22729094,2075396.11198498
"311001040869","Engativa",3,-74.11485893,4.7162748281,4876403.08973796,2079241.68709958
"311001043159","Engativa",3,-74.0986531102,4.6797676482,4878193.60317471,2075204.29894593
"311001043752","Engativa",2,-74.1029959796,4.7173407741,4877718.60399507,2079357.39527317
"311001043868","Engativa",2,-74.1001567598,4.7138835606,4878032.80357892,2078974.828527
"311001043957","Engativa",3,-74.09928406,4.677439939,4878123.23936658,2074947.16537407
"311001044066","Engativa",3,-74.1047253604,4.6941822167,4877522.80727326,2076798.36158785
"311001044082","Engativa",3,-74.1120922303,4.6784451502,4876703.2073086,2075060.4903785
"311001044317","Engativa",3,-74.0955684096,4.6914573532,4878537.65994765,2076495.63226046
"311001044473","Engativa",3,-74.1081736003,4.6835122206,4877138.60064442,2075619.78450261
"311001044511","Engativa",3,-74.1163944104,4.7168069947,4876232.93420652,2079300.77163601
"311001046328","Engativa",3,-74.1132070396,4.7191725041,4876586.75841613,2079561.62813004
"311001047146","Engativa",3,-74.09342422,4.6913161411,4878775.38407254,2076479.65495382
"311001050058","Engativa",3,-74.1151668096,4.7167607046,4876369.03886351,2079295.43793324
"311001050121","Engativa",3,-74.10742235,4.6914082403,4877223.2793267,2076492.27157483
"311001051071","Engativa",3,-74.1138691204,4.72711881,4876514.75504585,2080439.92418105
"311001051097","Engativa",2,-74.1303708002,4.7005122869,4874680.35154605,2077502.46648389
"311001051101","Engativa",3,-74.1014953798,4.6880725089,4877879.88652989,2076122.59191137
"311001051119","Engativa",2,-74.1239032698,4.7072746867,4875398.67451127,2078248.65279147
"311001051178","Engativa",3,-74.1174684999,4.7228906137,4876114.92130922,2079973.2888718
"311001051186","Engativa",2,-74.1415298703,4.7100640417,4873444.75412592,2078560.08984121
"311001052018","Engativa",NA,-74.0903915597,4.6989539177,4879112.96129265,2077323.20534589
"311001065080","Engativa",2,-74.10549433,4.7159919278,4877441.35884462,2079208.76832793
"311001075115","Engativa",4,-74.1115325098,4.6748555516,4876764.64326718,2074663.69177412
"311001075174","Engativa",3,-74.1110242798,4.703622848,4876826.0380492,2077842.78789998
"311001075468","Engativa",3,-74.1099831297,4.6926290682,4876939.55165183,2076627.639385
"311001076243","Engativa",3,-74.1070047798,4.7077228923,4877272.43431257,2078295.1917742
"311001076430","Engativa",2,-74.1247647703,4.7034794333,4875302.47671294,2077829.37636603
"311001076499","Engativa",3,-74.1098396499,4.6878772669,4876954.62892658,2076102.47442106
"311001077398","Engativa",3,-74.12211256,4.7265983362,4875600.66618229,2080383.87427329
"311001077444","Engativa",3,-74.11841886,4.7035026204,4876006.11186195,2077830.80927726
"311001087008","Engativa",2,-74.12563066,4.7068369306,4875207.06525876,2078200.58300486
"311001087148","Engativa",2,-74.14260895,4.7150923837,4873326.01724782,2079115.9935671
"311001087245","Engativa",3,-74.1222922302,4.7064528144,4875577.15880255,2078157.53672418
"311001087377","Engativa",3,-74.1156942204,4.7067283673,4876308.78742761,2078186.81672938
"311001087491","Engativa",3,-74.1065279702,4.6920327892,4877322.55792579,2076561.13605342
"311001087831","Engativa",3,-74.0971565601,4.6780407939,4878359.24598328,2075013.19907677
"311001087989","Engativa",3,-74.1138474997,4.7206801746,4876516.01289697,2079728.36048746
"311001088420","Engativa",2,-74.1243633303,4.7059661536,4875347.4306031,2078104.12315482
"311001088489","Engativa",2,-74.1400052703,4.7140552648,4873614.52151569,2079000.90356665
"311001088926","Engativa",3,-74.1056747701,4.700956947,4877418.7198376,2077547.22827879
"311001089311","Engativa",3,-74.0951457002,4.6751803483,4878581.72250195,2074696.73401061
"311001089582","Engativa",3,-74.1027710702,4.686423998,4877738.14993142,2075940.63150821
"311001089728","Engativa",3,-74.1037003001,4.6799352934,4877633.98760807,2075223.70365906
"311001090220","Engativa",4,-74.1118856501,4.6709898063,4876724.81029538,2074236.53529932
"311001090360","Engativa",3,-74.12246929,4.7150412339,4875559.05387248,2079106.71198232
"311001091340","Engativa",3,-74.10375449,4.7099636376,4877633.21216879,2078542.25403148
"311001091501","Engativa",3,-74.1138039099,4.7260743142,4876521.80036043,2080324.48110273
"311001092214","Engativa",2,-74.13043031,4.7050782567,4874674.56943645,2078007.08364922
"311001092958","Engativa",3,-74.1016016496,4.7120838918,4877872.28425537,2078776.19365658
"311001093482","Engativa",2,-74.1236819599,4.6999482327,4875421.91081126,2077438.93472332
"311001093989","Engativa",3,-74.1135944003,4.7256045742,4876544.94671686,2080272.53101045
"311001094764","Engativa",2,-74.1258881603,4.7104750654,4875179.16251942,2078602.69562987
"311001094811","Engativa",2,-74.1398806596,4.7114832354,4873627.87347756,2078716.63307142
"311001094934","Engativa",3,-74.1059250398,4.7006921926,4877390.92382464,2077518.01318284
"311001094985","Engativa",2,-74.1306555096,4.7077613502,4874650.07959002,2078303.64522556
"311001094993","Engativa",3,-74.1140722304,4.7106651497,4876489.32608034,2078621.59926336
"311001095001","Engativa",3,-74.1132572302,4.694242603,4876576.80032801,2076806.53380935
"311001095400","Engativa",3,-74.1197706601,4.7286394543,4875860.6894977,2080609.02837401
"311001095540","Engativa",3,-74.1174216402,4.7229209981,4876120.1223303,2079976.63843567
"311001095981","Engativa",2,-74.1308110897,4.701160654,4874631.64804723,2077574.19949627
"311001096210","Engativa",3,-74.10223012,4.6909969001,4877798.92606375,2076445.90481041
"311001096228","Engativa",2,-74.13082312,4.7101247606,4874631.91835435,2078564.86685342
"311001096694","Engativa",3,-74.1131886699,4.7270579914,4876590.18949936,2080433.08202322
"311001096856","Engativa",2,-74.1244634601,4.6963810052,4875334.62419888,2077044.84404238
"311001097071","Engativa",2,-74.1359802097,4.7047641171,4874059.14211361,2077973.36502605
"311001097259","Engativa",3,-74.1255379601,4.7180016969,4875219.3352986,2079434.43479776
"311001098069","Engativa",3,-74.0982406003,4.6807925827,4878239.52041912,2075317.49635152
"311001098549","Engativa",4,-74.10858507,4.675917053,4877091.65085076,2074780.48613001
"311001099863","Engativa",3,-74.1165830701,4.7217733121,4876212.89627474,2079849.65359422
"311001099871","Engativa",3,-74.1216343104,4.7094267889,4875650.63644497,2078486.08627239
"311001099928","Engativa",3,-74.1169170898,4.7115802631,4876174.05546297,2078723.23665412
"311001099961","Engativa",3,-74.0906594598,4.6877173887,4879081.32242749,2076081.46765483
"311001099987","Engativa",3,-74.1122969896,4.7071064393,4876685.53436408,2078227.99793391
"311001099995","Engativa",3,-74.0975713904,4.7106709609,4878318.9026649,2078619.34121875
"311001100110","Engativa",3,-74.0950650396,4.7045782569,4878595.74396086,2077945.57943533
"311001100667","Engativa",3,-74.0905695204,4.7036504838,4879094.03899722,2077842.26844196
"311001100691","Engativa",3,-74.1150828602,4.7151053043,4876378.05416269,2079112.47795906
"311001100756","Engativa",2,-74.1404837103,4.7172365751,4873562.04822582,2079352.57303954
"311001100764","Engativa",NA,-74.1055639099,4.6641615111,4877424.60569368,2073480.81105719
"311001100781","Engativa",2,-74.1230177501,4.6995913538,4875495.4951004,2077399.37615853
"311001100829","Engativa",3,-74.1230097596,4.710726813,4875498.35991707,2078630.0029354
"311001100845","Engativa",2,-74.1315001802,4.7085888362,4874556.57150441,2078395.24635262
"311001100853","Engativa",3,-74.1241134702,4.7148725211,4875376.72091173,2079088.36060455
"311001101353","Engativa",2,-74.1389409104,4.7093892971,4873731.69398603,2078485.05129885
"311001101370","Engativa",3,-74.0888794301,4.6883002462,4879278.79353714,2076145.57418605
"311001101396","Engativa",4,-74.11042699,4.6748347639,4876887.22361936,2074661.20069893
"311001101426","Engativa",3,-74.0967409096,4.683370544,4878406.25452653,2075602.13545136
"311001101451","Engativa",2,-74.1243244296,4.7037142903,4875351.34326479,2077855.25285367
"311001101485","Engativa",3,-74.1049725903,4.6929764129,4877495.18403951,2076665.14707464
"311001101876","Engativa",2,-74.1308095904,4.7024912203,4874632.05221193,2077721.24629799
"311001102708","Engativa",3,-74.1221239704,4.7154729337,4875597.41891338,2079154.35935358
"311001105138","Engativa",3,-74.1183305296,4.7042878968,4876016.04481055,2077917.57778165
"311001105162","Engativa",3,-74.0995715199,4.7014700413,4878095.53218164,2077602.86466134
"311001105189","Engativa",3,-74.0990151304,4.6725590901,4878152.21562882,2074407.71959726
"311001105197","Engativa",3,-74.10493161,4.7051971474,4877501.86190219,2078015.6981498
"311001105219","Engativa",3,-74.1039201798,4.6935400377,4877611.97401758,2076727.25122388
"311001105227","Engativa",2,-74.1420020204,4.7154785516,4873393.38257016,2079158.56065419
"311001105243","Engativa",2,-74.1324301898,4.7082398394,4874453.39035131,2078356.84431844
"311001105286","Engativa",3,-74.1165701299,4.7171979531,4876213.52018516,2079344.00930221
"311001105316","Engativa",3,-74.1259784598,4.7145272464,4875169.87336222,2079050.5365383
"311001105324","Engativa",4,-74.1100468203,4.6733226242,4876929.11432603,2074494.02183079
"311001105332","Engativa",3,-74.12435411,4.7161940672,4875350.27495745,2079234.45358901
"311001105341","Engativa",3,-74.09487736,4.6850634062,4878613.18000862,2075788.89645235
"311001105367","Engativa",3,-74.1138474997,4.7206801746,4876516.01289697,2079728.36048746
"311001106444","Engativa",3,-74.11474176,4.7118418933,4876415.29778366,2078751.76459322
"311001106649","Engativa",3,-74.0887560698,4.6806793141,4879291.16461009,2075303.34059489
"311001106665","Engativa",3,-74.0921375298,4.68438327,4878916.85895596,2075713.25882078
"311001107254","Engativa",3,-74.1000672804,4.6913796174,4878038.80957013,2076487.823251
"311001107572","Engativa",3,-74.1236442298,4.7177938023,4875429.26987133,2079411.12041932
"311001108307","Engativa",3,-74.0999450098,4.6771282634,4878049.89750815,2074912.83574699
"311001108358","Engativa",3,-74.1175729201,4.7027565918,4876099.77722323,2077748.2124562
"311001108412","Engativa",3,-74.0823568904,4.6866129392,4880001.72822023,2075957.98496555
"311001108471","Engativa",3,-74.1241134702,4.7148725211,4875376.72091173,2079088.36060455
"311001108749","Engativa",2,-74.1362266696,4.7111152269,4874032.95726996,2078675.30157188
"311001108951","Engativa",2,-74.1399895103,4.7118070016,4873615.86272419,2078752.43383177
"311001108960","Engativa",3,-74.1005607699,4.6914570623,4877984.10462043,2076496.46790505
"311001109036","Engativa",3,-74.1106218597,4.6929729687,4876868.78907267,2076665.75745524
"311001109044","Engativa",3,-74.1145401296,4.7155022181,4876438.30085347,2079156.24627013
"311001109184","Engativa",3,-74.1228326603,4.7126380451,4875518.33644371,2078841.18995045
"311001109192","Engativa",4,-74.1063946899,4.6672012203,4877333.01232507,2073816.88495654
"311001109206","Engativa",3,-74.0965340303,4.6910701899,4878430.52456176,2076453.01308647
"311001109320","Engativa",3,-74.1136549,4.6960140614,4876533.01796809,2077002.37486942
"311001109346","Engativa",3,-74.0993825899,4.7060541648,4878117.27778534,2078109.43916325
"311001109494","Engativa",3,-74.1150553098,4.705270945,4876379.37180223,2078025.63788486
"311001109621","Engativa",3,-74.10961001,4.6868448679,4876979.91115218,2075988.33976123
"311001109826","Engativa",2,-74.13082312,4.7101247606,4874631.91835435,2078564.86685342
"311001109966","Engativa",3,-74.0899200196,4.6835733751,4879162.6003847,2075623.37242538
"311001401418","Engativa",2,-74.1310768204,4.7095236656,4874603.6806781,2078498.48263085
"311001801119","Engativa",NA,-74.1102555304,4.704646443,4876911.45602785,2077955.77385124
"311001801232","Engativa",NA,-74.1155100496,4.7161788959,4876330.87846011,2079231.2007913
"311001801411","Engativa",NA,-74.1142465799,4.716939641,4876471.10287869,2079315.04967075
"311265000041","Engativa",3,-74.1039499104,4.6929240762,4877608.57014475,2076659.18428759
"311265000369","Engativa",3,-74.0943945002,4.6837624398,4878666.49584939,2075645.03888028
"311265000385","Engativa",3,-74.1006760803,4.6999947907,4877972.80296342,2077440.02229577
"311265000504","Engativa",3,-74.1012810804,4.7082342868,4877907.15655314,2078350.70392543
"311265000954","Engativa",3,-74.0998824197,4.6979859786,4878060.4542657,2077217.88298007
"311265001110","Engativa",3,-74.1260254201,4.716247806,4875164.97373983,2079240.69176042
"311265001152","Engativa",3,-74.1157226296,4.7177352972,4876307.58365143,2079403.24286028
"311265001179","Engativa",3,-74.11611578,4.7168315923,4876263.8323086,2079303.4405217
"311265001241","Engativa",3,-74.12692737,4.7163010963,4875064.97721836,2079246.74279401
"311265001322","Engativa",3,-74.11626409,4.7047441924,4876245.25048468,2077967.63839419
"311848003323","Engativa",3,-74.1128591598,4.7077505853,4876623.31524144,2078299.28441409
"411001000691","Engativa",3,-74.0902641498,4.6773235246,4879123.37016115,2074932.74149311
"111001002330","Suba",NA,-74.1086103899,4.7422177849,4877100.48374526,2082107.63900915
"111001044288","Suba",2,-74.1066028897,4.7399029569,4877322.65242631,2081851.46265644
"111769000352","Suba",3,-74.07411344,4.6959554909,4880917.34946779,2076989.04835794
"111001015776","Suba",4,-74.0775636597,4.6871942542,4880533.30314683,2076021.40901004
"111001025020","Suba",2,-74.1024798597,4.7434850257,4877780.41499148,2082246.60208361
"111001045225","Suba",2,-74.1104695001,4.7462129722,4876895.0667595,2082549.49323957
"111001110094","Suba",2,-74.10484287,4.7422368132,4877518.2023501,2082109.07476348
"111001110337","Suba",2,-74.0992175397,4.7431327877,4878142.05420973,2082207.10024048
"111001075272","Suba",2,-74.0993622502,4.7285150466,4878123.45036979,2080591.6667906
"111001104141","Suba",2,-74.1011922703,4.7346830959,4877921.62828876,2081273.64158313
"111001075515","Suba",3,-74.0643899702,4.7166885581,4881998.96811899,2079278.65836059
"111769000280","Suba",3,-74.0697805303,4.7193264807,4881401.73560957,2079571.09707804
"111001086665","Suba",2,-74.0922989004,4.7257417954,4878906.11431418,2080283.95078242
"111769003106","Suba",2,-74.0867267801,4.7275715032,4879524.23772029,2080485.18945959
"111001104566","Suba",2,-74.0868276896,4.7270251004,4879512.955031,2080424.82228846
"111001092983","Suba",3,-74.0544444199,4.7498258462,4883107.24370504,2082939.04804689
"111769003114","Suba",3,-74.0550129304,4.7487635983,4883044.03416028,2082821.75297002
"111769003777","Suba",3,-74.0482533396,4.7500266598,4883793.67942112,2082960.197249
"111001093084","Suba",2,-74.0969882796,4.7303279628,4878386.97974012,2080791.60253425
"211769000217","Suba",3,-74.09339891,4.7351544251,4878785.7881969,2081324.3636582
"111001110345","Suba",2,-74.0976327301,4.7338753634,4878316.14641051,2081183.75107056
"111001110426","Suba",2,-74.09649707,4.7326709177,4878441.85103094,2081050.44460882
"111001094889","Suba",NA,-74.1134289998,4.7435620699,4876566.46924278,2082257.05805771
"111001012394","Suba",2,-74.1217820204,4.7403953592,4875639.778861,2081908.58491742
"111001110434","Suba",2,-74.1156315503,4.7417434552,4876321.94266423,2082056.46818507
"111001801161","Suba",NA,-74.1102064904,4.7472231286,4876924.40625304,2082661.08291439
"111001098949","Suba",3,-74.10737089,4.7498053052,4877239.25162523,2082945.94577822
"111001104043","Suba",2,-74.1125838504,4.7446338019,4876660.3635277,2082375.34900083
"111001104256","Suba",NA,-74.1133269296,4.7532136586,4876579.50197295,2083323.67685062
"111001104264","Suba",NA,-74.1158214901,4.7490639493,4876302.18703078,2082865.5207833
"111001104388","Suba",NA,-74.0946659504,4.7301797953,4878644.44039839,2080774.82187727
"111001110108","Suba",3,-74.0963222103,4.7381705921,4878462.19861479,2081658.2020784
"111001107069","Suba",2,-74.0912764299,4.7312997924,4879020.44505639,2080898.00516897
"111001107077","Suba",5,-74.0803455597,4.74945275,4880235.51760472,2082902.24650293
"211769003186","Suba",2,-74.0786515204,4.7499058503,4880423.41480643,2082952.02688434
"111769000263","Suba",2,-74.0758338898,4.738067399,4880733.77480231,2081643.24066561
"111001110353","Suba",2,-74.0761058601,4.7546793011,4880706.47420584,2083479.11471317
"111001107786","Suba",2,-74.0910257703,4.7540430902,4879052.19432373,2083411.39830386
"211769003151","Suba",NA,-74.09121761,4.7849180681,4879036.3289424,2086823.53020788
"111001800163","Suba",NA,-74.1031002102,4.7486296519,4877712.54104726,2082815.26350909
"111001800813","Suba",NA,-74.10640991,4.7549575814,4877346.70802356,2083515.17341305
"111001801144","Suba",NA,-74.1042904797,4.7533611641,4877581.40878186,2083338.37140404
"111001801250","Suba",NA,-74.0990450802,4.7488557472,4878162.17909168,2082839.53475485
"111001801349","Suba",NA,-74.1129277497,4.7445852218,4876622.22589402,2082370.04148068
"111001801373","Suba",NA,-74.1120052401,4.7392834036,4876723.56671143,2081783.95170293
"111769000174","Suba",3,-74.0841748397,4.7413668712,4879809.56368487,2082009.3154136
"111001110361","Suba",3,-74.0840334404,4.7384055053,4879824.72920093,2081682.02137233
"111769000247","Suba",2,-74.0771162798,4.759631664,4880595.30272012,2084026.58888006
"211769000845","Suba",2,-74.0881844404,4.7527281139,4879366.98445011,2083265.5794607
"111001017698","Suba",4,-74.0831708404,4.7490306342,4879922.20383276,2082856.08694878
"111769000956","Suba",3,-74.0545277602,4.7169413859,4883092.48378038,2079304.93602387
"111769000948","Suba",3,-74.0606431798,4.7134200139,4882413.84451617,2078916.81106602
"111769001502","Suba",3,-74.0573416798,4.723071861,4882781.51957474,2079982.90007917
"111769000328","Suba",3,-74.0542907101,4.7267004568,4883120.40048782,2080383.38985205
"111769001871","Suba",3,-74.0496493297,4.7591829119,4883640.44354615,2083972.30629449
"111769002193","Suba",4,-74.0469264004,4.7655222809,4883943.39194552,2084672.4229462
"111769003122","Suba",3,-74.0878852601,4.7323978003,4879396.62718839,2081018.75963803
"111769003165","Suba",2,-74.0933625704,4.7227430006,4878787.65914097,2079952.72934524
"111001107735","Suba",2,-74.0887348004,4.7278388803,4879301.64600922,2080515.08654915
"111769003360","Suba",2,-74.1089688096,4.739256369,4877060.22114686,2081780.42482802
"111001110116","Suba",2,-74.1077186296,4.7347632494,4877198.03980055,2081283.6511335
"111769003416","Suba",2,-74.0930360104,4.7408992883,4878827.02465094,2081959.18438035
"111769000182","Suba",2,-74.0863181904,4.7547260846,4879574.2432074,2083486.05615289
"111001801217","Suba",NA,-74.0944684504,4.7527203057,4878670.27179821,2083265.81621899
"111769003424","Suba",2,-74.09364514,4.7258751956,4878756.87338617,2080298.92789702
"111001096539","Suba",2,-74.0928665701,4.7186797429,4878841.94835496,2079503.59895457
"111769004188","Suba",2,-74.0831463397,4.7233268619,4879920.48580492,2080015.4819842
"111001086363","Suba",2,-74.08726654,4.7207178072,4879463.2082955,2079727.85984299
"111001086592","Suba",2,-74.0856254204,4.7204914906,4879645.12910988,2079702.56491556
"111001110604","Suba",2,-74.0882802098,4.7215654258,4879350.96365172,2079821.70845129
"111848002107","Suba",4,-74.0588873597,4.7262633163,4882610.6807742,2080335.85508662
"311001000263","Suba",3,-74.0422530499,4.8004574274,4884467.36777637,2088532.379871
"311001000336","Suba",3,-74.0531844402,4.7251378007,4883242.79470776,2080210.51187639
"311001000590","Suba",6,-74.0427946702,4.7978665846,4884406.88714091,2088246.15274239
"311001000689","Suba",2,-74.1119321101,4.7485483371,4876733.31846255,2082807.84421149
"311001000875","Suba",5,-74.0600755604,4.757222411,4882484.17410942,2083757.4128767
"311001001383","Suba",NA,-74.0915816101,4.7636078962,4878992.23913336,2084468.53449703
"311001001626","Suba",NA,-74.04362645,4.7953494234,4884314.2510385,2087968.11724017
"311001002576","Suba",NA,-74.0467558202,4.7727750859,4883963.52122985,2085473.91474038
"311001004021","Suba",5,-74.0596502998,4.7577992041,4882531.41996581,2083821.08321999
"311001005222","Suba",5,-74.0571504599,4.7663580456,4882810.02242742,2084766.5144071
"311001006067","Suba",6,-74.0460647499,4.8006218368,4884044.82616747,2088551.19359187
"311001007209","Suba",3,-74.0573453,4.7155313119,4882779.85280776,2079149.57941594
"311001007632","Suba",5,-74.0578613902,4.765630689,4882731.08032971,2084686.25353995
"311001008001","Suba",3,-74.0632087099,4.74667471,4882135.01378413,2082592.29580121
"311001010048","Suba",4,-74.0728801699,4.748754748,4881063.08936593,2082823.82055944
"311001011460","Suba",2,-74.08790368,4.7231079008,4879392.97801512,2079992.10690618
"311001016658","Suba",3,-74.0602420003,4.7532072524,4882465.04038637,2083313.71707334
"311001025053","Suba",3,-74.0904939901,4.7364049332,4879108.08349085,2081462.05461063
"311001026211","Suba",2,-74.1188517303,4.7452607584,4875965.53877095,2082445.75616566
"311001029539","Suba",3,-74.0959626596,4.7360121092,4878501.68621177,2081419.59766058
"311001031088","Suba",NA,-74.04556871,4.7945767509,4884098.79799122,2087883.0559935
"311001032165","Suba",5,-74.0609570799,4.7612080417,4882387.11800319,2084198.02399742
"311001033676","Suba",5,-74.0533948301,4.7801048401,4883228.72231373,2086285.06342689
"311001033838","Suba",2,-74.0871608901,4.7573983353,4879481.27775611,2083781.52202101
"311001034362","Suba",5,-74.0632670096,4.7646719779,4882131.61046562,2084581.22584584
"311001036730","Suba",4,-74.0684854498,4.6913957669,4881540.60516857,2076484.18729846
"311001038112","Suba",3,-74.0861359303,4.7423378044,4879592.30166476,2082116.95669397
"311001040702","Suba",4,-74.0500339002,4.7556333737,4883597.21069502,2083580.10500832
"311001041351","Suba",5,-74.0559205504,4.7671117367,4882946.50644656,2084849.5974417
"311001042314","Suba",2,-74.0506189999,4.7465461687,4883530.81613558,2082575.9595354
"311001042667","Suba",6,-74.0636256503,4.8020681024,4882098.24709698,2088714.02393246
"311001043841","Suba",2,-74.1245594298,4.7439156361,4875332.46870924,2082298.12562561
"311001044341","Suba",5,-74.0613861997,4.760849669,4882339.48142597,2084158.4925527
"311001045160","Suba",NA,-74.0591510099,4.7922030974,4882592.62679648,2087623.04997048
"311001046441","Suba",5,-74.0786055401,4.6971297803,4880419.47007215,2077119.58838534
"311001046476","Suba",5,-74.0561643496,4.7234186794,4882912.11303778,2080021.02940354
"311001046921","Suba",2,-74.0982435099,4.7349580414,4878248.61628301,2081303.5087532
"311001046981","Suba",5,-74.0584944303,4.7639740908,4882660.61595497,2084503.28692786
"311001047502","Suba",3,-74.0815386401,4.7546440132,4880104.13728372,2083476.15512571
"311001047952","Suba",2,-74.1135085501,4.7436133044,4876557.65838028,2082262.734369
"311001050023","Suba",NA,-74.1143983404,4.7456742813,4876459.37133397,2082490.66014993
"311001050317","Suba",2,-74.1017252398,4.7321387347,4877862.08972911,2080992.5486917
"311001051259","Suba",3,-74.0874854199,4.731349873,4879440.77755537,2080902.88046123
"311001051275","Suba",3,-74.0571371397,4.7515487827,4882808.99371674,2083129.90896591
"311001051283","Suba",3,-74.1012760498,4.7482226132,4877914.71694208,2082769.95803475
"311001051291","Suba",3,-74.0544291898,4.7155312009,4883103.1769165,2079149.07725508
"311001051305","Suba",3,-74.0888497399,4.7379210567,4879290.6495051,2081629.31995002
"311001065047","Suba",NA,-74.10497519,4.774837552,4877509.29642323,2085711.93152698
"311001065152","Suba",2,-74.0950514696,4.7272738573,4878601.19020672,2080453.74414545
"311001065284","Suba",2,-74.1026243798,4.7416070491,4877764.0614455,2082039.08541108
"311001065390","Suba",2,-74.1085385597,4.7468947487,4877109.27501806,2082624.49599408
"311001065420","Suba",3,-74.0840463196,4.7504328237,4879825.38155023,2083011.1992068
"311001075697","Suba",4,-74.0639745003,4.6987805329,4882042.01684908,2077299.53248486
"311001076502","Suba",3,-74.09485818,4.7375432791,4878624.41056481,2081588.61915125
"311001076596","Suba",4,-74.0515506301,4.7327063393,4883425.20661011,2081046.65088739
"311001076634","Suba",NA,-74.0580764397,4.7932762198,4882711.93983986,2087741.45925516
"311001076677","Suba",2,-74.1040544698,4.7424807992,4877605.6573231,2082135.89925752
"311001076791","Suba",2,-74.10245202,4.7423013708,4877783.29350301,2082115.78707215
"311001079374","Suba",5,-74.0595720799,4.6988851196,4882530.16594741,2077310.3494809
"311001080160","Suba",NA,-74.0742575297,4.8226964764,4880923.16461257,2090995.56653683
"311001086320","Suba",NA,-74.0656098698,4.813104961,4881880.1747858,2089934.07786811
"311001087032","Suba",NA,-74.0752205004,4.8155444879,4880815.16478533,2090205.34749462
"311001087253","Suba",3,-74.1025352902,4.7470517728,4877774.89683418,2082640.78637487
"311001087288","Suba",NA,-74.0437703799,4.793405225,4884297.96751644,2087753.28473434
"311001087750","Suba",5,-74.0580731699,4.7623814954,4882707.05013057,2084327.21409683
"311001088047","Suba",3,-74.1005582196,4.7354417678,4877992.0608103,2081357.37366013
"311001088535","Suba",2,-74.09060313,4.7225545741,4879093.58027453,2079931.42556846
"311001088730","Suba",3,-74.0963090203,4.7390317719,4878463.81148032,2081753.37174506
"311001088764","Suba",6,-74.0462907004,4.7980200566,4884019.33767694,2088263.70427172
"311001089221","Suba",5,-74.0593979199,4.7685676312,4882561.22831219,2085011.08310824
"311001089264","Suba",2,-74.09441945,4.7309064364,4878671.89745161,2080855.0823799
"311001089272","Suba",4,-74.0649887602,4.6944492154,4881928.82905023,2076821.0401606
"311001090297","Suba",2,-74.0975654696,4.744808476,4878325.51641593,2082391.99609069
"311001090416","Suba",2,-74.09846844,4.7430282811,4878225.09030855,2082195.41911337
"311001090459","Suba",3,-74.0981817804,4.7575807471,4878259.42596624,2083803.61386542
"311001090751","Suba",3,-74.0932877003,4.7305172368,4878797.31144664,2080811.87302793
"311001090793","Suba",3,-74.0991386901,4.7474788618,4878151.55877823,2082687.38667057
"311001090840","Suba",2,-74.1036058404,4.7416647564,4877655.25440651,2082045.63605719
"311001090921","Suba",NA,-74.0473195804,4.7797854977,4883902.19885871,2086248.74326965
"311001091129","Suba",2,-74.1053805602,4.7462304337,4877459.29152572,2082550.52012297
"311001091315","Suba",2,-74.1138263597,4.7512360697,4876523.77751344,2083105.21444594
"311001091919","Suba",3,-74.05801397,4.7427742033,4882710.29794024,2082160.36021159
"311001092222","Suba",2,-74.1185583702,4.7464622377,4875998.2788981,2082578.48429409
"311001092656","Suba",3,-74.0586879903,4.7482327338,4882636.4909453,2082763.7082629
"311001092907","Suba",2,-74.0954312899,4.7567086589,4878564.21978317,2083706.75211324
"311001093121","Suba",2,-74.1146251704,4.7418323042,4876433.53894565,2082066.10772218
"311001093130","Suba",3,-74.0912128696,4.7516770384,4879031.03789179,2083149.95077536
"311001093229","Suba",3,-74.0565093799,4.7480826866,4882878.00815603,2082746.75712483
"311001093393","Suba",NA,-74.0610270901,4.8021036556,4882386.33350588,2088717.5058016
"311001093407","Suba",2,-74.11820772,4.7447491236,4876036.85063262,2082389.09786855
"311001093598","Suba",2,-74.0858175197,4.754863377,4879629.77638799,2083501.14154103
"311001093601","Suba",5,-74.0598402602,4.7575420629,4882510.31572475,2083792.69828648
"311001093831","Suba",3,-74.0990866902,4.734560615,4878155.06029786,2081259.73573369
"311001094357","Suba",5,-74.0673731298,4.7210406479,4881668.9465584,2079760.12414544
"311001094403","Suba",2,-74.0881995204,4.753557709,4879365.45682716,2083357.26332602
"311001094608","Suba",3,-74.0875313804,4.7350585869,4879436.32376062,2081312.7500599
"311001094675","Suba",2,-74.11581801,4.7455182346,4876301.94122572,2082473.66824295
"311001095094","Suba",2,-74.0901873196,4.7294052394,4879140.87037541,2080688.44236154
"311001095191","Suba",3,-74.05763261,4.7526631697,4882754.24954852,2083253.14622581
"311001095469","Suba",2,-74.1003540002,4.7383230909,4878015.20841293,2081675.76319012
"311001095485","Suba",2,-74.0897647,4.7180163686,4879185.75633462,2079429.7484027
"311001095728","Suba",2,-74.1021683698,4.733191873,4877813.142809,2081109.01284041
"311001095914","Suba",5,-74.0624040898,4.6987955936,4882216.14344024,2077300.93216006
"311001095922","Suba",3,-74.1083276802,4.750045405,4877133.21330153,2082972.65002476
"311001096074","Suba",2,-74.1118547499,4.7503707923,4876742.21919134,2083009.23739733
"311001096317","Suba",2,-74.0927262802,4.7430204782,4878861.73482285,2082193.55004851
"311001097348","Suba",2,-74.1174572,4.7468111168,4876120.43059862,2082616.84326402
"311001098026","Suba",2,-74.1135728497,4.7419739071,4876550.23811909,2082081.56927237
"311001098280","Suba",2,-74.0997779699,4.7381568179,4878079.04554703,2081657.2864563
"311001098298","Suba",5,-74.0776189096,4.7005419408,4880529.44757812,2077496.50678831
"311001100233","Suba",4,-74.0740200403,4.7003114313,4880928.44469736,2077470.41851607
"311001100926","Suba",5,-74.0686995498,4.7655479179,4881529.46745079,2084678.95911091
"311001100985","Suba",6,-74.0439769196,4.8010570197,4884276.35874638,2088598.93309872
"311001100993","Suba",4,-74.0757725097,4.7515550618,4880742.89540639,2083133.78882445
"311001101043","Suba",2,-74.1177431302,4.7474701843,4876088.84644016,2082689.73082235
"311001101507","Suba",2,-74.10478428,4.7305302189,4877522.63828031,2080815.32440237
"311001101515","Suba",4,-74.0529523299,4.7322335912,4883269.71773997,2080994.64211596
"311001101574","Suba",2,-74.1004505403,4.7353957932,4878003.99153882,2081352.27390592
"311001101663","Suba",2,-74.0956987399,4.7566435871,4878534.55619126,2083699.60781788
"311001101671","Suba",2,-74.0871420802,4.7331340469,4879479.15360408,2081099.99549996
"311001102252","Suba",3,-74.1001094204,4.7467229166,4878043.79955999,2082604.01538442
"311001102384","Suba",NA,-74.04368064,4.7928388047,4884307.82099782,2087690.67348077
"311001102465","Suba",3,-74.0874238099,4.7449520648,4879449.96540618,2082406.0908447
"311001102538","Suba",3,-74.0543497401,4.7486879494,4883117.54919685,2082813.28079988
"311001102937","Suba",3,-74.0751401802,4.7400613092,4880811.02960648,2081863.47382558
"311001102996","Suba",2,-74.1173593196,4.7520585128,4876132.21934335,2083196.73798034
"311001103003","Suba",3,-74.0585062504,4.7520372243,4882657.28376021,2083184.11986966
"311001105375","Suba",6,-74.07746208,4.7154392114,4880549.37799403,2079142.8175444
"311001105383","Suba",NA,-74.0450163297,4.8015244363,4884161.20752374,2088650.76399536
"311001105391","Suba",4,-74.0874321696,4.7396380911,4879448.11696396,2081818.82824875
"311001105481","Suba",6,-74.0435020504,4.799240678,4884328.69728333,2088398.12566951
"311001105545","Suba",3,-74.0935277697,4.7368006308,4878771.7877994,2081506.31389975
"311001105561","Suba",2,-74.0957536899,4.7312909196,4878524.0318263,2080897.80615775
"311001105634","Suba",4,-74.0858415802,4.7429729652,4879625.04683425,2082187.09914355
"311001105651","Suba",2,-74.1002824601,4.7425259462,4878023.87749667,2082140.22339248
"311001105685","Suba",2,-74.11051172,4.7419788811,4876889.63555796,2082081.5743332
"311001105693","Suba",5,-74.0632457402,4.727534786,4882127.66624933,2080477.10549501
"311001105707","Suba",2,-74.0753515798,4.7534308099,4880789.88632671,2083341.0103423
"311001105715","Suba",4,-74.0496164397,4.7558326592,4883643.5273928,2083602.05810209
"311001106274","Suba",3,-74.0495383401,4.7578212077,4883652.52003156,2083821.80313097
"311001106282","Suba",5,-74.0635013298,4.6948980542,4882093.82888157,2076870.39155849
"311001106304","Suba",3,-74.0921343102,4.7347734571,4878925.9323536,2081282.04083807
"311001106487","Suba",3,-74.0856837803,4.750764704,4879643.89281847,2083048.16104636
"311001106673","Suba",3,-74.1026032604,4.7368216861,4877765.56205807,2081510.23346611
"311001106690","Suba",2,-74.0949115103,4.7405104507,4878619.01544663,2081916.54078382
"311001107181","Suba",3,-74.0913076598,4.752886381,4879020.73935966,2083283.61583639
"311001107190","Suba",2,-74.0910968001,4.7284176147,4879039.86109556,2080579.45502932
"311001107220","Suba",3,-74.0589255696,4.7432169966,4882609.30286679,2082209.44864841
"311001107271","Suba",5,-74.05947135,4.7580418391,4882551.30099894,2083847.86691269
"311001107483","Suba",3,-74.0579456298,4.7156781271,4882713.31575847,2079165.90527841
"311001107513","Suba",NA,-74.0470503104,4.7932405319,4883934.31902899,2087735.6386551
"311001107645","Suba",6,-74.0905069797,4.7833514012,4879114.83831749,2086650.26737596
"311001108323","Suba",5,-74.0789224397,4.6966409159,4880384.24928864,2077065.61683726
"311001108587","Suba",2,-74.0935176403,4.7400820583,4878773.48268862,2081868.95375112
"311001108668","Suba",4,-74.0571674902,4.7099584217,4882798.63377345,2078533.67833711
"311001108684","Suba",4,-74.1058639203,4.7401013382,4877404.61922075,2081873.25580957
"311001108820","Suba",3,-74.1086992602,4.750121239,4877092.02907664,2082981.09675656
"311001108871","Suba",4,-74.0732295202,4.6958635946,4881015.34192427,2076978.74229586
"311001109231","Suba",2,-74.1003550404,4.7558335589,4878018.1690688,2083610.90913054
"311001109257","Suba",3,-74.0811594298,4.7532398368,4880145.93755473,2083320.90964233
"311001109371","Suba",2,-74.1245594298,4.7439156361,4875332.46870924,2082298.12562561
"311001109605","Suba",2,-74.0899636301,4.738890736,4879167.3178076,2081736.6763369
"311001109788","Suba",3,-74.0545586101,4.721141011,4883089.766139,2079769.0498176
"311001109818","Suba",2,-74.1005606298,4.7551336226,4877995.25211617,2083533.59289388
"311001109842","Suba",NA,-74.0753781304,4.805944665,4880796.0198325,2089144.47036804
"311001109907","Suba",2,-74.09886397,4.7570235843,4878183.69366629,2083742.16006282
"311001110018","Suba",3,-74.0618477497,4.7502237679,4882286.50580659,2082984.2786417
"311001110051","Suba",3,-74.0832571298,4.7428084497,4879911.56108209,2082168.46950786
"311001110085","Suba",NA,-74.0735689899,4.7165994498,4880981.22524102,2079270.37231079
"311001110182","Suba",2,-74.1147000396,4.7444494054,4876425.70331397,2082355.34783829
"311001110212","Suba",4,-74.0667657303,4.6901694648,4881731.08023164,2076348.37524251
"311001110271","Suba",2,-74.1007098103,4.7337927219,4877974.96438866,2081175.15827021
"311001110310","Suba",2,-74.1064332896,4.743492474,4877342.08984222,2082248.12404033
"311001110395","Suba",2,-74.1070064497,4.7404978546,4877278.01345079,2081917.27854339
"311001110409","Suba",3,-74.08442393,4.7346214374,4879780.78099151,2081263.90021546
"311001110484","Suba",3,-74.0854428297,4.7409159532,4879668.90097228,2081959.70312319
"311001110522","Suba",2,-74.1188517303,4.7452607584,4875965.53877095,2082445.75616566
"311001110531","Suba",2,-74.094429,4.7308267686,4878670.82473314,2080846.27968667
"311001110573","Suba",2,-74.1135085501,4.7436133044,4876557.65838028,2082262.734369
"311001800014","Suba",2,-74.10625811,4.7423908769,4877361.3180596,2082126.35127023
"311001800031","Suba",3,-74.0504679698,4.7580118161,4883549.48570863,2083843.02430782
"311001800138","Suba",NA,-74.06134495,4.7602491247,4882343.95266563,2084092.11800733
"311001800154","Suba",2,-74.0892869301,4.7183692586,4879238.79052178,2079468.66451888
"311001800219","Suba",2,-74.1064332896,4.743492474,4877342.08984222,2082248.12404033
"311001800235","Suba",2,-74.10245202,4.7423013708,4877783.29350301,2082115.78707215
"311001800251","Suba",3,-74.0931882101,4.7511316976,4878811.93526252,2083090.02918404
"311001800341","Suba",3,-74.0686555997,4.7212895752,4881526.7953275,2079787.85188073
"311001800375","Suba",NA,-74.0420892304,4.7922249307,4884484.14524764,2087622.56487296
"311001800405","Suba",NA,-74.1138263597,4.7512360697,4876523.77751344,2083105.21444594
"311001800545","Suba",2,-74.0857564801,4.75483431,4879636.53880154,2083497.91862137
"311001800596","Suba",4,-74.0505918196,4.737912081,4883532.38301275,2081621.78598874
"311001800651","Suba",2,-74.0904544202,4.7251265303,4879110.51406517,2080215.63488014
"311001800685","Suba",5,-74.0647927101,4.7000971372,4881951.51686429,2077445.17141844
"311001800715","Suba",2,-74.0925797902,4.7552500706,4878880.11053794,2083545.05793316
"311001800723","Suba",3,-74.0734088904,4.7396579288,4881002.9119705,2081818.5977406
"311001800791","Suba",2,-74.0971580001,4.758803,4878373.14701734,2083938.50901021
"311001800839","Suba",NA,-74.0835190804,4.7444832391,4879882.80764846,2082353.6009607
"311001800953","Suba",2,-74.0910968001,4.7284176147,4879039.86109556,2080579.45502932
"311001800961","Suba",NA,-74.0721018201,4.7196664942,4881144.4202827,2079609.0686785
"311001801011","Suba",NA,-74.0549791699,4.7586870737,4883049.45080265,2083918.41073789
"311001801127","Suba",NA,-74.0874774797,4.7408452533,4879443.30259264,2081952.24344042
"311001801194","Suba",NA,-74.1046623697,4.7412060276,4877538.03331902,2081995.1268331
"311001801224","Suba",NA,-74.0875201003,4.7407948002,4879438.56840637,2081946.67511709
"311001801283","Suba",NA,-74.0664232898,4.7670223063,4881782.08290249,2084841.50673429
"311001801364","Suba",5,-74.0646970297,4.6999736456,4881962.1049305,2077431.50793641
"311764004357","Suba",2,-74.0902403696,4.7339576656,4879135.77828553,2081191.55493424
"311769000076","Suba",5,-74.0697976899,4.7475989771,4881404.64772552,2082695.56427394
"311769000165","Suba",5,-74.0809794703,4.7532594682,4880165.89306333,2083323.04796821
"311769000416","Suba",5,-74.0622318199,4.7699436186,4882247.27716374,2085163.63032543
"311769000475","Suba",4,-74.0674547803,4.7614219516,4881666.76651473,2084222.77446364
"311769000483","Suba",4,-74.0655322401,4.6998862747,4881869.48380865,2077421.99345603
"311769000548","Suba",NA,-74.0912162401,4.7848712688,4879036.47260268,2086818.35800938
"311769000556","Suba",6,-74.0802857203,4.7311022322,4880238.99183838,2080874.26723432
"311769000564","Suba",5,-74.06738827,4.7294010308,4881668.68595507,2080684.05260034
"311769000661","Suba",NA,-74.0834329804,4.74106766,4879891.76344494,2081976.12006505
"311769000726","Suba",NA,-74.0817500496,4.7016498751,4880071.58300119,2077619.65516867
"311769000734","Suba",5,-74.0556003199,4.76572232,4882981.77432366,2084695.99571626
"311769000751","Suba",4,-74.07227432,4.7005672123,4881122.05032763,2077498.38839804
"311769000769","Suba",NA,-74.0436367797,4.8012175252,4884314.09404805,2088616.61334109
"311769000785","Suba",2,-74.0891423301,4.7194561354,4879255.01103862,2079588.75363753
"311769000815","Suba",3,-74.0711587804,4.7206281193,4881249.14336301,2079715.17934861
"311769000823","Suba",5,-74.0594666302,4.7604820467,4882552.23805047,2084117.53884708
"311769000866","Suba",NA,-74.0664384902,4.7557022951,4881778.46467936,2083590.50698257
"311769000921","Suba",5,-74.0764496203,4.715101357,4880661.57771461,2079105.306869
"311769000980","Suba",5,-74.0598320703,4.7679935489,4882512.99787995,2084947.71398422
"311769000998","Suba",4,-74.05303341,4.7384478352,4883261.770271,2081681.40372841
"311769001030","Suba",3,-74.0864149704,4.7337045782,4879559.86945382,2081162.92048546
"311769001552","Suba",6,-74.0748641396,4.7319426939,4880840.2448975,2080966.21635062
"311769001781","Suba",4,-74.0610251902,4.7566453721,4882378.79198641,2083693.80464814
"311769001846","Suba",NA,-74.0596192998,4.7543111232,4882534.26573322,2083435.60242065
"311769001897","Suba",NA,-74.0729453696,4.8238575414,4881068.83088016,2091123.65001389
"311769001927","Suba",NA,-74.0783023901,4.7639013924,4880464.53725434,2084498.65418827
"311769001951","Suba",5,-74.0633367099,4.7665849604,4882124.20896486,2084792.64599435
"311769001960","Suba",5,-74.07223597,4.7077155492,4881127.51506667,2078288.36244798
"311769002010","Suba",3,-74.05083756,4.7483360499,4883506.88465804,2082773.79943297
"311769002290","Suba",NA,-74.0882279296,4.7846249667,4879367.72933665,2086790.61268713
"311769002354","Suba",2,-74.09928269,4.7334895854,4878133.14163246,2081141.4068395
"311769002451","Suba",2,-74.0904544202,4.7251265303,4879110.51406517,2080215.63488014
"311769002494","Suba",3,-74.0840928298,4.7418532556,4879818.7403707,2082063.05300782
"311769002605","Suba",5,-74.06256269,4.7267384507,4882203.26388859,2080388.98491408
"311769002672","Suba",3,-74.0689696103,4.7173973052,4881491.31914774,2079357.76113092
"311769002796","Suba",NA,-74.0853571296,4.7813772962,4879685.43420802,2086431.19856975
"311769002818","Suba",2,-74.0837961999,4.7715497408,4879856.7768207,2085344.85150456
"311769003008","Suba",2,-74.0884115803,4.7258246921,4879337.13434257,2080292.43613201
"311769003091","Suba",5,-74.0622819297,4.7620731138,4882240.38163015,2084293.8510482
"311769003211","Suba",3,-74.0640073499,4.7489620103,4882046.85678067,2082845.20673372
"311769003300","Suba",5,-74.0758195204,4.7554572297,4880738.35442126,2083565.03634337
"311769003326","Suba",5,-74.0778339699,4.699439792,4880505.41429351,2077374.74211874
"311769003342","Suba",NA,-74.0497998801,4.7799386004,4883627.2472152,2086266.08232238
"311769003474","Suba",NA,-74.0434289203,4.7950442963,4884336.09821759,2087934.36376028
"311769003865","Suba",4,-74.07037874,4.7165366508,4881334.93528321,2079262.88800563
"311769003873","Suba",5,-74.0565208703,4.7180249382,4882871.67950912,2079425.01634977
"311769003920","Suba",NA,-74.0580750303,4.7933322979,4882712.10566047,2087747.65633724
"311769003938","Suba",NA,-74.0437703799,4.793405225,4884297.96751644,2087753.28473434
"311769004004","Suba",2,-74.0934171503,4.7404689866,4878784.69172424,2081911.69693521
"311769004063","Suba",2,-74.0913603299,4.7226538742,4879009.64273561,2079942.53118213
"311769004195","Suba",3,-74.0537812701,4.7123419111,4883174.48228798,2078796.51421291
"311769004233","Suba",3,-74.0944143701,4.7373499551,4878673.58341593,2081567.17660897
"311769004250","Suba",3,-74.0855148396,4.7350629092,4879659.90471709,2081312.87769192
"311769004268","Suba",2,-74.1002329899,4.7429313912,4878029.43353129,2082185.02188282
"311769004284","Suba",2,-74.0843655898,4.7506100003,4879790.01456156,2083030.83502064
"311769004292","Suba",NA,-74.0448162803,4.792729768,4884181.90286751,2087678.81538169
"311769004322","Suba",3,-74.0598296098,4.7532846393,4882510.77493658,2083322.19916779
"311769004365","Suba",2,-74.10395639,4.7367886631,4877615.53007268,2081506.82256379
"311848000278","Suba",NA,-74.0513696502,4.774234201,4883452.25171605,2085635.94377667
"311848000324","Suba",NA,-74.0753781304,4.805944665,4880796.0198325,2089144.47036804
"311848000367","Suba",NA,-74.0443221098,4.7954649926,4884237.14829425,2087981.00648939
"311848000596","Suba",NA,-74.0662884203,4.7904379828,4881801.04794698,2087429.20890409
"311848000961","Suba",4,-74.0535967202,4.7333726404,4883198.46365453,2081120.62900045
"311848001118","Suba",NA,-74.0444029699,4.78838978,4884226.99323265,2087199.12578102
"311848002343","Suba",NA,-74.0453775998,4.7723907333,4884116.25406063,2085431.20711989
"311848002823","Suba",NA,-74.0533948301,4.7801048401,4883228.72231373,2086285.06342689
"311848003111","Suba",NA,-74.0968742798,4.7873171441,4878409.62338666,2087089.65984921
"311848003196","Suba",6,-74.0759974604,4.7245863458,4880713.33131367,2080153.4409978
"311848003811","Suba",NA,-74.0896434203,4.7607468427,4879206.62448762,2084152.01029541
"311848004346","Suba",4,-74.0518630004,4.7292092453,4883389.98816893,2080660.23299049
"411001094661","Suba",NA,-74.1064144699,4.7744897998,4877349.6653168,2085673.75641832
"411001105558","Suba",4,-74.0542720799,4.7570096188,4883127.56164916,2083732.91208461
"411769000089","Suba",3,-74.0843339197,4.7466638293,4879792.8425122,2082594.72604202
"411769000101","Suba",NA,-74.0423281904,4.7888339718,4884457.08417746,2087247.86447662
"411769000119","Suba",5,-74.0804906502,4.7541820497,4880220.24791427,2083424.92044747
"411769000127","Suba",3,-74.0837773703,4.7480275134,4879854.78376864,2082745.33430235
"411769000895","Suba",NA,-74.0759805002,4.7499441607,4880719.55855,2082955.79954402
"411769001042","Suba",NA,-74.0900357999,4.7621146348,4879163.36042841,2084303.23822176
"411769001981","Suba",NA,-74.0849514998,4.7729741006,4879728.93993934,2085502.46368217
"111001000612","Barrios Unidos",3,-74.0719449401,4.6726240024,4881153.85028038,2074410.26024427
"111001110124","Barrios Unidos",3,-74.0704208404,4.67316368,4881322.9369926,2074469.64387345
"111001008389","Barrios Unidos",4,-74.0665525897,4.6847989403,4881753.81019568,2075754.83054455
"111001012882","Barrios Unidos",3,-74.0666791596,4.6805475266,4881739.0619164,2075285.01866116
"111001012904","Barrios Unidos",3,-74.0633812601,4.6842163484,4882105.35065537,2075689.91319972
"111001012921","Barrios Unidos",3,-74.0634219798,4.6830646351,4882100.64272193,2075562.64175708
"111001009148","Barrios Unidos",3,-74.06574324,4.6531153368,4881838.24916093,2072253.27072205
"111001014079","Barrios Unidos",3,-74.0693731102,4.6545401551,4881435.98804373,2072411.33904416
"111001010421","Barrios Unidos",4,-74.0810837,4.6650735446,4880139.23861948,2073577.38986119
"111001014150","Barrios Unidos",3,-74.0793858401,4.6719230923,4880328.6648702,2074334.06278825
"111001009725","Barrios Unidos",4,-74.0804604004,4.6647607372,4880208.29955258,2073542.71462962
"111001801497","Barrios Unidos",NA,-74.0817106199,4.665558376,4880069.80551049,2073631.07662403
"111001011088","Barrios Unidos",3,-74.0769091903,4.6733773144,4880603.52890266,2074494.35166672
"111001012742","Barrios Unidos",3,-74.0816790603,4.6733343351,4880074.62582457,2074490.41373177
"111001012751","Barrios Unidos",3,-74.0765954096,4.6763932361,4880638.83217962,2074827.59562891
"111001024830","Barrios Unidos",3,-74.0757204101,4.652140997,4880731.7615668,2072147.27142314
"111001011991","Barrios Unidos",3,-74.0752172898,4.6602604759,4880788.91757071,2073044.4900608
"111001077321","Barrios Unidos",3,-74.0733341299,4.6668889313,4880998.84669138,2073776.69853461
"111001028258","Barrios Unidos",3,-74.0735012399,4.6718475389,4880981.1528646,2074324.7145964
"111001012653","Barrios Unidos",3,-74.0723636098,4.6742295236,4881107.69773654,2074587.76103705
"111001029912","Barrios Unidos",3,-74.0668733503,4.6710389483,4881715.93464582,2074234.23728536
"111001012718","Barrios Unidos",3,-74.0634912597,4.6668592509,4882090.25133464,2073771.76241458
"111001032255","Barrios Unidos",NA,-74.0805484703,4.6759583489,4880200.4344614,2074780.20785912
"111001045713","Barrios Unidos",3,-74.0803648304,4.676890348,4880220.95522796,2074883.17429593
"311001000981","Barrios Unidos",3,-74.06644161,4.680657453,4881765.42011864,2075297.12686031
"311001001031","Barrios Unidos",3,-74.0775217604,4.6725672313,4880535.46837296,2074404.93133745
"311001001111","Barrios Unidos",3,-74.07047734,4.6637732314,4881315.09394504,2073431.89308483
"311001001839","Barrios Unidos",4,-74.08011272,4.6625423997,4880246.47594597,2073297.50114129
"311001002223","Barrios Unidos",4,-74.0637326801,4.680193527,4882065.71124967,2075245.40172206
"311001002312","Barrios Unidos",3,-74.07268478,4.6593175369,4881069.57515433,2072939.85591798
"311001003823","Barrios Unidos",3,-74.0640336903,4.6665216336,4882030.04856414,2073734.54248216
"311001004072","Barrios Unidos",3,-74.0699254402,4.6609182268,4881375.81173479,2073116.28704366
"311001009929","Barrios Unidos",3,-74.0770697003,4.6523270582,4880582.17570755,2072168.06151143
"311001011800","Barrios Unidos",3,-74.07229743,4.664296002,4881113.36325649,2073489.97258819
"311001016976","Barrios Unidos",3,-74.0658127004,4.6565655099,4881831.12267571,2072634.56828128
"311001017344","Barrios Unidos",3,-74.06241521,4.6670755446,4882209.60309684,2073795.48535083
"311001018693","Barrios Unidos",3,-74.0784394102,4.6709706918,4880433.44636023,2074228.64953949
"311001031991","Barrios Unidos",4,-74.0611670602,4.6697901726,4882348.45396263,2074095.27559775
"311001034508","Barrios Unidos",4,-74.0616270399,4.6790229032,4882298.99109695,2075115.68032137
"311001040192","Barrios Unidos",4,-74.0692689298,4.686880812,4881452.97203527,2075985.36159517
"311001042241","Barrios Unidos",3,-74.0693328198,4.651157594,4881439.88964725,2072037.51787276
"311001047723","Barrios Unidos",3,-74.0634795403,4.660045661,4882090.41437551,2073018.77658768
"311001076758","Barrios Unidos",NA,-74.0752522001,4.6680487159,4880786.36014788,2073905.19371349
"311001087547","Barrios Unidos",4,-74.08820963,4.6716797244,4879350.21469228,2074308.67509199
"311001089795","Barrios Unidos",5,-74.0606775601,4.6689556597,4882402.59197837,2074002.97009387
"311001090505","Barrios Unidos",4,-74.0621059901,4.6801976571,4882246.08091448,2075245.58509522
"311001091404","Barrios Unidos",3,-74.0711058903,4.663708928,4881245.3870703,2073424.89268685
"311001091609","Barrios Unidos",4,-74.0643545901,4.6545630959,4881992.47120416,2072413.03333522
"311001093962","Barrios Unidos",4,-74.0630492697,4.6552664756,4882137.32875001,2072490.54717385
"311001094683","Barrios Unidos",3,-74.0630097501,4.6570002354,4882141.99946986,2072682.14187251
"311001097607","Barrios Unidos",4,-74.0786613497,4.6634392306,4880407.56189144,2073396.36578356
"311001098239","Barrios Unidos",4,-74.0846845196,4.670628427,4879740.91095686,2074191.88948835
"311001101108","Barrios Unidos",4,-74.0722776303,4.6869239051,4881119.37399966,2075990.63341293
"311001106908","Barrios Unidos",3,-74.0624850298,4.6585002129,4882200.43252507,2072847.81977421
"311001106916","Barrios Unidos",3,-74.0791728496,4.6759117419,4880352.95847851,2074774.82280686
"311001107408","Barrios Unidos",4,-74.0843194398,4.6737109756,4879781.9173977,2074532.48827921
"311001110654","Barrios Unidos",4,-74.0789806496,4.6609609777,4880371.73731918,2073122.54178436
"311001800821","Barrios Unidos",3,-74.0679264102,4.6536679351,4881596.25987673,2072314.7052725
"311001800863","Barrios Unidos",3,-74.0679264102,4.6536679351,4881596.25987673,2072314.7052725
"311001801038","Barrios Unidos",NA,-74.0776100002,4.6659399997,4880524.56266702,2073672.55383499
"311001801429","Barrios Unidos",NA,-74.0630154499,4.6805523837,4882145.29849065,2075284.93928282
"311001801461","Barrios Unidos",NA,-74.0651700403,4.6631131642,4881903.4768854,2073358.05578671
"311769004276","Barrios Unidos",4,-74.0618613501,4.671708358,4882271.78926427,2074307.37428115
"111001002895","Teusaquillo",NA,-74.0797593596,4.6347618351,4880280.96847107,2070227.3386699
"111001010731","Teusaquillo",3,-74.0664227499,4.6444535084,4881761.45730149,2071296.14742219
"111001012122","Teusaquillo",4,-74.0816886103,4.6297150209,4880066.18583597,2069669.92810334
"111001027634","Teusaquillo",NA,-74.0821726001,4.6467883474,4880015.39854666,2071556.82857897
"111001094897","Teusaquillo",3,-74.0742305497,4.6381080592,4880894.61098044,2070596.20649506
"311001000018","Teusaquillo",3,-74.0739691499,4.6184877432,4880920.31715661,2068427.87570742
"311001000310","Teusaquillo",4,-74.0789493999,4.6297037964,4880369.93364264,2069668.2253167
"311001000506","Teusaquillo",4,-74.0905523096,4.6476446958,4879086.34310938,2071652.89367817
"311001000697","Teusaquillo",4,-74.0728130801,4.617431132,4881048.33884907,2068310.91380987
"311001000891","Teusaquillo",4,-74.0671299298,4.6426129388,4881682.73371513,2071092.8603971
"311001001871","Teusaquillo",4,-74.0765205997,4.6338652533,4880639.95973053,2070127.70909197
"311001001901","Teusaquillo",4,-74.0738787596,4.6343179102,4880932.98565071,2070177.28908671
"311001002878","Teusaquillo",4,-74.0767120604,4.6249558381,4880617.23535412,2069143.14017514
"311001003769","Teusaquillo",4,-74.0725115902,4.6222453927,4881082.57364754,2068842.89820632
"311001004471","Teusaquillo",4,-74.0752726898,4.6507353444,4880781.17096747,2071991.85371668
"311001005991","Teusaquillo",3,-74.0723338801,4.6398795742,4881105.22515903,2070791.66208783
"311001006407","Teusaquillo",3,-74.0885991503,4.6264597313,4879299.32664386,2069311.34834072
"311001007080","Teusaquillo",4,-74.0671594897,4.6479839894,4881680.35135073,2071686.43161849
"311001009023","Teusaquillo",NA,-74.07099185,4.6297858923,4881252.35461474,2069675.9614763
"311001019134","Teusaquillo",4,-74.0727931797,4.6279573911,4881052.30124674,2069474.19128783
"311001027072","Teusaquillo",3,-74.0671299298,4.6426129388,4881682.73371513,2071092.8603971
"311001027846","Teusaquillo",5,-74.0813302903,4.6512773283,4880109.55861578,2072052.77490927
"311001027978","Teusaquillo",4,-74.0785333497,4.6355241406,4880417.04725912,2070311.37603514
"311001028249","Teusaquillo",4,-74.0774352599,4.6308419658,4880538.02674095,2069793.75216366
"311001031169","Teusaquillo",4,-74.0851636001,4.6518106062,4879684.5877942,2072112.36069996
"311001031851","Teusaquillo",4,-74.0971343897,4.636823017,4878354.62099379,2070458.08435406
"311001033536","Teusaquillo",4,-74.0763411702,4.630335067,4880659.26450805,2069737.54943076
"311001035717","Teusaquillo",4,-74.07213608,4.6459003746,4881128.16667643,2071457.00143172
"311001038201","Teusaquillo",4,-74.0685063302,4.6342591922,4881528.71630623,2070169.90003038
"311001038660","Teusaquillo",NA,-74.0805720502,4.6300034903,4880190.04920591,2069701.61900609
"311001042748","Teusaquillo",4,-74.0872770198,4.6450765849,4879449.09392946,2071368.52502297
"311001047871","Teusaquillo",4,-74.0727481499,4.6248388446,4881056.7740641,2069129.54605523
"311001051526","Teusaquillo",4,-74.07745139,4.6310218643,4880536.26826943,2069813.63590566
"311001051577","Teusaquillo",4,-74.0927033399,4.6317551858,4878845.11228943,2069897.26383467
"311001051631","Teusaquillo",4,-74.0838261003,4.6266528683,4879828.6438382,2069331.88298403
"311001088209","Teusaquillo",4,-74.08999358,4.6492838698,4879148.57832608,2071833.94812396
"311001089558","Teusaquillo",4,-74.0768321903,4.6411301212,4880606.62797325,2070930.61998205
"311001091994","Teusaquillo",4,-74.0913516602,4.6490364434,4878997.94289017,2071806.83668051
"311001092125","Teusaquillo",4,-74.07231547,4.6470449887,4881108.46651515,2071583.52555518
"311001098166","Teusaquillo",4,-74.0721985103,4.6343624732,4881119.31347524,2070181.93187907
"311001100101","Teusaquillo",5,-74.0830231897,4.6468472094,4879921.08924273,2071563.47797627
"311001102899","Teusaquillo",4,-74.0950889797,4.629926413,4878580.25754277,2069695.56837564
"311001105766","Teusaquillo",4,-74.0713101501,4.644587062,4881219.53149711,2071311.72547661
"311001105839","Teusaquillo",4,-74.0716338104,4.6458009704,4881183.84504443,2071445.93164284
"311001105863","Teusaquillo",3,-74.0669878603,4.6489319997,4881699.5408144,2071791.16954514
"311001105898","Teusaquillo",4,-74.0827221004,4.6321453966,4879951.99237742,2069938.69011461
"311001106711","Teusaquillo",4,-74.0708171601,4.623093013,4881270.61072486,2068936.28734682
"311001108595","Teusaquillo",5,-74.0852502902,4.6489151294,4879674.483602,2071792.38820211
"311001108609","Teusaquillo",4,-74.0812864004,4.6475907906,4880113.8020906,2071645.35838262
"311001109516","Teusaquillo",4,-74.0956791701,4.6338537218,4878515.4816342,2070129.68856339
"311001109974","Teusaquillo",3,-74.0731284103,4.6406338221,4881017.2478828,2070875.14923432
"311001110301","Teusaquillo",3,-74.0649509798,4.6491598983,4881925.44027805,2071816.01447087
"311001110468","Teusaquillo",4,-74.0681026696,4.6336085652,4881573.36927688,2070097.93040459
"311001110611","Teusaquillo",3,-74.0663047796,4.641318772,4881774.01671773,2070949.70141197
"311001800022","Teusaquillo",3,-74.0664949799,4.6447454001,4881753.49658721,2071328.41707314
"311001800871","Teusaquillo",3,-74.0663047796,4.641318772,4881774.01671773,2070949.70141197
"111001014001","Los Martires",3,-74.0922039602,4.5944046278,4878894.15919747,2065769.45838221
"111001110388","Los Martires",3,-74.0958049702,4.5968166661,4878495.23195237,2066036.63087063
"111001016250","Los Martires",3,-74.0794725401,4.615146327,4880309.47995199,2068059.5310262
"111001016195","Los Martires",3,-74.0832006797,4.6184153619,4879896.60960943,2068421.4285487
"111001016772","Los Martires",NA,-74.0922427899,4.5941902093,4878889.81697651,2065745.76894978
"111001016225","Los Martires",3,-74.0942783804,4.5963545421,4878664.44518895,2065985.30083826
"111001019526","Los Martires",2,-74.0879946596,4.6083031078,4879363.29114102,2067304.70624253
"111001800066","Los Martires",2,-74.0880088503,4.6078401299,4879361.63942516,2067253.5436688
"111001020401","Los Martires",3,-74.0819186302,4.6057397073,4880036.65059556,2067020.39309002
"111001025313","Los Martires",2,-74.0859091901,4.6054953128,4879594.08286299,2066994.05671462
"111001026069","Los Martires",3,-74.09267567,4.5941211789,4878841.80087379,2065738.21352062
"111001801179","Los Martires",3,-74.1034236001,4.5961938758,4877650.25528997,2065969.10391311
"111001030856","Los Martires",3,-74.0788148799,4.6230395383,4880383.73186677,2068931.71883408
"111001041459","Los Martires",3,-74.0939899601,4.6061579768,4878698.08928751,2067068.65862141
"111001013986","Los Martires",3,-74.0947225901,4.6101952552,4878617.53022339,2067514.95509705
"311001001618","Los Martires",3,-74.0945211699,4.6094487471,4878639.73965642,2067432.42192499
"311001001782","Los Martires",3,-74.0844019303,4.6218766354,4879763.98447789,2068804.14608662
"311001002568","Los Martires",3,-74.0955849297,4.60172878,4878520.46583885,2066579.44604458
"311001005931","Los Martires",3,-74.0921975597,4.612359593,4878897.90508895,2067753.71286455
"311001011532","Los Martires",3,-74.0914782104,4.5944223896,4878974.64451692,2065771.29841511
"311001017557","Los Martires",3,-74.0810806601,4.6120530444,4880130.63379061,2067717.95507326
"311001017832","Los Martires",3,-74.0978940204,4.5982201066,4878263.80452301,2066192.08491753
"311001025037","Los Martires",3,-74.0934268799,4.5951456798,4878758.66818555,2065851.56142891
"311001027021","Los Martires",3,-74.0893572,4.6018451469,4879211.10518699,2066591.24947798
"311001030073","Los Martires",3,-74.1042361397,4.597441416,4877560.36121443,2066107.11287255
"311001041423","Los Martires",3,-74.0989578403,4.6010884034,4878146.31976421,2066509.25077359
"311001088993","Los Martires",3,-74.08317936,4.6141856408,4879898.26247745,2067953.98735887
"311001091358","Los Martires",3,-74.0911228297,4.5973004824,4879014.53999992,2066089.30453062
"311001091536","Los Martires",3,-74.0948743299,4.6085600084,4878600.42577645,2067334.26486075
"311001091587","Los Martires",3,-74.0907961896,4.6137094613,4879053.53512075,2067902.65262104
"311001092508","Los Martires",3,-74.0954024899,4.600857153,4878540.54963336,2066483.08887048
"311001095515","Los Martires",3,-74.0789536004,4.6197297887,4880367.79404564,2068565.9735067
"311001098140","Los Martires",3,-74.0930368503,4.6044282068,4878803.49027402,2066877.33462345
"311001110638","Los Martires",3,-74.10620961,4.5986900984,4877341.7259878,2066245.44744645
"311848004478","Los Martires",3,-74.1034475303,4.5991195289,4877648.10072828,2066292.43163357
"111001011053","Antonio Narino",3,-74.1010924099,4.5871416968,4877907.23458943,2064968.31999511
"111001024716","Antonio Narino",3,-74.1029691496,4.5888720898,4877699.40447189,2065159.87156913
"111001012823","Antonio Narino",3,-74.0936088301,4.5913079098,4878737.84239817,2065427.46904665
"111001011908","Antonio Narino",3,-74.0969757598,4.5852038807,4878363.43002505,2064753.46562335
"111001104205","Antonio Narino",3,-74.0934734001,4.5861791542,4878751.99552999,2064860.65234341
"111001012602","Antonio Narino",3,-74.10458883,4.5943499449,4877520.72165501,2065765.52448496
"111001014621","Antonio Narino",3,-74.0974463899,4.5930157789,4878312.56175114,2065616.86235643
"111001800040","Antonio Narino",3,-74.1099431502,4.5939975291,4876926.88858202,2065727.4970321
"111001014630","Antonio Narino",3,-74.1104109704,4.589776995,4876874.28535454,2065261.15134053
"111001014648","Antonio Narino",NA,-74.1138826104,4.5910393999,4876489.50841309,2065401.26241964
"111001086720","Antonio Narino",2,-74.0884037101,4.5860911459,4879314.1923742,2064850.07027072
"311001001162","Antonio Narino",3,-74.1004847904,4.5896964659,4877975.05156003,2065250.55209902
"311001002991","Antonio Narino",3,-74.0975492901,4.5888315579,4878300.44146355,2065154.46873283
"311001003963","Antonio Narino",3,-74.1136438499,4.5888502269,4876515.60982411,2065159.28767068
"311001004692","Antonio Narino",3,-74.0916384698,4.5869231947,4878955.60854264,2064942.56808137
"311001005737","Antonio Narino",3,-74.09662386,4.582242264,4878401.95397141,2064426.10869718
"311001009236","Antonio Narino",3,-74.1128147399,4.5903046968,4876607.8055231,2065319.88348919
"311001011613","Antonio Narino",3,-74.1077409797,4.5958093186,4877171.41086399,2065927.3455748
"311001019177","Antonio Narino",3,-74.0986425101,4.5821132861,4878178.0688827,2064412.1976034
"311001019843","Antonio Narino",3,-74.0939851101,4.5903684007,4878695.95576969,2065323.70490173
"311001030456","Antonio Narino",3,-74.0975102304,4.5839599644,4878303.94831476,2064616.08738714
"311001036217","Antonio Narino",3,-74.1223683598,4.5929118794,4875548.78963756,2065609.66775316
"311001036888","Antonio Narino",NA,-74.1149835398,4.5894447413,4876367.14440694,2065225.22086699
"311001043621","Antonio Narino",3,-74.0993736903,4.5812915571,4878096.8435744,2064321.51004307
"311001044040","Antonio Narino",3,-74.1206253802,4.592329629,4875741.97961268,2065545.01796792
"311001076545","Antonio Narino",3,-74.0919590202,4.5890030392,4878920.41105207,2065172.47182965
"311001089477","Antonio Narino",3,-74.0954500997,4.5911318229,4878533.62319578,2065408.32143874
"311001092630","Antonio Narino",3,-74.0984431704,4.5832793647,4878200.37259179,2064541.03068679
"311001096481","Antonio Narino",3,-74.0924479804,4.5843904059,4878865.40986288,2064662.79916314
"311001096899","Antonio Narino",3,-74.0917244404,4.5829508581,4878945.40597351,2064503.58839242
"311001101116","Antonio Narino",3,-74.0973723004,4.578429311,4878318.30924918,2064004.8546483
"311001101132","Antonio Narino",3,-74.1158087097,4.5934409148,4876276.32405826,2065666.99556379
"311001104913","Antonio Narino",3,-74.1017680302,4.5842907486,4877831.82596277,2064653.36775141
"311001105936","Antonio Narino",3,-74.0957713004,4.5890235026,4878497.64666043,2065175.37914496
"311001105944","Antonio Narino",3,-74.0970444899,4.5850865511,4878355.78821218,2064740.51084586
"311001105961","Antonio Narino",3,-74.0920590799,4.5878443904,4878909.11953901,2065044.44314892
"311001105979","Antonio Narino",3,-74.0930797197,4.5883431271,4878796.01833302,2065099.7326524
"311001106720","Antonio Narino",3,-74.1032133404,4.5822955904,4877671.20557248,2064433.12284548
"311001107459","Antonio Narino",3,-74.1219806002,4.5935551618,4875591.90242151,2065680.69201175
"311001107521","Antonio Narino",3,-74.1034438203,4.5911449276,4877647.1522267,2065411.13144829
"311001109711","Antonio Narino",3,-74.1106851299,4.5910124053,4876844.09377708,2065397.72808855
"111001000078","Puente Aranda",3,-74.1204537499,4.6062710667,4875763.42918908,2067085.71150494
"111001014834","Puente Aranda",3,-74.1236996702,4.5979320934,4875402.02345772,2066164.70374231
"111001014842","Puente Aranda",3,-74.1228320701,4.5989468878,4875498.41309049,2066276.70154021
"111001006122","Puente Aranda",NA,-74.1013471901,4.6223687278,4877884.98871883,2068861.41733024
"111001011045","Puente Aranda",NA,-74.11238911,4.6299076073,4876661.83701846,2069696.47354294
"111001014818","Puente Aranda",3,-74.1215777597,4.6240129987,4875641.87119687,2069046.63996436
"111001014711","Puente Aranda",3,-74.11701499,4.6270100564,4876148.36590934,2069377.05954671
"111001011274","Puente Aranda",3,-74.1303122804,4.5993549544,4874668.95902635,2066323.10669098
"111001014893","Puente Aranda",3,-74.1303122804,4.5993549544,4874668.95902635,2066323.10669098
"111001012530","Puente Aranda",3,-74.1149391298,4.6101315298,4876375.63748983,2067511.38767872
"111001012165","Puente Aranda",3,-74.1092893698,4.6155250061,4877003.0886055,2068106.46245623
"111001012556","Puente Aranda",NA,-74.0930340197,4.6218060784,4878806.75114928,2068797.81444219
"111001012548","Puente Aranda",3,-74.0895398104,4.6225576101,4879194.35529336,2068880.27362535
"111001012963","Puente Aranda",3,-74.1238884197,4.6033964432,4875382.04214606,2066768.62425539
"111001012521","Puente Aranda",NA,-74.1270795797,4.6019628811,4875027.90748082,2066610.75326417
"111001029033","Puente Aranda",3,-74.12139031,4.6014087928,4875658.72541192,2066548.52537251
"111001014729","Puente Aranda",3,-74.1088053297,4.6320589431,4877059.61607094,2069933.60355547
"111001106267","Puente Aranda",3,-74.1083647096,4.6325788469,4877108.56628466,2069990.98364309
"111001014745","Puente Aranda",3,-74.11818809,4.6334776876,4876019.40552181,2070092.02778031
"111001014826","Puente Aranda",3,-74.1127785198,4.5978696268,4876613.12290386,2066155.90525889
"111001012131","Puente Aranda",3,-74.1092579503,4.6017885367,4877004.21101938,2066588.39088872
"111001012998","Puente Aranda",3,-74.1070973898,4.6027426646,4877243.9696049,2066693.46302294
"111001014869","Puente Aranda",3,-74.1258339002,4.6095420559,4875167.36954029,2067448.14155873
"111001014851","Puente Aranda",NA,-74.12753185,4.6086285763,4874978.91682166,2067347.4866478
"111001014885","Puente Aranda",3,-74.1342269596,4.5996226382,4874234.88312055,2066353.37765368
"111001015032","Puente Aranda",3,-74.1306951603,4.5997518207,4874626.56855674,2066367.03330274
"111001015091","Puente Aranda",3,-74.1294779602,4.6020015963,4874761.94440278,2066615.45212998
"111001020168","Puente Aranda",3,-74.1132827999,4.6229909051,4876561.53700603,2068932.23814604
"111001012149","Puente Aranda",3,-74.1133329196,4.6197345817,4876555.41566327,2068572.37834441
"111001045535","Puente Aranda",3,-74.1227166402,4.6177269738,4875514.48171942,2068352.14501123
"111001065056","Puente Aranda",3,-74.1191707499,4.6114645087,4875906.60792957,2067659.43585119
"111001033855","Puente Aranda",3,-74.1178266502,4.6120845538,4876055.76770491,2067727.7254778
"311001000298","Puente Aranda",3,-74.1184512003,4.622229494,4875988.27103776,2068848.99137692
"311001000417","Puente Aranda",3,-74.1172923098,4.6068461728,4876114.11530068,2067148.7188207
"311001001057","Puente Aranda",3,-74.12956968,4.5987597462,4874751.20649519,2066257.19743167
"311001001243","Puente Aranda",3,-74.11078304,4.6104135138,4876836.57045078,2067541.83114831
"311001003483","Puente Aranda",3,-74.11976514,4.6210870111,4875842.36664102,2068722.9603961
"311001003602","Puente Aranda",3,-74.1207735501,4.5972471544,4875726.39975422,2066088.49885408
"311001004609","Puente Aranda",3,-74.1053060997,4.6025592229,4877442.58270523,2066672.88245944
"311001004846","Puente Aranda",3,-74.1191889597,4.6205173927,4875906.16152688,2068659.90901897
"311001007403","Puente Aranda",3,-74.1270701797,4.5983185513,4875028.31441414,2066208.00142277
"311001008591","Puente Aranda",3,-74.1092306299,4.6097916084,4877008.61583931,2067472.83405043
"311001011281","Puente Aranda",3,-74.1065147497,4.6027955668,4877308.59035041,2066699.20925655
"311001015112","Puente Aranda",3,-74.1278583696,4.6074436531,4874942.50045492,2067216.59301061
"311001016984","Puente Aranda",3,-74.1124364503,4.6208626796,4876655.02217188,2068696.89309546
"311001020159","Puente Aranda",3,-74.1140582499,4.6047282553,4876472.38883299,2066914.09888895
"311001024472","Puente Aranda",3,-74.1200844596,4.6006642623,4875803.40916518,2066466.01710925
"311001029342","Puente Aranda",3,-74.1157702304,4.6060446979,4876282.76683345,2067059.88057269
"311001030308","Puente Aranda",3,-74.10697884,4.5990488273,4877256.48341495,2066285.22392224
"311001030332","Puente Aranda",3,-74.1159555897,4.6068681104,4876262.35387053,2067150.91116884
"311001032297","Puente Aranda",3,-74.1143647802,4.617539359,4876440.61027282,2068329.95516728
"311001033366","Puente Aranda",3,-74.1009915902,4.6079289816,4877921.95404765,2067265.57262212
"311001034559","Puente Aranda",3,-74.1284570096,4.601942393,4874875.15301029,2066608.73030184
"311001035156","Puente Aranda",3,-74.1258014198,4.615668993,4875172.04150073,2068125.24936048
"311001035903","Puente Aranda",3,-74.1291792704,4.6064453983,4874795.84482934,2067106.50337699
"311001037566","Puente Aranda",3,-74.1078478604,4.6143898662,4877162.74637446,2067980.76524029
"311001038244","Puente Aranda",3,-74.1135382996,4.617230797,4876532.20753351,2068295.71136497
"311001039003","Puente Aranda",3,-74.1137019502,4.6047416911,4876511.90287209,2066915.52204421
"311001039283","Puente Aranda",3,-74.1089585598,4.6235316684,4877041.15253715,2068991.2502341
"311001040354","Puente Aranda",3,-74.1267836701,4.614544806,4875062.91981353,2068001.18302054
"311001041521","Puente Aranda",3,-74.1287489297,4.6026625694,4874842.90617557,2066688.37123967
"311001041857","Puente Aranda",3,-74.1162322196,4.6241241043,4876234.66716469,2069057.98531981
"311001044074","Puente Aranda",3,-74.1104831302,4.6056609046,4876869.01059675,2067016.55135023
"311001045267","Puente Aranda",3,-74.1252817498,4.6006277372,4875227.04624786,2066462.88653749
"311001051747","Puente Aranda",3,-74.11719339,4.6035076047,4876124.50726349,2066779.74364269
"311001051755","Puente Aranda",3,-74.1076981597,4.5997977872,4877176.84260354,2066368.11772208
"311001076316","Puente Aranda",3,-74.1227240198,4.6150578272,4875513.19809483,2068057.16799774
"311001087792","Puente Aranda",3,-74.1171145997,4.6150913994,4876135.25076676,2068059.89976783
"311001089167","Puente Aranda",3,-74.1170300197,4.6105762498,4876143.84764423,2067560.89843143
"311001090912","Puente Aranda",3,-74.1042726904,4.6011805574,4877556.94661806,2066520.34416636
"311001091056","Puente Aranda",3,-74.1103047598,4.6211076383,4876891.4519275,2068723.59492516
"311001092893","Puente Aranda",3,-74.1112456598,4.6130092797,4876785.71625665,2067828.77867307
"311001093041","Puente Aranda",3,-74.1205083396,4.6250681514,4875760.64511453,2069163.06205245
"311001093717","Puente Aranda",3,-74.1165924296,4.6176086342,4876193.59222502,2068337.99826904
"311001094021","Puente Aranda",3,-74.1318817701,4.6000026606,4874495.02213386,2066394.96310934
"311001094055","Puente Aranda",3,-74.1333268001,4.5978785569,4874334.40164232,2066160.47307127
"311001094462","Puente Aranda",3,-74.1269829901,4.5971542129,4875037.78048981,2066079.3102517
"311001101175","Puente Aranda",3,-74.1200176501,4.5999083673,4875810.68704951,2066382.46855878
"311001102619","Puente Aranda",3,-74.1082834498,4.5997211346,4877111.92361049,2066359.74724555
"311001102627","Puente Aranda",3,-74.1163821798,4.6126323417,4876216.0450957,2067788.01247143
"311001102635","Puente Aranda",3,-74.11467158,4.6068488519,4876404.73996029,2067148.56018454
"311001102961","Puente Aranda",3,-74.1258948096,4.6114260447,4875160.94395137,2067656.35971218
"311001106011","Puente Aranda",3,-74.1206390903,4.5993472734,4875741.67479016,2066320.56793105
"311001106029","Puente Aranda",3,-74.1018282101,4.6050005781,4877828.67831584,2066942.08844305
"311001106037","Puente Aranda",3,-74.1222448297,4.6144725496,4875566.2351487,2067992.4028224
"311001106070","Puente Aranda",3,-74.1198832397,4.5990250797,4875825.43955602,2066284.82960563
"311001106541","Puente Aranda",3,-74.1155635299,4.6167037161,4876307.53295245,2068237.81335387
"311001107688","Puente Aranda",3,-74.1081646198,4.6001036364,4877125.16686734,2066401.99841434
"311001108625","Puente Aranda",3,-74.1174315801,4.5972288054,4876097.00763289,2066085.89075869
"311001108633","Puente Aranda",3,-74.1220846601,4.6174115783,4875584.50888145,2068317.17882607
"311001109389","Puente Aranda",3,-74.1082976702,4.5997342991,4877110.34890121,2066361.20454646
"311001109401","Puente Aranda",3,-74.1300446301,4.603083809,4874699.29248932,2066735.15155761
"311001109567","Puente Aranda",3,-74.1160638798,4.6176886453,4876252.21842426,2068346.7486564
"311001110620","Puente Aranda",3,-74.12083995,4.599164592,4875719.3686359,2066300.41402332
"111001013323","La Candelaria",NA,-74.0692692299,4.5982391183,4881438.14006335,2066189.37260966
"111001013358","La Candelaria",2,-74.0711855403,4.5956138648,4881225.19790843,2065899.56850246
"111001013340","La Candelaria",3,-74.0679969001,4.6015114473,4881579.77442504,2066550.79334493
"111001013374","La Candelaria",2,-74.0699910496,4.5929234233,4881357.21549759,2065602.0438655
"311001000271","La Candelaria",2,-74.0753614496,4.5910667447,4880761.35693768,2065397.75102058
"311001000964","La Candelaria",2,-74.0700378698,4.5997496243,4881353.15249967,2066356.42939054
"311001001391","La Candelaria",2,-74.0715996897,4.5971611793,4881179.52734352,2066070.63436689
"311001001952","La Candelaria",3,-74.0735911702,4.5951551901,4880958.350633,2065849.27945235
"311001003084","La Candelaria",NA,-74.0760568202,4.5969403978,4880685.2201129,2066046.97785414
"311001005451","La Candelaria",2,-74.0732754097,4.5977240801,4880993.79299266,2066133.12059449
"311001006351","La Candelaria",2,-74.0729053299,4.597990433,4881034.87689699,2066162.49422389
"311001009121","La Candelaria",3,-74.0748568902,4.5948278029,4880817.93467639,2065813.30999855
"311001009376","La Candelaria",3,-74.0745484204,4.5932274219,4880851.8766461,2065636.39689734
"311001017417","La Candelaria",3,-74.0729975698,4.5960706534,4881024.3295515,2065950.35051114
"311001028486","La Candelaria",2,-74.0736963001,4.5917086077,4880946.12061038,2065468.40749437
"311001091561","La Candelaria",3,-74.0676758602,4.6004398779,4881615.19861124,2066432.31880831
"311001092435","La Candelaria",2,-74.0737947402,4.5932891851,4880935.46622338,2065643.09698814
"311001097216","La Candelaria",2,-74.0793489203,4.5933397178,4880319.54369663,2065649.6083954
"311001800146","La Candelaria",NA,-74.0737705099,4.5932130968,4880938.14061486,2065634.68426984
"111001010928","Rafael Uribe Uribe",3,-74.12079046,4.5793179654,4875721.42353287,2064107.07666032
"111001014915","Rafael Uribe Uribe",3,-74.1233773601,4.5831660464,4875435.20532241,2064532.79213102
"111001017973","Rafael Uribe Uribe",2,-74.1192471004,4.5757933924,4875891.97289389,2063717.29540364
"111001014583","Rafael Uribe Uribe",3,-74.1206674303,4.5813581039,4875735.41958509,2064332.51901038
"111001011029","Rafael Uribe Uribe",2,-74.1157894804,4.5669020257,4876273.89498821,2062734.08090978
"111001018091","Rafael Uribe Uribe",3,-74.1163124598,4.5674492108,4876215.99011531,2062794.64232461
"111001107824","Rafael Uribe Uribe",3,-74.1215798698,4.5687176896,4875632.04991357,2062935.73544689
"111001011819","Rafael Uribe Uribe",3,-74.1038365601,4.5808060072,4877601.83857101,2064268.61047467
"111001012611","Rafael Uribe Uribe",3,-74.1190069502,4.5798297234,4875919.30079715,2064163.3243048
"111001012815","Rafael Uribe Uribe",3,-74.1172947999,4.5796970047,4876109.15309107,2064148.36114695
"111001012971","Rafael Uribe Uribe",3,-74.1203677398,4.5847647316,4875769.24312459,2064708.94679302
"111001014605","Rafael Uribe Uribe",3,-74.1278275098,4.5858558272,4874942.15858174,2064830.82586919
"111001110680","Rafael Uribe Uribe",3,-74.1193306096,4.5840123397,4875884.1288691,2064625.61734751
"111001013811","Rafael Uribe Uribe",2,-74.1140324601,4.5474784784,4876465.4328317,2060587.21311234
"111001107719","Rafael Uribe Uribe",2,-74.1122446304,4.5473624098,4876663.68951906,2060574.08051213
"111001014028","Rafael Uribe Uribe",3,-74.1253150899,4.5786734828,4875219.53535824,2064036.63760628
"111001014591","Rafael Uribe Uribe",3,-74.1260386101,4.5776360818,4875139.11775106,2063922.11602187
"111001012645","Rafael Uribe Uribe",3,-74.1280617599,4.5830462281,4874915.6920107,2064520.36619374
"111001014664","Rafael Uribe Uribe",3,-74.1162711202,4.5843023858,4876223.46997531,2064657.14233462
"111001014672","Rafael Uribe Uribe",3,-74.1176616404,4.5882624277,4876069.94690956,2065095.02194758
"111001014656","Rafael Uribe Uribe",3,-74.1131907899,4.5865473917,4876565.45730188,2064904.71484653
"111001014958","Rafael Uribe Uribe",3,-74.1105355299,4.579150009,4876858.65243022,2064086.74696297
"111001015172","Rafael Uribe Uribe",3,-74.1088663397,4.5765166048,4877043.31339877,2063795.43410583
"111001015733","Rafael Uribe Uribe",3,-74.1092540301,4.583716414,4877001.54923768,2064591.17645732
"111001012840","Rafael Uribe Uribe",3,-74.1092550102,4.5860552218,4877001.84060286,2064849.64643296
"111001018058","Rafael Uribe Uribe",3,-74.1207505901,4.5719583007,4875724.57569977,2063293.72456605
"111001018031","Rafael Uribe Uribe",3,-74.1200269701,4.5713546909,4875804.72114919,2063226.89221915
"111001028355","Rafael Uribe Uribe",2,-74.1242370397,4.5650765922,4875336.73961985,2062533.80330865
"111001020095","Rafael Uribe Uribe",NA,-74.1083373604,4.5646687971,4877099.95797311,2062486.00186042
"111001027332","Rafael Uribe Uribe",3,-74.1081886399,4.5789944061,4877118.89224984,2064069.14838538
"111001015130","Rafael Uribe Uribe",3,-74.1025830204,4.5773097261,4877740.25984293,2063882.01137454
"111001106810","Antonio Narino",3,-74.0969519697,4.5837964952,4878365.83023357,2064597.92714711
"111001027383","Rafael Uribe Uribe",2,-74.1120764002,4.5581038966,4876684.17592976,2061761.13109492
"111001075141","Rafael Uribe Uribe",2,-74.1162609702,4.5596600633,4876220.36581589,2061933.82605535
"111001098957","Rafael Uribe Uribe",1,-74.1208176403,4.5619007346,4875715.4083393,2062182.2356307
"111001028380","Rafael Uribe Uribe",2,-74.1097396899,4.5431505051,4876940.78128272,2060108.18150988
"111001030015","Rafael Uribe Uribe",3,-74.1013395796,4.568510085,4877876.66493732,2062909.32355155
"111001032395","Rafael Uribe Uribe",3,-74.1052865299,4.584287491,4877441.6329223,2064653.60847258
"111001034134","Rafael Uribe Uribe",3,-74.1147388001,4.5806822816,4876392.77902737,2064256.80681579
"111001036765","Rafael Uribe Uribe",2,-74.1100663398,4.5730138098,4876909.63653213,2063408.53364691
"111001018112","Rafael Uribe Uribe",2,-74.1128583998,4.5743776321,4876600.23211942,2063559.73350195
"111001017981","Rafael Uribe Uribe",2,-74.1160947504,4.5715614914,4876240.8395643,2063249.0681999
"111001015148","Rafael Uribe Uribe",NA,-74.10943229,4.5681881443,4876979.1292635,2062875.1240838
"111001012912","Rafael Uribe Uribe",2,-74.1160322303,4.5744113701,4876248.26220724,2063564.00809036
"111001041611","Rafael Uribe Uribe",2,-74.1100977503,4.5475514991,4876901.81784475,2060594.61127834
"111001087815","Rafael Uribe Uribe",2,-74.1076572298,4.5453747794,4877172.11081378,2060353.63938559
"111001076376","Rafael Uribe Uribe",2,-74.1179589397,4.555262591,4876031.30454697,2061448.13687849
"111001078930","Rafael Uribe Uribe",1,-74.1167635398,4.5435825739,4876161.88137109,2060157.13003984
"111001801331","Rafael Uribe Uribe",1,-74.1133678299,4.5445621128,4876538.64615324,2060264.80165467
"111001098965","Rafael Uribe Uribe",2,-74.1172973601,4.5739704011,4876107.88425904,2063515.49305298
"111001102091","Rafael Uribe Uribe",2,-74.1076637399,4.5534974348,4877172.76549746,2061251.3021593
"111001107794","Rafael Uribe Uribe",NA,-74.1154763196,4.5592637022,4876307.3170587,2061889.88799154
"311001000441","Rafael Uribe Uribe",3,-74.1220619803,4.5692282938,4875578.67166207,2062992.24771125
"311001001049","Rafael Uribe Uribe",3,-74.1038324099,4.5696080324,4877600.39679893,2063031.08507358
"311001001332","Rafael Uribe Uribe",1,-74.0998143903,4.5703459518,4878046.11831647,2063111.95204731
"311001001553","Rafael Uribe Uribe",3,-74.1198020203,4.5697518629,4875829.39217878,2063049.71868087
"311001002321","Rafael Uribe Uribe",3,-74.0963556599,4.5752768821,4878430.5206914,2063656.29799371
"311001002380","Rafael Uribe Uribe",3,-74.1089691599,4.5816734733,4877032.79149468,2064365.35510583
"311001003891","Rafael Uribe Uribe",3,-74.1130003704,4.5846582789,4876586.25005562,2064695.90931401
"311001004986","Rafael Uribe Uribe",3,-74.0980302903,4.5780224199,4878245.2706316,2063959.99947241
"311001006466","Rafael Uribe Uribe",3,-74.1209907699,4.5801580578,4875699.35445359,2064199.95325597
"311001009007","Rafael Uribe Uribe",3,-74.1134967597,4.5817250366,4876530.69816028,2064371.83153259
"311001010099","Rafael Uribe Uribe",3,-74.1041140497,4.5754569262,4877570.15616681,2063677.51336412
"311001012598","Rafael Uribe Uribe",3,-74.1277363496,4.5844658038,4874952.02632386,2064677.19266215
"311001016623","Rafael Uribe Uribe",2,-74.1136523704,4.5727990213,4876511.91091904,2063385.41197782
"311001016828","Rafael Uribe Uribe",3,-74.1230436404,4.57578764,4875470.93800072,2063717.31703216
"311001025207","Rafael Uribe Uribe",3,-74.1043734302,4.5705098548,4877540.55090301,2063130.84053261
"311001026459","Rafael Uribe Uribe",3,-74.1130671701,4.5774147776,4876577.59991503,2063895.41527121
"311001027200","Rafael Uribe Uribe",3,-74.0989949498,4.574230766,4878137.65031624,2063541.13583842
"311001031720","Rafael Uribe Uribe",2,-74.1106277698,4.5557771851,4876844.43548674,2061503.75048127
"311001038911","Rafael Uribe Uribe",2,-74.1092994804,4.5487697342,4876990.55531558,2060729.10659172
"311001042977","Rafael Uribe Uribe",2,-74.1061456301,4.5535062302,4877341.12879057,2061252.01591155
"311001043787","Rafael Uribe Uribe",3,-74.1039348098,4.5692509319,4877588.9801035,2062991.63817145
"311001043850","Rafael Uribe Uribe",3,-74.0989998797,4.578353334,4878137.80092313,2063996.7343791
"311001043876","Rafael Uribe Uribe",1,-74.1119430004,4.5425383854,4876696.32135526,2060040.90934845
"311001046611","Rafael Uribe Uribe",2,-74.1190824401,4.5547150823,4875906.61175189,2061387.82283794
"311001047499","Rafael Uribe Uribe",3,-74.11300541,4.5769988633,4876584.37777092,2063849.44046527
"311001051798","Rafael Uribe Uribe",2,-74.1108710299,4.5572175817,4876817.70264525,2061662.97525487
"311001051852","Rafael Uribe Uribe",2,-74.1115987201,4.5543553927,4876736.51295178,2061346.78913075
"311001075361","Rafael Uribe Uribe",3,-74.0970829396,4.5776414607,4878350.26572479,2063917.73787509
"311001075859","Rafael Uribe Uribe",3,-74.1261454701,4.5909619754,4875129.58087694,2065394.83401777
"311001077541","Tunjuelito",3,-74.1292002002,4.5781091047,4874788.58176205,2063974.94257666
"311001077681","Rafael Uribe Uribe",2,-74.1199793001,4.5562263204,4875807.40701647,2061554.9898653
"311001087130","Rafael Uribe Uribe",3,-74.1208570997,4.5864143448,4875715.25926316,2064891.33687698
"311001088250","Rafael Uribe Uribe",3,-74.1262770401,4.5881643407,4875114.50375813,2065085.67877971
"311001089981","Rafael Uribe Uribe",2,-74.1082809597,4.5513906926,4877103.95689596,2061018.58410913
"311001090190","Rafael Uribe Uribe",3,-74.0967557103,4.5737865347,4878385.90421413,2063491.6629778
"311001091293","Rafael Uribe Uribe",3,-74.1002476603,4.5792265752,4877999.57229085,2064093.45101694
"311001091854","Rafael Uribe Uribe",3,-74.1198998298,4.5813139352,4875820.53769624,2064327.50479007
"311001091862","Rafael Uribe Uribe",2,-74.1082828902,4.5484213319,4877103.23920245,2060690.43043704
"311001092052","Rafael Uribe Uribe",3,-74.1101756504,4.5853309983,4876899.62002984,2064769.76806369
"311001092541","Rafael Uribe Uribe",2,-74.1144944197,4.5552364036,4876415.52345149,2061444.64825058
"311001092818","Rafael Uribe Uribe",2,-74.1206877601,4.5590675676,4875729.32524059,2061869.10905135
"311001093199","Rafael Uribe Uribe",2,-74.1106121499,4.5426286368,4876843.93345125,2060050.65658702
"311001093253","Rafael Uribe Uribe",3,-74.1256638698,4.5848615547,4875181.92939,2064720.56742111
"311001093881","Rafael Uribe Uribe",3,-74.09881145,4.5754960969,4878158.21414387,2063680.94031736
"311001094942","Rafael Uribe Uribe",3,-74.1238486998,4.5749033054,4875381.5044134,2063619.72534081
"311001095523","Rafael Uribe Uribe",3,-74.1163854201,4.580324284,4876210.10992004,2064217.52714483
"311001096465","Rafael Uribe Uribe",2,-74.1118177402,4.556752632,4876712.63149287,2061611.75386396
"311001101213","Rafael Uribe Uribe",3,-74.1193865504,4.5876749021,4875878.55748235,2065030.39097536
"311001101850","Rafael Uribe Uribe",3,-74.1077662996,4.5857523779,4877166.88286378,2064815.92269461
"311001101884","Rafael Uribe Uribe",3,-74.12120683,4.5683178062,4875673.3513109,2062891.47827321
"311001102325","Rafael Uribe Uribe",3,-74.1133902303,4.5761136991,4876541.54993157,2063751.68394461
"311001102333","Rafael Uribe Uribe",2,-74.11762969,4.5564925948,4876068.0297623,2061584.01258548
"311001102805","Rafael Uribe Uribe",3,-74.1183496502,4.5862140064,4875993.29502333,2064868.76217044
"311001102821","Rafael Uribe Uribe",2,-74.1122446304,4.5473624098,4876663.68951906,2060574.08051213
"311001106100","Rafael Uribe Uribe",2,-74.1141566504,4.5605920218,4876453.89755252,2062036.45899142
"311001106118","Rafael Uribe Uribe",3,-74.1237483203,4.5730085213,4875392.30890777,2063410.30775507
"311001106126","Rafael Uribe Uribe",3,-74.1281834897,4.583910211,4874902.34261696,2064615.86980432
"311001106151","Rafael Uribe Uribe",3,-74.0953105698,4.5752426677,4878546.41386028,2063652.34002153
"311001106169","Rafael Uribe Uribe",3,-74.1281936604,4.5897561198,4874902.23215381,2065261.92753857
"311001106177","Rafael Uribe Uribe",3,-74.0956902302,4.5764198827,4878504.5085993,2063782.5017554
"311001106452","Rafael Uribe Uribe",2,-74.1138720704,4.5572746047,4876484.89129693,2061669.79053432
"311001108315","Rafael Uribe Uribe",3,-74.1172961797,4.5688199199,4876107.13039161,2062946.29386965
"311001108374","Rafael Uribe Uribe",3,-74.1183783298,4.5678832637,4875986.95864579,2062842.96698802
"311001110417","Tunjuelito",NA,-74.1442376998,4.593193923,4873123.59111318,2065644.67957737
"311001110549","Rafael Uribe Uribe",2,-74.1116539899,4.5545051382,4876730.40890852,2061363.34747622
"311001110697","Rafael Uribe Uribe",2,-74.0963415204,4.5769112667,4878432.36451451,2063836.91633254
"311001110701","Rafael Uribe Uribe",3,-74.12936452,4.5820114947,4874771.03770082,2064406.2408609
"311001800120","Rafael Uribe Uribe",3,-74.10253963,4.5763719859,4877744.91262441,2063778.37129754
"311001800201","Rafael Uribe Uribe",2,-74.1103233199,4.5544430457,4876877.9726528,2061356.25816608
"311001800324","Rafael Uribe Uribe",2,-74.1187224897,4.5542427728,4875946.45022601,2061335.56423157
"311001800937","Rafael Uribe Uribe",NA,-74.1116151099,4.5566389738,4876735.08422215,2061599.15844517
"111001014486","Ciudad Bolivar",2,-74.1364856198,4.5552485382,4873976.64221885,2061449.79467816
"111001014524","Ciudad Bolivar",1,-74.1482981801,4.5472086492,4872665.17665114,2060563.34220381
"111001020320","Ciudad Bolivar",2,-74.1651124602,4.5872579658,4870807.55485301,2064992.40005831
"111001027251","Ciudad Bolivar",2,-74.1384836904,4.5510422209,4873754.31654489,2060985.28508171
"111001028266","Ciudad Bolivar",2,-74.1381259004,4.5533864992,4873794.40532828,2061244.2992116
"111001030821","Ciudad Bolivar",1,-74.1429164397,4.5526068312,4873262.98105515,2061158.97416299
"111001106241","Ciudad Bolivar",1,-74.1488735798,4.5574303422,4872603.16012727,2061693.09291584
"111001075302","Ciudad Bolivar",1,-74.1478238598,4.5552228998,4872719.18917994,2061448.95230557
"111001030830","Ciudad Bolivar",1,-74.1416152597,4.5558402831,4873407.85220926,2061516.08947808
"111001027375","Ciudad Bolivar",1,-74.1370595804,4.5501355528,4873912.09797182,2060884.83627933
"111001030848","Ciudad Bolivar",2,-74.1525314604,4.5748481213,4872200.57200827,2063618.66748619
"111001033928","Ciudad Bolivar",1,-74.14904249,4.5389132081,4872581.17262564,2059646.70384141
"111001093351","Ciudad Bolivar",1,-74.13644976,4.5602744761,4873981.49476106,2062005.22707749
"111001107131","Ciudad Bolivar",1,-74.1492597997,4.5349679457,4872556.37976876,2059210.73197235
"111001034240","Ciudad Bolivar",2,-74.1491164097,4.5636008618,4872577.31711906,2062375.07034399
"111001043028","Ciudad Bolivar",1,-74.1567089903,4.5652413354,4871735.57257443,2062557.71596888
"111001034754","Ciudad Bolivar",1,-74.1456238901,4.5490864244,4872962.09717187,2060770.39330218
"111001029599","Ciudad Bolivar",2,-74.1436244101,4.5532057134,4873184.56934959,2061225.28381855
"111001035572","Ciudad Bolivar",2,-74.14234514,4.5606866328,4873327.75489389,2062051.81032833
"111001013625","Ciudad Bolivar",2,-74.1442472902,4.5593474897,4873116.56659338,2061904.15004147
"111001036561","Ciudad Bolivar",1,-74.1509521197,4.5400161877,4872369.57682022,2059768.93599846
"111001036781","Ciudad Bolivar",2,-74.15408277,4.5732955684,4872028.2549606,2063447.36312178
"111001013404","Ciudad Bolivar",2,-74.1347194502,4.5550787521,4874172.48634255,2061430.72250006
"111001800911","Ciudad Bolivar",NA,-74.1550321303,4.5783180864,4871923.86273672,2064002.59687023
"111001044385","Ciudad Bolivar",2,-74.1354419499,4.5575236963,4874092.78431996,2061701.05010295
"111001045730","Ciudad Bolivar",1,-74.1581161796,4.5724071429,4871580.78718592,2063349.89826041
"111001043893","Ciudad Bolivar",1,-74.16125107,4.5715710603,4871232.97425466,2063258.05927422
"111001046663","Ciudad Bolivar",1,-74.1526787796,4.5534719647,4872180.45173249,2061256.30622909
"111001086827","Ciudad Bolivar",1,-74.1503485102,4.5578151966,4872439.65337536,2061735.88591202
"111001047457","Ciudad Bolivar",1,-74.1472429301,4.5338227013,4872779.86366976,2059083.81105955
"111001047571","Ciudad Bolivar",1,-74.1573424103,4.569090469,4871666.00909279,2062983.21689685
"111001075086","Ciudad Bolivar",1,-74.1622721796,4.5689855837,4871119.26966707,2062972.50718186
"111001047678","Ciudad Bolivar",1,-74.1622277803,4.5511724402,4871121.01833606,2061003.87202266
"111001104213","Ciudad Bolivar",1,-74.1590750701,4.5495586952,4871470.38234625,2060824.96643469
"111001106569","Ciudad Bolivar",1,-74.1591133697,4.5522067114,4871466.60453751,2061117.61950255
"111001801489","Ciudad Bolivar",NA,-74.1639530703,4.5500454062,4870929.47468263,2060879.62558434
"111001075329","Ciudad Bolivar",2,-74.1637818101,4.5864522747,4870954.97832561,2064903.11875285
"111001075663","Ciudad Bolivar",1,-74.1424167303,4.5449046747,4873317.05451581,2060307.68543594
"111001104230","Ciudad Bolivar",1,-74.1444034597,4.5422621999,4873096.2542461,2060016.00162029
"111001104248","Ciudad Bolivar",1,-74.1426093201,4.5431322684,4873295.38584404,2060111.84236538
"111001106577","Ciudad Bolivar",1,-74.1452959098,4.5442919727,4872997.63191819,2060240.47804469
"111001075752","Ciudad Bolivar",2,-74.1374621604,4.5445740748,4873866.48274683,2060270.28296407
"111001076937","Ciudad Bolivar",2,-74.1468239199,4.5660155032,4872831.98459548,2062641.51871105
"111001013633","Ciudad Bolivar",2,-74.1489884501,4.5629733494,4872591.39747653,2062305.6982087
"111001075213","Ciudad Bolivar",2,-74.14957262,4.5618086821,4872526.40616913,2062177.08845978
"111001086584","Ciudad Bolivar",1,-74.1478108297,4.5476114806,4872719.29686306,2060607.77518168
"111001075230","Ciudad Bolivar",1,-74.1529745202,4.5502601164,4872147.08595908,2060901.40106875
"111001065307","Ciudad Bolivar",1,-74.1538958998,4.5668557043,4872047.83685812,2062735.62737667
"111001086762","Ciudad Bolivar",1,-74.1397868099,4.5393887649,4873607.76503595,2059697.63698638
"111001014508","Ciudad Bolivar",1,-74.14216257,4.5370851201,4873343.87806902,2059443.46594776
"111001086801","Ciudad Bolivar",NA,-74.1647133001,4.577977043,4870850.15532706,2063966.6413812
"111001044431","Ciudad Bolivar",1,-74.1655097204,4.5720195974,4870760.76331584,2063308.39407518
"111001045004","Ciudad Bolivar",1,-74.1687534102,4.5810339276,4870402.65423892,2064305.20358199
"111001047481","Ciudad Bolivar",1,-74.1634309003,4.5756339312,4870991.95471027,2063707.46049725
"111001086835","Ciudad Bolivar",NA,-74.1695785003,4.5748574,4870310.03911606,2063622.74902971
"111001098981","Ciudad Bolivar",1,-74.1813817702,4.5892604617,4869003.65979159,2065216.66367049
"111001044423","Ciudad Bolivar",1,-74.1695599204,4.5706767351,4870311.34763307,2063160.71635184
"111001104108","Ciudad Bolivar",1,-74.1700844099,4.5716054557,4870253.3477594,2063263.44927021
"111001092410","Ciudad Bolivar",2,-74.1760935902,4.592696308,4869590.74036254,2065595.41439619
"111001075221","Ciudad Bolivar",1,-74.1819229504,4.5917304554,4868944.09384755,2065489.73726578
"111001096555","Ciudad Bolivar",NA,-74.1649453098,4.5782864054,4870824.48078096,2064000.87251182
"111001045721","Ciudad Bolivar",1,-74.1621997304,4.5733180426,4871128.07855815,2063451.29788382
"111001098973","Ciudad Bolivar",1,-74.1456029801,4.536736482,4872962.25440901,2059405.53898869
"111001100013","Ciudad Bolivar",1,-74.13932693,4.5403779557,4873658.9404089,2059806.87661017
"111001100021","Ciudad Bolivar",1,-74.1637500402,4.5679433698,4870955.18555869,2062857.59143221
"111001107115","Ciudad Bolivar",1,-74.1612997101,4.5423407419,4871222.37723404,2060027.66812292
"111001107816","Ciudad Bolivar",2,-74.1696894602,4.5908848034,4870300.62318329,2065394.05018948
"111001107859","Ciudad Bolivar",2,-74.1391686603,4.5443521622,4873677.18505349,2060246.05637903
"111001109304","Ciudad Bolivar",1,-74.1528949996,4.5495060004,4872155.77211148,2060818.04582423
"111001800414","Ciudad Bolivar",2,-74.15896071,4.583861695,4871489.17178207,2064615.9531586
"111001800422","Ciudad Bolivar",NA,-74.15498077,4.5873131203,4871931.15994587,2064996.67581089
"111001800571","Ciudad Bolivar",NA,-74.1642797202,4.582596036,4870899.0681114,2064477.03400632
"111001800635","Ciudad Bolivar",1,-74.1645965003,4.5764471724,4870862.8342239,2063797.54584433
"111001801276","Ciudad Bolivar",NA,-74.1530967603,4.5815012757,4872139.06113487,2064354.04233021
"111001801314","Ciudad Bolivar",NA,-74.16259363,4.5864336558,4871086.74337196,2064900.84714129
"211850001121","Ciudad Bolivar",NA,-74.1567449202,4.4446685803,4871710.45462757,2049232.61761462
"211850001155","Ciudad Bolivar",NA,-74.1521741204,4.4070254077,4872210.99365791,2045071.70378582
"211850001139","Ciudad Bolivar",NA,-74.15318538,4.4282614208,4872102.45746311,2047418.76811078
"211850001171","Ciudad Bolivar",NA,-74.1647646999,4.5138092267,4870833.02737879,2056875.11318537
"211001020251","Ciudad Bolivar",NA,-74.1659667401,4.5277879263,4870702.1867554,2058420.18903804
"211850001180","Ciudad Bolivar",NA,-74.1482233702,4.4887587669,4872663.27486765,2054103.7540398
"211850001317","Ciudad Bolivar",2,-74.152,4.5110000003,4872248.27262886,2056562.39892338
"311001000514","Ciudad Bolivar",2,-74.1438676604,4.5505452716,4873157.1260865,2060931.30865695
"311001001235","Ciudad Bolivar",2,-74.1403793099,4.5487016549,4873543.67655386,2060726.95024202
"311001004871","Ciudad Bolivar",2,-74.1477406596,4.5624529748,4872729.68875405,2062247.96839318
"311001005109","Ciudad Bolivar",2,-74.1677135798,4.5881930117,4870519.26088804,2065096.20705985
"311001016631","Ciudad Bolivar",1,-74.14274165,4.5491831306,4873281.76704031,2060780.57439195
"311001017531","Ciudad Bolivar",1,-74.1710865596,4.568241178,4870141.60185174,2062891.82442637
"311001030537","Ciudad Bolivar",3,-74.1549850702,4.5918312837,4871931.48858669,2065496.00247487
"311001033498","Ciudad Bolivar",2,-74.1427228097,4.5625421151,4873286.19568122,2062256.93478626
"311001034788","Ciudad Bolivar",2,-74.1660078596,4.5912414481,4870708.9726214,2065432.79882349
"311001036951","Ciudad Bolivar",2,-74.1376611696,4.5512270692,4873845.56943277,2061005.56969524
"311001037507","Ciudad Bolivar",2,-74.1451864402,4.5654547946,4873013.48546591,2062579.26292187
"311001038368","Ciudad Bolivar",2,-74.1402991802,4.5625711803,4873554.9865668,2062259.72086883
"311001039780","Ciudad Bolivar",2,-74.1648623199,4.5879299727,4870835.41602664,2065066.62219331
"311001039852","Ciudad Bolivar",2,-74.16570081,4.588254718,4870742.4865582,2065102.66292856
"311001041113","Ciudad Bolivar",1,-74.1710865596,4.568241178,4870141.60185174,2062891.82442637
"311001041270","Ciudad Bolivar",2,-74.1474791897,4.5679600174,4872759.65668914,2062856.53230296
"311001042870","Ciudad Bolivar",2,-74.1540274302,4.5756304748,4872034.80677482,2063705.39579641
"311001043001","Ciudad Bolivar",2,-74.1730220401,4.59372183,4869931.55749904,2065708.19171016
"311001043248","Ciudad Bolivar",2,-74.1513414504,4.5775686069,4872333.02702586,2063919.1104471
"311001043744","Ciudad Bolivar",2,-74.1578261298,4.5775515602,4871613.87061572,2063918.38326458
"311001044236","Ciudad Bolivar",3,-74.1579547002,4.5923578799,4871602.25600128,2065554.73166765
"311001044881","Ciudad Bolivar",2,-74.1754458501,4.5946405169,4869662.92709668,2065810.16261449
"311001045542","Ciudad Bolivar",2,-74.1435531297,4.5595936838,4873193.59409268,2061931.23590889
"311001046263","Ciudad Bolivar",2,-74.1534539996,4.575776634,4872098.42653901,2063721.44643879
"311001046760","Ciudad Bolivar",2,-74.1461941299,4.5665799956,4872901.92883382,2062703.79221512
"311001046824","Ciudad Bolivar",2,-74.1385963203,4.554556408,4873742.43816108,2061373.67339621
"311001047979","Ciudad Bolivar",3,-74.1649525197,4.5897449752,4870825.73927332,2065267.22459516
"311001050228","Ciudad Bolivar",NA,-74.1491394102,4.5694340284,4872575.79584072,2063019.72648716
"311001065527","Ciudad Bolivar",2,-74.1583739601,4.5776111891,4871553.12657814,2063925.07119151
"311001075034","Ciudad Bolivar",1,-74.1546035997,4.5412107927,4871964.81617403,2059901.6028974
"311001076421","Ciudad Bolivar",2,-74.1416067598,4.5485662878,4873407.52345621,2060712.20522952
"311001076448","Ciudad Bolivar",1,-74.1467144799,4.5524839291,4872841.74225856,2061146.05978814
"311001076715","Ciudad Bolivar",2,-74.1451556101,4.5669946954,4873017.17541581,2062749.43929394
"311001088705","Ciudad Bolivar",2,-74.1481421598,4.568149403,4872686.16565121,2062877.57956554
"311001089396","Ciudad Bolivar",1,-74.1486997998,4.5392587736,4872619.23965724,2059684.83363448
"311001089710","Ciudad Bolivar",1,-74.1728190496,4.5878094576,4869952.99819442,2065054.74344262
"311001091081","Ciudad Bolivar",2,-74.1524978499,4.5760417559,4872204.51113222,2063750.57614905
"311001092478","Ciudad Bolivar",3,-74.1578799496,4.5910524159,4871610.31227132,2065410.44444465
"311001092664","Ciudad Bolivar",1,-74.1466661497,4.5540073594,4872847.36979509,2061314.41288023
"311001093016","Ciudad Bolivar",1,-74.1699811997,4.5816163556,4870266.59687207,2064369.7930567
"311001093300","Ciudad Bolivar",2,-74.1630768598,4.5894506718,4871033.69498188,2065234.36128426
"311001093377","Ciudad Bolivar",2,-74.1499369803,4.5636549167,4872486.32347128,2062381.18950805
"311001093415","Ciudad Bolivar",2,-74.15213361,4.5733181491,4872244.42271047,2063449.51170391
"311001093431","Ciudad Bolivar",2,-74.17330291,4.5927717597,4869900.2372008,2065603.24487261
"311001093440","Ciudad Bolivar",2,-74.16658767,4.5867087211,4870643.85624097,2064931.96618423
"311001093792","Ciudad Bolivar",1,-74.1636161203,4.5688800716,4870970.20505349,2062961.08747562
"311001094730","Ciudad Bolivar",2,-74.1485389196,4.5644462953,4872641.51115204,2062468.40115874
"311001095051","Ciudad Bolivar",1,-74.15892199,4.5525253791,4871487.88595304,2061152.80307772
"311001095141","Ciudad Bolivar",1,-74.16856086,4.567458461,4870421.56749715,2062804.86634103
"311001098531","Ciudad Bolivar",1,-74.1749537,4.5768477578,4869714.28140524,2063843.6883148
"311001101264","Ciudad Bolivar",1,-74.1492539696,4.5468116212,4872559.10521435,2060519.63321665
"311001101647","Ciudad Bolivar",2,-74.1655291097,4.5887636758,4870761.61953531,2065158.87973853
"311001106185","Ciudad Bolivar",2,-74.1460170504,4.5699553561,4872922.16160118,2063076.78831804
"311001106207","Ciudad Bolivar",2,-74.1527006104,4.5750956182,4872181.85704216,2063646.04974286
"311001106215","Ciudad Bolivar",3,-74.1563495501,4.5913328422,4871780.08119697,2065441.16144474
"311001107629","Ciudad Bolivar",1,-74.1643120002,4.5718328857,4870893.55900932,2063287.54422552
"311001108218","Ciudad Bolivar",3,-74.1596948402,4.5909136641,4871409.0188531,2065395.43609655
"311001109001","Ciudad Bolivar",2,-74.1397979903,4.5547819082,4873609.2083358,2061398.80489812
"311001109613","Ciudad Bolivar",2,-74.1454416696,4.5704242937,4872986.05459274,2063128.5111858
"311001109648","Ciudad Bolivar",2,-74.1532465301,4.579853228,4872122.1588884,2064171.93481342
"311001110158","Ciudad Bolivar",2,-74.1537927902,4.5763955183,4872060.9643526,2063789.90288672
"311001110191","Ciudad Bolivar",2,-74.1742046299,4.592585443,4869800.20377145,2065582.81794764
"311001800243","Ciudad Bolivar",NA,-74.1605608997,4.5529970038,4871306.20742538,2061205.21690141
"311001800448","Ciudad Bolivar",2,-74.1435531297,4.5595936838,4873193.59409268,2061931.23590889
"411001098578","Ciudad Bolivar",NA,-74.1236353203,4.4829463891,4875389.42898594,2053457.17437201
"211001076346","Sumapaz",NA,-74.1715067798,4.1709691541,4870026.59277955,2018987.28431955
"211850001244","Sumapaz",NA,-74.1390372098,4.193529899,4873633.04031414,2021475.2660739
"211850001309","Sumapaz",NA,-74.1562670003,4.1958780001,4871721.66106292,2021737.5651016
"211850000167","Sumapaz",NA,-74.1430000001,4.2400000001,4873200.87700238,2026611.48991372
"211001030613","Sumapaz",NA,-74.1292517698,4.1916032327,4874718.48947171,2021260.77232798
"211850000094","Sumapaz",NA,-74.1457438503,4.218168411,4872892.88822267,2024199.2465098
"211850000973","Sumapaz",NA,-74.1876561503,4.1926421823,4868238.25986983,2021385.17055427
"211850000957","Sumapaz",NA,-74.1808172797,4.1473994831,4868989.59553584,2016384.02408049
"211850001228","Sumapaz",NA,-74.14743854,4.1612291731,4872695.64881616,2017906.95117699
"211850001236","Sumapaz",NA,-74.1469999996,4.1719999996,4872746.04142665,2019097.20468537
"211850001473","Sumapaz",NA,-74.3637046398,3.9856244653,4848664.69418693,1998536.82691029
"211850000175","Sumapaz",NA,-74.3359999999,3.9550000004,4851734.27556668,1995147.14118659
"211850000914","Sumapaz",NA,-74.3500000002,3.9829999996,4850185.35542023,1998244.26205631
"211850000850","Sumapaz",NA,-74.3266906499,3.9837725727,4852772.68526968,1998325.44888843
"211850000809","Sumapaz",NA,-74.3586748701,3.8907550497,4849205.89089267,1988050.74375384
"211850000795","Sumapaz",NA,-74.3497687999,3.9282311414,4850201.17843919,1992191.07403846
"211850000825","Sumapaz",NA,-74.3933451302,3.8295285821,4845346.14369584,1981290.05649571
"211850000906","Sumapaz",NA,-74.3055802201,4.000756661,4855118.7665439,2000198.78694537
"211850000833","Sumapaz",NA,-74.3004443297,4.0302866063,4855693.9861275,2003461.52106356
"211850001091","Sumapaz",NA,-74.3139999999,4.0290000001,4854189.26739781,2003321.73795297
"211850001040","Sumapaz",NA,-74.3262900103,4.0568895216,4852830.27067273,2006406.3200113
"211850001058","Sumapaz",NA,-74.3289331099,4.0941771443,4852543.7254402,2010527.86803115
"211850000817","Sumapaz",NA,-74.3437221696,4.0087217003,4850886.80462661,2001085.92514167
"211001030630","Sumapaz",NA,-74.3508407496,4.0316338866,4850100.89485374,2003619.52229954
