"divipola","municipio","departamento","area_elipsoide_km2","area_3116_km2","area_9377_km2","area_3857_km2","lon_centroide","lat_centroide"
"05667","San Rafael","Antioquia",363.8345107732,363.9286554172,363.6931392342,370.7066096824,-74.9985940792,6.3107463369
"05670","San Roque","Antioquia",424.7601462691,424.8547933904,424.561159779,433.013108098,-74.9318521858,6.4486762438
"05674","San Vicente","Antioquia",230.3820152491,230.4911951914,230.3915229612,234.7331327856,-75.3274012955,6.3103859327
"05679","Santa B<U+00E1>rbara","Antioquia",196.0347834844,196.1697497457,196.118141782,199.4206913651,-75.5833016541,5.8789781172
"05697","El Santuario","Antioquia",83.416166221,83.4510919722,83.410968263,84.9322242821,-75.2521228129,6.1242094166
"05736","Segovia","Antioquia",1127.2084480879,1127.3160745575,1126.3070361826,1153.0209923072,-74.6216804055,7.2669330336
"05756","Sonson","Antioquia",1345.9863077651,1346.4024482082,1345.5877219478,1368.6711782862,-75.0593986557,5.7625366407
"05761","Sopetr<U+00E1>n","Antioquia",218.8872789847,219.0719133312,219.0368146199,223.2026339916,-75.7458142437,6.5201612603
"05789","T<U+00E1>mesis","Antioquia",252.0356362234,252.2397437824,252.1945362914,256.2054679129,-75.7098019648,5.6737535793
"05790","Taraz<U+00E1>","Antioquia",1148.3740221638,1148.9853728583,1148.5374317086,1175.8281846478,-75.4018597945,7.4888602434
"05792","Tarso","Antioquia",120.3669473906,120.4790608227,120.466729248,122.4423639542,-75.8287103189,5.8710639568
"05809","Titirib<U+00ED>","Antioquia",140.2195690123,140.3457880405,140.3286096753,142.7334685023,-75.7996602314,6.058349066
"05842","Uramita","Antioquia",265.5981491636,265.9379999645,265.9619736256,271.2672813767,-76.1331904862,6.913916948
"05854","Valdivia","Antioquia",567.4020334692,567.7026518223,567.4816826916,580.3875330492,-75.400954632,7.2653912987
"05856","Valpara<U+00ED>so","Antioquia",126.0823116947,126.1747577409,126.1456293206,128.1586901032,-75.6308339528,5.6519345857
"05858","Vegach<U+00ED>","Antioquia",524.8824949587,524.9565516175,524.5320808596,535.9122954138,-74.7540354735,6.8365400124
"05861","Venecia","Antioquia",139.5518635262,139.6743032898,139.6552344371,142.0013850004,-75.777224806,5.956576527
"05885","Yal<U+00ED>","Antioquia",440.7957230865,440.8583120076,440.5025334156,449.839347152,-74.7556582833,6.7168775128
"05887","Yarumal","Antioquia",737.832414936,738.2566671657,737.996104253,753.8179125771,-75.4544171031,6.988119923
"05890","Yolomb<U+00F3>","Antioquia",1012.2772151872,1012.5047376433,1011.7986891072,1032.7544752088,-74.9227527023,6.6453447898
"05895","Zaragoza","Antioquia",1167.1120849913,1167.3305022461,1166.4641131727,1194.960911332,-74.8584681363,7.4739934163
"08001","Barranquilla","Atl<U+00E1>ntico",154.1783440464,154.2040422695,154.0838474625,160.9837535882,-74.827715497,10.9815182646
"08078","Baranoa","Atl<U+00E1>ntico",121.3214665811,121.347105576,121.2599559483,126.518670389,-74.922193981,10.7932892783
"08137","Campo de la Cruz","Atl<U+00E1>ntico",99.9759560515,99.9950249709,99.9206400912,103.9964951339,-74.8784146949,10.4026192174
"08141","Candelaria","Atl<U+00E1>ntico",135.7416164885,135.7674026717,135.6662675318,141.2779928726,-74.8775672755,10.489016214
"08296","Galapa","Atl<U+00E1>ntico",97.4916736314,97.5105750199,97.4382890097,101.7381152405,-74.8870874814,10.8977178705
"08372","Juan de Acosta","Atl<U+00E1>ntico",167.8801477254,167.9300262158,167.8261139044,175.1060918843,-75.0784182095,10.8230664447
"08421","Luruaco","Atl<U+00E1>ntico",224.24374995,224.320905401,224.1932040531,233.608837104,-75.1540287603,10.6350318118
"08433","Malambo","Atl<U+00E1>ntico",97.925762251,97.9411792931,97.8635675295,102.1577071776,-74.8061765482,10.8482893252
"08436","Manat<U+00ED>","Atl<U+00E1>ntico",214.2236562598,214.2760436594,214.1311449095,222.911381625,-74.9847770108,10.4541433028
"08520","Palmar de Varela","Atl<U+00E1>ntico",92.3251946718,92.3383307397,92.2631143294,96.218249217,-74.770152211,10.6948114327
"08549","Pioj<U+00F3>","Atl<U+00E1>ntico",252.8892485921,252.974570594,252.8287014752,263.6320736997,-75.143659501,10.740791156
"08558","Polonuevo","Atl<U+00E1>ntico",73.851149611,73.8643405674,73.8080992443,77.0016958967,-74.8541494528,10.7673995926
"08560","Ponedera","Atl<U+00E1>ntico",206.5023866429,206.5341251042,206.3695422097,215.0710408081,-74.7984701319,10.5946448071
"08573","Puerto Colombia","Atl<U+00E1>ntico",70.5527030345,70.5670784682,70.5156456502,73.6781693951,-74.9074079568,11.0044223359
"08606","Repel<U+00F3>n","Atl<U+00E1>ntico",358.4243570637,358.5405551216,358.329385609,373.087096,-75.1218803458,10.5075677628
"08634","Sabanagrande","Atl<U+00E1>ntico",43.1050296227,43.1111308019,43.0759529094,44.9532288363,-74.7687967522,10.7989402811
"08638","Sabanalarga","Atl<U+00E1>ntico",395.7832971188,395.8741083407,395.598689876,412.278686859,-74.9551059817,10.6225058435
"08675","Santa Luc<U+00ED>a","Atl<U+00E1>ntico",57.3528222515,57.3662492884,57.3267797807,59.6408272508,-74.9654098182,10.3536413852
"08685","Santo Tom<U+00E1>s","Atl<U+00E1>ntico",64.9930254733,65.0029399747,64.9509949322,67.7553193197,-74.7947982877,10.7440480703
"08758","Soledad","Atl<U+00E1>ntico",59.3497182919,59.3583525177,59.3102471154,61.9385893501,-74.7784255693,10.9069070633
"08770","Suan","Atl<U+00E1>ntico",42.5494596735,42.5581562815,42.5273018163,44.2350163495,-74.9071342311,10.3108490508
"08832","Tubar<U+00E1>","Atl<U+00E1>ntico",182.9467587153,182.991295254,182.8669958327,190.9275034089,-74.9842335224,10.9072152262
"08849","Usiacur<U+00ED>","Atl<U+00E1>ntico",101.3535493,101.3781538278,101.3092869604,105.6587952215,-74.9826739878,10.7405219085
"13006","Ach<U+00ED>","Bol<U+00ED>var",951.7196315757,951.766497112,950.8210508242,979.8750013595,-74.4780531237,8.6229184261
"13030","Altos del Rosario","Bol<U+00ED>var",303.7446099174,303.7461654181,303.3888867304,312.9514208805,-74.1951614207,8.7574682763
"13042","Arenal","Bol<U+00ED>var",461.9296002677,461.9322637437,461.3630529789,474.9066436302,-74.1070144718,8.3410221192
"13052","Arjona","Bol<U+00ED>var",589.2855012493,589.5791147274,589.3270104041,612.0701201113,-75.3712399021,10.164210915
"13062","Arroyohondo","Bol<U+00ED>var",163.7644698943,163.8083831421,163.7022343518,170.1783513369,-75.0269086776,10.2417163143
"13074","Barranco de Loba","Bol<U+00ED>var",430.7279916765,430.7295263651,430.2138259856,443.9706967668,-74.1627050703,8.836175419
"15183","Chita","Boyac<U+00E1>",676.8252564864,677.3770110429,675.8077898307,689.0452836584,-72.4390232003,6.0914509059
"15185","Chitaraque","Boyac<U+00E1>",158.5142698369,158.53472187,158.2694837955,161.312855456,-73.4258232954,5.984391844
"15187","Chivat<U+00E1>","Boyac<U+00E1>",49.5223664265,49.5323483413,49.4442120178,50.3229108795,-73.2633169916,5.563880502
"15189","Ci<U+00E9>nega","Boyac<U+00E1>",53.982029067,53.9924215765,53.8970050793,54.8237148664,-73.282057292,5.3930595534
"15204","C<U+00F3>mbita","Boyac<U+00E1>",145.2512249929,145.2759501555,145.0237220702,147.6613319584,-73.3292878838,5.6876433535
"15212","Coper","Boyac<U+00E1>",149.8695627248,149.8697277019,149.6779676397,152.2311886045,-74.0278287174,5.4429823988
"15215","Corrales","Boyac<U+00E1>",60.8233935482,60.8514311327,60.7265635373,61.8619815416,-72.8454496912,5.8245448634
"15218","Covarach<U+00ED>a","Boyac<U+00E1>",102.3758541229,102.4313218564,102.2142351479,104.3938767103,-72.7402016651,6.5195203149
"15223","Cubar<U+00E1>","Boyac<U+00E1>",1176.3310855764,1177.6146105894,1174.6921264848,1201.3064732362,-72.1815738272,6.8869545578
"15224","Cucaita","Boyac<U+00E1>",42.1229506962,42.1280592485,42.0581267201,42.7986138508,-73.4459860699,5.5271038389
"15226","Cu<U+00ED>tiva","Boyac<U+00E1>",44.1158395401,44.1331979804,44.0453386415,44.8326372804,-72.9395373793,5.5877546549
"15232","Ch<U+00ED>quiza","Boyac<U+00E1>",116.4976311481,116.5117972503,116.3183634876,118.4125540617,-73.4456264551,5.6430747563
"15236","Chivor","Boyac<U+00E1>",108.6626418921,108.6796407748,108.4931993274,110.1789105498,-73.3614231654,4.8711808997
"15238","Duitama","Boyac<U+00E1>",233.9536107106,234.0261819834,233.5798371034,238.0042276415,-73.0670919081,5.8905964687
"15244","El Cocuy","Boyac<U+00E1>",238.1459779289,238.3446006527,237.7895479057,242.6835628599,-72.4192385147,6.353362833
"15248","El Espino","Boyac<U+00E1>",69.3470830453,69.4006622936,69.2418422911,70.7108939386,-72.4804967971,6.5082404676
"15272","Firavitoba","Boyac<U+00E1>",109.3033928853,109.3405712175,109.1286312101,111.1116461269,-73.0198346873,5.6736766721
"15276","Floresta","Boyac<U+00E1>",88.0929283474,88.1284568205,87.9521973692,89.6080375972,-72.9249982843,5.8589908547
"15293","Gachantiv<U+00E1>","Boyac<U+00E1>",88.1587737737,88.1664415657,88.0256563624,89.638970174,-73.542655332,5.7441046083
"15296","Gameza","Boyac<U+00E1>",123.6139116442,123.6816178965,123.4189401348,125.7153059817,-72.7355018876,5.8033334064
"15299","Garagoa","Boyac<U+00E1>",193.478101881,193.5124896387,193.1745631275,196.3064689034,-73.3143044144,5.089465917
"15317","Guacamayas","Boyac<U+00E1>",57.6097890941,57.6523294132,57.5217311547,58.7283456777,-72.5163528543,6.4454381141
"15322","Guateque","Boyac<U+00E1>",36.1354623341,36.1392854483,36.0802876689,36.6553319287,-73.4881232637,5.0145080399
"15325","Guayat<U+00E1>","Boyac<U+00E1>",99.9565513266,99.9668372397,99.8041966051,101.369365414,-73.4966335039,4.9314236322
"15332","G<U+00FC>ic<U+00E1>n","Boyac<U+00E1>",951.2600928533,952.2179028016,949.8998154363,970.1953694988,-72.2560105347,6.5669817764
"15362","Iza","Boyac<U+00E1>",34.2350086815,34.2477721845,34.1802677946,34.7946974611,-72.9698652373,5.6173660298
"15367","Jenesano","Boyac<U+00E1>",59.0067713823,59.0155846996,58.9149525602,59.9237155237,-73.376946494,5.3771521401
"15368","Jeric<U+00F3>","Boyac<U+00E1>",131.6480019233,131.7368910339,131.4443345082,134.051212287,-72.5858075294,6.145459139
"15377","Labranzagrande","Boyac<U+00E1>",580.885623683,581.2767731897,579.9868451525,590.2320752101,-72.5903809329,5.5413735216
"15380","La Capilla","Boyac<U+00E1>",56.924543907,56.9311693364,56.8371527329,57.7608921825,-73.4592372282,5.1131665715
"15401","La Victoria","Boyac<U+00E1>",28.0050214985,28.0052176813,27.9730622286,28.4532461088,-74.2287323569,5.5167237427
"15403","La Uvita","Boyac<U+00E1>",161.4497725616,161.563187376,161.2012500675,164.4707517853,-72.5555129479,6.2651236083
"15407","Villa de Leyva","Boyac<U+00E1>",126.5761943439,126.588411843,126.3839828885,128.6667348031,-73.5149503489,5.665761881
"15425","Macanal","Boyac<U+00E1>",199.9285621604,199.9660022873,199.6141559539,202.7839754307,-73.2941387341,4.9801754091
"15442","Marip<U+00ED>","Boyac<U+00E1>",160.6845434422,160.6847886226,160.4783491209,163.2853243338,-74.0200302271,5.5698105097
"15455","Miraflores","Boyac<U+00E1>",258.6505081728,258.714174038,258.2394824349,262.4814496022,-73.1789676207,5.1509516911
"15464","Mongua","Boyac<U+00E1>",360.1665627019,360.3771490377,359.6013728262,366.1703632703,-72.6915814887,5.7097133498
"15466","Mongu<U+00ED>","Boyac<U+00E1>",68.822375399,68.8547604206,68.7128953671,69.9666151066,-72.8329856529,5.6973515549
"15469","Moniquir<U+00E1>","Boyac<U+00E1>",218.2611214706,218.2790568273,217.9327675678,222.0185051941,-73.5585242395,5.8633681098
"15476","Motavita","Boyac<U+00E1>",60.0344894909,60.0434335254,59.9410692445,61.0136636888,-73.3773427895,5.6061918033
"15480","Muzo","Boyac<U+00E1>",137.874035806,137.874128474,137.7057067025,140.084817607,-74.1165770396,5.525343542
"15494","Nuevo Col<U+00F3>n","Boyac<U+00E1>",51.3906167947,51.3967975114,51.3115695127,52.1854186653,-73.4487350989,5.3547003675
"15500","Oicat<U+00E1>","Boyac<U+00E1>",60.2905313557,60.3021897364,60.1955457339,61.274827141,-73.2799195603,5.6107874611
"15507","Otanche","Boyac<U+00E1>",475.0376057976,475.0400663525,474.4846630788,483.0304572157,-74.1972005319,5.7537801077
"15511","Pachavita","Boyac<U+00E1>",66.6808390244,66.6901694145,66.5774303877,67.667893435,-73.3995118295,5.1483227526
"15514","P<U+00E1>ez","Boyac<U+00E1>",338.9500910592,339.0690834964,338.4081950422,343.9112877215,-73.004357782,5.0952078885
"15516","Paipa","Boyac<U+00E1>",305.0257330563,305.1076209894,304.5397971126,310.2372893535,-73.137943093,5.8267591234
"15518","Pajarito","Boyac<U+00E1>",313.5005597567,313.6825721706,313.0081755387,318.3776952469,-72.6967254297,5.3823282001
"15522","Panqueba","Boyac<U+00E1>",39.6838672439,39.7152519638,39.6238755538,40.4540385132,-72.4618250859,6.4432987157
"15531","Pauna","Boyac<U+00E1>",252.6281493532,252.6287087597,252.3016350065,256.8210764701,-74.0050334865,5.6887960822
"15533","Paya","Boyac<U+00E1>",443.4166430754,443.8104499223,442.7615592341,450.6720870942,-72.3692926527,5.6212419081
"15537","Paz de R<U+00ED>o","Boyac<U+00E1>",122.635636645,122.6995083339,122.4415324793,124.820794848,-72.7675261693,6.0286979801
"15542","Pesca","Boyac<U+00E1>",263.0127145575,263.0925825225,262.5926319075,267.2065709656,-73.0783849778,5.4984734338
"15550","Pisba","Boyac<U+00E1>",464.5742859399,464.9507426829,463.8752638858,472.3737386562,-72.4457936468,5.7434942747
"15572","Puerto Boyac<U+00E1>","Boyac<U+00E1>",1513.5312513078,1513.6010392159,1512.0836525185,1540.0867763634,-74.4528549849,5.9534516836
"15580","Qu<U+00ED>pama","Boyac<U+00E1>",167.3257477044,167.3268594658,167.1335415981,170.0293461444,-74.2179291369,5.5615399801
"15599","Ramiriqu<U+00ED>","Boyac<U+00E1>",125.6540263398,125.676507827,125.4567643984,127.5832225922,-73.3107727176,5.3199243165
"15600","R<U+00E1>quira","Boyac<U+00E1>",220.6527653371,220.6663642597,220.3264506223,224.1691969846,-73.6289459785,5.4962672601
"15621","Rond<U+00F3>n","Boyac<U+00E1>",206.3146505561,206.3634288316,205.9871950815,209.5226992601,-73.1965137849,5.379945487
"15632","Saboy<U+00E1>","Boyac<U+00E1>",248.643570965,248.651963949,248.2882720428,252.7797949248,-73.7479949308,5.6999262105
"15638","S<U+00E1>chica","Boyac<U+00E1>",63.9217220036,63.9272758064,63.8252147439,64.957126244,-73.5431013854,5.5734642604
"15646","Samac<U+00E1>","Boyac<U+00E1>",167.5704011148,167.5862454604,167.3162892314,170.2263880724,-73.5211778592,5.4705393211
"15660","San Eduardo","Boyac<U+00E1>",109.4343870039,109.4696084146,109.2594601575,111.0843066275,-73.0491410493,5.234613325
"15664","San Jos<U+00E9> de Pare","Boyac<U+00E1>",74.3971095922,74.4035499545,74.2848001042,75.7132362192,-73.5438658424,5.9941538369
"15667","San Luis de Gaceno","Boyac<U+00E1>",469.7151007025,469.8454999351,468.9663264016,476.1926173598,-73.1237861672,4.8152634127
"15673","San Mateo","Boyac<U+00E1>",123.7930224831,123.8794704478,123.602328583,126.1777537422,-72.5596257319,6.4068873686
"15676","San Miguel de Sema","Boyac<U+00E1>",93.9949649573,93.9980973927,93.8605687116,95.5043420875,-73.7471583969,5.5323260864
"15681","San Pablo de Borbur","Boyac<U+00E1>",195.9042125746,195.9043570591,195.6646838726,199.1477032731,-74.114038036,5.6773432715
"15686","Santana","Boyac<U+00E1>",67.9566943979,67.9638215205,67.852949929,69.1748484157,-73.489748268,6.0576143086
"15690","Santa Mar<U+00ED>a","Boyac<U+00E1>",309.5955652242,309.6596738247,309.1066068844,313.8717800535,-73.2537748188,4.8229972563
"15693","Santa Rosa de Viterbo","Boyac<U+00E1>",116.6641121299,116.7058760872,116.4775492684,118.6849690571,-72.9917251364,5.892946034
"15696","Santa Sof<U+00ED>a","Boyac<U+00E1>",77.5575033773,77.5627986613,77.4420364852,78.8562880811,-73.6036629996,5.7316014846
"15720","Sativanorte","Boyac<U+00E1>",161.2212950464,161.3101712209,160.9671346104,164.1562362085,-72.7303238934,6.1321195102
"15723","Sativasur","Boyac<U+00E1>",54.8537938368,54.8846828018,54.7674253776,55.8397366709,-72.715380418,6.0706625076
"15740","Siachoque","Boyac<U+00E1>",119.1960882541,119.2229659403,119.0071957445,121.0966148977,-73.2168177007,5.4987478739
"15753","Soat<U+00E1>","Boyac<U+00E1>",123.0242427545,123.0954240258,122.8309514486,125.3537873549,-72.6960406357,6.3230870442
"15755","Socot<U+00E1>","Boyac<U+00E1>",603.1638051684,603.5863887076,602.2351624988,613.7045864011,-72.5591241973,5.9349093996
"15757","Socha","Boyac<U+00E1>",150.0634922518,150.1521502422,149.8280963739,152.6997416626,-72.6823983476,5.9604955139
"15759","Sogamoso","Boyac<U+00E1>",208.2160426118,208.3059137739,207.8839738433,211.6565918345,-72.8862998465,5.667954411
"15761","Somondoco","Boyac<U+00E1>",58.7875129473,58.7950514669,58.6967832606,59.6254638994,-73.4287886546,4.9709735606
"15762","Sora","Boyac<U+00E1>",47.8391797989,47.8450269321,47.765533646,48.6152355481,-73.4437192361,5.5805732957
"15763","Sotaquir<U+00E1>","Boyac<U+00E1>",285.2346530124,285.2937950451,284.7842714559,290.0653455444,-73.2530113525,5.7852755777
"15764","Sorac<U+00E1>","Boyac<U+00E1>",55.7480107906,55.7577624511,55.6605758665,56.636162895,-73.3190003329,5.4948898613
"15774","Susac<U+00F3>n","Boyac<U+00E1>",182.6003615992,182.7031292451,182.3128949957,185.9820867035,-72.7157581562,6.2152004344
"15776","Sutamarch<U+00E1>n","Boyac<U+00E1>",103.4989041149,103.5053329918,103.3456906302,105.1990655764,-73.6259869964,5.6400297647
"15778","Sutatenza","Boyac<U+00E1>",41.121816392,41.1270137989,41.0584030505,41.714980057,-73.4335106323,5.026857343
"15790","Tasco","Boyac<U+00E1>",209.5816438056,209.6979669909,209.251372836,213.2038691534,-72.7262653618,5.8822938896
"15798","Tenza","Boyac<U+00E1>",45.8581281666,45.8640795237,45.7873049378,46.5259207303,-73.4247974402,5.0714130383
"15804","Tiban<U+00E1>","Boyac<U+00E1>",121.8152744723,121.8326561684,121.6262065573,123.6779655006,-73.3932519597,5.3011162318
"15808","Tinjac<U+00E1>","Boyac<U+00E1>",79.747490156,79.7514068839,79.6310171787,81.0403580671,-73.6761462406,5.5775660511
"15810","Tipacoque","Boyac<U+00E1>",71.9060240792,71.9476884478,71.7930569504,73.295021558,-72.6946360711,6.4203526426
"15814","Toca","Boyac<U+00E1>",168.2088366109,168.2518639499,167.9412009727,170.9374055137,-73.1606967367,5.5802539191
"15816","Tog<U+00FC><U+00ED>","Boyac<U+00E1>",101.4324586896,101.443125907,101.2776018945,103.2000403624,-73.4892172091,5.9218287169
"15820","T<U+00F3>paga","Boyac<U+00E1>",33.6138109281,33.6295285493,33.5603258196,34.1807028938,-72.8367299042,5.7653503316
"15822","Tota","Boyac<U+00E1>",195.9775665837,196.0460977216,195.6641929907,199.096154077,-73.005347811,5.4891910717
"15832","Tunungu<U+00E1>","Boyac<U+00E1>",29.2211442253,29.2213069878,29.1822951536,29.709317729,-73.9433094343,5.7203015779
"15835","Turmequ<U+00E9>","Boyac<U+00E1>",79.6987653696,79.7066044025,79.5775780369,80.9186357901,-73.5090875208,5.3056963379
"15837","Tuta","Boyac<U+00E1>",165.2901200795,165.3303948526,165.0275455176,168.0237040151,-73.1829809121,5.6721278414
"15839","Tutaz<U+00E1>","Boyac<U+00E1>",121.9543904459,122.0095094145,121.7601214291,124.1497867109,-72.8570776519,6.0780505442
"15842","Umbita","Boyac<U+00E1>",146.068555623,146.085349793,145.84450232,148.2626962461,-73.4633852053,5.2172400948
"15861","Ventaquemada","Boyac<U+00E1>",159.9963315664,160.0115013077,159.7537257394,162.4859270473,-73.5209833624,5.3833851723
"15879","Viracach<U+00E1>","Boyac<U+00E1>",62.5686162298,62.5811442343,62.4699054916,63.5540416062,-73.2662739482,5.4405582413
"15897","Zetaquira","Boyac<U+00E1>",251.4414364845,251.5050658713,251.0417635703,255.273718757,-73.167637426,5.2856366209
"17001","Manizales","Caldas",440.7743005144,441.0496937162,440.9132428111,447.2095251087,-75.507257806,5.0834329461
"17013","Aguadas","Caldas",475.4594621905,475.7326644184,475.566707232,483.1994938553,-75.4503456686,5.5967728347
"17042","Anserma","Caldas",208.9640541462,209.1426537719,209.1115564141,212.0917252429,-75.7528899323,5.2002976151
"17050","Aranzazu","Caldas",149.488002937,149.5767565445,149.5270979198,151.7566498668,-75.4739255365,5.265539962
"17088","Belalc<U+00E1>zar","Caldas",113.2429481481,113.3467482078,113.3344207326,114.8653081146,-75.8122616916,4.9946755451
"17174","Chinchin<U+00E1>","Caldas",109.2884991765,109.3726601903,109.3503435046,110.8516703575,-75.6671218572,4.9871173806
"17272","Filadelfia","Caldas",192.4674022702,192.6013663241,192.5520430261,195.4008993124,-75.5897882436,5.2857423025
"17380","La Dorada","Caldas",549.1688571067,549.2363453457,548.779453042,558.0055929371,-74.7123030174,5.5404980523
"17388","La Merced","Caldas",88.5413411697,88.6003600474,88.5757763713,89.9219247918,-75.5579102466,5.3931847437
"17433","Manzanares","Caldas",197.8422203494,197.9118868453,197.8045132167,200.8239998498,-75.1526351061,5.2329535333
"17442","Marmato","Caldas",36.8599557341,36.8860024011,36.8768198564,37.4469108974,-75.6020990928,5.4926314657
"17444","Marquetalia","Caldas",90.3074876316,90.333036676,90.2774067847,91.6907296053,-75.041179728,5.3091434144
"17446","Marulanda","Caldas",376.7927022046,376.9595234994,376.7872656451,382.475174589,-75.2831679861,5.235578546
"17486","Neira","Caldas",369.1120029892,369.3427649739,369.2282686571,374.6167172811,-75.5069255777,5.1833661108
"17495","Norcasia","Caldas",227.5047746669,227.546704835,227.3785921745,231.2405390758,-74.8549322817,5.6380598006
"17513","P<U+00E1>cora","Caldas",256.9658016441,257.1202100517,257.036030598,261.0641718488,-75.4824488727,5.500035523
"17524","Palestina","Caldas",112.1444278832,112.2301441659,112.2068186857,113.770207169,-75.661761274,5.0503414453
"17541","Pensilvania","Caldas",498.3647750278,498.54511283,498.2789752137,506.1590610934,-75.1668396872,5.4071846935
"17616","Risaralda","Caldas",89.8120773206,89.8893826362,89.8764020898,91.1313525851,-75.7587973101,5.1121868366
"17653","Salamina","Caldas",387.8795817793,388.0893336795,387.9439618786,393.8985881221,-75.4096205142,5.3703315681
"17662","Saman<U+00E1>","Caldas",757.9812219159,758.175279696,757.6842220227,770.1757121762,-74.9936891305,5.5402705431
"17665","San Jos<U+00E9>","Caldas",60.8867546182,60.9426311853,60.9360318591,61.7732697583,-75.8135165778,5.0707034993
"17777","Sup<U+00ED>a","Caldas",121.5213170962,121.6115802505,121.5843777846,123.4402956493,-75.6403553662,5.4529557795
"17867","Victoria","Caldas",558.7869726261,558.8852714077,558.4658344284,567.6016946696,-74.8362326768,5.4475344598
"17873","Villamar<U+00ED>a","Caldas",454.8098764822,455.0658338672,454.9038475588,461.2506968072,-75.4354360735,4.9402097947
"17877","Viterbo","Caldas",112.794859777,112.906366881,112.8990302678,114.4292292667,-75.8792972656,5.0478188702
"18001","Florencia","Caquet<U+00E1>",2545.9183465814,2547.6372818829,2546.9581064979,2565.4659179171,-75.5582476368,1.7491201536
"18029","Albania","Caquet<U+00E1>",413.7085848155,414.1221288111,414.100707725,416.6860196027,-75.8823259496,1.2278644114
"18094","Bel<U+00E9>n de los Andaquies","Caquet<U+00E1>",1190.4356079735,1191.6186908135,1191.5516806174,1199.2763341822,-75.8756425285,1.500917149
"18247","El Doncello","Caquet<U+00E1>",1105.6440946347,1106.0651466847,1105.4981572261,1114.192936361,-75.1939157702,1.791352522
"18256","El Paujil","Caquet<U+00E1>",1234.2260289272,1234.7425756897,1234.153787653,1243.5451203911,-75.2340206423,1.6177154314
"13140","Calamar","Bol<U+00ED>var",255.2884682682,255.3533066677,255.1836696263,265.2495039147,-75.0011938576,10.2188137353
"13160","Cantagallo","Bol<U+00ED>var",881.4539294966,881.456794539,880.3709148737,901.5427914298,-74.1001736661,7.2392224065
"13188","Cicuco","Bol<U+00ED>var",132.1336076471,132.1483559102,132.0346673085,136.4937770001,-74.6880317579,9.2351599362
"13212","C<U+00F3>rdoba","Bol<U+00ED>var",597.1988870259,597.3184496755,596.8830059842,617.978046653,-74.8944589661,9.5400398271
"13222","Clemencia","Bol<U+00ED>var",85.337180609,85.3759081599,85.3360989579,88.8561730956,-75.3144647662,10.5566368662
"13244","El Carmen de Bol<U+00ED>var","Bol<U+00ED>var",945.9409346138,946.2738754752,945.7433001599,979.7690846975,-75.157911218,9.6998241011
"13248","El Guamo","Bol<U+00ED>var",383.0904824175,383.173393875,382.9013166345,397.5872890561,-74.9281064251,10.0348380978
"13268","El Pe<U+00F1><U+00F3>n","Bol<U+00ED>var",318.9321351746,318.9348553092,318.5015060459,328.7880091936,-73.9122969619,8.8648074115
"13300","Hatillo de Loba","Bol<U+00ED>var",194.3274240559,194.32858154,194.0938905345,200.4611800857,-74.1470722769,8.9838481652
"13430","Magangu<U+00E9>","Bol<U+00ED>var",1130.8307143692,1130.9870855443,1130.05743604,1167.7292492373,-74.7471955881,9.169524445
"13433","Mahates","Bol<U+00ED>var",432.0240630889,432.1803277476,431.942733644,448.7678910024,-75.1797839327,10.1782053249
"13440","Margarita","Bol<U+00ED>var",293.6727658642,293.6749068601,293.3350714015,303.0600934465,-74.2258317677,9.0545850618
"13442","Mar<U+00ED>a la Baja","Bol<U+00ED>var",559.6499860239,559.917711868,559.6695205172,580.6208147177,-75.3438065497,9.9760134966
"13458","Montecristo","Bol<U+00ED>var",2092.7150477589,2092.8135709613,2090.7187982202,2148.0835527121,-74.4634354225,8.01699734
"13468","Momp<U+00F3>s","Bol<U+00ED>var",652.1050679563,652.1492294937,651.5284778089,673.2763618474,-74.545210764,9.1425128913
"13473","Morales","Bol<U+00ED>var",1347.5874193165,1347.5998795571,1345.8213579044,1384.8372919415,-73.9713670599,8.2537075043
"13490","Norosi","Bol<U+00ED>var",416.3858659247,416.3866069362,415.875772645,428.4434190277,-74.1159033643,8.5061305626
"13549","Pinillos","Bol<U+00ED>var",775.5316637652,775.5551456687,774.7380141144,799.5298833118,-74.385855068,8.8715657763
"13580","Regidor","Bol<U+00ED>var",183.4497819399,183.4526687939,183.1962101201,188.9749016041,-73.8511845014,8.7220120316
"13600","R<U+00ED>o Viejo","Bol<U+00ED>var",845.2273806369,845.2363446655,844.1345813671,869.647983115,-73.9971035836,8.4930235131
"13620","San Crist<U+00F3>bal","Bol<U+00ED>var",42.2563781789,42.2688171949,42.2426484448,43.9465733307,-75.0733381263,10.3697205921
"13647","San Estanislao","Bol<U+00ED>var",211.5593558265,211.6392763177,211.5261078131,220.0145574962,-75.2052370837,10.364677988
"13654","San Jacinto","Bol<U+00ED>var",442.7754264499,442.9159919103,442.6525444616,458.9779444195,-75.1060838035,9.8353699599
"13655","San Jacinto del Cauca","Bol<U+00ED>var",569.889654717,569.9505919415,569.4553072216,585.5952867398,-74.6684193287,8.2375002414
"13657","San Juan Nepomuceno","Bol<U+00ED>var",631.0398058315,631.2247472479,630.8324369109,654.6538458014,-75.0657042181,9.9679586262
"13667","San Mart<U+00ED>n de Loba","Bol<U+00ED>var",450.1972657258,450.1981619564,449.6149217893,463.9186077625,-74.0103260869,8.7876731798
"13670","San Pablo","Bol<U+00ED>var",2021.0180895797,2021.0357217294,2018.5863888981,2068.725513802,-74.1357624204,7.4223305389
"13673","Santa Catalina","Bol<U+00ED>var",172.7020035643,172.7742298249,172.6881460939,179.9319509993,-75.2654865786,10.6497976519
"13683","Santa Rosa","Bol<U+00ED>var",154.5932406822,154.6688382069,154.6014357079,160.8781789857,-75.3611600479,10.4692088258
"13688","Santa Rosa del Sur","Bol<U+00ED>var",2382.7448294691,2382.7823166577,2380.0892694437,2442.9283103025,-74.2628309181,7.7724387594
"13744","Simit<U+00ED>","Bol<U+00ED>var",1354.6521226769,1354.6597645204,1352.8835459328,1389.3763324931,-73.9837475417,7.8512751485
"13760","Soplaviento","Bol<U+00ED>var",92.5744363129,92.6041375991,92.5494132021,96.2545131877,-75.1169923363,10.3320871237
"13780","Talaigua Nuevo","Bol<U+00ED>var",249.2814068262,249.3051698186,249.0829172713,257.6210726521,-74.6400884835,9.3134397505
"13810","Tiquisio","Bol<U+00ED>var",762.7972340469,762.8093651881,761.9626566549,784.8312942674,-74.2967824085,8.4923269712
"13836","Turbaco","Bol<U+00ED>var",201.8794237244,201.9811479575,201.8957014925,209.9323985432,-75.3797163918,10.3531075921
"13838","Turban<U+00E1>","Bol<U+00ED>var",191.0350720016,191.1452997483,191.0757418088,198.4855434576,-75.4703883167,10.2160347683
"13873","Villanueva","Bol<U+00ED>var",137.0688483048,137.126443587,137.0584885336,142.619311918,-75.2673646825,10.4449098303
"13894","Zambrano","Bol<U+00ED>var",309.0932274518,309.1527738925,308.9243312736,320.2328388489,-74.8806677279,9.745140833
"15022","Almeida","Boyac<U+00E1>",57.6637733679,57.6721236964,57.5741968917,58.4828854271,-73.3881355808,4.9548243292
"15047","Aquitania","Boyac<U+00E1>",941.7278257687,942.1466102178,940.2287987623,956.5527511946,-72.871515892,5.4374053865
"15051","Arcabuco","Boyac<U+00E1>",137.8814437034,137.898595114,137.6690494372,140.1991634821,-73.4388754332,5.7495643164
"15087","Bel<U+00E9>n","Boyac<U+00E1>",163.018815781,163.088206053,162.7587293017,165.9092926577,-72.8936969564,6.0050587362
"15090","Berbeo","Boyac<U+00E1>",57.9961893246,58.0130093177,57.9036195811,58.870118476,-73.1011740017,5.2320567365
"15092","Bet<U+00E9>itiva","Boyac<U+00E1>",101.8528323678,101.8995485844,101.6906740824,103.6273646554,-72.8485795367,5.9208589321
"15097","Boavita","Boyac<U+00E1>",145.2118175849,145.3052907575,144.9859257408,147.96973975,-72.6202112076,6.3375106564
"15104","Boyac<U+00E1>","Boyac<U+00E1>",48.0157910061,48.0228724481,47.9411248626,48.7719028934,-73.3813706383,5.4398563404
"15106","Brice<U+00F1>o","Boyac<U+00E1>",64.5991498757,64.5997117261,64.5120360961,65.6682595002,-73.9093269912,5.6755088109
"15109","Buenavista","Boyac<U+00E1>",110.1562016383,110.156766953,110.0102553659,111.9091337018,-73.9506625238,5.4893987993
"15114","Busbanz<U+00E1>","Boyac<U+00E1>",25.3416035345,25.3527145868,25.3011927817,25.7760371113,-72.8757463857,5.8434834508
"15131","Caldas","Boyac<U+00E1>",78.9646306707,78.9655694164,78.8569184768,80.2443869074,-73.8805753428,5.5759895946
"15135","Campohermoso","Boyac<U+00E1>",298.6490793853,298.72838243,298.1735336963,302.9388383902,-73.1446719151,5.0068607059
"15162","Cerinza","Boyac<U+00E1>",63.5546832244,63.5785817556,63.4530698715,64.6715037724,-72.9644724335,5.9620132963
"15172","Chinavita","Boyac<U+00E1>",136.3508883579,136.3734562924,136.1376530643,138.3928521193,-73.3404795739,5.2029704918
"15176","Chiquinquir<U+00E1>","Boyac<U+00E1>",165.0097752364,165.0136427739,164.7783553169,167.7104011597,-73.8042427498,5.6224880148
"15180","Chiscas","Boyac<U+00E1>",658.2655758926,658.814895892,657.2807628883,671.696879671,-72.4179647183,6.6891044364
"05002","Abejorral","Antioquia",506.8484040877,507.1341120498,506.9528018913,515.465871159,-75.4384781242,5.8037257164
"05004","Abriaqu<U+00ED>","Antioquia",296.5935467582,296.9559738126,296.974182006,302.5698772316,-76.0859756738,6.6275650976
"05021","Alejandr<U+00ED>a","Antioquia",128.8920037546,128.9321555565,128.8564336385,131.3540001338,-75.090599277,6.3655346774
"05030","Amag<U+00E1>","Antioquia",84.0646513615,84.1324761914,84.1171437373,85.5638440496,-75.7080033423,6.0329211965
"05034","Andes","Antioquia",402.0853030035,402.5025621991,402.4871918931,408.6683660177,-75.9245939005,5.6239478274
"05036","Angel<U+00F3>polis","Antioquia",81.8096725345,81.8763024704,81.8617683348,83.2956806637,-75.7159502324,6.1214296228
"05038","Angostura","Antioquia",338.4977075816,338.666020318,338.525512642,345.6475547631,-75.3583237315,6.8614982928
"05040","Anor<U+00ED>","Antioquia",1413.3164642245,1413.773904174,1412.9551433291,1445.2083784359,-75.108516296,7.1930863308
"05044","Anza","Antioquia",255.6621802942,255.9233137057,255.9105271654,260.4884613372,-75.9125932276,6.3080378635
"05055","Argelia","Antioquia",245.2646243387,245.3421067617,245.1992433132,249.3512575446,-75.0947008517,5.7081186538
"05059","Armenia","Antioquia",110.3345121101,110.4349747113,110.4221362423,112.3562653303,-75.8099548206,6.1636822963
"05091","Betania","Antioquia",180.3261081291,180.5259864136,180.5263621907,183.3429917949,-75.9868924088,5.7270822154
"05093","Betulia","Antioquia",262.0866366781,262.3675027434,262.3621219289,266.9111109128,-75.9564924838,6.1857826466
"05101","Ciudad Bol<U+00ED>var","Antioquia",260.1506901789,260.4461077022,260.4505346072,264.608267289,-76.0106531869,5.8409946152
"05107","Brice<U+00F1>o","Antioquia",376.095966984,376.3467436595,376.2400949009,384.4460708556,-75.5622391101,7.1117844907
"05113","Buritic<U+00E1>","Antioquia",354.8488283461,355.2102589023,355.1912714609,362.2660307784,-75.9120630874,6.8090534945
"05120","C<U+00E1>ceres","Antioquia",1873.0552021218,1873.803274753,1872.8541766834,1919.3877141696,-75.2236682269,7.6651257914
"05125","Caicedo","Antioquia",199.907402358,200.1298833662,200.1303293925,203.7715048653,-75.9935115757,6.4234618386
"05134","Campamento","Antioquia",206.2520236611,206.3433464233,206.2480573998,210.7629997012,-75.2876597935,7.0360104614
"05142","Caracol<U+00ED>","Antioquia",262.7644532528,262.798885164,262.5832917415,267.755379924,-74.7335416408,6.3379707184
"05145","Caramanta","Antioquia",91.9902868706,92.0577839375,92.0365732776,93.4746346784,-75.6308213195,5.5552758432
"05148","El Carmen de Viboral","Antioquia",423.4640421568,423.6451848307,423.4449104119,430.9310121312,-75.2635258025,5.9780715522
"05150","Carolina","Antioquia",149.5130314211,149.5813247558,149.5142318074,152.6040742225,-75.3059058521,6.7548204106
"05172","Chigorod<U+00F3>","Antioquia",720.2550355208,721.6826476349,721.9816680435,737.9542773837,-76.6396350673,7.6316627287
"05190","Cisneros","Antioquia",46.9203784576,46.9347321522,46.9068856685,47.8510234926,-75.0825410955,6.5500653889
"05197","Cocorn<U+00E1>","Antioquia",241.678539114,241.7646314192,241.6339746239,245.9645158227,-75.1601466214,6.0055874134
"05206","Concepci<U+00F3>n","Antioquia",201.9748296094,202.0544893111,201.9526006478,205.8412091011,-75.2178581204,6.3761049751
"05209","Concordia","Antioquia",247.6306822078,247.8803893412,247.8663521094,252.0696348041,-75.9001462908,6.0574640095
"05237","Don Mat<U+00ED>as","Antioquia",203.2297003771,203.3323112922,203.2494358656,207.2242547793,-75.3668377262,6.5054141124
"05250","El Bagre","Antioquia",1560.0842848411,1560.2488717812,1558.891808099,1598.9705404775,-74.6642763141,7.7045890792
"05264","Entrerrios","Antioquia",214.0535794275,214.1959454483,214.135428238,218.3379956382,-75.5591261414,6.5946535393
"05282","Fredonia","Antioquia",257.8916206208,258.0926067676,258.0409094916,262.3539359853,-75.6792612074,5.8876992935
"05284","Frontino","Antioquia",1381.9908638164,1384.1240257189,1384.4308205003,1410.2016814662,-76.332012575,6.6913631728
"05306","Giraldo","Antioquia",93.3954883227,93.4944400694,93.4917274274,95.2909146516,-75.948046574,6.6630956801
"05313","Granada","Antioquia",190.1614628308,190.2251212611,190.1181845544,193.6170574357,-75.1276348335,6.1233785156
"05318","Guarne","Antioquia",151.7287398697,151.8138176506,151.7591001626,154.5686786324,-75.4373091638,6.2666241107
"05321","Guatape","Antioquia",83.2973785389,83.3268892933,83.281687152,84.8497947246,-75.1585195696,6.2457731449
"05347","Heliconia","Antioquia",114.751497023,114.8488291988,114.8309195576,116.8763614003,-75.7497087634,6.2145112328
"05353","Hispania","Antioquia",57.463198042,57.5216013227,57.5186751889,58.4387689793,-75.9066923719,5.7970385272
"05361","Ituango","Antioquia",2838.4621921444,2841.200609232,2840.9265102058,2903.8232322532,-75.8503901717,7.3029741109
"05368","Jeric<U+00F3>","Antioquia",204.8234600938,205.0006766023,204.9712333619,208.2811304486,-75.7648854988,5.7698182898
"05390","La Pintada","Antioquia",54.2579988768,54.2963108766,54.2827333851,55.1694744834,-75.6022023809,5.7465820062
"05400","La Uni<U+00F3>n","Antioquia",167.6566678657,167.7396641202,167.6703515843,170.5896639682,-75.3542888499,5.940433052
"05425","Maceo","Antioquia",387.0605178188,387.1081399841,386.7849492066,394.7078382558,-74.7141169994,6.5345726037
"05440","Marinilla","Antioquia",114.8187376062,114.8712018006,114.8199016378,116.9320400787,-75.3048808099,6.1852034199
"05467","Montebello","Antioquia",75.9804754357,76.0284528146,76.0052742737,77.3031463968,-75.5197261807,5.9168528741
"05483","Nari<U+00F1>o","Antioquia",316.6470981445,316.7674068159,316.6038611313,321.7848675817,-75.1945744602,5.5812719852
"05495","Nech<U+00ED>","Antioquia",937.1735546953,937.3197613093,936.5810715415,961.8367974524,-74.7924262458,7.9904563748
"05501","Olaya","Antioquia",86.9102996827,86.9861919272,86.9739046099,88.6557616833,-75.7756713395,6.6114163576
"05541","Pe<U+00F1>ol","Antioquia",118.2672526896,118.3143516858,118.2551991167,120.4653400008,-75.2235082749,6.2323938363
"05543","Peque","Antioquia",433.6383727763,434.069022196,434.0388119716,443.1381965675,-75.8896839999,7.044170016
"05576","Pueblorrico","Antioquia",75.3600644203,75.4328601063,75.4267477353,76.6429037966,-75.8607637739,5.8096993172
"05579","Puerto Berr<U+00ED>o","Antioquia",1220.0314033796,1220.1091761659,1218.9449291735,1243.9015955242,-74.5287579645,6.4819026625
"05585","Puerto Nare","Antioquia",669.2108275434,669.291472228,668.7296503687,681.3803415674,-74.7031872473,6.1265347446
"05591","Puerto Triunfo","Antioquia",369.5093038508,369.5511281571,369.2366841018,375.9981413129,-74.686193756,5.9548315279
"05604","Remedios","Antioquia",1989.0770645445,1989.2268787482,1987.3627574128,2032.2198736764,-74.558653368,6.9972635436
"05607","Retiro","Antioquia",243.4471565473,243.6000116051,243.5249520858,247.8074083298,-75.5157390907,6.0534411556
"05628","Sabanalarga","Antioquia",265.5282631857,265.7644162877,265.7292778647,271.1815866474,-75.7922312816,6.9009907564
"05642","Salgar","Antioquia",287.9179023151,288.2349420715,288.2340933438,292.9864625507,-75.9813680496,5.9705011417
"05647","San Andr<U+00E9>s","Antioquia",218.5597333817,218.7265736924,218.6795947102,223.2291488372,-75.6657802556,6.9184247381
"05649","San Carlos","Antioquia",717.6631563013,717.8145713094,717.3075617653,730.896165882,-74.9073321723,6.193789263
"05652","San Francisco","Antioquia",356.2526266608,356.340390367,356.1051380424,362.4051393205,-74.9760304945,5.8795036372
"05658","San Jos<U+00E9> de la Monta<U+00F1>a","Antioquia",125.9759900031,126.0735824989,126.047552979,128.6165017421,-75.6777082265,6.8232575327
"05659","San Juan de Urab<U+00E1>","Antioquia",251.5420428462,251.9969283107,252.0810954823,259.0975274778,-76.5324858782,8.7071389142
"05660","San Luis","Antioquia",425.5162134256,425.6178373769,425.3326071973,433.0771938729,-74.9620002211,6.0145176486
"05664","San Pedro","Antioquia",220.7959143798,220.9435602787,220.8817812472,225.0945514712,-75.5624851133,6.4586667763
"05665","San Pedro de Uraba","Antioquia",601.6259530648,602.5327235848,602.651665402,618.6478646056,-76.3166630269,8.3791290604
"25295","Gachancip<U+00E1>","Cundinamarca",43.0568764679,43.0574077669,42.9980727979,43.6757312295,-73.8767175212,5.0100190936
"25335","Guayabetal","Cundinamarca",222.8136921046,222.8178266205,222.5048471014,225.5272029161,-73.8354425615,4.2318750171
"25339","Guti<U+00E9>rrez","Cundinamarca",453.2246456142,453.2255071032,452.6452052989,458.6682957098,-74.0246585379,4.1660856489
"25368","Jerusal<U+00E9>n","Cundinamarca",221.834781331,221.8601870086,221.6727732237,224.7385602051,-74.6891614842,4.5713485432
"25372","Jun<U+00ED>n","Cundinamarca",343.8098653047,343.8255523008,343.3102920862,348.4408726736,-73.6924769448,4.7051645054
"25377","La Calera","Cundinamarca",326.5074563525,326.5099439543,326.0713427158,330.9010101696,-73.9293961395,4.7007841442
"25386","La Mesa","Cundinamarca",148.1915917431,148.1987320092,148.052519142,150.1644692674,-74.4732184607,4.6507729643
"25394","La Palma","Cundinamarca",190.7842776438,190.790677392,190.5940626217,193.7217178115,-74.4080791344,5.3333977886
"25398","La Pe<U+00F1>a","Cundinamarca",128.4664350246,128.4707204703,128.3383407865,130.391014717,-74.4078675253,5.2045963024
"25402","La Vega","Cundinamarca",155.4342801214,155.4375551281,155.2704724824,157.6535135754,-74.3393605457,4.9786170619
"25407","Lenguazaque","Cundinamarca",155.6228847041,155.6303875353,155.3960154854,158.0038152034,-73.6815338859,5.3036369989
"25426","Macheta","Cundinamarca",229.1926038522,229.2074785894,228.85269401,232.5083055275,-73.6173867098,5.0403460845
"25430","Madrid","Cundinamarca",119.5806744643,119.5819280974,119.4471856038,121.2146179868,-74.2597711319,4.7726760178
"25436","Manta","Cundinamarca",107.8978021616,107.9065114817,107.7356532401,109.4377253447,-73.5631387416,4.9768797884
"25438","Medina","Cundinamarca",1196.5815779181,1196.7494800807,1194.7312627872,1211.9594215826,-73.4059934514,4.4844335457
"25473","Mosquera","Cundinamarca",105.9380559366,105.9388970728,105.8178707885,107.3550164389,-74.2357321156,4.6727140837
"25483","Nari<U+00F1>o","Cundinamarca",55.1537064195,55.16263906,55.1202799445,55.8509577184,-74.8056556426,4.4079511359
"25486","Nemoc<U+00F3>n","Cundinamarca",98.3639009629,98.3650407222,98.2299402782,99.8031257173,-73.8838033202,5.0937042774
"25488","Nilo","Cundinamarca",224.689726841,224.7096795591,224.5089961088,227.4628233837,-74.61469857,4.2947848977
"25489","Nimaima","Cundinamarca",59.497971643,59.4998290355,59.4380789114,60.3759813167,-74.3963838205,5.133747011
"25491","Nocaima","Cundinamarca",68.9361778373,68.9382352263,68.8663984691,69.938905963,-74.3897550445,5.066110554
"25506","Venecia","Cundinamarca",122.1980186241,122.2033171669,122.0812137089,123.6340940299,-74.4525979939,4.0633422431
"25513","Pacho","Cundinamarca",402.6254357493,402.6267963436,402.1474755717,408.6110673655,-74.1633623474,5.1683662102
"25518","Paime","Cundinamarca",173.6352671684,173.6357217349,173.4290284263,176.3395393153,-74.1639582472,5.3876458757
"25524","Pandi","Cundinamarca",71.6941821021,71.6975797965,71.6268002843,72.5578426833,-74.471120055,4.1804960974
"25530","Paratebueno","Cundinamarca",885.3125242974,885.5235106913,883.9079298015,896.6179564452,-73.1869981773,4.4523253985
"25535","Pasca","Cundinamarca",271.7083146176,271.711613548,271.4081584335,275.0610385512,-74.2739696278,4.2937307593
"25572","Puerto Salgar","Cundinamarca",515.9015218713,515.9414622068,515.4675726183,524.341493468,-74.5802011422,5.6197376547
"25580","Pul<U+00ED>","Cundinamarca",197.6658268502,197.6878625013,197.5197250344,200.3202199987,-74.6807443986,4.6913363896
"25592","Quebradanegra","Cundinamarca",79.8521868229,79.8564269947,79.7786888543,81.0221047395,-74.4945107995,5.0999807821
"25594","Quetame","Cundinamarca",137.8333703767,137.8355287571,137.6434677035,139.5489069602,-73.8526467539,4.3345877891
"25596","Quipile","Cundinamarca",127.7083124846,127.717172107,127.597929154,129.4319997522,-74.5541136581,4.7150707582
"25599","Apulo","Cundinamarca",121.9777885618,121.9871393601,121.8752400717,123.5572084112,-74.5784196393,4.5203602761
"25612","Ricaurte","Cundinamarca",128.2808621791,128.2975241281,128.1926098465,129.8682888182,-74.729433893,4.3073627667
"25645","San Antonio del Tequendama","Cundinamarca",88.5637046882,88.5656494096,88.4708223701,89.729986291,-74.3449030298,4.59974086
"25649","San Bernardo","Cundinamarca",247.0066138476,247.0126169663,246.7497746328,249.9574287649,-74.3539761637,4.1409586561
"25653","San Cayetano","Cundinamarca",287.8077556098,287.8079455098,287.4481111158,292.2213713129,-74.0723213221,5.3145989462
"25658","San Francisco","Cundinamarca",118.7447225186,118.7461143338,118.6132460383,120.4348596725,-74.2721722574,4.9640987451
"25662","San Juan de R<U+00ED>o Seco","Cundinamarca",314.0547952377,314.087284727,313.8154584305,318.4092775751,-74.6584888177,4.8410949801
"25718","Sasaima","Cundinamarca",111.6114209173,111.615252748,111.5006173045,113.1941678758,-74.4123081557,4.9468038207
"25736","Sesquil<U+00E9>","Cundinamarca",141.1438931693,141.1477382923,140.9443782606,143.1720339459,-73.7809536838,5.0087714214
"25740","Sibat<U+00E9>","Cundinamarca",122.1315484672,122.1328496449,121.9955649203,123.6947271246,-74.2632902131,4.4659680117
"25743","Silvania","Cundinamarca",162.5702057284,162.5745339881,162.4032373322,164.6381351577,-74.3705106134,4.4369666272
"25745","Simijaca","Cundinamarca",96.7139270617,96.7155454937,96.5802392304,98.2595821444,-73.8451928966,5.5097731403
"25754","Soacha","Cundinamarca",187.4445060879,187.4458952645,187.2310740165,189.8806285805,-74.2299276859,4.5375951016
"25758","Sop<U+00F3>","Cundinamarca",111.0800463246,111.0804837293,110.9339080817,112.6356667937,-73.9658750274,4.8880580961
"25769","Subachoque","Cundinamarca",209.2168132061,209.2172890263,208.9673865848,212.1986924993,-74.1569017462,4.970355315
"25772","Suesca","Cundinamarca",173.0643313693,173.0689949734,172.8198281271,175.6195607588,-73.7826706529,5.1360778522
"25777","Supat<U+00E1>","Cundinamarca",130.3885297975,130.3895171115,130.2401180113,132.2833544998,-74.2313824553,5.061692614
"25779","Susa","Cundinamarca",104.1524832094,104.1545467354,104.0073892481,105.79272673,-73.8239267239,5.4400914747
"25781","Sutatausa","Cundinamarca",64.8495554837,64.8505371636,64.7602552261,65.8289922415,-73.8554035509,5.24290895
"25785","Tabio","Cundinamarca",75.1983766318,75.1983864878,75.1049990132,76.2658170327,-74.0844970696,4.9515190399
"25793","Tausa","Cundinamarca",201.8653137534,201.8664245844,201.5987363506,204.8826240595,-73.9563148536,5.1939990403
"25797","Tena","Cundinamarca",51.4357880573,51.4373466883,51.3838521091,52.1206672399,-74.3918265556,4.6515983503
"25799","Tenjo","Cundinamarca",114.2358584535,114.236057941,114.0988695236,115.8188484952,-74.1468050094,4.8385474262
"25805","Tibacuy","Cundinamarca",84.7546405059,84.7589947202,84.6761680002,85.8065584223,-74.4866794077,4.3213528751
"25807","Tibirita","Cundinamarca",56.5419197009,56.5473941489,56.456024339,57.3675246942,-73.5136252417,5.0841019021
"25815","Tocaima","Cundinamarca",245.80990057,245.8345239589,245.620378934,248.9468270645,-74.6486437702,4.452071225
"25817","Tocancip<U+00E1>","Cundinamarca",73.2396121361,73.2401182886,73.1416944396,74.2830899817,-73.928870212,4.9688525357
"25823","Topaip<U+00ED>","Cundinamarca",143.7087506952,143.7107883645,143.5515436948,145.9318023005,-74.289638403,5.3556883131
"25839","Ubal<U+00E1>","Cundinamarca",522.3859769872,522.4586494005,521.5783772547,529.5035206071,-73.4082672631,4.7590227497
"25841","Ubaque","Cundinamarca",107.0904123707,107.0907959968,106.9502047387,108.471236934,-73.9756435919,4.5007540868
"25843","Villa de San Diego de Ubate","Cundinamarca",102.2747972921,102.2768814335,102.1321291742,103.8436629426,-73.8201058456,5.3160801822
"25845","Une","Cundinamarca",209.1281598081,209.128268373,208.8664415508,211.7131662221,-74.0680926774,4.3017285772
"25851","<U+00DA>tica","Cundinamarca",92.0798073209,92.0843067744,91.9936402785,93.4557952937,-74.4778006129,5.19279423
"25862","Vergara","Cundinamarca",144.6483513737,144.6507784833,144.4924531722,146.7817837415,-74.3097924891,5.1312668925
"25867","Vian<U+00ED>","Cundinamarca",67.1137303375,67.1183644155,67.0556477256,68.0538450445,-74.5534598902,4.8891606289
"25871","Villag<U+00F3>mez","Cundinamarca",62.9686769938,62.9689295394,62.895086117,63.9253503384,-74.1907424564,5.2706928883
"25873","Villapinz<U+00F3>n","Cundinamarca",226.1426180432,226.1599375162,225.8039239842,229.5469130661,-73.5772562347,5.2272963696
"25875","Villeta","Cundinamarca",140.8799852024,140.8872398865,140.7494804526,142.9055881126,-74.4876480835,5.0116695588
"25878","Viot<U+00E1>","Cundinamarca",201.3192729041,201.3295881262,201.1326425419,203.8796173429,-74.4854352246,4.436053106
"25885","Yacop<U+00ED>","Cundinamarca",956.7577440891,956.7832808033,955.7697309831,972.3191052815,-74.3647984018,5.5918938756
"25898","Zipac<U+00F3>n","Cundinamarca",54.2687948787,54.2703815276,54.213750392,55.0074057331,-74.3867350889,4.7543211558
"25899","Zipaquir<U+00E1>","Cundinamarca",194.8201224742,194.8203988629,194.5705972716,197.6420324822,-74.0230771425,5.0461903735
"41001","Neiva","Huila",1269.2616913921,1269.8275121064,1269.2464416346,1281.2702613701,-75.272326215,2.9933566516
"41006","Acevedo","Huila",539.9060941455,540.5168705048,540.5294895825,544.0231505204,-75.9966464956,1.7091132028
"41013","Agrado","Huila",273.5064914927,273.7316497743,273.6870202404,275.7767736936,-75.7163219922,2.2697491524
"41016","Aipe","Huila",795.2334300825,795.6306539982,795.3082094847,803.1609708995,-75.3526257081,3.2623720695
"41020","Algeciras","Huila",589.4219631941,589.6889868074,589.4271125107,594.5099209022,-75.2913583046,2.4978468788
"41026","Altamira","Huila",180.8169959579,180.97556887,180.9523828913,182.2724232297,-75.7685845196,2.0792276097
"41078","Baraya","Huila",785.8138901127,786.0019598119,785.4792005816,793.4531802385,-74.9579746777,3.1354222364
"41132","Campoalegre","Huila",462.5769015594,462.7993144908,462.6052561885,466.6856321738,-75.329439037,2.6586656983
"41206","Colombia","Huila",1584.7895503313,1584.9699192562,1583.6230553249,1601.2153862271,-74.6783279586,3.4519557862
"41244","El<U+00ED>as","Huila",80.3552633781,80.4417430849,80.4411437273,80.9947688867,-75.9509177081,2.0062483246
"41298","Garz<U+00F3>n","Huila",606.1165590522,606.5318362371,606.3749505652,611.0687301003,-75.5713139573,2.1724412938
"41306","Gigante","Huila",503.3724460251,503.6924219403,503.543881632,507.6232620419,-75.5169970991,2.3717824049
"41319","Guadalupe","Huila",249.4067742719,249.6073506811,249.5635892306,251.3851867865,-75.6969352521,1.9843933634
"41357","Iquira","Huila",356.2378067708,356.5159741674,356.4474935592,359.4205317692,-75.6738280379,2.6915153056
"41359","Isnos","Huila",370.1171512586,370.6565703338,370.7286980139,373.0639834481,-76.2563550953,2.0067802268
"41378","La Argentina","Huila",355.9652170854,356.4210978636,356.4576555759,358.8774976166,-76.1178153101,2.1814564021
"41396","La Plata","Huila",813.7265041431,814.6508827329,814.6712841211,820.5479761846,-76.0011779015,2.3280749336
"41483","N<U+00E1>taga","Huila",131.8220493687,131.9400313298,131.9245866909,132.9756044311,-75.7869385894,2.5760644402
"41503","Oporapa","Huila",155.6285893203,155.8126081764,155.8207233151,156.8777079584,-76.0411025808,2.0611914595
"41518","Paicol","Huila",278.078353197,278.3107619859,278.2674605085,280.4405465961,-75.7280301079,2.4068990569
"41524","Palermo","Huila",883.7618244137,884.2660048025,883.9596827146,891.9952219002,-75.4406586691,2.9144879958
"41530","Palestina","Huila",177.9834135417,178.2174546397,178.2394533279,179.3359781539,-76.1478573784,1.6845798314
"41548","Pital","Huila",193.4774913496,193.6600517348,193.6432781457,195.080729491,-75.8319511748,2.2596012046
"41551","Pitalito","Huila",629.8596125472,630.6659646605,630.7316897099,634.7429292064,-76.1192002454,1.8279019526
"41615","Rivera","Huila",251.1269277285,251.2301646065,251.10921107,253.4086069806,-75.2355435125,2.7822236982
"41660","Saladoblanco","Huila",465.9824593799,466.6449099528,466.7271661857,469.746110936,-76.2289721582,2.1003828385
"41668","San Agust<U+00ED>n","Huila",1388.0992022185,1390.4321604479,1390.8504300567,1399.0155882382,-76.4165599176,1.9241610657
"41676","Santa Mar<U+00ED>a","Huila",339.1279194044,339.3795885795,339.3052168734,342.2938152133,-75.6335988642,2.9262660116
"41770","Suaza","Huila",429.2727771723,429.667189086,429.6234877267,432.6212613307,-75.8079844964,1.8709911089
"41791","Tarqui","Huila",362.4524081383,362.8118368423,362.7909172858,365.3934901974,-75.8753495572,2.1302805523
"41797","Tesalia","Huila",366.7356898793,367.0254563004,366.9573219666,369.9169946233,-75.6825950924,2.5268538972
"41799","Tello","Huila",530.2331961187,530.399402988,530.0912714488,535.2834876947,-75.0853580652,3.0306127922
"41801","Teruel","Huila",471.3409393842,471.7290318657,471.6501810429,475.6608817462,-75.7143384194,2.8241183924
"41807","Timan<U+00E1>","Huila",185.5344199748,185.7270854456,185.7216267466,186.9987096138,-75.9175780594,1.9507147197
"41872","Villavieja","Huila",543.7394149508,543.9270413796,543.6297794146,549.1861671754,-75.1383862991,3.287053761
"41885","Yaguar<U+00E1>","Huila",332.7044997877,332.915307186,332.8166294214,335.6533405587,-75.5159290042,2.6465605654
"44035","Albania","La Guajira",545.6414928329,546.0265501855,544.8044883391,570.6799808953,-72.5320969507,11.2286771082
"44078","Barrancas","La Guajira",800.4818248376,800.9417718344,799.2270553149,835.8598782874,-72.6867522064,10.9894129111
"44090","Dibulla","La Guajira",1749.7525647333,1749.9733202202,1747.0599907858,1828.329297704,-73.4357390653,11.0902768615
"44098","Distracci<U+00F3>n","La Guajira",231.599995436,231.6879878315,231.2298821314,241.7320332559,-72.9444770195,10.9251147006
"44110","El Molino","La Guajira",242.0827946697,242.1848442343,241.6967595497,252.1955984138,-72.8858351207,10.636696159
"44279","Fonseca","La Guajira",473.4787347895,473.707228794,472.7274701702,493.8764806391,-72.8018318678,10.8283584909
"44378","Hatonuevo","La Guajira",214.5251015607,214.6399257977,214.1867308517,224.1719702034,-72.7324902094,11.0995228485
"44420","La Jagua del Pilar","La Guajira",179.5368418784,179.5908476651,179.2501642672,186.8223629163,-73.0720892065,10.4580965424
"44430","Maicao","La Guajira",1767.0284832307,1768.6899552412,1764.4694614453,1850.0822941378,-72.2950635594,11.3815604046
"44560","Manaure","La Guajira",1618.565674942,1619.65522519,1616.0735575546,1697.2850675025,-72.5716292398,11.6055495818
"44650","San Juan del Cesar","La Guajira",1313.2993408872,1313.6883833239,1311.2092725197,1369.7398680877,-73.0865625628,10.8131211249
"44855","Urumita","La Guajira",246.187271354,246.2745599021,245.793895912,256.2378320606,-72.9862338559,10.4947057684
"44874","Villanueva","La Guajira",260.0019881745,260.0959338662,259.5865245234,270.7706136569,-72.9751930094,10.5836494012
"47030","Algarrobo","Magdalena",406.3880465343,406.3883902537,405.8849984084,422.3359210087,-74.1032292146,10.2535540664
"18410","La Monta<U+00F1>ita","Caquet<U+00E1>",1700.3432533347,1701.0533656213,1700.2371032173,1712.7024785225,-75.235708681,1.3028516321
"18460","Mil<U+00E1>n","Caquet<U+00E1>",1219.9299958455,1220.5725950912,1220.1080283015,1228.6426942581,-75.3866433031,1.1466902229
"18479","Morelia","Caquet<U+00E1>",462.118137856,462.4799428161,462.3924017897,465.5009928258,-75.6738084001,1.3829939254
"18592","Puerto Rico","Caquet<U+00E1>",4145.1172945738,4146.3971617366,4143.961217056,4178.2827652221,-75.07306189,2.0188903784
"18610","San Jos<U+00E9> del Fragua","Caquet<U+00E1>",1303.1146335451,1304.7689398611,1304.898167268,1312.5736113808,-76.1100077334,1.3046984301
"18860","Valpara<U+00ED>so","Caquet<U+00E1>",1329.2237804615,1330.2126251537,1329.9215617339,1338.6392883325,-75.6270437789,1.0612919655
"19001","Popay<U+00E1>n","Cauca",479.2499320188,480.1797315979,480.3792290055,483.3672040346,-76.5919398559,2.4717052181
"19022","Almaguer","Cauca",236.1637494834,236.7148137127,236.8516307766,238.0169986948,-76.8349451495,1.9124403776
"19050","Argelia","Cauca",773.3790053464,775.7878372092,776.4554882115,779.8638484796,-77.2631489207,2.3293337486
"19075","Balboa","Cauca",411.9711708105,413.2111892533,413.5522483812,415.2901640638,-77.2088136923,2.0847324374
"19100","Bol<U+00ED>var","Cauca",795.7853487777,797.8202524265,798.3494190493,801.9792613399,-76.9633708165,1.8539472283
"19110","Buenos Aires","Cauca",434.161890208,435.0623129356,435.2672534411,438.3097915946,-76.6790013921,3.0459194348
"19130","Cajib<U+00ED>o","Cauca",551.1234958973,552.2876560569,552.5568109228,556.0048437402,-76.7013820774,2.6432107165
"19137","Caldono","Cauca",354.120234175,354.7386612583,354.8557515299,357.3546156963,-76.4645159008,2.8103282608
"19142","Caloto","Cauca",266.1119583142,266.5388890888,266.6093601958,268.654083373,-76.3663823718,3.0459244061
"19212","Corinto","Cauca",325.4624751413,325.9156278184,325.9679393439,328.6269011431,-76.2096444872,3.1367540391
"19256","El Tambo","Cauca",2732.4033000722,2739.5989274038,2741.4860956112,2756.1535643014,-77.005102569,2.5344788623
"19290","Florencia","Cauca",56.4955222827,56.6526437918,56.6949009177,56.9253922165,-77.0873576216,1.6945347345
"19300","Guachene","Cauca",98.7051599042,98.867057898,98.8948590206,99.6662989124,-76.3923479163,3.1443897054
"19355","Inz<U+00E1>","Cauca",865.1854210355,866.3120721345,866.4115905355,872.6551506454,-76.1376297582,2.4990558289
"19364","Jambal<U+00F3>","Cauca",234.0897878753,234.4475558611,234.5011533247,236.243835107,-76.311248021,2.8498078797
"19392","La Sierra","Cauca",207.8876336782,208.3544266542,208.4674261877,209.5899998962,-76.7822789585,2.1874751052
"19397","La Vega","Cauca",514.938537023,516.0748793497,516.3469337348,519.0672582587,-76.7588042647,2.0539332094
"19450","Mercaderes","Cauca",695.9232419209,697.9813783562,698.5450092432,701.292431933,-77.1806048347,1.7938238238
"19455","Miranda","Cauca",189.4241189055,189.6897319246,189.7210095612,191.2993519224,-76.2167070577,3.2282374373
"19473","Morales","Cauca",510.3587718442,511.4776870095,511.7434237012,515.0243215351,-76.75095785,2.814765858
"19513","Padilla","Cauca",69.5693324373,69.6779814289,69.694989207,70.2535037564,-76.3362436292,3.1947275851
"19517","Paez","Cauca",1791.1259455972,1793.1487946903,1793.183786507,1807.2591352987,-75.993672698,2.7338813346
"19532","Pat<U+00ED>a","Cauca",753.2372341829,755.2910836895,755.8387667584,759.3685547984,-77.0579283515,2.1481606874
"19533","Piamonte","Cauca",1103.0680959535,1104.7517211095,1105.0042905383,1110.9534753509,-76.3054768157,1.1523160434
"19548","Piendam<U+00F3>","Cauca",180.9176022446,181.2605529759,181.3324529278,182.5409880031,-76.5647232562,2.7144608925
"19573","Puerto Tejada","Cauca",108.9235133057,109.1062062729,109.1387194738,110.010087327,-76.4184615445,3.2667312946
"19585","Purac<U+00E9>","Cauca",846.9536857327,848.3233210408,848.5523393378,853.9986347377,-76.3711587294,2.2817776477
"19622","Rosas","Cauca",168.7212691863,169.0917340358,169.1801197972,170.1173091426,-76.7529267695,2.2508771317
"19693","San Sebasti<U+00E1>n","Cauca",418.1409120128,419.0349227742,419.2442953735,421.3956513871,-76.7165271392,1.8562612128
"19698","Santander de Quilichao","Cauca",517.268553807,518.197476152,518.3799279584,522.1520711875,-76.4987310582,2.98446358
"19701","Santa Rosa","Cauca",3612.6239462556,3619.3710141258,3620.7558225993,3639.5279462402,-76.5387583603,1.5200160856
"19743","Silvia","Cauca",679.9142455544,680.9915959021,681.1654105763,685.9455241548,-76.3505739951,2.6512908103
"19760","Sotara","Cauca",514.9302179356,515.9441813419,516.1655620169,519.1790650688,-76.6114674101,2.2318138764
"19780","Su<U+00E1>rez","Cauca",391.5296355038,392.3837304198,392.5860749217,395.1924183096,-76.7458244108,2.9368627828
"19785","Sucre","Cauca",135.5396825561,135.8733038774,135.9585362149,136.6270321027,-76.9099394318,2.05773415
"19807","Timb<U+00ED>o","Cauca",200.8656645034,201.2926930264,201.392185384,202.5611515504,-76.7105197832,2.3696246564
"19821","Toribio","Cauca",491.4607041067,492.1411348975,492.2183468957,496.0925664377,-76.203318065,2.9757704084
"19824","Totor<U+00F3>","Cauca",403.8075128913,404.4704699078,404.5845565617,407.2965370465,-76.3904720458,2.5045019304
"19845","Villa Rica","Cauca",81.5209781301,81.6631465572,81.6899893209,82.3204621583,-76.4644382663,3.1806428796
"20011","Aguachica","Cesar",877.595022056,877.6508432731,876.2947150787,901.8341104677,-73.6227755028,8.2486976114
"20013","Agust<U+00ED>n Codazzi","Cesar",1752.6971119513,1753.0925018992,1749.935210299,1818.0826161228,-73.223662519,9.9492242958
"20032","Astrea","Cesar",637.8979586495,637.9028070743,637.0477347299,659.9815982521,-73.9421545987,9.510729251
"20060","Bosconia","Cesar",586.1928830759,586.201463716,585.3868192346,608.0493970068,-73.866280384,9.946387947
"20175","Chimichagua","Cesar",1376.3931399949,1376.4446653944,1374.4324197886,1421.6886618012,-73.7526070286,9.2187652573
"20178","Chiriguan<U+00E1>","Cesar",1114.3807473762,1114.4803732352,1112.7045145999,1152.4038178998,-73.5479752683,9.4266597775
"20228","Curuman<U+00ED>","Cesar",915.0734196905,915.1712031773,913.6777457834,945.2900992362,-73.4881307619,9.2387702503
"20238","El Copey","Cesar",956.4413748897,956.450820435,955.1497893656,993.6453908776,-73.9128444185,10.1999329588
"20250","El Paso","Cesar",813.9030573205,813.9405331692,812.7194902197,842.9204826924,-73.6934929956,9.6817686081
"20295","Gamarra","Cesar",326.8675922354,326.8811865434,326.3939132764,336.0449196851,-73.7065017016,8.3377088112
"20310","Gonz<U+00E1>lez","Cesar",72.9953183326,73.0061244359,72.8816604583,75.0703825176,-73.3753722639,8.4055141048
"20383","La Gloria","Cesar",802.8225009297,802.8722068445,801.636989683,826.5656091141,-73.6331171026,8.6213234352
"20517","Pailitas","Cesar",531.8015547318,531.8429942106,531.0039289231,548.4545865742,-73.572468059,8.9389155045
"20550","Pelaya","Cesar",423.3612788247,423.3873022441,422.7358667709,436.2095148069,-73.6329762704,8.7641165446
"20614","R<U+00ED>o de Oro","Cesar",549.3937463317,549.4518139281,548.5548502618,564.4320706236,-73.4875187309,8.201055686
"20621","La Paz","Cesar",1072.8381357509,1073.1027669616,1071.1468538172,1114.3292428193,-73.1909358724,10.1642192925
"20710","San Alberto","Cesar",550.1509185621,550.2168738304,549.3062476871,564.1473419195,-73.4537383663,7.8143882491
"20750","San Diego","Cesar",645.8764556428,645.9978542124,644.8623355944,670.8749238808,-73.2880520216,10.1695150054
"20770","San Mart<U+00ED>n","Cesar",993.1955081695,993.2834583799,991.6988075422,1019.0791556665,-73.5443885316,7.9377845743
"20787","Tamalameque","Cesar",513.2830940899,513.298555847,512.5518655148,529.2511951393,-73.7633927178,8.9020595065
"23001","Monter<U+00ED>a","C<U+00F3>rdoba",3133.271227924,3136.5872207729,3136.4568067389,3225.3400118098,-75.9505178841,8.5846527828
"23068","Ayapel","C<U+00F3>rdoba",1964.273125324,1964.838706872,1963.6145039928,2018.6944276442,-75.0486988711,8.2657579536
"23079","Buenavista","C<U+00F3>rdoba",834.4642395394,834.9270329599,834.615378755,857.2644500095,-75.433831719,8.1913892039
"23090","Canalete","C<U+00F3>rdoba",419.452319043,420.0396959553,420.0997966686,432.0900366725,-76.2377937294,8.7240935296
"23162","Ceret<U+00E9>","C<U+00F3>rdoba",290.5750322036,290.8443321007,290.8097120266,299.5965403312,-75.8346079839,8.8910187091
"23168","Chim<U+00E1>","C<U+00F3>rdoba",323.7627507609,324.0030876356,323.9258445537,334.2143240693,-75.6523789142,9.1102433766
"23182","Chin<U+00FA>","C<U+00F3>rdoba",625.8790839888,626.1872791109,625.9189639777,645.7896064779,-75.3566654308,9.027498122
"23189","Ci<U+00E9>naga de Oro","C<U+00F3>rdoba",640.7896287286,641.2396063319,641.0695702498,660.5119563004,-75.6077801478,8.8417799065
"23300","Cotorra","C<U+00F3>rdoba",88.1921440972,88.268550477,88.2547518786,91.0123558548,-75.7789420872,9.0569512974
"23350","La Apartada","C<U+00F3>rdoba",286.917086159,287.0437686262,286.9097648039,294.5545711621,-75.2881652139,8.052216402
"23417","Lorica","C<U+00F3>rdoba",950.0376822851,950.9942654339,950.9250348248,981.0049856904,-75.9097938427,9.1650338455
"23419","Los C<U+00F3>rdobas","C<U+00F3>rdoba",365.5294527446,366.0686768104,366.1341567471,376.7729764707,-76.2949334577,8.8390404342
"23464","Momil","C<U+00F3>rdoba",158.6453760324,158.7627769072,158.724590854,163.9083727652,-75.6509112596,9.265458184
"23466","Montel<U+00ED>bano","C<U+00F3>rdoba",1549.8247368623,1551.1667278752,1550.9197977069,1589.8237418217,-75.7607592167,7.8863129896
"23500","Mo<U+00F1>itos","C<U+00F3>rdoba",202.9198302796,203.1728861868,203.1855079072,209.5637215802,-76.1193221245,9.1905098665
"23555","Planeta Rica","C<U+00F3>rdoba",1139.8192866268,1140.628940662,1140.3343837156,1171.5440055032,-75.6124072637,8.2902693885
"23570","Pueblo Nuevo","C<U+00F3>rdoba",848.8277031807,849.2799051075,848.9455616571,873.2973489217,-75.4051318558,8.4813418592
"23574","Puerto Escondido","C<U+00F3>rdoba",410.4907267391,411.0417065619,411.0878669353,423.4594725562,-76.1940651684,8.9886641784
"23586","Pur<U+00ED>sima","C<U+00F3>rdoba",117.639248541,117.7342648275,117.7112714666,121.5534576314,-75.7212991512,9.2823821439
"23660","Sahag<U+00FA>n","C<U+00F3>rdoba",964.2855310365,964.8144654916,964.4476944024,993.7370247508,-75.4292557496,8.798976686
"23670","San Andr<U+00E9>s Sotavento","C<U+00F3>rdoba",206.6414914623,206.7703108285,206.7034766654,213.3252504733,-75.5209238171,9.1212900406
"23672","San Antero","C<U+00F3>rdoba",207.3092913295,207.4903483841,207.4584620535,214.3006545421,-75.7870024326,9.3596669775
"23675","San Bernardo del Viento","C<U+00F3>rdoba",315.6316706136,315.971991079,315.9620719956,326.2216500193,-75.9762514072,9.3300941799
"23678","San Carlos","C<U+00F3>rdoba",446.4648850626,446.8142032542,446.720636016,459.8740644806,-75.6925137731,8.706454904
"23682","San Jos<U+00E9> de Ur<U+00E9>","C<U+00F3>rdoba",525.2963115992,525.648025178,525.4987526369,538.5093503957,-75.5672659061,7.7530388566
"23686","San Pelayo","C<U+00F3>rdoba",445.0427330153,445.4911529201,445.4593387253,459.1006183833,-75.9095854931,8.9877867904
"23815","Tuch<U+00ED>n","C<U+00F3>rdoba",106.3114145389,106.379781005,106.3469050545,109.8130662062,-75.5441068203,9.224629191
"23855","Valencia","C<U+00F3>rdoba",917.9885173508,919.2591850642,919.3851660814,943.2049554997,-76.2213526278,8.2198935103
"25001","Agua de Dios","Cundinamarca",85.7360868424,85.7453258143,85.6719122376,86.8118554133,-74.6711105614,4.372744947
"25019","Alb<U+00E1>n","Cundinamarca",50.8330371864,50.8351068334,50.7839166028,51.5453764022,-74.4427835855,4.8911207734
"25035","Anapoima","Cundinamarca",123.9478754411,123.9554913297,123.8374851986,125.5663799725,-74.5256934695,4.559961185
"25040","Anolaima","Cundinamarca",120.946866365,120.952347195,120.8320915462,122.6053267249,-74.4619434761,4.7893131823
"25053","Arbel<U+00E1>ez","Cundinamarca",142.4554056627,142.4599649266,142.3122665184,144.1905709399,-74.3957598284,4.2327883381
"25086","Beltr<U+00E1>n","Cundinamarca",176.8211012506,176.8459747471,176.7043218672,179.2102099602,-74.7563223828,4.7196773546
"25095","Bituima","Cundinamarca",61.0424044408,61.0461904833,60.9881587497,61.889957046,-74.528628298,4.8478193039
"25099","Bojac<U+00E1>","Cundinamarca",102.3178867624,102.3198795485,102.2092441359,103.6919894371,-74.3289865309,4.6916670886
"25120","Cabrera","Cundinamarca",421.8218380385,421.8395914999,421.4163999538,426.6312175214,-74.4461564661,3.9186150742
"25123","Cachipay","Cundinamarca",53.4502329852,53.4526181667,53.3993835597,54.172863925,-74.4591967284,4.723063194
"25126","Cajic<U+00E1>","Cundinamarca",51.2755984536,51.2756387134,51.2101257278,52.0001811788,-74.0298517279,4.9304021313
"25148","Caparrap<U+00ED>","Cundinamarca",615.6303358144,615.6675902931,615.0786778095,625.2074382526,-74.5212417037,5.3814879892
"25151","Caqueza","Cundinamarca",111.5061741633,111.5068032146,111.3581683208,112.9141126351,-73.9448240698,4.4022590299
"25154","Carmen de Carupa","Cundinamarca",298.5468516185,298.5490513882,298.1472249697,303.1489106375,-73.9261501879,5.3388518854
"25168","Chaguan<U+00ED>","Cundinamarca",172.0105885048,172.0267233594,171.8746890206,174.4537031021,-74.6308999749,4.9542518127
"25175","Ch<U+00ED>a","Cundinamarca",80.1579920427,80.1580512825,80.0560128768,81.2751307047,-74.0369226026,4.8654517226
"25178","Chipaque","Cundinamarca",150.5494924656,150.5495603987,150.3602052883,152.4600184947,-74.0594722262,4.4257765746
"25181","Choach<U+00ED>","Cundinamarca",212.4181732309,212.4200965495,212.132469339,215.2055237512,-73.9128785163,4.5829653751
"25183","Chocont<U+00E1>","Cundinamarca",300.1793162589,300.193899315,299.7416721508,304.5947982457,-73.6806889824,5.1184160859
"25200","Cogua","Cundinamarca",132.8799246008,132.8803885319,132.7058482857,134.8280880395,-73.9753647233,5.1031264783
"25214","Cota","Cundinamarca",53.6773484874,53.677390107,53.6121073167,54.4132253637,-74.123396445,4.7882710255
"25224","Cucunub<U+00E1>","Cundinamarca",109.8371711999,109.8401644859,109.6818320505,111.4916437019,-73.7800205224,5.2303076119
"25245","El Colegio","Cundinamarca",118.2752199105,118.2796445827,118.1593497722,119.8186299122,-74.4265850679,4.5569466338
"25258","El Pe<U+00F1><U+00F3>n","Cundinamarca",134.0888049433,134.0910118719,133.9440858406,136.1221207334,-74.3083058742,5.2617268874
"25260","El Rosal","Cundinamarca",87.2122830372,87.2129785067,87.1134522647,88.4314504211,-74.2380227969,4.8797220993
"25269","Facatativ<U+00E1>","Cundinamarca",158.0173695429,158.0207047309,157.8507427307,160.2049285013,-74.3380222751,4.8340521727
"25279","Fomeque","Cundinamarca",460.1638679776,460.1753386286,459.5173010721,466.1330534319,-73.7970586875,4.5285640077
"25281","Fosca","Cundinamarca",111.2029795962,111.2035420265,111.0559052841,112.5816680458,-73.952868126,4.3162799303
"25286","Funza","Cundinamarca",67.7533982126,67.7537108682,67.6746550411,68.6735076186,-74.1986593777,4.7439962893
"25288","F<U+00FA>quene","Cundinamarca",77.4590256307,77.4612543561,77.3491110853,78.6727044121,-73.7705998746,5.4162874501
"25290","Fusagasug<U+00E1>","Cundinamarca",193.9437045784,193.949612354,193.7475925823,196.3519973115,-74.3885922196,4.323534301
"25293","Gachala","Cundinamarca",384.9587476652,384.9971002449,384.3742388642,390.0886177937,-73.5105642355,4.6549536988
"25297","Gachet<U+00E1>","Cundinamarca",258.8451586133,258.861991959,258.4613710325,262.4543067619,-73.6177318939,4.8675505212
"25299","Gama","Cundinamarca",107.6793175303,107.6867979663,107.5189286601,109.1352900974,-73.6005437656,4.7235724316
"25307","Girardot","Cundinamarca",130.1339113828,130.1553396032,130.0559096574,131.7548576287,-74.8114422176,4.3381531398
"25312","Granada","Cundinamarca",60.7037156441,60.7049772801,60.6396824834,61.4902199505,-74.3372464371,4.5234850238
"25317","Guachet<U+00E1>","Cundinamarca",170.1655758485,170.1733034061,169.9183336962,172.8155807008,-73.6932828715,5.3872915029
"25320","Guaduas","Cundinamarca",763.6017111722,763.6758634471,763.0051874125,774.9687529297,-74.6401421859,5.1735360961
"25322","Guasca","Cundinamarca",360.582352835,360.5885112394,360.084497262,365.5396085543,-73.8464317247,4.8012748021
"25324","Guataqu<U+00ED>","Cundinamarca",90.9384177995,90.9521747055,90.8808894853,92.1139111378,-74.7818500469,4.5122997844
"25326","Guatavita","Cundinamarca",252.3613411575,252.3680611448,252.0053855433,255.913269899,-73.786483331,4.9115872661
"25328","Guayabal de Siquima","Cundinamarca",61.8703313979,61.8734403578,61.8127868398,62.7351787196,-74.4834762495,4.879394391
"63190","Circasia","Quindio",90.2914904862,90.3610500083,90.3427414504,91.4818296138,-75.6668927784,4.6048370576
"63212","C<U+00F3>rdoba","Quindio",92.9060156309,92.9762478843,92.9565325155,94.0775182729,-75.6513233791,4.3959758183
"63272","Filandia","Quindio",106.4800661951,106.5625458648,106.5412303329,107.9032595461,-75.6714713208,4.6693255911
"63302","G<U+00E9>nova","Quindio",294.6827839722,294.9377188775,294.8966184902,298.2325008227,-75.7605677412,4.1801056911
"63401","La Tebaida","Quindio",89.2972670354,89.3797467923,89.3705401297,90.4328167936,-75.8173219333,4.4356744616
"63470","Montenegro","Quindio",148.9041816794,149.0418091952,149.0264777796,150.8328312377,-75.8180755624,4.5218847063
"63548","Pijao","Quindio",248.3822628804,248.577852829,248.5304578906,251.4537148937,-75.6833027958,4.3039785657
"63594","Quimbaya","Quindio",133.4007426054,133.5203541523,133.5042848154,135.1614225206,-75.7920508976,4.6102737339
"63690","Salento","Quindio",347.0700367319,347.2938419946,347.1924269776,351.6520595366,-75.5309160165,4.6113144956
"66001","Pereira","Risaralda",607.6889454249,608.1877924057,608.0823071737,616.0078806381,-75.7123483548,4.7813034741
"66045","Ap<U+00ED>a","Risaralda",149.816036983,149.9765924127,149.9740921501,152.0296584487,-75.9535379857,5.1396354393
"66088","Bel<U+00E9>n de Umbr<U+00ED>a","Risaralda",180.4243675269,180.6004393607,180.5872239607,183.1249075142,-75.8679388739,5.2003970664
"66318","Gu<U+00E1>tica","Risaralda",100.7292412845,100.8206394556,100.8089965152,102.2757848546,-75.8043670567,5.3202952596
"66383","La Celia","Risaralda",92.3687743167,92.4736619859,92.4755125477,93.6902205115,-76.0082261997,4.9881268728
"66400","La Virginia","Risaralda",32.7243182514,32.7557101897,32.7530171316,33.1842201778,-75.8520383006,4.9047149491
"66440","Marsella","Risaralda",149.1915170923,149.3191359092,149.2971394913,151.305460722,-75.7532137683,4.9429340821
"66572","Pueblo Rico","Risaralda",613.0238197254,613.767815408,613.805498762,622.368986758,-76.0735889758,5.286290652
"66594","Quinch<U+00ED>a","Risaralda",140.0160516767,140.1300613638,140.105513186,142.1674461818,-75.7133960034,5.3239056366
"66682","Santa Rosa de Cabal","Risaralda",543.133369252,543.4926291268,543.340093562,550.6525123786,-75.5494956184,4.8337872883
"66687","Santuario","Risaralda",190.6572000054,190.8679399736,190.8684126995,193.4187002269,-75.9819757172,5.0459766308
"68013","Aguada","Santander",75.2244130491,75.2312480495,75.1105156304,76.6080969309,-73.5303849262,6.1822070172
"68020","Albania","Santander",166.2136872773,166.2169627855,165.9825759258,169.0244004182,-73.8284640436,5.778073677
"68051","Aratoca","Santander",169.7331630699,169.7915517447,169.4617586542,173.2154522869,-73.0116273045,6.7167641321
"68077","Barbosa","Santander",46.6619636942,46.664886406,46.5928322703,47.4808431907,-73.6234530024,5.9556168151
"68079","Barichara","Santander",137.2449131552,137.2758174826,137.0273528658,140.0212782868,-73.2151835909,6.647059455
"68081","Barrancabermeja","Santander",1326.795604762,1326.8351150012,1324.9232280101,1355.9245421266,-73.7821385972,7.0540616008
"68092","Betulia","Santander",431.1857271776,431.248701229,430.5165600478,440.5737552752,-73.3874148382,7.0132012154
"68101","Bol<U+00ED>var","Santander",1010.0941707997,1010.1102936326,1008.873527926,1028.3392905747,-74.1134017753,6.0937209279
"68121","Cabrera","Santander",65.5607256888,65.5743084083,65.4571177088,66.8644084523,-73.2503485972,6.5625422811
"68132","California","Santander",44.9954700246,45.013467564,44.9235880885,46.0430076918,-72.9263462796,7.353287331
"68147","Capitanejo","Santander",85.2332318301,85.2840638137,85.0996616275,86.9135850741,-72.6743490263,6.5201977568
"68152","Carcas<U+00ED>","Santander",258.7679532412,258.9461475941,258.3686992732,264.0160236759,-72.5696861725,6.6596732964
"68160","Cepit<U+00E1>","Santander",107.9240417429,107.9671045902,107.7516154723,110.1542098058,-72.9292459532,6.7524640824
"68162","Cerrito","Santander",420.8201093863,421.0814426586,420.1634174029,429.7846811897,-72.6453630703,6.903920291
"68167","Charal<U+00E1>","Santander",419.1226909846,419.2313667744,418.4556989568,426.8550004386,-73.1540218774,6.1955283973
"68169","Charta","Santander",126.6607796138,126.7062501112,126.4582919227,129.5555881724,-72.9878818126,7.2589650484
"68176","Chima","Santander",173.1958983676,173.2190246558,172.9279891524,176.5090288479,-73.4147602003,6.3726763455
"68179","Chipat<U+00E1>","Santander",94.9241327279,94.9298548882,94.7838273548,96.6293460704,-73.6323907297,6.0679474195
"68190","Cimitarra","Santander",3174.247516809,3174.278801393,3170.5099537558,3235.4584217532,-74.1703202032,6.4097109385
"68207","Concepci<U+00F3>n","Santander",336.8985545073,337.1199186722,336.376153232,343.9054738903,-72.6057212726,6.7845334728
"68209","Confines","Santander",71.4065077719,71.4217005968,71.2935602947,72.767686446,-73.2398534206,6.3556203308
"68211","Contrataci<U+00F3>n","Santander",137.1582501229,137.1720765282,136.9494129778,139.7447939894,-73.5021148988,6.3031165186
"68217","Coromoro","Santander",577.284989233,577.4957431561,576.3624274291,588.0199221833,-72.9817672646,6.2347313011
"68229","Curit<U+00ED>","Santander",244.1396171737,244.2227171182,243.7494478472,249.0497025361,-73.018726581,6.6183455227
"68235","El Carmen de Chucur<U+00ED>","Santander",923.9569490259,924.0326092712,922.570306618,942.7140639478,-73.564749197,6.6642572231
"68245","El Guacamayo","Santander",92.9592924937,92.967629901,92.818768495,94.6945379335,-73.5359065886,6.2535487845
"68250","El Pe<U+00F1><U+00F3>n","Santander",398.2297204696,398.233259315,397.6972611516,405.4264606144,-73.9271723446,6.0967302699
"68255","El Play<U+00F3>n","Santander",454.8712984673,454.9819250499,454.1488792484,465.8195410883,-73.1815853498,7.5242832428
"68264","Encino","Santander",400.3070679487,400.4326924597,399.6677422457,407.5149958558,-73.0620641447,6.079059877
"68266","Enciso","Santander",74.7718466748,74.8160337225,74.6545780805,76.2878336825,-72.6802803069,6.6582396174
"68271","Flori<U+00E1>n","Santander",176.5986954521,176.5996545509,176.3652498209,179.5994388531,-73.9552494567,5.8011075417
"68276","Floridablanca","Santander",100.3173867426,100.3482929069,100.1571103395,102.5304578577,-73.0680040295,7.0797037322
"68296","Gal<U+00E1>n","Santander",201.6968741178,201.7315231222,201.3807736808,205.797560968,-73.3246692841,6.6718076037
"68298","Gambita","Santander",608.1261597848,608.2330505004,607.1731856937,618.7300942837,-73.3194065449,5.9243765187
"68318","Guaca","Santander",302.2544289705,302.3982312486,301.7740360269,308.7444065475,-72.8237070201,6.9434269677
"68320","Guadalupe","Santander",146.3108918148,146.3307072472,146.0843666099,149.0306785185,-73.4097760606,6.2332765217
"68322","Guapot<U+00E1>","Santander",67.2889975062,67.3003641545,67.1836206616,68.5621587724,-73.3311533529,6.3192994356
"68324","Guavat<U+00E1>","Santander",83.7922219081,83.7954550147,83.671444725,85.2594295049,-73.7217364185,5.9448943091
"68327","G<U+00FC>epsa","Santander",30.1544949001,30.1567700875,30.1093304322,30.6923121688,-73.5789957359,6.0333733604
"68344","Hato","Santander",168.9912972655,169.0175722781,168.7277763692,172.3499019695,-73.3617870927,6.5598775575
"68368","Jes<U+00FA>s Mar<U+00ED>a","Santander",89.5912722522,89.5930851951,89.4664480401,91.1306296371,-73.8234241186,5.8542889739
"68370","Jord<U+00E1>n","Santander",39.8876284446,39.899177742,39.8239637523,40.7054605273,-73.0996135014,6.7137803486
"68377","La Belleza","Santander",335.2010039934,335.2015826022,334.7775241272,341.0282441409,-74.0507198893,5.910233846
"68385","Land<U+00E1>zuri","Santander",590.2130366744,590.2261988363,589.3885394515,601.4031172557,-73.8186952111,6.3314875401
"68397","La Paz","Santander",284.3295454911,284.346973819,283.909074738,289.5979317578,-73.629764768,6.2173676326
"68406","Lebr<U+00ED>ja","Santander",550.3299444713,550.4332508391,549.4644876691,562.7735322688,-73.291370847,7.2040500585
"68418","Los Santos","Santander",290.0425518633,290.1251882293,289.5798611071,296.1085502381,-73.1078514835,6.8121609502
"68425","Macaravita","Santander",102.8481418105,102.9175090126,102.6890159472,104.8730986879,-72.5853672813,6.5137434024
"47058","Ariguan<U+00ED>","Magdalena",1131.7403537304,1131.7442441249,1130.3299080714,1173.1481916106,-74.0845942326,9.8342637639
"47161","Cerro San Antonio","Magdalena",177.1669918832,177.1961165021,177.0577654309,184.16553701,-74.8198115496,10.2937317866
"47170","Chibolo","Magdalena",536.510969877,536.5437409816,536.0244797632,557.0341763988,-74.5260726963,10.0995148102
"47189","Ci<U+00E9>naga","Magdalena",1324.7622613309,1324.7671786741,1323.073208275,1382.392339007,-74.0427519393,10.8892095379
"47205","Concordia","Magdalena",109.4676765103,109.4836947105,109.3953264013,113.7486989876,-74.7780989754,10.2328494569
"47245","El Banco","Magdalena",814.8501075546,814.85401593,813.7826090788,841.1774848997,-73.9810455308,9.1149166824
"47258","El Pi<U+00F1>on","Magdalena",557.0816424179,557.1424143145,556.6568209564,579.2677603494,-74.6781550438,10.3431072712
"47268","El Ret<U+00E9>n","Magdalena",262.1717143401,262.1767884634,261.8888702462,273.1643460697,-74.3251473739,10.6596169893
"47288","Fundaci<U+00F3>n","Magdalena",971.8812775594,971.9012570971,970.5610174319,1011.3307399546,-73.8841156472,10.4594115689
"47318","Guamal","Magdalena",564.490903847,564.4923807576,563.8076276874,583.1611483935,-74.139699483,9.2479956297
"47460","Nueva Granada","Magdalena",842.0340472679,842.0509788236,841.1304742899,872.3335917571,-74.3283891517,9.7359769084
"47541","Pedraza","Magdalena",325.424563507,325.4799267573,325.228530055,337.9867589148,-74.8317796659,10.1542961684
"47545","Piji<U+00F1>o del Carmen","Magdalena",661.5564266272,661.5641131701,660.7633442764,684.5402193269,-74.1448793352,9.5307619774
"47551","Pivijay","Magdalena",1640.3834033568,1640.4444644921,1638.7356977528,1706.6847417929,-74.4125108159,10.4330235297
"47555","Plato","Magdalena",1457.2136292523,1457.3383080626,1456.0006199632,1509.9502820118,-74.6018456607,9.7694365164
"47570","Puebloviejo","Magdalena",675.4574706784,675.4743156463,674.747199767,704.6459617924,-74.3605692127,10.8475759031
"47605","Remolino","Magdalena",594.88560931,594.9313428962,594.3751127629,619.7839362392,-74.5810692575,10.6486041213
"47660","Sabanas de San Angel","Magdalena",1238.9511430435,1238.9672028344,1237.5606921246,1286.3936387973,-74.2644387912,10.1053093215
"47675","Salamina","Magdalena",170.4574812341,170.4785993788,170.3347537936,177.4396534004,-74.722973769,10.5153792098
"47692","San Sebasti<U+00E1>n de Buenavista","Magdalena",437.6425536782,437.645560531,437.1318878159,452.3841450434,-74.2012480155,9.3525540165
"47703","San Zen<U+00F3>n","Magdalena",268.8761024896,268.8830035911,268.5943033283,277.8935207184,-74.3567480943,9.3276538475
"47707","Santa Ana","Magdalena",1120.3995743744,1120.4374028395,1119.2214169906,1159.2492310999,-74.3394746343,9.5194910867
"47720","Santa B<U+00E1>rbara de Pinto","Magdalena",494.6555566742,494.7041274592,494.265170588,511.8140268464,-74.6479095192,9.5221082759
"47745","Sitionuevo","Magdalena",970.8147939843,970.9045473618,970.0259202828,1013.0537413906,-74.6296372027,10.8902592535
"47798","Tenerife","Magdalena",492.1353670967,492.1992273965,491.7883701854,510.4177810569,-74.7326392298,9.9247052172
"47960","Zapay<U+00E1>n","Magdalena",353.2364662642,353.2762767812,352.9716813587,366.7901382616,-74.6911678006,10.1177887129
"47980","Zona Bananera","Magdalena",446.4706846242,446.4722437648,445.9398833391,465.6066829002,-74.1779813467,10.7963341129
"50006","Acac<U+00ED>as","Meta",1123.6871211865,1123.737928696,1122.0772739254,1136.7465949137,-73.7238927821,4.0096498486
"50110","Barranca de Up<U+00ED>a","Meta",403.6752219816,403.8210635549,403.0298568224,408.9009834063,-72.9954847179,4.5190721924
"50124","Cabuyaro","Meta",913.3124409072,913.6704153569,911.854463201,924.6312964032,-72.9526894637,4.3152443825
"50150","Castilla la Nueva","Meta",514.6405143544,514.6869507128,513.8651266731,520.3694801634,-73.5388600975,3.8051581463
"50223","Cubarral","Meta",1157.8557429563,1157.8654772574,1156.421819027,1170.8095628041,-74.0752938959,3.8282538728
"50226","Cumaral","Meta",624.9786560529,625.0924976885,624.0008102353,632.5908861721,-73.3147701409,4.2325338283
"50245","El Calvario","Meta",277.8402203389,277.8516206653,277.439256109,281.3124997647,-73.714414529,4.3537693345
"50251","El Castillo","Meta",568.2108457727,568.2180566765,567.4397086208,574.2943573598,-73.8880023051,3.615623778
"50270","El Dorado","Meta",117.3388797299,117.341083424,117.175995242,118.6189372023,-73.8316182709,3.7069695766
"50287","Fuente de Oro","Meta",570.9498289286,570.9911887767,570.0995709092,576.7793250321,-73.5962516058,3.3823690888
"50313","Granada","Meta",348.299850946,348.3117834281,347.8023862317,351.9392524496,-73.7469627088,3.4965598969
"50318","Guamal","Meta",595.698274709,595.7036812513,594.9156734613,602.5316663539,-73.9598274199,3.9477817197
"50330","Mesetas","Meta",2280.6241340489,2280.6302077751,2277.8617829327,2302.9176803203,-74.1245288869,3.154717387
"50370","Uribe","Meta",6436.9091266827,6437.2087512848,6430.6922798703,6498.6091988366,-74.4306470377,3.0476454084
"50400","Lejan<U+00ED>as","Meta",815.4242774096,815.4263347645,814.4210125907,824.1540216496,-74.0962743639,3.6147105176
"50573","Puerto L<U+00F3>pez","Meta",6908.8004699903,6913.2945689704,6898.1840574632,6989.2297593681,-72.6457461477,4.0143075633
"50606","Restrepo","Meta",365.0735723551,365.1166063442,364.5170875808,369.5254584731,-73.473643587,4.2374716735
"50680","San Carlos de Guaroa","Meta",807.6274653316,807.7884936642,806.3557419968,816.7011526102,-73.2758322484,3.8476158115
"50683","San Juan de Arama","Meta",1169.0728819958,1169.1045751127,1167.4481869028,1180.7913195643,-73.8163394151,3.2898538492
"50686","San Juanito","Meta",237.3381713676,237.3508746281,236.9902033895,240.3793967921,-73.660415441,4.471344781
"50689","San Mart<U+00ED>n","Meta",5931.2292747258,5933.6581688594,5922.0096922273,5993.7233184301,-72.9853467921,3.535972289
"52036","Ancuy<U+00E1>","Nari<U+00F1>o",68.6547327933,68.9063630748,68.9781346993,69.1496768675,-77.5311578785,1.2452536671
"52051","Arboleda","Nari<U+00F1>o",60.0140731456,60.1857647772,60.2323838889,60.4583405698,-77.1298500106,1.4800510494
"52083","Bel<U+00E9>n","Nari<U+00F1>o",41.732743301,41.8454058268,41.8753942141,42.0459739824,-77.0428953029,1.5907642414
"52110","Buesaco","Nari<U+00F1>o",634.1614546376,635.9608219372,636.447955708,638.7682602994,-77.1163648825,1.3152148349
"52203","Col<U+00F3>n","Nari<U+00F1>o",61.5837806867,61.7505288793,61.794956845,62.048749478,-77.0473157239,1.6363343992
"52207","Consaca","Nari<U+00F1>o",118.9402548538,119.3536359511,119.4707827065,119.7944984989,-77.4406390444,1.2090667292
"52210","Contadero","Nari<U+00F1>o",43.0514976611,43.2090461147,43.2539877547,43.352978446,-77.5280873316,0.9326674969
"52215","C<U+00F3>rdoba","Nari<U+00F1>o",303.6279904844,304.6344369048,304.9173999067,305.7291906814,-77.3603273265,0.7708021822
"52224","Cuaspud","Nari<U+00F1>o",56.8845114729,57.1185874926,57.1858945204,57.2810849746,-77.7359158829,0.8754269327
"52227","Cumbal","Nari<U+00F1>o",911.1058082525,915.3287152661,916.5426531394,917.4897800317,-77.959583431,0.944224136
"52233","Cumbitara","Nari<U+00F1>o",353.8236254553,355.1669764762,355.5510462235,356.5279471873,-77.5928127062,1.7255870785
"52240","Chachag<U+00FC><U+00ED>","Nari<U+00F1>o",145.8153969251,146.2717716027,146.3986782172,146.8831017772,-77.2696899062,1.3864966151
"52254","El Pe<U+00F1>ol","Nari<U+00F1>o",119.4449590967,119.8574601653,119.974215939,120.3327100553,-77.430509716,1.5122832969
"52256","El Rosario","Nari<U+00F1>o",518.4921646643,520.2915581857,520.8006052295,522.5218008503,-77.4382532865,1.8450936372
"52258","El Tabl<U+00F3>n de G<U+00F3>mez","Nari<U+00F1>o",306.1078513276,306.902607683,307.1109344857,308.3552154105,-76.9852692684,1.4094291939
"52287","Funes","Nari<U+00F1>o",393.4833519517,394.7623537313,395.1205995475,396.2353252332,-77.3284272639,0.9142170829
"52320","Guaitarilla","Nari<U+00F1>o",116.3136774556,116.7397833137,116.8613180159,117.1442640891,-77.530113486,1.1513665685
"52323","Gualmat<U+00E1>n","Nari<U+00F1>o",29.8491586931,29.961876671,29.994126206,30.0581197196,-77.5826187746,0.9286425685
"52352","Iles","Nari<U+00F1>o",80.2395096458,80.5315440684,80.6147940798,80.8036374597,-77.5186573336,0.9805341026
"52354","Imu<U+00E9>s","Nari<U+00F1>o",81.436460071,81.7298732418,81.8134178845,82.0136821852,-77.5015084706,1.0728769263
"52378","La Cruz","Nari<U+00F1>o",238.2539064933,238.8463203484,238.9985551613,240.040720294,-76.9233525806,1.5841757986
"52385","La Llanada","Nari<U+00F1>o",244.0120008281,244.99826539,245.2812883143,245.8351120795,-77.7031637077,1.5540067991
"52399","La Uni<U+00F3>n","Nari<U+00F1>o",141.7434096413,142.1523670606,142.2636573723,142.8113089054,-77.1428457506,1.6196971176
"52411","Linares","Nari<U+00F1>o",135.1710044931,135.6634458246,135.8037854347,136.1617111798,-77.520938072,1.3951723358
"52418","Los Andes","Nari<U+00F1>o",953.0005197426,956.8695327198,957.979299662,960.2329047825,-77.7105370885,1.6726006545
"52480","Nari<U+00F1>o","Nari<U+00F1>o",25.2296143054,25.3128124335,25.3361948864,25.4121803467,-77.353888409,1.2808594731
"52565","Providencia","Nari<U+00F1>o",39.7960129526,39.9476248268,39.9910209607,40.082536949,-77.5984420187,1.2328644837
"52573","Puerres","Nari<U+00F1>o",349.0138305708,350.144008253,350.4603647065,351.4384848928,-77.3222465155,0.8265198471
"52585","Pupiales","Nari<U+00F1>o",129.1578266222,129.6598465332,129.8037836692,130.0611879473,-77.63336955,0.9167695674
"52612","Ricaurte","Nari<U+00F1>o",1050.6454672131,1055.741595532,1057.2039605194,1058.1916620635,-78.0476571898,1.2027521769
"52685","San Bernardo","Nari<U+00F1>o",64.9916668083,65.164517118,65.2102667377,65.4757254879,-77.020706628,1.5297825111
"52687","San Lorenzo","Nari<U+00F1>o",248.3909062637,249.1435917851,249.3512364348,250.2439749555,-77.2187267458,1.5421384475
"52694","San Pedro de Cartago","Nari<U+00F1>o",55.4915004833,55.6472944168,55.6893407051,55.905166175,-77.1014031875,1.5368233788
"52699","Santacruz","Nari<U+00F1>o",538.4067590697,540.6326479601,541.272417935,542.3054482636,-77.7445728221,1.2851777659
"52720","Sapuyes","Nari<U+00F1>o",115.0891115562,115.5484257701,115.6802928134,115.9021676035,-77.6804497253,1.03618926
"52786","Taminango","Nari<U+00F1>o",233.9000812415,234.6578250213,234.8699636156,235.6559604193,-77.3252534136,1.5916608141
"52788","Tangua","Nari<U+00F1>o",217.2446336319,217.9597716071,218.16072483,218.7833808486,-77.3506346718,1.0640773436
"52838","T<U+00FA>querres","Nari<U+00F1>o",215.4363270143,216.2723488548,216.5119754519,216.9723966202,-77.6307324277,1.1344394336
"52885","Yacuanquer","Nari<U+00F1>o",102.3826911366,102.7351561877,102.8349179139,103.1119801931,-77.4246759586,1.1255477609
"54003","Abrego","Norte de Santander",1382.095614235,1382.4497567947,1379.8987167392,1418.6685447959,-73.158523226,8.0198035787
"54051","Arboledas","Norte de Santander",455.9450073929,456.1489886285,455.2191989028,467.1093504274,-72.8613758698,7.6132294827
"54125","C<U+00E1>cota","Norte de Santander",138.8369976127,138.9221902413,138.6200561223,142.0173273395,-72.6521215005,7.2705593496
"54172","Chin<U+00E1>cota","Norte de Santander",166.142525235,166.2542715481,165.8854820722,170.1873371818,-72.5839080356,7.5833461318
"54174","Chitag<U+00E1>","Norte de Santander",1184.3109225205,1185.178041365,1182.5022459645,1210.2947031309,-72.525426015,7.0516169042
"54206","Convenci<U+00F3>n","Norte de Santander",931.7030286888,931.9213582402,930.2277533738,960.553306244,-73.2002153758,8.8730269695
"54223","Cucutilla","Norte de Santander",374.7250555482,374.9105451947,374.1306247832,383.7059147737,-72.7970404292,7.5021751699
"54245","El Carmen","Norte de Santander",1727.4600766298,1727.7429388448,1724.7651933084,1780.8989570925,-73.3459626816,8.8678678664
"54250","El Tarra","Norte de Santander",703.8688168245,704.1002842307,702.7440636875,724.90186417,-73.031769453,8.6782465292
"54347","Herr<U+00E1>n","Norte de Santander",106.8770401042,106.958019386,106.714409904,109.4343447303,-72.4926964551,7.4939528582
"54385","La Esperanza","Norte de Santander",669.7941271741,669.8994436388,668.751065079,686.4556004164,-73.3614120818,7.6952332952
"54398","La Playa","Norte de Santander",242.1568535097,242.2146651957,241.7723702622,248.8539675843,-73.187892056,8.256757576
"54418","Lourdes","Norte de Santander",86.5478786657,86.5873364087,86.4100834166,88.8135693246,-72.8467035805,7.9637117516
"54480","Mutiscua","Norte de Santander",158.7287430189,158.8108975015,158.4775038835,162.3979467188,-72.7683458192,7.3169487046
"54520","Pamplonita","Norte de Santander",170.8236749249,170.9308946389,170.5573608434,174.9022938728,-72.6351519079,7.4828761409
"54553","Puerto Santander","Norte de Santander",44.9079805302,44.9454358371,44.8408260776,46.1667210274,-72.4111895749,8.3291370638
"54599","Ragonvalia","Norte de Santander",97.6532070153,97.7257772922,97.5041683094,100.0360470964,-72.5075662686,7.5953551871
"54660","Salazar","Norte de Santander",493.6917624641,493.9100885627,492.9055140421,506.1557720769,-72.8677015044,7.7727478009
"54670","San Calixto","Norte de Santander",397.920169455,398.0219543727,397.2875620923,409.3332061708,-73.157994578,8.453838115
"54673","San Cayetano","Norte de Santander",139.1913357631,139.2816461666,138.9751225103,142.7560660103,-72.6097107409,7.8478691078
"54680","Santiago","Norte de Santander",172.4422658257,172.5381902385,172.1706171115,176.8934188784,-72.718253307,7.8892299951
"54743","Silos","Norte de Santander",316.6945727724,316.8541930261,316.1925890876,323.8226328209,-72.786177265,7.1809857977
"54800","Teorama","Norte de Santander",926.8142811502,927.0515296209,925.3411136503,954.9318380418,-73.1572261638,8.7599250806
"54810","Tib<U+00FA>","Norte de Santander",2678.7565836954,2680.0785656534,2674.5160217971,2759.3437113516,-72.7991792687,8.7134013036
"54871","Villa Caro","Norte de Santander",400.9149174455,401.0584513262,400.2739773572,411.3565304317,-72.9875915669,7.9362835012
"63001","Armenia","Quindio",121.520445358,121.6210597959,121.6011070781,123.0869477849,-75.724900166,4.4995021438
"63111","Buenavista","Quindio",38.4255409879,38.4580992729,38.4522941363,38.9070570148,-75.7440375322,4.3666321459
"63130","Calarca","Quindio",220.673001471,220.8410554164,220.7949559789,223.4986056389,-75.6567546395,4.4678759548
"73563","Prado","Tolima",422.9307766374,423.0130015758,422.7073693772,427.5659691769,-74.8724781958,3.7291669519
"73585","Purificaci<U+00F3>n","Tolima",402.1260319172,402.2048208318,401.9146557736,406.6493808646,-74.8745102015,3.8542825759
"73616","Rioblanco","Tolima",2044.2515421778,2046.2337923392,2046.0808625907,2065.4983859072,-75.8548225077,3.4680636733
"73622","Roncesvalles","Tolima",775.3036291898,775.8494729986,775.6566691091,784.4826524332,-75.5942830644,4.097858372
"73624","Rovira","Tolima",739.1341782823,739.4995936083,739.1955098641,748.1073664029,-75.3475875377,4.2167249597
"73671","Salda<U+00F1>a","Tolima",193.174442103,193.2267746661,193.1056638414,195.3739424341,-75.018598577,3.9125418969
"73675","San Antonio","Tolima",383.2267405163,383.4635590048,383.3444116766,387.6296533808,-75.4990742711,3.9551544663
"73678","San Luis","Tolima",412.0913656957,412.2262941209,411.9931420981,417.0027613579,-75.1124505104,4.1286054206
"73686","Santa Isabel","Tolima",270.0807229199,270.1866202949,270.0501456854,273.7368779121,-75.2071261497,4.7291144105
"73770","Su<U+00E1>rez","Tolima",190.1461522732,190.1780605852,190.0337888573,192.37456073,-74.8185930611,4.0489275213
"73854","Valle de San Juan","Tolima",197.7740535402,197.8463542732,197.7421060061,200.1573800158,-75.1714840382,4.1821244715
"73861","Venadillo","Tolima",334.5598158333,334.6327814729,334.4008920487,339.0704405226,-74.9208934239,4.7098820654
"73870","Villahermosa","Tolima",278.7508501984,278.8499369009,278.6995039662,282.7198155492,-75.1559353023,4.9657543361
"73873","Villarrica","Tolima",430.4241897277,430.4630128971,430.0801199468,435.2663371879,-74.6189707828,3.8543791227
"76020","Alcal<U+00E1>","Valle del Cauca",62.3023055807,62.3575728882,62.3496816972,63.1367119538,-75.7829782143,4.6788978269
"76036","Andaluc<U+00ED>a","Valle del Cauca",110.3136132278,110.4604144028,110.4744366982,111.6325271882,-76.1647012187,4.1448533848
"76041","Ansermanuevo","Valle del Cauca",305.0965641419,305.4511745261,305.4618728742,309.2860637002,-76.0296328517,4.795927031
"76054","Argelia","Valle del Cauca",90.6782451655,90.7960434988,90.8059535459,91.8992996409,-76.1416505073,4.7042871678
"76100","Bol<U+00ED>var","Valle del Cauca",742.3843418893,743.5720730406,743.7637704226,751.6820854558,-76.3648610647,4.3636840573
"76111","Guadalajara de Buga","Valle del Cauca",824.8235030273,825.8651372465,825.938584211,834.103504363,-76.1051375029,3.855255322
"76113","Bugalagrande","Valle del Cauca",396.2909924165,396.7813227622,396.8119726338,401.0815999098,-76.0896055686,4.1968527926
"76122","Caicedonia","Valle del Cauca",166.8261270869,166.983687029,166.9687040113,168.8913351476,-75.8367261233,4.3089948696
"76126","Calima El Darien","Valle del Cauca",791.9170071413,793.4932257984,793.8362694902,800.9961289522,-76.6277849214,3.9443937289
"76001","Cali","Valle del Cauca",561.9698289855,563.0443221356,563.2705949608,567.7269376835,-76.5764921014,3.3990426751
"76243","El <U+00C1>guila","Valle del Cauca",187.5870678828,187.8130973168,187.8240559578,190.2308198152,-76.0660103511,4.9175597781
"76246","El Cairo","Valle del Cauca",213.9053224324,214.2033551835,214.237019345,216.8177730237,-76.215030539,4.7560625691
"76248","El Cerrito","Valle del Cauca",441.2735660703,441.8885789737,441.9585065742,446.0568345126,-76.2091608772,3.6759958252
"76250","El Dovio","Valle del Cauca",235.0596888219,235.4101134223,235.4586174967,238.1160209441,-76.2876266569,4.5399797406
"76275","Florida","Valle del Cauca",401.0196633384,401.5548236749,401.607158606,405.0500885718,-76.164773473,3.3041061611
"76306","Ginebra","Valle del Cauca",268.3661095376,268.7327228466,268.7719196029,271.3163751757,-76.1908222962,3.7441050091
"76318","Guacar<U+00ED>","Valle del Cauca",162.2551857208,162.4990802609,162.5338677529,164.0536512849,-76.2944905783,3.7837808036
"76364","Jamund<U+00ED>","Valle del Cauca",627.6822312693,628.9328233569,629.2073004226,633.8788875711,-76.6276034478,3.2138965847
"76377","La Cumbre","Valle del Cauca",254.9227874364,255.4149015643,255.5194757725,257.6967310326,-76.5898985115,3.6942993435
"76400","La Uni<U+00F3>n","Valle del Cauca",120.7053640024,120.8564930369,120.8667305106,122.274113662,-76.1032971109,4.5379293906
"76403","La Victoria","Valle del Cauca",264.4097564817,264.6978404704,264.6965601946,267.8064833499,-75.9667719501,4.4835111267
"76497","Obando","Valle del Cauca",214.4478663573,214.6770336304,214.6733839672,217.2706362247,-75.9491985887,4.5975884551
"76520","Palmira","Valle del Cauca",1003.7389584804,1005.1652843933,1005.3371941831,1014.3600068996,-76.2278081521,3.5584007267
"76563","Pradera","Valle del Cauca",356.2494844536,356.7310599509,356.7806174631,359.9147511702,-76.1784190102,3.4206386514
"76606","Restrepo","Valle del Cauca",135.9809550345,136.2320139123,136.2827748226,137.4953364999,-76.534899629,3.8064943616
"76616","Riofr<U+00ED>o","Valle del Cauca",307.5933800551,308.087891715,308.1689543724,311.2435640046,-76.3710574375,4.1095003396
"76622","Roldanillo","Valle del Cauca",235.412541053,235.7266719835,235.7568265117,238.4112328373,-76.1682429871,4.4435720567
"76670","San Pedro","Valle del Cauca",201.8605747982,202.1407162695,202.1723377895,204.1923646553,-76.2083632981,3.9814315443
"76736","Sevilla","Valle del Cauca",536.6463765552,537.1840175057,537.1542538039,543.1309358862,-75.8881683456,4.1933959819
"76823","Toro","Valle del Cauca",175.5671442932,175.7820911874,175.7943259329,177.8983730822,-76.0810612854,4.6384148954
"76828","Trujillo","Valle del Cauca",307.1603584773,307.6419946049,307.7170541139,310.9022511299,-76.3429282332,4.2332689162
"76834","Tulu<U+00E1>","Valle del Cauca",908.2947009097,909.3589777158,909.3956651424,918.8918647285,-76.0324965381,4.028411702
"76845","Ulloa","Valle del Cauca",41.8233987431,41.8603165958,41.8548985016,42.3869814635,-75.7783586736,4.7077200433
"76863","Versalles","Valle del Cauca",200.3172905276,200.5972613103,200.6293011028,202.9681687596,-76.2178944899,4.6225895555
"76869","Vijes","Valle del Cauca",113.5750665791,113.7739450469,113.811545359,114.8235293513,-76.4706469924,3.7436579243
"76890","Yotoco","Valle del Cauca",327.2652346213,327.8005487437,327.8913757719,330.9854673293,-76.3908099065,3.9041232284
"76892","Yumbo","Valle del Cauca",230.1699501583,230.5868807792,230.6693767676,232.6242519135,-76.5109891641,3.5959121267
"76895","Zarzal","Valle del Cauca",367.5003243942,367.9372503535,367.95598141,372.0930253198,-76.0506556197,4.3535975801
"81220","Cravo Norte","Arauca",5187.1794273985,5212.6908181553,5192.5590679793,5285.8396516042,-70.0697379365,6.3467845019
"81300","Fortul","Arauca",1156.8535974327,1158.6275771116,1155.4893260737,1180.5048242134,-71.829474054,6.7053419975
"81794","Tame","Arauca",5410.0134437411,5418.7039746316,5403.8739984578,5513.9132348305,-71.7918394949,6.3906888846
"85015","Chameza","Casanare",313.392193145,313.5325407995,312.892885738,318.1113319712,-72.8649716337,5.2284471573
"85136","La Salina","Casanare",199.7128250444,199.8942769431,199.4192454568,203.3835180517,-72.3469312927,6.1782771917
"85139","Man<U+00ED>","Casanare",3750.5337030357,3754.5485262944,3745.2813621026,3800.7556305609,-72.2127765825,4.675762365
"85225","Nunch<U+00ED>a","Casanare",1100.4913515997,1101.8132082048,1099.0096408156,1118.1538122807,-72.0925040078,5.5291764475
"85230","Orocu<U+00E9>","Casanare",4744.5074785956,4753.4841153363,4739.8429102897,4811.360078709,-71.5987581544,4.915159472
"85250","Paz de Ariporo","Casanare",12076.2383523463,12115.0422124932,12074.5447282363,12280.6283150697,-70.8695409964,5.7801026454
"85279","Recetor","Casanare",181.132632987,181.2267549687,180.8458730074,183.8801545036,-72.7708188464,5.2630656025
"85300","Sabanalarga","Casanare",400.7990251262,400.9420467976,400.1581948247,406.3215540778,-72.9958041,4.8111789565
"85315","S<U+00E1>cama","Casanare",311.9064824284,312.2368922834,311.4670381519,317.4886584695,-72.2107607404,6.0499100027
"85325","San Luis de Palenque","Casanare",2983.9909078406,2989.6953074015,2981.1088799803,3028.962490083,-71.5934838325,5.231903576
"85400","T<U+00E1>mara","Casanare",1090.0619752116,1091.2312994671,1088.5329793915,1108.8901109398,-72.2006837133,5.8789247673
"85410","Tauramena","Casanare",2380.1411261747,2381.6733926008,2376.4447101662,2412.187898282,-72.6291650526,4.6973883334
"68432","M<U+00E1>laga","Santander",57.1506816629,57.1816929701,57.0604633438,58.3239973395,-72.7384107231,6.7202215066
"68444","Matanza","Santander",235.6740815183,235.7485680595,235.2974261694,241.1561722256,-73.0543907994,7.348771592
"68464","Mogotes","Santander",483.7862033372,483.9701393798,483.0131651489,493.2707961441,-72.9583551587,6.4925260893
"68468","Molagavita","Santander",180.3852234424,180.471721103,180.0985606583,184.0314983285,-72.8191623692,6.6432879869
"68498","Ocamonte","Santander",75.2004745208,75.2212796475,75.0805519167,76.6339057367,-73.1221184224,6.3553679016
"68500","Oiba","Santander",286.0114109197,286.0667429534,285.5608876554,291.3197685071,-73.2796162909,6.2255933869
"68502","Onzaga","Santander",488.9908846626,489.2284368524,488.2143183503,498.2744134098,-72.8120641891,6.3351802621
"68522","Palmar","Santander",19.6907352268,19.694441671,19.6597400765,20.0792877061,-73.28900684,6.5247530025
"68524","Palmas del Socorro","Santander",58.5299088003,58.5411187524,58.4377249782,59.6539157347,-73.2827320926,6.3917502503
"68533","P<U+00E1>ramo","Santander",72.9629691056,72.9811180459,72.846933054,74.3713389938,-73.1714848206,6.416627838
"68547","Piedecuesta","Santander",484.4035491639,484.5722395493,483.6291740633,494.8444143948,-73.0051720083,6.9624456718
"68549","Pinchote","Santander",55.5217434969,55.53541924,55.4334682255,56.6149185247,-73.1757097471,6.5138920838
"68572","Puente Nacional","Santander",251.6662780181,251.6785476855,251.298976942,255.9696446774,-73.6784180726,5.831126974
"68573","Puerto Parra","Santander",762.3405182097,762.3452812279,761.3338013446,777.8823723149,-73.9575982659,6.685271105
"68575","Puerto Wilches","Santander",1507.9438421738,1507.9852931173,1505.8132433899,1544.6503661737,-73.7838276644,7.5769696305
"68615","Rionegro","Santander",1168.2484497923,1168.4360650103,1166.4411743451,1196.0979140261,-73.3723505189,7.4742188062
"68655","Sabana de Torres","Santander",1402.7578100111,1402.8709456636,1400.6566735706,1435.7619261882,-73.5712807048,7.4065214385
"68669","San Andr<U+00E9>s","Santander",281.4232876239,281.5588607097,280.9762133852,287.2906364136,-72.8161379101,6.7964777911
"68673","San Benito","Santander",59.107589752,59.1130219933,59.0180447766,60.17685425,-73.5274927537,6.1016800162
"68679","San Gil","Santander",146.8363735232,146.8772841612,146.602219563,149.7492825184,-73.1188769013,6.550777399
"68682","San Joaqu<U+00ED>n","Santander",143.0686168048,143.1334269308,142.8407357644,145.8547469743,-72.8547207641,6.4598754657
"68684","San Jos<U+00E9> de Miranda","Santander",75.2629730119,75.3037440886,75.1441459594,76.7800331013,-72.7397642784,6.6293984147
"68686","San Miguel","Santander",71.1670154737,71.2113509832,71.0559420501,72.5837815772,-72.6432238647,6.5681206918
"68689","San Vicente de Chucur<U+00ED>","Santander",1116.2607202638,1116.3624320653,1114.576945323,1139.9946905597,-73.5389980325,6.8942869268
"68705","Santa B<U+00E1>rbara","Santander",221.1237852089,221.217133716,220.7709341628,225.9141921463,-72.8960967772,6.9880763618
"68720","Santa Helena del Op<U+00F3>n","Santander",373.8292015281,373.8572627896,373.269881501,381.0337811916,-73.5820669666,6.4089038715
"68745","Simacota","Santander",904.6630268091,904.7136337073,903.3557396525,922.9723491903,-73.6900200286,6.6480917253
"68755","Socorro","Santander",127.7989351594,127.8258369,127.5968855417,130.2887548914,-73.244360451,6.4620877921
"68770","Suaita","Santander",285.1514009319,285.195538083,284.7073099661,290.3238352013,-73.3662095555,6.114765372
"68773","Sucre","Santander",522.5355505376,522.5392002182,521.8469239955,531.7590611543,-73.9593467813,5.9832042697
"68780","Surat<U+00E1>","Santander",362.878605407,363.0087711012,362.2984850814,371.5306051996,-72.9877910381,7.4753925593
"68820","Tona","Santander",330.5967522194,330.7262744833,330.0686661425,338.0227337015,-72.939704298,7.1708904505
"68855","Valle de San Jos<U+00E9>","Santander",81.0919358709,81.1149390823,80.9625502897,82.6629379392,-73.1099721996,6.4345782849
"68861","V<U+00E9>lez","Santander",447.6644346967,447.68366871,447.0154439012,455.9685594122,-73.7024401463,6.2205021712
"68867","Vetas","Santander",92.3825020652,92.4223864196,92.2351539939,94.5202316863,-72.8815693915,7.3222184319
"68872","Villanueva","Santander",97.5822351296,97.6068910488,97.4269761078,99.5718022392,-73.1639665307,6.6858646077
"68895","Zapatoca","Santander",364.3480957182,364.4186104693,363.7743863492,372.0029350121,-73.2797520355,6.8346198021
"70110","Buenavista","Sucre",146.4647352851,146.4982107068,146.3970025855,151.3703465083,-74.9520458427,9.3200337721
"70124","Caimito","Sucre",412.331966493,412.4697056909,412.2337414008,424.9090235967,-75.1319043291,8.7923085135
"70204","Colos<U+00F3>","Sucre",131.0981966952,131.1629926431,131.1070063997,135.6502045724,-75.3644685004,9.5279434111
"70215","Corozal","Sucre",285.7873258112,285.9051319204,285.7627374002,295.1668756026,-75.2505084386,9.2040177866
"70221","Cove<U+00F1>as","Sucre",56.5137805088,56.5559163629,56.5424950972,58.4312211687,-75.6574934639,9.394449462
"70230","Chal<U+00E1>n","Sucre",83.6712209581,83.7100160189,83.67209423,86.5973231277,-75.3242064176,9.5695814753
"70233","El Roble","Sucre",198.3659497702,198.4328892579,198.3198598423,204.7251367851,-75.1381834588,9.0710105418
"70235","Galeras","Sucre",321.7775037677,321.8564100939,321.6404417762,332.2106659458,-74.9813471723,9.1351690879
"70265","Guaranda","Sucre",361.7711597293,361.8107859318,361.4979959345,372.0147218239,-74.6762062514,8.383907718
"70400","La Uni<U+00F3>n","Sucre",232.2491674978,232.3504009196,232.2401475744,239.3583911451,-75.2832245639,8.8119933833
"70418","Los Palmitos","Sucre",198.7964501916,198.8730876008,198.7689697338,205.5741793046,-75.2130280269,9.4223800254
"70429","Majagual","Sucre",845.1125735205,845.2154571164,844.5028914202,869.7665501589,-74.7103896313,8.5461274703
"70473","Morroa","Sucre",169.9337372514,170.013012112,169.9365226874,175.6974641203,-75.3271887267,9.3924943954
"70508","Ovejas","Sucre",459.8783377772,460.0483774206,459.7999128084,475.9061817498,-75.1885453986,9.5496536999
"70523","Palmito","Sucre",174.4606176887,174.5755138694,174.523429262,180.3189088872,-75.5619851018,9.3349368221
"70670","Sampu<U+00E9>s","Sucre",213.8334308262,213.9388581325,213.8474875375,220.8034724211,-75.3602619802,9.1651884298
"70678","San Benito Abad","Sucre",1493.807972159,1494.1631189154,1493.1467512141,1539.7406804474,-74.964678942,8.8355686656
"70702","San Juan de Betulia","Sucre",168.1029178879,168.1677828403,168.0799438148,173.7056761215,-75.2136417994,9.2920165942
"70708","San Marcos","Sucre",970.0037936093,970.3548687039,969.8262941315,998.5235390608,-75.1724913844,8.5892153386
"70713","San Onofre","Sucre",1034.4478716948,1035.0779725766,1034.7279220058,1072.1736962554,-75.5052220862,9.8145698058
"70717","San Pedro","Sucre",212.9474373749,213.0061101982,212.8705658904,220.1755216173,-75.0374217113,9.3968350632
"70742","Sinc<U+00E9>","Sucre",418.850103072,418.9797777595,418.7287433771,432.7232069798,-75.0939699211,9.25629366
"70771","Sucre","Sucre",1131.025920086,1131.1801612995,1130.2523909961,1165.6655351843,-74.7475486516,8.8143056149
"70820","Santiago de Tol<U+00FA>","Sucre",302.3238724574,302.5157131784,302.419839418,312.8320477972,-75.5354442465,9.5337976379
"70823","Toluviejo","Sucre",284.8566646837,285.0155887529,284.9086775769,294.6836416245,-75.4445138505,9.4902856205
"73024","Alpujarra","Tolima",501.3965441674,501.5113159211,501.1718516644,506.52372945,-74.9407847591,3.390013405
"73026","Alvarado","Tolima",344.2487375923,344.3355917394,344.1118819999,348.7658764677,-74.9863090119,4.5826224035
"73030","Ambalema","Tolima",238.0064720643,238.0448636884,237.8616429164,241.2951708032,-74.8044219164,4.824907477
"73043","Anzo<U+00E1>tegui","Tolima",469.5329204483,469.7113319236,469.4692956163,475.7587160502,-75.1911745682,4.6317858425
"73055","Armero","Tolima",440.5507942333,440.6308151715,440.3039131588,446.8787724456,-74.8475011956,5.0067572643
"73067","Ataco","Tolima",1017.0257058859,1017.6444342899,1017.3185721253,1027.508065993,-75.4822929145,3.4284310062
"73124","Cajamarca","Tolima",508.174088006,508.487045743,508.3277523031,514.5977490259,-75.4974649432,4.4069650399
"73148","Carmen de Apical<U+00E1>","Tolima",190.8099607007,190.8361046653,190.6823248087,193.0810659853,-74.7470032411,4.1234141911
"73152","Casabianca","Tolima",175.2298395954,175.296182482,175.205367761,177.7522103428,-75.1888170593,5.0167520567
"73168","Chaparral","Tolima",2100.5816563695,2102.0632418219,2101.5371721684,2123.6802418311,-75.5898487065,3.7436897878
"73200","Coello","Tolima",343.5249710851,343.5981198493,343.3582031405,347.8189694604,-74.9114830035,4.3541558026
"73217","Coyaima","Tolima",668.8198953445,669.0556758294,668.6938182312,676.1648435563,-75.1485430703,3.7386243704
"73226","Cunday","Tolima",507.4566426038,507.5152878095,507.0872349574,513.3204332448,-74.6893746272,3.9825208486
"73236","Dolores","Tolima",651.8437267468,651.9504034438,651.4495431047,658.7980249135,-74.8025796771,3.5978605419
"73268","Espinal","Tolima",216.4548277471,216.4989443749,216.3453148966,219.054639369,-74.8935273233,4.1664765651
"73270","Falan","Tolima",181.2791301689,181.3218787829,181.2003359264,183.9234355191,-74.9570354742,5.0792549245
"73275","Flandes","Tolima",96.7801185487,96.7971781871,96.7248830512,97.9614431065,-74.8370864183,4.2428130176
"73283","Fresno","Tolima",219.6092764606,219.6728745115,219.5392785672,222.8867892727,-75.0522900975,5.1866961065
"73319","Guamo","Tolima",505.518683268,505.6439399598,505.3128494641,511.4766503531,-74.9765974901,4.0765034823
"73347","Herveo","Tolima",322.5616478119,322.6953597682,322.5396389272,327.2561858539,-75.2432206163,5.0685562191
"73349","Honda","Tolima",304.8426453981,304.8889340282,304.6497153522,309.38539105,-74.7830305652,5.1794112217
"73352","Icononzo","Tolima",215.164152589,215.1782282102,214.9755080498,217.7305251097,-74.5396427938,4.1332705204
"73408","L<U+00E9>rida","Tolima",271.8950967808,271.9544923119,271.7663667358,275.6850418093,-74.9233711045,4.866032598
"73411","L<U+00ED>bano","Tolima",282.2916080033,282.3726117191,282.2002890566,286.2365824169,-75.0476330913,4.8779323863
"73443","Mariquita","Tolima",293.2682236525,293.3297676953,293.1233398991,297.6904826456,-74.9066774296,5.2353218391
"73449","Melgar","Tolima",202.1633533661,202.182861712,202.0054097693,204.601591872,-74.6378316563,4.1860558785
"73461","Murillo","Tolima",423.7630456431,423.9321508501,423.7214475653,429.6205131473,-75.219940079,4.8267354543
"73483","Natagaima","Tolima",859.5413640596,859.8299079583,859.3502495858,868.604170044,-75.1220156341,3.5405164988
"73504","Ortega","Tolima",953.3028215621,953.7243637682,953.2894499721,964.2161642427,-75.2782314884,3.9377802278
"73520","Palocabildo","Tolima",64.9939378721,65.011460491,64.9705059161,65.9449648166,-75.0184506857,5.0940353217
"73547","Piedras","Tolima",354.348006864,354.425317002,354.1799203961,358.9020797198,-74.9209052001,4.485001025
"73555","Planadas","Tolima",1752.4711928541,1754.1017542126,1753.9287519545,1769.389578363,-75.8168509121,3.098971275
"05266","Envigado","Antioquia",77.9460963441,77.9971548634,77.9746712205,79.3716124377,-75.5468690529,6.1543949647
"05360","Itag<U+00FC><U+00ED>","Antioquia",19.6355645786,19.6496263285,19.6448247141,19.9965190359,-75.6142040386,6.1792794915
"27425","Medio Atrato","Choc<U+00F3>",1809.2147335514,1812.9329003555,1813.74915544,1841.4906435389,-76.6734977261,6.0338904064
"99524","La Primavera","Vichada",18250.1771350613,18361.9793906259,18285.507368341,18543.463541981,-69.6106968742,5.5215724116
"05364","Jard<U+00ED>n","Antioquia",200.9773350121,201.1625617765,201.1409310195,204.2335052697,-75.8184273415,5.5744427624
"27491","N<U+00F3>vita","Choc<U+00F3>",942.4750347101,944.3319478598,944.7304307517,955.5783272332,-76.6182465413,4.8533808835
"27450","Medio San Juan","Choc<U+00F3>",659.0632409608,660.558361667,660.918089449,668.1556285556,-76.8041012311,4.8152158031
"27660","San Jos<U+00E9> del Palmar","Choc<U+00F3>",1579.8689697989,1582.2097355862,1582.524365444,1602.3352341901,-76.2800407913,4.9587318916
"27205","Condoto","Choc<U+00F3>",466.8621616113,467.7174408768,467.8862578838,473.6643066099,-76.5275169046,5.0737209251
"85010","Aguazul","Casanare",1441.4769551499,1442.5073064729,1439.2651594806,1462.7189123525,-72.5481996916,5.1261111714
"54874","Villa del Rosario","Norte de Santander",90.5488564087,90.6182894732,90.4113458116,92.8278031959,-72.482029741,7.7562691816
"27430","Medio Baud<U+00F3>","Choc<U+00F3>",1368.4872595209,1372.0444108215,1372.96224244,1388.5854575082,-76.9959426991,5.1103861618
"27810","Uni<U+00F3>n Panamericana","Choc<U+00F3>",177.4038871769,177.7600593768,177.8377430444,180.1073309464,-76.6453971591,5.2852742443
"27787","Tad<U+00F3>","Choc<U+00F3>",713.7220297928,714.8282018362,714.9930780686,724.555313633,-76.3310923,5.2661071913
"27160","C<U+00E9>rtegui","Choc<U+00F3>",422.5844951403,423.3540675931,423.5046657065,429.1691745497,-76.5226461134,5.3898288853
"27135","El Cant<U+00F3>n del San Pablo","Choc<U+00F3>",379.6555319522,380.4954020201,380.6933326722,385.5342033155,-76.7725496188,5.359658584
"99773","Cumaribo","Vichada",65164.3542033778,65599.7023738398,65320.836551444,65970.1401022593,-69.5222329838,4.262603099
"17614","Riosucio","Caldas",383.8416956485,384.169471733,384.1117345962,389.8895198509,-75.7522021098,5.4422736952
"27077","Bajo Baud<U+00F3>","Choc<U+00F3>",3468.7934913751,3479.2356447173,3482.0734576004,3518.7590561435,-77.2176356436,5.011721836
"66456","Mistrat<U+00F3>","Risaralda",564.1338681255,564.7434772318,564.7361575786,572.9699202343,-75.9613454825,5.4140727963
"27495","Nuqu<U+00ED>","Choc<U+00F3>",701.688875448,703.8980072432,704.5032544905,713.3411917407,-77.29300216,5.6900323844
"27245","El Carmen de Atrato","Choc<U+00F3>",829.0533530044,830.1809300484,830.2938139266,843.171222144,-76.191903216,5.8109311486
"27025","Alto Baudo","Choc<U+00F3>",2044.7872493628,2050.4167151876,2051.8990735217,2078.3780569649,-77.0841850329,5.6366791901
"05376","La Ceja","Antioquia",132.6412052852,132.7149554193,132.6667333222,134.9869590277,-75.4308716037,5.9925225457
"05129","Caldas","Antioquia",132.6617590915,132.7583473327,132.7270525958,135.0382435395,-75.6264269294,6.0544463457
"99001","Puerto Carre<U+00F1>o","Vichada",12074.3912026964,12205.6143386764,12142.8866964055,12281.2830111516,-68.1412639861,5.8365516278
"27001","Quibd<U+00F3>","Choc<U+00F3>",3499.9335601948,3507.1228467277,3508.6819593307,3561.1724428089,-76.6636537014,5.9389661352
"05656","San Jer<U+00F3>nimo","Antioquia",161.1366616708,161.2657136268,161.2354524581,164.2607829374,-75.7031078511,6.4382990969
"05079","Barbosa","Antioquia",205.568438995,205.6661632378,205.577348702,209.5581678322,-75.3292446119,6.4434184482
"05690","Santo Domingo","Antioquia",265.8622673095,265.9538313939,265.8065374971,271.062031447,-75.1425987232,6.481044505
"05847","Urrao","Antioquia",2559.6863052206,2563.3972253111,2563.8496659001,2608.2917725477,-76.2590376255,6.3353268958
"81591","Puerto Rond<U+00F3>n","Arauca",2274.741668817,2281.429130403,2273.9610080604,2318.6214510355,-70.9667890702,6.4117745155
"05042","Santaf<U+00E9> de Antioquia","Antioquia",525.0701318757,525.6013756121,525.5715211345,535.454925808,-75.9042658506,6.5357068401
"05086","Belmira","Antioquia",295.9305132895,296.153196976,296.0877418427,301.9253689318,-75.6538472914,6.6536510422
"05411","Liborina","Antioquia",216.2260147604,216.4164422868,216.3867613441,220.6686211785,-75.7829997537,6.7239894005
"27075","Bah<U+00ED>a Solano","Choc<U+00F3>",892.3930395789,895.3022273485,896.1028544348,909.1898317272,-77.3538146843,6.2900631681
"05873","Vig<U+00ED>a del Fuerte","Antioquia",1658.4019650797,1661.8529227774,1662.6189348032,1690.6668016143,-76.6950023527,6.4533121898
"05310","G<U+00F3>mez Plata","Antioquia",332.079032321,332.2041280339,332.0306719925,338.882340964,-75.1927042863,6.7095570294
"27099","Bojaya","Choc<U+00F3>",3620.6055439929,3630.6545464311,3633.2890693279,3691.365194061,-77.0993275444,6.4746133617
"05686","Santa Rosa de Osos","Antioquia",864.2920384739,864.7789720512,864.4660120922,881.879283135,-75.4381213819,6.6758246641
"05315","Guadalupe","Antioquia",118.1626080261,118.2097481035,118.1505034853,120.658475754,-75.2259146457,6.8615743986
"05138","Ca<U+00F1>asgordas","Antioquia",364.4118006243,364.830943682,364.8387722404,372.0378389012,-76.0268965876,6.8149400775
"05475","Murind<U+00F3>","Antioquia",1263.553933009,1266.2047704087,1266.7956054365,1290.0682099104,-76.7086218871,6.8287595335
"81065","Arauquita","Arauca",3039.7295342261,3046.8789916874,3037.5630451309,3103.1817013655,-71.2982138923,6.7993458573
"81736","Saravena","Arauca",943.717661733,945.1354067412,942.5868925836,963.8390011857,-71.850719341,6.9069407078
"05819","Toledo","Antioquia",122.4793101619,122.5784174536,122.5558415804,125.1475681498,-75.7136339714,7.0163942343
"81001","Arauca","Arauca",5765.5230822638,5787.9421440263,5767.2848486618,5885.7759745009,-70.5091396569,6.7963563839
"05234","Dabeiba","Antioquia",1954.2900144445,1957.2627143046,1957.6694326537,1996.6673663583,-76.3143005112,6.9922459063
"68307","Gir<U+00F3>n","Santander",492.9162778185,493.0201347819,492.138689815,503.6986057067,-73.2487049674,7.036680036
"68001","Bucaramanga","Santander",152.8618512033,152.9049472363,152.6179759003,156.285306128,-73.1115721113,7.1558323238
"05031","Amalfi","Antioquia",1208.8261505976,1209.1268731012,1208.3276010456,1234.9645301098,-74.9812594129,6.9777625973
"05893","Yond<U+00F3>","Antioquia",1894.9985973795,1895.0141939775,1892.7444862552,1935.5297620489,-74.1583063595,6.9251408293
"27150","Carmen del Darien","Choc<U+00F3>",3172.6025638918,3180.7005222288,3182.7318033608,3241.9697541888,-76.9742926796,7.0336587744
"54377","Labateca","Norte de Santander",255.8529865444,256.0397858802,255.4614235918,261.7082958577,-72.5226603344,7.2655060055
"54518","Pamplona","Norte de Santander",298.1169795966,298.2940904064,297.6500302791,305.0925648587,-72.6758956551,7.3790582788
"54820","Toledo","Norte de Santander",1479.2629125952,1480.6690183877,1477.1167590484,1512.8540132543,-72.3059004938,7.2258491823
"27372","Jurad<U+00F3>","Choc<U+00F3>",1247.2732028315,1252.1578828955,1253.528731893,1274.9190921872,-77.6796657091,7.1032686804
"05480","Mutat<U+00E1>","Antioquia",1073.3254839654,1075.1729951502,1075.4977113477,1098.2007914243,-76.4630402588,7.3295451917
"54099","Bochalema","Norte de Santander",170.1634681484,170.2668958412,169.8973845075,174.3463727008,-72.657822119,7.6334553571
"54239","Durania","Norte de Santander",174.9087225067,175.0128114916,174.6346701874,179.3028676384,-72.6720821995,7.7469888754
"54128","Cachir<U+00E1>","Norte de Santander",615.651563164,615.8199047623,614.6716671854,630.933698419,-73.1294096023,7.6841893986
"54405","Los Patios","Norte de Santander",127.4965225143,127.5888950206,127.3012164041,130.696723327,-72.5268126663,7.7422844133
"05147","Carepa","Antioquia",386.4944146148,387.2706489637,387.4348233275,396.2825840963,-76.6566792325,7.7891755361
"27615","Riosucio","Choc<U+00F3>",7584.4321082624,7607.5428923823,7613.6969867259,7762.4057480133,-77.2407171694,7.3898485706
"54313","Gramalote","Norte de Santander",148.9515109647,149.0239079451,148.7149993928,152.8089209233,-72.8070583955,7.9065197233
"23580","Puerto Libertador","C<U+00F3>rdoba",1645.9256892664,1647.3535293586,1647.1044847566,1687.0150684888,-75.7713008912,7.7114476362
"05045","Apartad<U+00F3>","Antioquia",534.1835414511,535.1800656441,535.3743042958,547.9838625944,-76.5669661664,7.8961386458
"05154","Caucasia","Antioquia",1428.7252641418,1429.125152715,1428.2250639097,1465.458490016,-75.0349848921,7.867919795
"54109","Bucarasica","Norte de Santander",270.6834143576,270.7908592165,270.2510344232,277.9262379958,-72.9291956577,8.0797979252
"54261","El Zulia","Norte de Santander",504.9862538623,505.3041012271,504.1995349037,518.5030652623,-72.6315342334,8.0811799357
"23807","Tierralta","C<U+00F3>rdoba",4931.1075865146,4937.6428400663,4938.166466231,5056.7559653153,-76.1685678087,7.8137850861
"27800","Ungu<U+00ED>a","Choc<U+00F3>",1187.0464180304,1190.3213075967,1191.1679042171,1219.0361189687,-77.1037169578,8.1172590422
"54498","Oca<U+00F1>a","Norte de Santander",522.5170252695,522.5999717258,521.7012315497,536.9007095317,-73.3524539299,8.231124242
"05837","Turbo","Antioquia",2913.3475964886,2919.5265841853,2920.8870669751,2990.1672791746,-76.7240432325,7.9979749128
"27006","Acand<U+00ED>","Choc<U+00F3>",795.1921595818,797.6605123555,798.3212494224,817.9191637626,-77.2896493119,8.4341782852
"05490","Necocl<U+00ED>","Antioquia",1252.9969066128,1255.5439532051,1256.0837162821,1289.201201893,-76.6769841224,8.4937194403
"05051","Arboletes","Antioquia",753.0173774755,754.2527210061,754.4479081641,775.2477597144,-76.4147807045,8.611374703
"13001","Cartagena","Bol<U+00ED>var",592.7925372436,593.1338129487,592.9157315357,616.8339077643,-75.4674446844,10.4529581075
"20570","Pueblo Bello","Cesar",743.7484679434,743.8020419396,742.6368880835,773.9762163082,-73.5885673792,10.4669342727
"20001","Valledupar","Cesar",4185.2863170833,4185.7915300105,4178.8951796245,4353.1290672357,-73.4634487252,10.3818489625
"47053","Aracataca","Magdalena",1740.8100286549,1740.8439612003,1738.4380991284,1813.6318085024,-73.8797879812,10.6449196609
"99624","Santa Rosal<U+00ED>a","Vichada",3884.8523350576,3898.5689144054,3885.0348831163,3940.0134580302,-70.6517248996,4.9790171658
"54001","C<U+00FA>cuta","Norte de Santander",1132.3423946718,1133.2030686809,1130.6213965417,1162.8332477817,-72.4886409786,8.1120392639
"66170","Dosquebradas","Risaralda",70.0614831548,70.1156161879,70.1014822473,71.0330432236,-75.6699388509,4.8420287931
"15491","Nobsa","Boyac<U+00E1>",55.4034084234,55.4254683352,55.3148875358,56.3404093122,-72.9326832372,5.7787601914
"15806","Tibasosa","Boyac<U+00E1>",93.7243545704,93.7567439731,93.5744871789,95.2990514853,-73.0111476034,5.7473291895
"76130","Candelaria","Valle del Cauca",295.9744571178,296.4559978781,296.5372991877,298.9960923035,-76.3831745709,3.382087643
"76147","Cartago","Valle del Cauca",247.9677474823,248.2239098659,248.2144736539,251.308850849,-75.9179071978,4.7068462916
"85125","Hato Corozal","Casanare",5494.7288538646,5509.7124554436,5492.266105053,5594.294973329,-71.1365702277,6.109305898
"13650","San Fernando","Bol<U+00ED>var",317.3480858578,317.3557811629,317.0156521762,327.5586202278,-74.3587021809,9.091253687
"85440","Villanueva","Casanare",833.487912204,833.8894992693,832.1645785711,844.3010059584,-72.8231244364,4.5282961589
"86219","Col<U+00F3>n","Putumayo",64.1102880208,64.2746169615,64.3174772729,64.5714131284,-76.9667297883,1.2232174816
"86569","Puerto Caicedo","Putumayo",924.8177599722,926.4671924289,926.7897160662,931.2027020761,-76.4809954613,0.7250732708
"86749","Sibundoy","Putumayo",97.4939307136,97.7346240954,97.796318395,98.1955902992,-76.913075996,1.228746365
"86760","Santiago","Putumayo",341.0256179351,341.9238249071,342.1607391476,343.4459626608,-77.0056281364,1.0858122462
"86865","Valle del Guamuez","Putumayo",813.1904179522,815.1590372802,815.6576724669,818.7134252769,-76.8840930423,0.4129644243
"88001","San Andr<U+00E9>s","Archipi<U+00E9>lago de San Andr<U+00E9>s, Providencia y Santa Catalina",26.6322390599,27.0914424688,27.1885742226,28.12112911,-81.7176247398,12.5431142869
"91540","Puerto Nari<U+00F1>o","Amazonas",1503.1987653718,1509.1673465443,1503.7174218116,1519.3679513113,-70.4719763982,-3.6313045249
"91001","Leticia","Amazonas",6152.4783918825,6183.1291218711,6159.0519065731,6217.3459003091,-70.0451094187,-3.5300622472
"91798","Tarapac<U+00E1>","Amazonas",9148.5982760442,9195.2797082365,9159.1874099078,9227.7347753567,-70.0065216983,-2.4517701504
"91263","El Encanto","Amazonas",10890.9065868404,10897.4810906803,10874.1992093085,10977.7686587924,-72.7236840031,-1.9972360927
"91536","Puerto Arica","Amazonas",13754.3575449845,13791.1738860682,13747.4282634157,13862.5189108539,-71.1484014282,-1.9108702179
"91530","Puerto Alegr<U+00ED>a","Amazonas",8493.6383851263,8494.1282141348,8481.8229948711,8553.4081162186,-73.7572678849,-0.9521390649
"91407","La Pedrera","Amazonas",13600.1490090171,13670.3195792893,13616.4276611263,13700.1788184025,-70.0383265664,-1.4271341401
"91405","La Chorrera","Amazonas",12719.2973740634,12726.9285424757,12700.01586941,12811.5526646214,-72.7606143928,-1.2404721701
"91669","Puerto Santander","Amazonas",14709.3580836625,14731.0847005603,14691.9819374234,14814.3321149513,-71.9389991932,-1.1010395858
"97666","Taraira","Vaup<U+00E9>s",6475.5075998942,6510.2465077231,6484.2360469381,6520.2764454907,-69.9077709205,-0.7198151352
"91460","Miriti - Paran<U+00E1>","Amazonas",16823.4284553358,16866.1197555203,16813.3850929391,16939.7231392348,-71.1855309913,-0.6870336222
"91430","La Victoria","Amazonas",1428.9086379221,1432.7950542864,1428.2028912886,1438.5499770931,-71.1048786695,-0.125016263
"86757","San Miguel","Putumayo",378.8414598523,379.7424893333,379.968752614,381.4053201725,-76.857757679,0.3058742808
"86568","Puerto As<U+00ED>s","Putumayo",2814.7367799056,2819.1572532289,2819.8436843947,2833.9010526678,-76.3282021337,0.4786150444
"86573","Legu<U+00ED>zamo","Putumayo",10902.7345877759,10906.8837646566,10900.4352547506,10976.4765223703,-75.0647954623,0.0594736987
"52560","Potos<U+00ED>","Nari<U+00F1>o",386.9640498414,388.2981595218,388.6755370427,389.6350860155,-77.4248059302,0.7226793581
"97511","Pacoa","Vaup<U+00E9>s",13949.8365516838,13993.2578086082,13946.8593149693,14044.3496907523,-70.9364570935,0.1947746665
"52356","Ipiales","Nari<U+00F1>o",1566.5309939087,1571.7619428148,1573.2326806574,1577.2422311548,-77.3703539156,0.5586148296
"86320","Orito","Putumayo",1934.499468011,1939.3951863979,1940.6619652982,1947.8103090627,-76.9431381931,0.6737557844
"52022","Aldana","Nari<U+00F1>o",47.4495837716,47.6405138745,47.695365325,47.7813656949,-77.6953873133,0.9134316755
"18785","Solita","Caquet<U+00E1>",476.5746197192,476.9316506137,476.8300858721,479.905697483,-75.6383999207,0.9092658824
"52317","Guachucal","Nari<U+00F1>o",155.0283298009,155.6669018274,155.8504846004,156.1177808187,-77.7375896068,0.9750380398
"52506","Ospina","Nari<U+00F1>o",64.6034961248,64.8432431527,64.9117220665,65.0596329443,-77.5523495379,1.0298158044
"86571","Puerto Guzm<U+00E1>n","Putumayo",4571.9205731886,4576.5911579296,4576.3517774039,4603.531546572,-75.8802192323,0.7464368206
"86885","Villagarz<U+00F3>n","Putumayo",1393.9120353992,1396.96503469,1397.6913565422,1403.6633924344,-76.7449544304,0.911151412
"97889","Yavarat<U+00E9>","Vaup<U+00E9>s",4631.9521424189,4660.4223126485,4640.9060499848,4664.1677565702,-69.6186804115,0.833316472
"18205","Curillo","Caquet<U+00E1>",402.9232619025,403.3581998774,403.3559836796,405.7762392778,-75.9517830034,1.0596625794
"18756","Solano","Caquet<U+00E1>",42289.9507600052,42312.7996586664,42233.5427437642,42577.9180579555,-73.1238287328,0.2112942848
"86755","San Francisco","Putumayo",406.3991005647,407.356715369,407.5961368375,409.2972195814,-76.8472665099,1.1360703334
"52001","Pasto","Nari<U+00F1>o",1096.1138423995,1099.4114297812,1100.3194918655,1103.8952444663,-77.2060976041,1.0836018178
"52683","Sandon<U+00E1>","Nari<U+00F1>o",101.2572408174,101.6125143443,101.7133161655,101.990545192,-77.4567001675,1.2881052256
"52435","Mallama","Nari<U+00F1>o",566.5603268261,569.0354325987,569.7476026315,570.6087213673,-77.846643163,1.1559449164
"52381","La Florida","Nari<U+00F1>o",135.8553952787,136.3129204186,136.4419328833,136.8442229129,-77.3882287885,1.3339256813
"86001","Mocoa","Putumayo",1301.9194971081,1304.6397831316,1305.2658650138,1311.2954690776,-76.6843578764,1.2285704126
"52019","Alb<U+00E1>n","Nari<U+00F1>o",38.5043007816,38.6100868621,38.6384307124,38.7889854837,-77.0688096662,1.4698539931
"52260","El Tambo","Nari<U+00F1>o",246.525103389,247.3527242771,247.58593823,248.3393309773,-77.3831166016,1.4302635458
"18150","Cartagena del Chair<U+00E1>","Caquet<U+00E1>",12784.7217878277,12785.634868101,12771.3865256231,12873.0234388263,-74.272303979,0.6476827551
"52678","Samaniego","Nari<U+00F1>o",602.6234091726,605.043961315,605.7385227589,607.0592196454,-77.6917911626,1.4305542986
"94885","La Guadalupe","Guain<U+00ED>a",1160.8733270854,1178.8682724596,1171.8900943569,1169.3995570342,-67.0015167497,1.4045331216
"52693","San Pablo","Nari<U+00F1>o",111.5720236975,111.8596407884,111.9347648746,112.4194883681,-76.9752796607,1.681576844
"97161","Caruru","Vaup<U+00E9>s",6353.7103953559,6368.4884251508,6349.0254731273,6398.8108389017,-71.3309319837,1.0527435936
"97001","Mit<U+00FA>","Vaup<U+00E9>s",16148.8998753684,16215.9200297823,16156.5726438531,16263.417485364,-70.4175713725,1.0155455713
"52079","Barbacoas","Nari<U+00F1>o",2718.999032165,2732.9291936002,2736.9106635682,2739.0683992398,-78.1562250632,1.445631533
"52540","Policarpa","Nari<U+00F1>o",432.8007274603,434.3413048552,434.7788202459,436.1128490421,-77.4813401864,1.7353526081
"95200","Miraflores","Guaviare",12791.1222890755,12808.0949314645,12774.762821438,12884.8801520533,-72.0181218326,1.3639549012
"52835","San Andres de Tumaco","Nari<U+00F1>o",3588.5941240072,3611.3519541853,3617.7137014431,3615.7528122276,-78.6138967791,1.6360626184
"05615","Rionegro","Antioquia",195.8345674794,195.9402028419,195.866288553,199.4134933931,-75.4107621191,6.1507836215
"20443","Manaure","Cesar",136.7340973944,136.7820945063,136.5155788895,142.2223331419,-72.9916855227,10.3909603836
"94001","In<U+00ED>rida","Guain<U+00ED>a",15815.4130292446,15970.2680683796,15891.2751699809,15975.5212425948,-68.4574797479,3.3193808263
"27580","R<U+00ED>o Iro","Choc<U+00F3>",324.5352627175,325.1085619356,325.2165020729,329.3642664807,-76.4844664974,5.1726759828
"95025","El Retorno","Guaviare",12415.4960159822,12442.2071072616,12405.8896851951,12515.6135047861,-71.5365299154,2.0862797902
"94887","Pana Pana","Guain<U+00ED>a",10149.4683151465,10227.1391050768,10180.9388484513,10230.0321451166,-69.1144062979,1.9811038603
"94883","San Felipe","Guain<U+00ED>a",2885.8413135646,2926.3651438771,2909.7089532441,2909.3937451888,-67.3398517734,2.1558895276
"27413","Llor<U+00F3>","Choc<U+00F3>",841.5434529821,842.9090456301,843.1318908579,855.2093750564,-76.385455523,5.5851012439
"97777","Papunaua","Vaup<U+00E9>s",5531.5268002966,5550.8750431847,5531.6780311417,5573.6799780129,-70.7062250713,1.6816262866
"54344","Hacar<U+00ED>","Norte de Santander",418.8790116499,419.0049403099,418.2102127004,430.6913588067,-73.0782661561,8.3618279834
"54720","Sardinata","Norte de Santander",1466.9906065756,1467.7068363657,1464.6649745069,1507.6229305516,-72.8063054321,8.2641054322
"66075","Balboa","Risaralda",119.3963151094,119.5228748854,119.5201638493,121.0792021708,-75.9427368496,4.9183430835
"85001","Yopal","Casanare",2480.4266565396,2482.9386359124,2476.8873029745,2517.9065359337,-72.2579894302,5.2427184281
"85430","Trinidad","Casanare",2962.634684761,2970.2276701076,2960.9229658355,3008.5846845911,-71.194107025,5.3674904081
"15001","Tunja","Boyac<U+00E1>",119.6717277519,119.6895582865,119.4855563725,121.587829113,-73.3780207412,5.5184717378
"52427","Mag<U+00FC>i","Nari<U+00F1>o",1799.3819817488,1808.0958028838,1810.5932992274,1813.4947657171,-78.0447370784,1.9068587523
"52405","Leiva","Nari<U+00F1>o",309.4265063758,310.4204480138,310.6980433079,311.8644112126,-77.3119445872,1.9389759729
"95015","Calamar","Guaviare",13551.4654711164,13556.414051113,13530.2045773691,13653.8315714974,-73.0342672096,1.6136194492
"52621","Roberto Pay<U+00E1>n","Nari<U+00F1>o",1449.4589712583,1457.7159435454,1460.0558274833,1460.8221487687,-78.381108362,1.8975640015
"52520","Francisco Pizarro","Nari<U+00F1>o",521.9122349923,525.1839253629,526.1003054506,526.1202376856,-78.5919314057,2.0885282317
"50350","La Macarena","Meta",10839.0372563899,10839.335183568,10826.0051645583,10927.6356460905,-74.0948744293,2.1618517945
"52473","Mosquera","Nari<U+00F1>o",763.5880177321,768.0532287309,769.3140415309,770.1162436866,-78.4388311052,2.4424877394
"52490","Olaya Herrera","Nari<U+00F1>o",997.6642475808,1003.1165102745,1004.6671486914,1005.9789839818,-78.2947157976,2.289879202
"52696","Santa B<U+00E1>rbara","Nari<U+00F1>o",1219.1716063651,1224.5756155852,1226.1264783075,1229.3607508531,-77.8743386293,2.3021321939
"52390","La Tola","Nari<U+00F1>o",413.7379444692,415.9119861558,416.5322186209,417.2638182363,-78.2099056354,2.4192853106
"41349","Hobo","Huila",194.1217216237,194.2334209407,194.1672290991,195.8099993162,-75.4478106907,2.5416530722
"52250","El Charco","Nari<U+00F1>o",2480.0861863971,2490.6787767397,2493.7036089658,2500.4043586606,-77.7956947425,2.1831640773
"19318","Guapi","Cauca",2557.6881806542,2567.9492938857,2570.8867202915,2579.452979789,-77.6904675484,2.4132588268
"94888","Morichal","Guain<U+00ED>a",8507.8647294454,8554.9955676896,8520.4895553023,8580.3979498881,-69.8400410047,2.4214563495
"95001","San Jos<U+00E9> del Guaviare","Guaviare",16741.0962249284,16768.402365691,16723.7011196416,16885.5066446058,-71.9192656075,2.484507338
"19809","Timbiqu<U+00ED>","Cauca",2050.3669813199,2057.7061942808,2059.7854930576,2068.7224644822,-77.4913055761,2.6994692042
"18753","San Vicente del Cagu<U+00E1>n","Caquet<U+00E1>",17463.30701932,17464.6131741931,17445.0092960019,17595.8178824289,-74.2627491099,1.5676624872
"50450","Puerto Concordia","Meta",1242.2469539381,1242.9591731071,1240.294326444,1253.4654010182,-72.7210939885,2.7522544711
"50590","Puerto Rico","Meta",3427.173964588,3428.115100668,3421.73469913,3458.2027966989,-73.1377977169,2.7580730501
"94884","Puerto Colombia","Guain<U+00ED>a",15534.9685720946,15700.5448942567,15620.2720724715,15669.7076347409,-68.2090015465,2.507572727
"50711","Vistahermosa","Meta",4818.8805288695,4819.1952658446,4811.894131249,4862.9851535306,-73.6664807367,2.8115959519
"19418","L<U+00F3>pez","Cauca",3357.3642083562,3367.5673970051,3370.3569422834,3389.1723134477,-77.2184091099,3.001551213
"94663","Mapiripana","Guain<U+00ED>a",4906.0756890623,4927.9712399332,4909.4902711938,4950.8633448974,-70.2693862588,2.8088672033
"50325","Mapirip<U+00E1>n","Meta",11931.3843028917,11948.9307671655,11917.2735820851,12047.0512747893,-71.9380909538,3.1176174473
"50577","Puerto Lleras","Meta",2535.1999848213,2535.7695624927,2531.2109583864,2560.1372461497,-73.2367068985,3.1930936148
"94343","Barranco Minas","Guain<U+00ED>a",9404.1706027011,9467.8040896263,9426.8585044222,9499.0110520945,-69.3988480946,3.313525319
"94886","Cacahual","Guain<U+00ED>a",2305.3595760936,2335.3229081401,2322.4306429819,2328.9274623281,-67.5850917739,3.3861502639
"76233","Dagua","Valle del Cauca",914.3703799349,916.3247859041,916.7791158395,924.2318576301,-76.7203948774,3.6498093857
"76109","Buenaventura","Valle del Cauca",6275.0597100663,6292.5008852189,6297.1428146974,6342.3499037807,-77.085876226,3.6114119546
"50001","Villavicencio","Meta",1285.7864778833,1285.9308773955,1283.8363286938,1300.9878643944,-73.4928839206,4.0916758805
"27250","El Litoral del San Juan","Choc<U+00F3>",4124.3905173425,4134.9792237026,4137.6781711269,4174.7972310519,-76.9625687254,4.2471945846
"73001","Ibagu<U+00E9>","Tolima",1376.6687585224,1377.255243527,1376.6018951697,1394.2396911237,-75.252581162,4.4519196168
"27745","Sip<U+00ED>","Choc<U+00F3>",1577.7433638225,1580.6742565659,1581.2642390839,1598.5017093681,-76.5419457359,4.5944112478
"11001","Bogot<U+00E1>, D.C.","Bogot<U+00E1>, D.C.",1622.8423240072,1622.8526242922,1620.9412597756,1643.005778683,-74.181140816,4.3159963248
"47001","Santa Marta","Magdalena",2347.0940518563,2347.1393482485,2343.9019401139,2453.0209647873,-73.8852162073,11.1218917777
"44001","Riohacha","La Guajira",3087.5479815294,3088.7156392783,3082.639262203,3229.5629265642,-72.9588560092,11.2429454524
"44847","Uribia","La Guajira",7873.2978262582,7886.0522971023,7864.5347741749,8279.7854895906,-71.7490762729,11.9997265376
"88564","Providencia","Archipi<U+00E9>lago de San Andr<U+00E9>s, Providencia y Santa Catalina",21.9678140238,22.3106556525,22.3849821192,23.3453073618,-81.3739569558,13.3532313673
"85162","Monterrey","Casanare",778.8123825805,779.1724748224,777.5734260961,789.6125172467,-72.847334183,4.8413002433
"50568","Puerto Gait<U+00E1>n","Meta",17217.9850817242,17247.6864720438,17199.3696689616,17418.6000267146,-71.6316879107,4.0049337121
"20045","Becerril","Cesar",1225.1418420712,1225.4011315018,1223.2165217512,1269.1630673825,-73.2525349255,9.7277636283
"27361","Istmina","Choc<U+00F3>",1875.4987907061,1879.9668871539,1881.0722273017,1900.9885915228,-76.869202399,4.7397407065
"70001","Sincelejo","Sucre",279.8140932741,279.9675785545,279.8606084147,289.1802959724,-75.4317424881,9.31667119
"05001","Medell<U+00ED>n","Antioquia",374.5604521473,374.8279533363,374.7354299528,381.5582433432,-75.6110279335,6.2575900988
"05240","Eb<U+00E9>jico","Antioquia",237.569753117,237.7793780143,237.7473729043,242.0714716483,-75.7833117066,6.3264424364
"05212","Copacabana","Antioquia",67.719151391,67.7607229505,67.7390809056,69.0090617953,-75.5007561915,6.3518811302
"05088","Bello","Antioquia",147.6567418881,147.7591236055,147.72051588,150.4733053334,-75.5897353254,6.3588409528
"05308","Girardota","Antioquia",82.8088586335,82.855990003,82.8266575062,84.3952266734,-75.4479565132,6.3797447439
"27073","Bagad<U+00F3>","Choc<U+00F3>",806.3492946292,807.4542054986,807.5687375191,819.219657909,-76.1979888153,5.5031157307
"27600","R<U+00ED>o Quito","Choc<U+00F3>",697.3695072541,698.9567287811,699.3371943997,708.6522689668,-76.8115683465,5.5675305769
"27050","Atrato","Choc<U+00F3>",420.7480019748,421.5666854489,421.7392792548,427.5454370088,-76.6061220181,5.5606345339
"20400","La Jagua de Ibirico","Cesar",755.7744445185,755.9067545565,754.5920389304,782.1225164982,-73.3206842945,9.5513526579
"85263","Pore","Casanare",779.3719092285,780.4712177707,778.400657654,792.2380938244,-71.9257909308,5.6631952675
"05631","Sabaneta","Antioquia",15.82471682,15.8359713159,15.8320490483,16.1131635718,-75.6088066281,6.1383050464
"05380","La Estrella","Antioquia",36.6012348453,36.6286509258,36.6205406122,37.2682918279,-75.6489553571,6.1375971494
