x,y,dane_sede,sector,clase,zona,estrato
4884803.20621986,2084693.67437255,111001000132,Oficial,Distrital,Urbana,
4886467.93993884,2080703.96840593,111001029955,Oficial,Distrital,Urbana,
4887181.2234202,2081021.90380964,111848000244,Oficial,Distrital,Urbana,1
4887348.84168712,2081300.40800303,111848003456,Oficial,Distrital,Urbana,1
4886429.18491575,2081134.12709225,111001800920,Oficial,Distrital,Urbana,
4886569.80673292,2082865.41852538,111001044806,Oficial,Distrital,Urbana,2
4886313.2500352,2083933.70796831,111848000198,Oficial,Distrital,Urbana,2
4884764.74809563,2082449.02292958,111001046957,Oficial,Distrital,Urbana,3
4885183.60903179,2082181.13510846,111001086843,Oficial,Distrital,Urbana,3
4884657.21817335,2082187.51635079,111848000082,Oficial,Distrital,Urbana,3
4886283.59550696,2084816.0324567,111001086681,Oficial,Distrital,Urbana,2
4886443.21529605,2084825.96863348,111848004053,Oficial,Distrital,Urbana,2
4886478.94307295,2084541.55192512,111001098612,Oficial,Distrital - administracion contratada,Urbana,2
4884663.70671815,2083845.6071719,111001107743,Oficial,Distrital,Urbana,2
4884328.27798441,2075531.08715699,111848000911,No oficial,Privado - regimen especial,Urbana,
4886002.62470943,2084446.28810987,111848001046,No oficial,Privado,Urbana,3
4885279.60504377,2077890.73554862,111848002522,Oficial,Oficial - regimen especial,Urbana,6
4885296.51044072,2078226.02893566,111848002662,Oficial,Distrital,Urbana,6
4885576.7560222,2080123.72819033,111848000112,Oficial,Distrital,Urbana,4
4886099.71791682,2083987.15312634,111848002671,Oficial,Distrital,Urbana,3
4886042.54610866,2084674.9638407,111848000252,Oficial,Distrital,Urbana,3
4886066.62703174,2081844.09553965,111848002689,Oficial,Distrital,Urbana,3
4886362.07201891,2081823.57119546,111848000091,Oficial,Distrital,Urbana,3
4886421.50848971,2081772.54853845,111848000058,Oficial,Distrital,Urbana,3
4886277.86622651,2082029.8291087,111848003031,Oficial,Distrital,Urbana,3
4886760.66222487,2081703.95497724,111001046949,Oficial,Distrital,Urbana,2
4887004.15754749,2082229.04144049,111848000074,Oficial,Distrital,Urbana,
4886044.15788822,2081257.45384946,111848003910,Oficial,Distrital,Urbana,3
4884611.41175419,2080984.49230153,311001000735,No oficial,Privado,Urbana,
4885886.88554129,2082549.02522667,311001002452,No oficial,Privado,Urbana,3
4884575.06072481,2082987.25091285,311001003271,No oficial,Privado,Urbana,
4884386.98415068,2083462.1425346,311001010781,No oficial,Privado,Urbana,4
4886044.09437521,2081969.42351249,311001017891,No oficial,Privado,Urbana,3
4885153.48711213,2078091.5481257,311001033633,No oficial,Privado - regimen especial,Urbana,6
4885504.58803319,2084354.80147047,311001036489,No oficial,Privado,Urbana,3
4886030.71989687,2081871.40373502,311001039054,No oficial,Privado,Urbana,3
4883539.99226791,2076411.54940856,311001039402,No oficial,Privado,Urbana,6
4886032.94006609,2081166.22265839,311001041334,No oficial,Privado,Urbana,3
4884186.03552033,2081580.14031595,311001042438,No oficial,Privado,Urbana,4
4885166.7494215,2075957.85816769,311001044503,No oficial,Privado - regimen especial,Urbana,4
4885954.29249668,2084811.29191198,311001044783,No oficial,Privado,Urbana,3
4886023.15306792,2084375.77298341,311001046743,No oficial,Privado,Urbana,3
4884176.07689894,2082997.31485641,311001047278,No oficial,Privado,Urbana,3
4884100.99090273,2080074.70708354,311001047944,No oficial,Privado,Urbana,4
4886606.81676574,2082767.75564322,311001048002,No oficial,Privado,Urbana,2
4885671.85450565,2081610.00127771,311001075522,No oficial,Privado,Urbana,3
4883902.54580948,2082033.02772543,311001076031,No oficial,Privado,Urbana,4
4886442.59891996,2084696.13129083,311001078092,No oficial,Privado,Urbana,2
4886395.74070311,2082258.1805651,311001078734,No oficial,Privado,Urbana,1
4884052.52915572,2080082.12790181,311001079803,No oficial,Privado,Urbana,4
4884002.2540674,2081927.18291194,311001080313,No oficial,Privado,Urbana,3
4886250.21035621,2080576.25940864,311001087725,No oficial,Privado,Urbana,3
4883902.6560145,2081787.48553798,311001088985,No oficial,Privado,Urbana,4
4883883.54015275,2079632.89824043,311001092923,No oficial,Privado,Urbana,5
4884966.46409953,2080304.20200517,311001092940,No oficial,Privado,Urbana,4
4885720.6480753,2081769.84411435,311001093971,No oficial,Privado,Urbana,3
4886376.05847017,2080940.24424128,311001095213,No oficial,Privado,Urbana,3
4885800.07012786,2084008.96194802,311001095701,No oficial,Privado,Urbana,3
4884605.18889721,2082094.50781995,311001098336,No oficial,Privado,Urbana,3
4885821.97544339,2084307.72710007,311001098671,No oficial,Privado,Urbana,2
4885886.87678645,2084381.84033022,311001098701,No oficial,Privado,Urbana,2
4885084.76048186,2080703.64518442,311001101591,No oficial,Privado,Urbana,4
4885044.00442299,2077267.94978285,311001104069,No oficial,Privado,Urbana,6
4886235.90597386,2081688.83369763,311001104441,No oficial,Privado,Urbana,3
4886040.33491255,2076789.20940498,311001107289,No oficial,Privado,Urbana,6
4885220.02169425,2084718.65883127,311001107556,No oficial,Privado,Urbana,3
4883451.96069701,2078498.28705372,311001107599,No oficial,Privado,Urbana,5
4886110.93743395,2080003.19429704,311001108129,No oficial,Privado,Urbana,4
4884250.80646095,2079400.36268681,311001108366,No oficial,Privado,Urbana,5
4884336.27418667,2084605.99803305,311001108790,No oficial,Privado,Urbana,2
4885725.01301226,2079150.67602815,311001108854,No oficial,Privado,Urbana,4
4884179.89894581,2076391.15311397,311001109460,No oficial,Privado,Urbana,6
4886015.80616001,2084009.8166658,311001109729,No oficial,Privado,Urbana,3
4885886.87788198,2084381.84032859,311001110492,No oficial,Privado,Urbana,3
4884347.06290437,2081219.48883387,311001110581,No oficial,Privado,Urbana,4
4884622.0877921,2077027.85643391,311001800081,No oficial,Privado,Urbana,6
4885723.57255515,2079981.90327934,311001800171,No oficial,Privado,Urbana,4
4886289.27071152,2081116.85963232,311001800316,No oficial,Privado,Urbana,3
4885009.59355531,2084280.80227078,311001800499,No oficial,Privado,Urbana,3
4884647.55512544,2079436.45350326,311001800588,No oficial,Privado,Urbana,5
4883902.54580948,2082033.02772543,311001800898,No oficial,Privado,Urbana,4
4884611.41175419,2080984.49230153,311001801135,No oficial,Privado,Urbana,
4884878.61912968,2082316.53997241,311001801305,No oficial,Privado,Urbana,
4884292.49955093,2077269.22717547,311001801381,No oficial,Privado,Urbana,
4885440.67714479,2084712.63957014,311769002214,No oficial,Privado,Urbana,3
4886163.05336649,2076738.59034842,311848000286,No oficial,Privado,Urbana,3
4883643.3148334,2078891.5249653,311848000294,No oficial,Privado,Urbana,6
4886009.96981049,2082958.1396807,311848000308,No oficial,Privado,Urbana,
4886258.11052299,2082049.49698178,311848000341,No oficial,Privado,Urbana,1
4886112.45080911,2081790.1512682,311848000456,No oficial,Privado,Urbana,2
4886252.52341254,2079944.49364204,311848000481,No oficial,Privado,Urbana,6
4886653.51695153,2077823.48450501,311848000499,No oficial,Privado,Urbana,2
4886595.50522455,2081967.81575759,311848000588,No oficial,Privado,Urbana,3
4883620.10926351,2079315.2612311,311848000618,No oficial,Privado,Urbana,
4886302.84066382,2080600.55440566,311848000626,No oficial,Privado,Urbana,3
4883981.94336875,2081214.91961781,311848000634,No oficial,Privado,Urbana,4
4884878.71320454,2082906.962459,311848000693,No oficial,Privado,Urbana,
4885772.95428243,2085148.07996344,311848000782,No oficial,Privado,Urbana,4
4883695.93758664,2076323.81820166,311848000791,No oficial,Privado,Urbana,
4885951.25452254,2078256.13502748,311848000812,No oficial,Privado,Urbana,4
4885261.66475146,2080056.85685309,311848000821,No oficial,Privado,Urbana,4
4885681.90096455,2090711.79190754,311848000847,No oficial,Privado,Rural,
4885504.58803319,2084354.80147047,311848000936,No oficial,Privado,Urbana,3
4883489.48818279,2078510.28124427,311848000995,No oficial,Privado,Urbana,5
4884270.92664775,2081314.99800026,311848001011,No oficial,Privado,Urbana,4
4886173.19900847,2081571.50378272,311848002084,No oficial,Privado,Urbana,3
4883429.28590455,2078241.74181442,311848002262,No oficial,Privado,Urbana,5
4885406.64282104,2082820.90659093,311848002271,No oficial,Privado,Urbana,
4884503.60893223,2081007.66429029,311848002351,No oficial,Privado,Urbana,4
4886650.20572304,2082361.07314665,311848002416,No oficial,Privado,Urbana,3
4885082.76249292,2085222.30383209,311848002424,No oficial,Privado,Urbana,2
4884584.86522916,2082935.1743003,311848002432,No oficial,Privado,Urbana,3
4886457.98551125,2083328.88508508,311848002459,No oficial,Privado,Urbana,2
4886489.02706632,2083154.89576514,311848002513,No oficial,Privado,Urbana,2
4884218.59373593,2081465.80596346,311848002611,No oficial,Privado,Urbana,
4885528.9106536,2084401.90013609,311848002866,No oficial,Privado,Urbana,2
4884591.62723076,2083310.0989139,311848002874,No oficial,Privado,Urbana,3
4885724.6826463,2076203.93285552,311848003102,No oficial,Privado,Urbana,6
4884367.11591479,2083581.49983621,311848003463,No oficial,Privado,Urbana,3
4884754.25314161,2081833.44918671,311848003633,No oficial,Privado,Urbana,3
4884212.13822882,2080476.85053583,311848003714,No oficial,Privado,Urbana,4
4883615.64263067,2078484.940935,311848004206,No oficial,Privado,Urbana,5
4884926.83231334,2084670.58925909,311848004311,No oficial,Privado,Urbana,3
4886179.82080629,2081027.7897884,311848004672,No oficial,Privado,Urbana,3
4885864.9154733,2082352.79549625,411001108271,No oficial,Privado,Urbana,
4882336.25437812,2072389.49211631,111001016314,Oficial,Distrital,Urbana,4
4882844.80657609,2071728.67440697,111001015261,Oficial,Distrital,Urbana,4
4882331.19775163,2069769.80811529,111001014559,Oficial,Distrital,Urbana,1
4882990.27273474,2072847.84705679,311001000832,No oficial,Privado,Urbana,5
4883325.16857218,2071644.39082155,311001001022,No oficial,Privado,Urbana,2
4883288.16638511,2071888.90091354,311001002070,No oficial,Privado,Urbana,
4883111.60523295,2073616.26121972,311001002428,No oficial,Privado,Urbana,5
4883651.45567102,2073514.52666707,311001004528,No oficial,Privado,Urbana,6
4882611.0408893,2071861.81626883,311001004706,No oficial,Privado,Urbana,4
4882557.00226084,2072319.89524496,311001006784,No oficial,Privado,Urbana,4
4882557.00226084,2072319.89524496,311001017492,No oficial,Privado,Urbana,4
4883950.59095591,2073896.65183003,311001019568,No oficial,Privado,Urbana,6
4883563.99628101,2071579.7655073,311001019941,No oficial,Privado,Urbana,
4882313.93953174,2071106.55850552,311001031134,No oficial,Privado,Urbana,4
4882376.448666,2071625.53260229,311001087440,No oficial,Privado,Urbana,3
4882325.64914385,2072748.45429348,311001088403,No oficial,Privado,Urbana,4
4883799.96882422,2074011.09879569,311001104492,No oficial,Privado,Urbana,6
4882458.12697165,2072497.87946449,311001104549,No oficial,Privado,Urbana,4
4883431.88136246,2071691.76471099,311001108137,No oficial,Privado,Urbana,
4882218.8538417,2069920.10469473,311001110034,No oficial,Privado,Urbana,4
4882404.80025694,2072869.73754982,311001800308,No oficial,Privado,Urbana,3
4882959.59656538,2071788.68409319,311001800847,No oficial,Privado,Urbana,4
4881598.95662165,2068002.08823692,111001009831,Oficial,Distrital,Urbana,
4881447.27829559,2066927.40121676,111001015326,Oficial,Distrital,Urbana,3
4881652.43401471,2068637.82940432,111001010839,Oficial,Distrital,Urbana,3
4881227.66118958,2064265.62699571,111001013242,Oficial,Distrital,Urbana,
4881021.89178267,2064201.10809858,111001086371,Oficial,Distrital,Urbana,2
4881213.95802754,2063894.42649163,111001801390,Oficial,Distrital,Urbana,
4880978.99044782,2065030.10177315,111001032409,Oficial,Distrital,Urbana,2
4880980.67394672,2064696.31078233,111001015563,Oficial,Distrital,Urbana,2
4881317.04297761,2065121.75609951,111001015512,Oficial,Distrital,Urbana,2
4879990.46729849,2065523.64239161,111001036544,Oficial,Distrital,Urbana,2
4879734.06806085,2065665.13711518,111001015491,Oficial,Distrital,Urbana,2
4881962.1523402,2068337.38588429,111001094901,Oficial,Distrital,Urbana,2
4880335.79802548,2064515.04403411,111001100030,Oficial,Distrital - administracion contratada,Urbana,2
4881479.73064494,2068351.58820682,311001000328,No oficial,Privado,Urbana,4
4881852.10556398,2067511.31674948,311001007021,No oficial,Privado,Urbana,3
4881229.06652391,2066918.96031581,311001008540,No oficial,Privado,Urbana,3
4879587.17500722,2065593.02585757,311001008949,No oficial,Privado,Urbana,2
4881930.52847137,2068653.79316984,311001010820,No oficial,Privado,Urbana,3
4880875.95003464,2067644.78680478,311001017727,No oficial,Privado,Urbana,2
4881955.30037673,2065121.46838416,311001024383,No oficial,Privado,Urbana,2
4881565.56544322,2065024.77903754,311001026441,Oficial,Distrital,Urbana,2
4881720.57657342,2065006.82547091,111001013463,Oficial,Distrital,Urbana,2
4881735.39452387,2065431.17440976,111001013412,Oficial,Distrital,Urbana,2
4880420.6737529,2065227.99487427,311001035857,No oficial,Privado,Urbana,2
4881517.59348194,2064955.24307291,311001089345,No oficial,Privado,Urbana,2
4881477.73018886,2069084.82394685,311001092532,No oficial,Privado,Urbana,3
4881771.6140171,2068921.92866458,311001800332,No oficial,Privado,Urbana,3
4881990.6359693,2065298.17715569,311769001757,No oficial,Privado,Urbana,2
4878581.87667098,2062982.44668563,111001000353,No oficial,Privado,Urbana,3
4881337.55289718,2062856.88017982,111001011975,Oficial,Distrital,Urbana,1
4878603.71556078,2063219.52112451,111001012033,Oficial,Distrital,Urbana,
4878445.63108065,2063258.99866112,111001801438,Oficial,Distrital,Urbana,3
4880822.44549824,2062976.10861824,111001012246,Oficial,Distrital,Urbana,1
4879769.9865153,2060453.57023417,111001012301,Oficial,Distrital,Urbana,2
4879614.94717449,2058752.10271708,111001012335,Oficial,Distrital,Urbana,2
4879231.18549803,2058877.15327948,111001086576,Oficial,Distrital,Urbana,2
4879249.93057884,2058891.15983935,111001014184,Oficial,Distrital,Urbana,2
4879685.81648007,2060362.45090439,111001014168,Oficial,Distrital,Urbana,2
4879544.47647743,2059705.29505789,111001014192,Oficial,Distrital,Urbana,2
4879177.42515477,2060197.06097726,111001012378,Oficial,Distrital,Urbana,2
4880304.46248945,2063035.74323998,111001014176,Oficial,Distrital,Urbana,2
4880147.25924325,2062987.46540477,111001012220,Oficial,Distrital,Urbana,2
4879973.56454551,2063269.58665794,111001000213,Oficial,Distrital,Urbana,2
4879834.58694253,2062229.01046019,111001014451,Oficial,Distrital,Urbana,2
4879924.9503481,2061913.70316644,111001012211,Oficial,Distrital,Urbana,1
4879354.02453775,2062715.49691628,111001015903,Oficial,Distrital,Urbana,3
4879175.55263886,2062383.04868554,111001015938,Oficial,Distrital,Urbana,2
4879711.50284563,2061168.20663455,111001015911,Oficial,Distrital,Urbana,2
4879362.61663903,2060939.27466521,111001015920,Oficial,Distrital,Urbana,2
4879984.56839652,2061375.89559321,111001801454,Oficial,Distrital,Urbana,
4878884.50455714,2058701.07132209,111001016004,Oficial,Distrital,Urbana,2
4879153.46827046,2058970.61596225,111001016012,Oficial,Distrital,Urbana,2
4877919.16042412,2061894.58093743,111001018252,Oficial,Distrital,Urbana,2
4878717.38132972,2061619.10826043,111001018309,Oficial,Distrital,Urbana,2
4878810.63424664,2061941.86627118,111001018325,Oficial,Distrital,Urbana,2
4879305.15947687,2061481.36435356,111001020451,Oficial,Distrital,Urbana,2
4878549.89553357,2061007.51040805,111001018333,Oficial,Distrital,Urbana,2
4878840.54609808,2060417.16776511,111001016284,Oficial,Distrital,Urbana,2
4878756.1263514,2062543.0325126,111001018341,Oficial,Distrital,Urbana,2
4878591.48350975,2062635.33657402,111001018414,Oficial,Distrital,Urbana,
4878751.43781817,2061111.81446631,111001018368,Oficial,Distrital,Urbana,2
4878716.21470686,2061331.72854948,111001018406,Oficial,Distrital,Urbana,2
4877902.20909193,2062587.2839916,111001018384,Oficial,Distrital,Urbana,3
4877804.44468628,2062415.48911259,111001035548,Oficial,Distrital,Urbana,2
4879647.93280199,2063810.15249043,111001020338,No oficial,Privado,Urbana,3
4878297.51724037,2060644.9665131,111001020443,Oficial,Distrital,Urbana,2
4877920.10033504,2060451.06195245,111001029106,Oficial,Distrital,Urbana,2
4878164.21996482,2060235.9284812,111001032468,Oficial,Distrital,Urbana,
4878715.70442468,2059889.83392477,111001041548,Oficial,Distrital,Urbana,2
4880177.34538441,2059922.09759226,111001024686,Oficial,Distrital,Urbana,
4879927.88837633,2059490.01952022,111001012289,Oficial,Distrital,Urbana,2
4879947.23588669,2059818.02455223,111001012319,Oficial,Distrital,Urbana,2
4878429.75254144,2062760.76127604,111001027324,Oficial,Distrital,Urbana,3
4879647.46992971,2063214.5863886,111001030066,Oficial,Distrital,Urbana,2
4878569.35408384,2061512.22953349,111001030864,Oficial,Distrital,Urbana,
4877999.78978439,2061775.88293916,111001029629,Oficial,Distrital,Urbana,2
4879459.13470141,2062538.1392761,111001032280,Oficial,Distrital,Urbana,2
4879320.69791931,2062138.76109395,111001014419,Oficial,Distrital,Urbana,2
4879520.79369205,2062134.42776318,111001012416,Oficial,Distrital,Urbana,2
4880213.44376204,2063834.95105651,111001032433,Oficial,Distrital,Urbana,2
4880567.91046723,2063623.82387112,111001014311,Oficial,Distrital,Urbana,2
4879139.20393357,2057829.10749775,111001034011,Oficial,Distrital,Urbana,1
4879368.32750833,2057526.40796107,111001016276,Oficial,Distrital,Urbana,1
4879141.08027649,2063580.82296657,111001035530,Oficial,Distrital,Urbana,3
4879794.82496685,2063856.31975512,111001013226,Oficial,Distrital,Urbana,3
4880304.4213387,2063379.04533132,111001012025,Oficial,Distrital,Urbana,1
4879400.61460717,2063617.80851999,111001107841,Oficial,Distrital,Urbana,3
4878507.21168869,2061090.30983981,111001035602,Oficial,Distrital,Urbana,
4879403.61078321,2058440.7392658,111001046621,Oficial,Distrital,Urbana,2
4878779.62761664,2063764.78423798,111001086789,Oficial,Distrital,Urbana,3
4878536.01008934,2063514.67302746,111001015873,Oficial,Distrital,Urbana,3
4878490.10723897,2059918.53901262,111001098817,Oficial,Distrital - administracion contratada,Urbana,2
4879319.14429674,2061440.24679116,111001098825,Oficial,Distrital - administracion contratada,Urbana,
4879038.658494,2064230.8979045,111001102016,Oficial,Distrital,Urbana,3
4879480.4851035,2058309.71856276,111001801047,Oficial,Distrital,Urbana,
4879402.46518808,2064097.78015164,311001000085,No oficial,Privado,Urbana,3
4879387.05214937,2060125.37430198,311001001642,No oficial,Privado,Urbana,2
4879168.49840488,2063763.26291218,311001002461,No oficial,Privado,Urbana,3
4879140.81481935,2063390.48470553,311001002681,No oficial,Privado,Urbana,3
4878846.80231067,2063580.51974362,311001002843,No oficial,Privado,Urbana,3
4878916.13528813,2060981.99819438,311001005508,No oficial,Privado,Urbana,2
4878717.62307088,2060855.87419375,311001006601,No oficial,Privado,Urbana,2
4879323.60381358,2064141.84829876,311001006610,No oficial,Privado,Urbana,3
4879218.69298775,2064391.39067286,311001009341,No oficial,Privado,Urbana,
4879378.48790928,2062600.26942395,311001011877,No oficial,Privado,Urbana,2
4879564.4136314,2063927.70585584,311001017522,No oficial,Privado,Urbana,
4878824.37579674,2061012.78264585,311001020191,No oficial,Privado,Urbana,2
4880215.62767524,2064252.88469832,311001024901,No oficial,Privado,Urbana,2
4879617.57071505,2064360.39825138,311001029474,No oficial,Privado,Urbana,3
4879488.27847309,2058988.54154536,311001029920,No oficial,Privado,Urbana,2
4879699.53958146,2058860.00336036,311001033391,No oficial,Privado,Urbana,2
4878619.11993093,2060919.87140466,311001034117,No oficial,Privado,Urbana,2
4879068.69746837,2063287.59205228,311001038732,No oficial,Privado,Urbana,3
4879544.80082082,2058949.81375546,311001038783,No oficial,Privado,Urbana,2
4878902.53110159,2062012.01233077,311001039569,No oficial,Privado,Urbana,2
4879185.83302049,2062645.28937863,311001039836,No oficial,Privado,Urbana,3
4879277.84345233,2062453.25862464,311001040168,No oficial,Privado,Urbana,2
4879827.67273269,2060488.36871655,311001040362,No oficial,Privado,Urbana,2
4879509.3042345,2064664.3128318,311001042012,No oficial,Privado,Urbana,3
4879036.13963109,2061736.91373024,311001043591,No oficial,Privado,Urbana,2
4879291.41062852,2064158.98796506,311001043949,No oficial,Privado,Urbana,3
4879717.07796665,2062711.74986689,311001044716,No oficial,Privado,Urbana,2
4880160.22763492,2063210.17752911,311001045437,No oficial,Privado,Urbana,2
4879811.84823518,2064044.57190461,311001045551,No oficial,Privado,Urbana,3
4879321.94555019,2058865.90600531,311001046492,No oficial,Privado,Urbana,2
4879050.96720053,2061170.04512056,311001047553,No oficial,Privado,Urbana,2
4879042.98716658,2063307.69909509,311001075018,No oficial,Privado,Urbana,3
4879675.16130694,2059507.86507837,311001075689,No oficial,Privado,Urbana,2
4879898.97940341,2063754.93218934,311001075999,No oficial,Privado,Urbana,3
4878974.49955605,2063885.90722239,311001076731,No oficial,Privado,Urbana,3
4879221.33070128,2060640.88351692,311001079862,No oficial,Privado,Urbana,2
4878810.50639965,2060599.47057495,311001079901,No oficial,Privado,Urbana,2
4878589.46813823,2060837.35670401,311001087644,No oficial,Privado,Urbana,2
4878904.52380208,2061446.68971158,311001092141,No oficial,Privado,Urbana,2
4878276.51155538,2060370.7595156,311001092184,No oficial,Privado,Urbana,2
4879083.41861509,2060160.00836115,311001092281,No oficial,Privado,Urbana,2
4879031.34602156,2061026.71092267,311001092371,No oficial,Privado,Urbana,2
4879887.90074947,2058655.95110094,311001096732,No oficial,Privado,Urbana,1
4878309.3621924,2061049.63760238,311001097496,No oficial,Privado,Urbana,2
4879546.39110149,2064329.53676722,311001098107,No oficial,Privado,Urbana,3
4878939.72539441,2060186.41692848,311001099065,No oficial,Privado,Urbana,2
4879025.65896474,2059653.18656489,311001101639,No oficial,Privado,Urbana,2
4879325.57855289,2061204.11769251,311001102406,No oficial,Privado,Urbana,2
4879614.96155579,2059328.13835308,311001102520,No oficial,Privado,Urbana,2
4878829.80372539,2059804.04726034,311001108773,No oficial,Privado,Urbana,2
4879685.95433491,2064006.80867861,311001109419,No oficial,Privado,Urbana,3
4878399.75346436,2063403.13015088,311001109427,No oficial,Privado,Urbana,3
4879784.54411555,2060337.78924819,311001110000,No oficial,Privado,Urbana,2
4879781.99885259,2063759.56732307,311001110131,No oficial,Privado,Urbana,3
4878904.91672932,2061491.57160999,311001110565,No oficial,Privado,Urbana,2
4879066.93957836,2060996.29151577,311001110590,No oficial,Privado,Urbana,2
4878303.98732079,2063097.91050467,311001800367,No oficial,Privado,Urbana,3
4878169.14761338,2061184.77999863,311001800472,No oficial,Privado,Urbana,2
4878182.43954371,2061939.90586422,311848004176,No oficial,Privado,Urbana,2
4879188.64824327,2058027.18639966,311850000111,No oficial,Privado,Urbana,1
4876517.2324914,2056920.07167082,111001013820,Oficial,Distrital,Urbana,2
4876284.85159469,2058137.62331578,111001013935,Oficial,Distrital,Urbana,2
4876281.27116862,2057489.47837844,111001016039,Oficial,Distrital,Urbana,2
4879010.65092812,2056822.13691037,111001024643,Oficial,Distrital,Urbana,1
4879100.02624016,2056842.95601628,111001110442,Oficial,Distrital,Urbana,1
4877956.75017675,2055171.68333859,111001030872,Oficial,Distrital,Urbana,1
4877530.1364953,2055034.48799372,111001075591,Oficial,Distrital,Urbana,1
4879011.12289603,2057099.29200894,111001041556,Oficial,Distrital,Urbana,1
4877046.05114786,2055175.79455308,111001044270,Oficial,Distrital,Urbana,1
4876815.68764924,2055177.14514855,111001096580,Oficial,Distrital,Urbana,1
4875543.08140467,2057918.67673294,111001045705,Oficial,Distrital,Urbana,2
4875795.47992198,2058140.40117909,111001046485,Oficial,Distrital,Urbana,2
4876154.43072124,2056095.19351682,111001046931,Oficial,Distrital,Urbana,2
4876102.44716944,2054792.91787473,111001065234,Oficial,Distrital,Urbana,
4876391.27701077,2054822.08008003,111001046914,Oficial,Distrital,Urbana,1
4876442.364902,2054614.47221203,111001047902,Oficial,Distrital,Urbana,1
4877605.0820308,2056113.11192556,111001077895,Oficial,Distrital,Urbana,1
4877737.46778821,2055846.66600329,111001106933,Oficial,Distrital,Urbana,
4876377.37500087,2057321.52978162,111001077917,Oficial,Distrital,Urbana,2
4876722.18186903,2055647.65956524,111001078638,Oficial,Distrital,Urbana,2
4877371.91465088,2056699.89135514,111001083011,Oficial,Distrital,Urbana,2
4876443.09705105,2056652.89645704,111001104086,Oficial,Distrital,Urbana,2
4876805.60358229,2056042.66635806,111001086614,Oficial,Distrital,Urbana,2
4877236.41194162,2055649.75457013,111001094439,Oficial,Distrital,Urbana,2
4875981.47705845,2055534.1629809,111001098841,Oficial,Distrital - administracion contratada,Urbana,
4877542.05073743,2055009.65104582,111001098850,Oficial,Distrital - administracion contratada,Urbana,1
4876654.23728568,2055392.35834047,111001098868,Oficial,Distrital,Urbana,2
4875837.57682739,2056756.70906553,111001100081,Oficial,Distrital - administracion contratada,Urbana,2
4876347.64615969,2058896.8207069,111001102008,Oficial,Distrital - administracion contratada,Urbana,1
4876521.94489431,2054248.38622141,111001104337,Oficial,Distrital,Urbana,1
4876338.92063468,2054981.61224775,111001104345,Oficial,Distrital,Urbana,1
4876152.62040069,2055509.66012516,111001076201,Oficial,Distrital,Urbana,
4876280.34023004,2055359.75542522,111001107751,Oficial,Distrital,Urbana,1
4877517.89434459,2053731.30943183,111001104353,Oficial,Distrital,Urbana,1
4877920.848304,2053926.3572975,211001094832,Oficial,Distrital,Urbana,
4877755.1033848,2054672.38051828,211001094875,Oficial,Distrital,Urbana,
4876166.25069472,2058956.08918647,111001107760,Oficial,Distrital,Urbana,2
4875446.92435978,2052573.93141583,111001800562,Oficial,Distrital - administracion contratada,Urbana,
4878081.89270038,2056575.5503498,111001800660,Oficial,Distrital - administracion contratada,Urbana,2
4875664.07933161,2052507.07902604,111850000740,Oficial,Distrital,Urbana,2
4875138.19966902,2052133.80655046,111850000081,Oficial,Distrital,Urbana,2
4875446.92435978,2052573.93141583,111001110027,Oficial,Distrital,Urbana,
4877273.13052107,2057266.65426953,111850001380,Oficial,Distrital,Urbana,2
4875918.72801506,2057306.37490101,111001034762,Oficial,Distrital,Urbana,2
4876693.94616413,2056697.53804577,111850001428,Oficial,Distrital,Urbana,2
4876554.24307275,2056728.08520531,111001106798,Oficial,Distrital,Urbana,2
4876517.56945001,2056630.57491271,111001106801,Oficial,Distrital,Urbana,2
4877654.57018706,2056533.83559986,111850001461,Oficial,Distrital,Urbana,2
4877652.87692132,2056541.37766687,111001096601,Oficial,Distrital,Urbana,1
4877226.05349445,2056131.62058614,111850001576,Oficial,Distrital,Urbana,2
4877132.70348962,2056368.2883975,211850000159,Oficial,Distrital,Urbana,2
4876952.63089675,2056241.38446326,211850000051,Oficial,Distrital,Urbana,2
4877146.9813644,2055188.34075356,211850000787,Oficial,Distrital,Urbana,2
4875494.6840874,2057190.90132084,111001096571,Oficial,Distrital,Urbana,
4875808.41610534,2054782.50663671,211850000931,Oficial,Distrital,Urbana,1
4876987.34187842,2059002.62697558,211850001481,Oficial,Distrital,Urbana,2
4876342.21990739,2059529.7215371,111001008168,Oficial,Distrital,Urbana,1
4877571.89600782,2059005.90420011,211850001431,Oficial,Distrital,Urbana,1
4877820.80628008,2055198.4476318,311001000131,No oficial,Privado,Urbana,1
4876446.41913784,2056754.65874688,311001025983,No oficial,Privado,Urbana,2
4876423.18535838,2056996.26025169,311001026891,No oficial,Privado,Urbana,2
4875800.40251433,2057516.25611268,311001032271,No oficial,Privado,Urbana,
4876007.7625287,2057078.01937309,311001036659,No oficial,Privado,Urbana,2
4876726.35093066,2056436.21671147,311001037051,No oficial,Privado,Urbana,2
4876450.12159868,2054867.41969385,311001040338,No oficial,Privado,Urbana,1
4876388.70306132,2056740.0249404,311001041342,No oficial,Privado,Urbana,2
4876784.69751545,2056527.44733261,311001042721,No oficial,Privado,Urbana,2
4876418.88082492,2056916.43586824,311001044902,No oficial,Privado,Urbana,2
4876306.60457115,2056565.36290226,311001045313,No oficial,Privado,Urbana,2
4876513.56778811,2056589.21713045,311001045623,No oficial,Privado,Urbana,2
4876613.49334589,2056248.41006112,311001046689,No oficial,Privado,Urbana,2
4876270.48259009,2056090.21750745,311001065012,No oficial,Privado,Urbana,1
4876421.13770334,2059583.70083648,311001065357,No oficial,Privado,Urbana,1
4877087.67965128,2055767.70895592,311001075531,No oficial,Privado,Urbana,2
4877181.84775623,2054979.37064632,311001078203,No oficial,Privado,Urbana,1
4875884.9966342,2057272.70813831,311001086991,No oficial,Privado,Urbana,2
4877262.72924039,2055936.67206443,311001090611,No oficial,Privado,Urbana,2
4876523.15296701,2055857.60243164,311001090807,No oficial,Privado,Urbana,2
4876139.07564401,2059717.93870388,311001091234,No oficial,Privado,Urbana,2
4875378.22717928,2057827.70299567,311001094659,No oficial,Privado,Urbana,2
4877006.85480823,2056367.63188856,311001096309,No oficial,Privado,Urbana,2
4877855.99310893,2054956.6642508,311001096953,No oficial,Privado,Urbana,1
4877570.11960317,2055721.57638956,311001097038,No oficial,Privado,Urbana,2
4876084.77830913,2057423.58889641,311001097101,No oficial,Privado,Urbana,2
4877356.50580612,2056364.36119434,311001097569,No oficial,Privado,Urbana,2
4877268.67797634,2053961.97929718,311001097691,No oficial,Privado,Urbana,1
4877385.156216,2055351.23919882,311001099103,No oficial,Privado,Urbana,1
4875935.80352013,2060031.53686972,311001099154,No oficial,Privado,Urbana,2
4875764.93000014,2058260.84157456,311001107262,No oficial,Privado,Urbana,2
4876403.39722119,2056670.40099878,311001107335,No oficial,Privado,Urbana,1
4875918.62723145,2057284.12459955,311001108404,No oficial,Privado,Urbana,2
4877262.47881169,2055249.38374052,311848003471,No oficial,Privado,Urbana,1
4877593.32486823,2054524.11578477,411001086561,No oficial,Privado,Urbana,1
4874553.82692391,2064031.06383199,111001009652,Oficial,Distrital,Urbana,3
4874414.43292057,2063992.52178565,111001045675,Oficial,Distrital,Urbana,3
4873196.59825911,2065516.18162409,111001010251,Oficial,Distrital,Urbana,3
4872720.39039377,2064906.5149409,111001034631,Oficial,Distrital,Urbana,3
4873817.33796995,2064790.36885747,111001011011,Oficial,Distrital,Urbana,2
4873757.99325219,2064713.21575093,111001017949,Oficial,Distrital,Urbana,2
4873347.14063475,2064941.67308308,111001018295,Oficial,Distrital,Urbana,2
4873846.74688694,2065030.36930354,111001017965,Oficial,Distrital,Urbana,2
4874819.72190265,2064186.09484534,111001012271,Oficial,Distrital,Urbana,3
4874468.85004474,2064548.14157505,111001018261,Oficial,Distrital,Urbana,2
4874097.56405655,2064037.69796421,111001014206,Oficial,Distrital,Urbana,2
4873767.30805764,2063907.86445467,111001014214,Oficial,Distrital,Urbana,3
4873563.17615132,2063905.5383843,111001018279,Oficial,Distrital,Urbana,2
4875268.61797886,2061981.15160848,111001018201,Oficial,Distrital,Urbana,2
4875370.1567687,2061476.10093793,111001015318,Oficial,Distrital,Urbana,2
4874774.06204889,2061868.99417114,111001029084,Oficial,Distrital,Urbana,2
4874774.06204889,2061868.99417114,111001110264,Oficial,Distrital,Urbana,2
4874478.00965935,2063754.15420642,111001019411,Oficial,Distrital,Urbana,
4874476.07672553,2064518.98480403,111001038253,Oficial,Distrital,Urbana,2
4875085.11751784,2063222.08543318,111001032450,Oficial,Distrital,Urbana,3
4872210.03333364,2065230.15278873,111001075736,Oficial,Distrital,Urbana,2
4874436.69327413,2062462.40999796,111001075957,Oficial,Distrital,Urbana,2
4874906.79367019,2063024.78696496,111001018066,Oficial,Distrital,Urbana,3
4873911.87741481,2062709.30645612,111001086631,Oficial,Distrital,Urbana,2
4874210.27969773,2062663.85668258,111001025623,Oficial,Distrital,Urbana,2
4875540.11353889,2060808.84694961,111850001037,No oficial,Privado - regimen especial,Urbana,
4874694.45437633,2062056.61694996,311001000379,No oficial,Privado,Urbana,2
4874193.5234074,2064386.96634538,311001002118,No oficial,Privado,Urbana,2
4873413.37023057,2065287.29808565,311001003378,No oficial,Privado,Urbana,3
4874683.04577863,2062687.57752382,311001003971,No oficial,Privado,Urbana,2
4874195.02104293,2064509.94091275,311001004820,No oficial,Privado,Urbana,2
4873942.84643021,2065429.46403865,311001004897,No oficial,Privado - regimen especial,Urbana,3
4874422.17948444,2062629.41017498,311001005311,No oficial,Privado,Urbana,2
4874692.62944092,2062620.89550122,311001006032,No oficial,Privado,Urbana,2
4875341.13823846,2061819.85053308,311001008159,No oficial,Privado,Urbana,2
4873524.44330329,2065609.2008067,311001008213,No oficial,Privado,Urbana,3
4875366.93073821,2061659.78253944,311001010404,No oficial,Privado,Urbana,2
4873214.30528001,2063959.86051775,311001020213,No oficial,Privado,Urbana,2
4872666.0131146,2065057.92714816,311001025894,No oficial,Privado,Urbana,3
4874235.74103262,2062693.73658031,311001026491,No oficial,Privado,Urbana,2
4873646.19455033,2064950.78013629,311001028427,No oficial,Privado,Urbana,2
4874967.77777704,2063016.15214852,311001036250,No oficial,Privado,Urbana,3
4874713.33247853,2063791.39296647,311001036641,No oficial,Privado,Urbana,3
4871896.82493662,2065348.90910884,311001044091,No oficial,Privado,Urbana,2
4874921.63704023,2063724.48829263,311001046077,No oficial,Privado,Urbana,3
4875133.58351609,2063474.22397302,311001065489,No oficial,Privado,Urbana,3
4874107.05374909,2064836.92565341,311001075191,No oficial,Privado,Urbana,2
4874658.97230008,2062898.51061057,311001075387,No oficial,Privado,Urbana,2
4874088.73688914,2064092.67512678,311001076588,No oficial,Privado,Urbana,2
4873385.42592652,2065157.8408295,311001088608,No oficial,Privado,Urbana,3
4872789.96819626,2065134.16510103,311001089442,No oficial,Privado,Urbana,3
4874013.26898217,2064820.80065633,311001091374,No oficial,Privado,Urbana,2
4874771.23022298,2062464.97437273,311001092788,No oficial,Privado,Urbana,2
4874007.52243334,2064918.13312665,311001097178,No oficial,Privado,Urbana,2
4873033.3764077,2065256.28379047,311001099162,No oficial,Privado,Urbana,3
4872914.09519975,2065555.52718144,311001099197,No oficial,Privado,Urbana,3
4874880.62293209,2062613.76810698,311001099227,No oficial,Privado,Urbana,2
4873661.07402044,2063991.95139892,311001101825,No oficial,Privado,Urbana,2
4874667.94528057,2062902.71355434,311001101833,No oficial,Privado,Urbana,2
4874045.58783658,2065750.12240905,311001104778,No oficial,Privado,Urbana,3
4873930.6282168,2065766.18083311,311001104786,No oficial,Privado,Urbana,3
4873339.54582519,2064567.78166875,311001108510,No oficial,Privado,Urbana,2
4873031.98563313,2065534.22023865,311001108706,No oficial,Privado,Urbana,3
4873921.70751675,2065792.58992734,311001109931,No oficial,Privado,Urbana,3
4873524.44330329,2065609.2008067,311001800707,No oficial,Privado,Urbana,
4873633.46984569,2065799.02045039,311001800901,No oficial,Privado,Urbana,
4873721.84458922,2064799.69627978,311102000531,No oficial,Privado,Urbana,2
4867280.44757151,2066977.55450027,111001002909,Oficial,Distrital,Urbana,2
4867218.52674051,2066357.52696594,111102000788,Oficial,Distrital,Urbana,2
4865849.52334354,2067913.03426223,211102000642,Oficial,Distrital,Urbana,2
4868334.5627952,2066363.28075163,111001010031,Oficial,Distrital,Urbana,2
4868605.25222077,2067085.7716672,111102000699,Oficial,Distrital,Urbana,2
4867825.90662561,2066513.06449659,111102000567,Oficial,Distrital,Urbana,2
4870688.85923936,2066769.95970502,111001013676,Oficial,Distrital,Urbana,2
4870842.36029307,2066583.42304131,111102000923,Oficial,Distrital,Urbana,2
4871640.66136637,2066540.85136415,111001800261,Oficial,Distrital,Urbana,3
4869018.62734067,2069506.06786657,111001014109,Oficial,Distrital,Urbana,2
4868498.77238248,2069377.60134559,211102000219,Oficial,Distrital,Urbana,2
4869027.54905529,2069504.90276849,111001094480,Oficial,Distrital,Urbana,2
4869645.44202422,2066169.83703034,111001041599,Oficial,Distrital,Urbana,2
4866979.10311265,2067538.01342446,111001046477,Oficial,Distrital,Urbana,2
4866924.77236491,2067405.69825442,111102000591,Oficial,Distrital,Urbana,2
4866740.20135521,2067122.98241527,111102000672,Oficial,Distrital,Urbana,2
4867288.85718555,2067191.88629114,111102000893,Oficial,Distrital,Urbana,2
4869263.47572978,2067079.12875948,111001046591,Oficial,Distrital,Urbana,2
4866965.50710686,2066783.17856758,111001086606,Oficial,Distrital,Urbana,2
4867508.45931223,2068877.71752309,111001086754,Oficial,Distrital,Urbana,2
4868900.35262491,2066973.47554489,111001104132,Oficial,Distrital,Urbana,2
4866403.09101494,2067494.51324291,111001098876,Oficial,Distrital - administracion contratada,Urbana,2
4867477.56073191,2067392.2883889,111001098884,Oficial,Distrital - administracion contratada,Urbana,2
4868450.24737785,2067721.45675195,111001100064,Oficial,Distrital - administracion contratada,Urbana,2
4867747.8496196,2069658.68353046,111001100072,Oficial,Distrital - administracion contratada,Urbana,2
4868066.47271773,2070054.07245135,111001104051,Oficial,Distrital - administracion contratada,Urbana,1
4866780.86347554,2069475.42251333,111001104183,Oficial,Distrital,Urbana,2
4866952.68124629,2068222.94018258,111001104299,Oficial,Distrital,Urbana,
4868136.34257061,2069572.6243266,111001104302,Oficial,Distrital,Urbana,2
4868634.68977395,2068923.93011495,211102000251,Oficial,Distrital,Urbana,2
4866414.69178607,2070337.85420642,111001104329,Oficial,Distrital,Urbana,
4867564.17747759,2069153.5011275,111001106968,Oficial,Distrital,Urbana,2
4868574.07195153,2069780.14177258,111001107832,Oficial,Distrital,Urbana,2
4868371.68974078,2070919.61613766,111001107875,Oficial,Distrital,Urbana,
4868776.19140636,2068484.75309715,111001107883,Oficial,Distrital,Urbana,2
4868514.7122653,2071133.75841617,111001800392,Oficial,Distrital - administracion contratada,Urbana,
4866521.16004338,2068063.25800917,111001800457,Oficial,Distrital - administracion contratada,Urbana,2
4868900.71926891,2067920.63272727,111001800643,Oficial,Distrital,Urbana,
4867557.04685508,2068130.03402748,111001801080,Oficial,Distrital,Urbana,
4867040.88206941,2070159.4095748,111001801098,Oficial,Distrital,Urbana,
4868440.49283653,2069726.51914104,111001801101,Oficial,Distrital,Urbana,
4868511.17471887,2066471.726323,111102000265,Oficial,Distrital,Urbana,2
4868335.97953136,2066821.09950418,111102000281,Oficial,Distrital,Urbana,2
4867564.54234234,2066354.14151366,111102000907,Oficial,Distrital,Urbana,2
4868627.20631458,2067602.80906843,111102000621,Oficial,Distrital,Urbana,2
4867976.42123555,2067167.75732541,111102000753,Oficial,Distrital,Urbana,2
4868213.50208621,2067094.30077666,111102000559,Oficial,Distrital,Urbana,2
4867397.46256523,2067593.04817666,111102000583,Oficial,Distrital,Urbana,2
4867338.86591051,2068069.32418344,111001094862,Oficial,Distrital,Urbana,2
4868353.72845867,2067118.83346274,111001110329,Oficial,Distrital,Urbana,2
4867673.3383031,2067708.4513159,111102000958,Oficial,Distrital,Urbana,2
4867428.2777433,2067899.78214945,111001110060,Oficial,Distrital,Urbana,2
4866864.68424052,2069230.01317385,211001076958,Oficial,Distrital,Urbana,2
4867496.1158434,2070933.84869154,111001110078,Oficial,Distrital,Urbana,1
4867613.02840447,2071230.88963964,111001801187,Oficial,Distrital,Urbana,
4866500.65428372,2068397.05575347,211102000201,Oficial,Distrital,Urbana,1
4868760.93312634,2070366.06327636,211102000243,Oficial,Distrital,Urbana,1
4867195.5968126,2071013.59849553,111001104361,Oficial,Distrital,Urbana,
4868221.76928757,2068896.87522378,211102000995,Oficial,Distrital,Urbana,2
4868605.28882712,2067455.50481071,111001110647,Oficial,Distrital,Urbana,2
4870953.54228942,2066428.72395468,311001000361,No oficial,Privado,Urbana,2
4867492.2198042,2068741.81175954,311001000387,No oficial,Privado,Urbana,2
4867561.60853873,2069057.45430336,311001000921,No oficial,Privado,Urbana,2
4867801.46844111,2069190.01530779,311001000972,No oficial,Privado,Urbana,2
4868466.55604687,2066198.67306165,311001001014,No oficial,Privado,Urbana,2
4866824.73154445,2070556.78023552,311001032637,No oficial,Privado,Urbana,
4871230.2034498,2066525.39178556,311001035300,No oficial,Privado,Urbana,3
4871384.53691787,2066666.67023981,311001035318,No oficial,Privado,Urbana,3
4868714.5609253,2066511.7720649,311001036292,No oficial,Privado,Urbana,2
4871211.02655739,2066532.55775265,311001039623,No oficial,Privado,Urbana,3
4870864.17412348,2066510.8347823,311001041067,No oficial,Privado,Urbana,2
4869237.49084956,2067434.89465015,311001042829,No oficial,Privado,Urbana,2
4867815.32192227,2069314.50956947,311001045011,No oficial,Privado,Urbana,2
4869126.80280367,2066797.0187289,311001046239,No oficial,Privado,Urbana,2
4868061.86500407,2068630.3461082,311001047014,No oficial,Privado,Urbana,2
4868430.6040287,2067614.1042491,311001065098,No oficial,Privado,Urbana,2
4867830.61750001,2066848.43078045,311001077525,No oficial,Privado,Urbana,2
4871787.45014458,2066259.8993866,311001078220,No oficial,Privado,Urbana,3
4871940.15229036,2066402.37544156,311001087555,No oficial,Privado,Urbana,3
4868200.98941138,2069679.23295024,311001087636,No oficial,Privado,Urbana,2
4867143.47140965,2067242.77215341,311001088314,No oficial,Privado,Urbana,2
4866930.61986841,2066871.05423305,311001089191,No oficial,Privado,Urbana,2
4867868.37006101,2068783.18192452,311001089876,No oficial,Privado,Urbana,2
4867754.27137337,2069072.92023284,311001090637,No oficial,Privado,Urbana,2
4869325.88713481,2066790.83519484,311001090645,No oficial,Privado,Urbana,2
4866919.2681203,2068829.61793511,311001090718,No oficial,Privado,Urbana,2
4869214.96640634,2066729.83418022,311001091846,No oficial,Privado,Urbana,2
4868235.16434347,2066811.70075707,311001093768,No oficial,Privado,Urbana,2
4869010.58188388,2069611.28631765,311001095175,No oficial,Privado,Urbana,2
4868445.94411548,2067046.75792268,311001095337,No oficial,Privado,Urbana,2
4866948.5319664,2067622.32788235,311001095680,No oficial,Privado,Urbana,2
4868599.76491517,2066580.11013118,311001095850,No oficial,Privado,Urbana,2
4867113.46423633,2066636.341342,311001095868,No oficial,Privado,Urbana,2
4869467.63067693,2069433.69012188,311001096171,No oficial,Privado,Urbana,2
4867152.83791869,2068870.65805438,311001096414,No oficial,Privado,Urbana,2
4867377.06850861,2069132.8809486,311001096759,No oficial,Privado,Urbana,2
4866616.61225252,2067617.35908766,311001097615,No oficial,Privado,Urbana,2
4871427.25776733,2066654.39894306,311001097623,No oficial,Privado,Urbana,3
4868375.13063762,2069593.04404872,311001097640,No oficial,Privado,Urbana,2
4866276.09148376,2067866.35180556,311001097658,No oficial,Privado,Urbana,2
4867968.64161354,2069531.55010082,311001097674,No oficial,Privado,Urbana,2
4868025.45229068,2066890.5040784,311001102317,No oficial,Privado,Urbana,2
4869049.95982426,2069193.62115417,311001102783,No oficial,Privado,Urbana,
4869390.93533067,2069547.94471299,311001104832,No oficial,Privado,Urbana,2
4867593.62559591,2067824.20482521,311001104841,No oficial,Privado,Urbana,2
4869182.17236593,2069302.39579064,311001107165,No oficial,Privado,Urbana,2
4869157.62386865,2069404.58324718,311001107467,No oficial,Privado,Urbana,2
4867467.38890834,2069727.60268883,311001108340,No oficial,Privado,Urbana,2
4867258.40581071,2069645.00086866,311001109443,No oficial,Privado,Urbana,2
4868886.23458402,2069805.02800704,311001109681,No oficial,Privado,Urbana,2
4870746.80861401,2066362.40871886,311001109702,No oficial,Privado,Urbana,2
4868282.07571277,2069700.81447813,311001109877,No oficial,Privado,Urbana,2
4868282.07571277,2069700.81447813,311001109893,No oficial,Privado,Urbana,2
4868302.99267419,2066977.47183923,311001109923,No oficial,Privado,Urbana,2
4869370.84610037,2067124.62572376,311001110255,No oficial,Privado,Urbana,2
4869344.70968264,2069773.96013427,311001110662,No oficial,Privado,Urbana,2
4868890.26264977,2068857.45135853,311001800006,No oficial,Privado,Urbana,2
4867549.01714974,2067067.65161017,311001800103,No oficial,Privado,Urbana,2
4868376.42016077,2066858.09273604,311001800537,No oficial,Privado,Urbana,2
4871761.75657859,2066620.96262413,311001800740,No oficial,Privado,Urbana,3
4869049.95982426,2069193.62115417,311001801020,No oficial,Privado,Urbana,
4866837.60490895,2068660.38299845,311001801208,No oficial,Privado,Urbana,
4868681.44897466,2067521.24955415,311102000086,No oficial,Privado,Urbana,2
4868417.6259076,2067273.78282298,311102000124,No oficial,Privado,Urbana,2
4868448.79024387,2067511.67509931,311102000132,No oficial,Privado,Urbana,2
4868640.31753465,2067710.84543715,311102000141,No oficial,Privado,Urbana,2
4868300.31863609,2067063.27760571,311102000779,No oficial,Privado,Urbana,2
4867881.51783015,2066444.63004966,311102001007,No oficial,Privado,Urbana,2
4867411.51738622,2066660.13431476,311102001015,No oficial,Privado,Urbana,2
4868370.16902312,2066897.55683326,311102001066,No oficial,Privado,Urbana,2
4868531.73004475,2069536.25049904,311102001074,No oficial,Privado,Urbana,2
4867314.15979621,2066490.84436773,311102001082,No oficial,Privado,Urbana,2
4866964.8534012,2067353.25555739,311102001139,No oficial,Privado,Urbana,3
4869285.43287329,2067210.37989567,311102001155,No oficial,Privado,Urbana,2
4867549.01714974,2067067.65161017,311102001236,No oficial,Privado,Urbana,2
4868309.59262928,2067086.35983915,311102001244,No oficial,Privado,Urbana,2
4868860.38745976,2069912.76946536,311102001287,No oficial,Privado,Urbana,2
4866782.05311975,2067502.73677899,411001000314,No oficial,Privado,Urbana,2
4868592.05849944,2068407.62600994,411102000293,No oficial,Privado,Urbana,2
4874045.80028947,2068186.48901664,111001000124,Oficial,Distrital,Urbana,3
4874226.81853185,2067031.68121661,111001014303,Oficial,Distrital,Urbana,2
4871154.41021508,2071023.01688226,111001001279,Oficial,Distrital,Urbana,2
4871209.82247045,2071185.19130694,111001034771,Oficial,Distrital,Urbana,2
4871257.39815396,2071263.70458676,111001034649,Oficial,Distrital,Urbana,2
4875574.44943786,2069947.94711637,111001010910,Oficial,Distrital,Urbana,
4872885.05662458,2066348.14656041,111001011321,Oficial,Distrital,Urbana,3
4872891.71372191,2066339.80402779,111001106259,Oficial,Distrital,Urbana,3
4872686.43943683,2068980.73637363,111001011690,Oficial,Distrital,Urbana,3
4871066.02427752,2070058.60580535,111001033871,Oficial,Distrital,Urbana,2
4870647.84192867,2069702.38945386,111001096628,Oficial,Distrital,Urbana,2
4871855.99711988,2068397.3781537,111001012343,Oficial,Distrital,Urbana,3
4871497.5324167,2069080.22755495,111001013196,Oficial,Distrital,Urbana,3
4872100.12061406,2068777.2297188,111001012360,Oficial,Distrital,Urbana,3
4871281.42435922,2068810.19711553,111001013102,Oficial,Distrital,Urbana,3
4870117.90043641,2069880.5387817,111001036579,Oficial,Distrital,Urbana,2
4869266.58864278,2067962.74808424,111001013129,Oficial,Distrital,Urbana,2
4870132.10272441,2067380.43086322,111001050181,Oficial,Distrital,Urbana,3
4869824.5365516,2067556.08605818,111001029653,Oficial,Distrital,Urbana,3
4871557.79424835,2068791.03073484,111001013153,Oficial,Distrital,Urbana,3
4871057.62946148,2068771.18050921,111001013161,Oficial,Distrital,Urbana,3
4870743.4190202,2068226.17974749,111001033961,Oficial,Distrital,Urbana,3
4871227.87083603,2068289.58369487,111001013170,Oficial,Distrital,Urbana,3
4870332.27336231,2067636.80301453,111001035599,Oficial,Distrital,Urbana,2
4874998.98029738,2069938.15834631,111001014290,Oficial,Distrital,Urbana,
4875172.03538043,2070305.26055093,111001801471,Oficial,Distrital,Urbana,
4871992.96189906,2067785.42010959,111001014974,Oficial,Distrital,Urbana,3
4872431.82274781,2068258.89575052,111001015598,Oficial,Distrital,Urbana,3
4873418.82102837,2068374.03446108,111001015601,Oficial,Distrital,Urbana,3
4873495.95790652,2067460.35298412,111001012254,Oficial,Distrital,Urbana,3
4872165.12207599,2070108.32623976,111001016071,Oficial,Distrital,Urbana,3
4872326.97309837,2070259.11002015,111001016152,Oficial,Distrital,Urbana,3
4874025.20463859,2066943.07513453,111001016098,Oficial,Distrital,Urbana,2
4871578.3121741,2068330.19957834,111001016101,Oficial,Distrital,Urbana,3
4872647.44147704,2066814.50469857,111001016136,Oficial,Distrital,Urbana,2
4873512.24620555,2068634.27324157,111001016292,Oficial,Distrital,Urbana,3
4874107.43433362,2068092.08440392,111001018082,Oficial,Distrital,Urbana,3
4872997.7649775,2068587.97305509,111001015628,Oficial,Distrital,Urbana,3
4872872.16998003,2068819.02538011,111001015610,Oficial,Distrital,Urbana,3
4872763.82402807,2068481.10316587,111001024660,Oficial,Distrital,Urbana,3
4869981.18165408,2068301.45839672,111001013111,Oficial,Distrital,Urbana,2
4871774.63376721,2069128.92770248,111001024732,Oficial,Distrital,Urbana,3
4872190.21689389,2069328.60634979,111001016080,Oficial,Distrital,Urbana,3
4872302.41894886,2068815.80650682,111001026964,Oficial,Distrital,Urbana,3
4872371.46553637,2069088.12528428,111001027308,Oficial,Distrital,Urbana,3
4869390.05800331,2068230.86923799,111001027391,Oficial,Distrital,Urbana,2
4869944.72278436,2069198.98845,111001050172,Oficial,Distrital,Urbana,2
4869942.81550493,2069234.64624037,111001034088,Oficial,Distrital,Urbana,2
4870600.83215727,2070455.84446356,111001027405,Oficial,Distrital,Urbana,2
4871063.16502531,2067392.06709476,111001029114,Oficial,Distrital,Urbana,2
4870888.32699017,2067319.20934965,111001800465,Oficial,Distrital,Urbana,2
4871349.95709354,2070879.2380327,111001033898,Oficial,Distrital,Urbana,2
4875006.27392173,2068681.45477375,111001034045,Oficial,Distrital,Urbana,3
4874962.32124053,2068653.34545008,111102001164,Oficial,Distrital,Urbana,2
4873153.43633761,2070589.5414882,111001041475,Oficial,Distrital,Urbana,3
4874124.53147774,2071999.03066175,111001047236,Oficial,Distrital,Urbana,3
4873392.40730898,2070866.78697984,111001076767,Oficial,Distrital,Urbana,3
4870588.55178834,2067041.2875059,111001079154,Oficial,Distrital,Urbana,2
4870690.73905586,2067629.33576751,111001043141,Oficial,Distrital,Urbana,2
4873192.06764018,2067254.54524931,111001086649,Oficial,Distrital,Urbana,3
4873487.32180554,2066786.02983485,111001014681,Oficial,Distrital,Urbana,2
4870555.48775197,2070852.42364761,111001086771,Oficial,Distrital,Urbana,2
4870321.711903,2070902.10077281,111001086860,Oficial,Distrital,Urbana,2
4870788.80843657,2070817.79103452,111001034215,Oficial,Distrital,Urbana,2
4869921.44800148,2071414.68091257,111001098892,Oficial,Distrital - administracion contratada,Urbana,2
4869735.95656712,2071006.06999355,111001098906,Oficial,Distrital,Urbana,2
4870021.56376263,2070253.18133743,111001100048,Oficial,Distrital,Urbana,2
4869664.89069788,2069230.56864502,111001100056,Oficial,Distrital - administracion contratada,Urbana,2
4871852.72493386,2071356.02240256,111001104281,Oficial,Distrital,Urbana,2
4870751.31942818,2071726.48141188,111001104558,Oficial,Distrital,Urbana,2
4873640.89549763,2071766.84460232,111001106984,Oficial,Distrital,Urbana,2
4873661.366435,2072208.79475188,111001034169,Oficial,Distrital,Urbana,2
4870967.13064018,2071078.22293688,111001107778,Oficial,Distrital,Urbana,2
4869395.94251843,2070392.25555579,111001110477,Oficial,Distrital,Urbana,2
4869767.04739319,2070123.83031613,111001800431,Oficial,Distrital - administracion contratada,Urbana,
4872989.97298447,2070188.04732179,111001800554,Oficial,Distrital - administracion contratada,Urbana,3
4874764.76493245,2068808.77292411,111001801241,Oficial,Distrital,Urbana,
4869664.89415904,2068313.08724237,311001000034,No oficial,Privado,Urbana,2
4871808.7179143,2067080.87937094,311001000158,No oficial,Privado,Urbana,3
4870004.10128553,2070071.94540137,311001000352,No oficial,Privado,Urbana,2
4873679.52938183,2071009.58383074,311001000841,No oficial,Privado,Urbana,3
4872706.36978575,2068748.3371795,311001001537,No oficial,Privado,Urbana,3
4872767.20315238,2070051.1346623,311001002282,No oficial,Privado,Urbana,3
4872005.56954203,2068523.27357877,311001004064,No oficial,Privado,Urbana,3
4872405.30198071,2067355.26898238,311001004374,No oficial,Privado,Urbana,
4874640.00337641,2069961.91637867,311001005231,No oficial,Privado,Urbana,3
4871385.70488557,2068834.80014739,311001005681,No oficial,Privado,Urbana,3
4871730.70433351,2067344.67611122,311001006423,No oficial,Privado,Urbana,3
4872526.33770676,2069416.20902652,311001008523,No oficial,Privado - regimen especial,Urbana,3
4874066.96597796,2069305.1894929,311001008990,No oficial,Privado,Urbana,3
4871974.45266033,2068384.6048292,311001010366,No oficial,Privado,Urbana,
4873170.17038806,2066156.99743977,311001010382,No oficial,Privado,Urbana,3
4874177.49501546,2069350.55626535,311001010617,No oficial,Privado,Urbana,3
4873108.02437705,2069379.90338161,311001016607,No oficial,Privado,Urbana,3
4874677.36784784,2067640.98442622,311001016933,No oficial,Privado,Urbana,3
4872074.26132204,2067770.31958058,311001017671,No oficial,Privado,Urbana,3
4871033.0119392,2068508.02474827,311001019312,No oficial,Privado,Urbana,3
4873384.74559378,2067679.12820409,311001026327,No oficial,Privado,Urbana,3
4872848.3259345,2068035.54313108,311001026513,No oficial,Privado,Urbana,3
4874474.10112445,2069099.59843731,311001027803,No oficial,Privado,Urbana,2
4872000.70420468,2069430.35401231,311001028184,No oficial,Privado,Urbana,3
4873186.765866,2069624.97888812,311001029288,No oficial,Privado,Urbana,4
4873754.49641939,2066686.91879836,311001029521,No oficial,Privado,Urbana,3
4871750.27817017,2069002.81324944,311001029971,No oficial,Privado,Urbana,3
4872901.11783693,2068976.65044198,311001030359,No oficial,Privado,Urbana,3
4873225.1603713,2069149.20286173,311001030391,No oficial,Privado,Urbana,4
4871098.59673693,2068686.17562775,311001030499,No oficial,Privado,Urbana,2
4874900.49195054,2069487.35227415,311001030928,No oficial,Privado,Urbana,3
4870003.20759502,2067386.45330052,311001032131,No oficial,Privado,Urbana,2
4869856.83269735,2067824.58016754,311001032572,No oficial,Privado,Urbana,3
4870422.05430946,2068040.69814901,311001032823,No oficial,Privado,Urbana,3
4870332.7557965,2068017.13171112,311001033277,No oficial,Privado,Urbana,3
4870900.87219995,2070311.19695883,311001033374,No oficial,Privado,Urbana,2
4874111.37729713,2067275.46801387,311001033439,No oficial,Privado,Urbana,3
4870486.03554174,2067641.13510454,311001033480,No oficial,Privado,Urbana,3
4870746.31740233,2070460.1651803,311001033510,No oficial,Privado,Urbana,2
4869883.04727227,2067644.03805567,311001033579,No oficial,Privado,Urbana,3
4869983.16505087,2068528.54695598,311001035253,No oficial,Privado,Urbana,2
4870006.32291441,2069038.14776058,311001035806,No oficial,Privado,Urbana,2
4870310.25349695,2067957.4348135,311001036519,No oficial,Privado,Urbana,3
4870684.44995709,2070572.20724051,311001036811,No oficial,Privado,Urbana,3
4870947.82160131,2070621.70778082,311001036900,No oficial,Privado,Urbana,2
4872555.91384104,2066467.75097193,311001038899,No oficial,Privado,Urbana,3
4873291.89147248,2070456.86596795,311001039127,No oficial,Privado,Urbana,3
4869694.26977888,2067286.9282857,311001039747,No oficial,Privado,Urbana,3
4871567.97063096,2070867.41278108,311001039879,No oficial,Privado,Urbana,2
4874128.29757123,2066863.54856527,311001039941,No oficial,Privado,Urbana,3
4872944.49912748,2068540.27663291,311001039984,No oficial,Privado,Urbana,3
4874094.35682389,2069575.19290712,311001040028,No oficial,Privado,Urbana,3
4874795.82126891,2068375.52420281,311001040346,No oficial,Privado,Urbana,3
4871905.67996762,2067786.32742698,311001040401,No oficial,Privado,Urbana,3
4875121.63271972,2070222.49096737,311001040923,No oficial,Privado,Urbana,3
4874255.73178254,2072087.63883727,311001041041,No oficial,Privado,Urbana,2
4873684.35041249,2070147.22317048,311001041407,No oficial,Privado,Urbana,3
4871625.86701335,2067568.86492362,311001041806,No oficial,Privado,Urbana,3
4870704.63286144,2070515.27835009,311001041873,No oficial,Privado,Urbana,2
4872359.16241125,2069185.63124003,311001042276,No oficial,Privado,Urbana,
4871457.16107547,2068311.90072541,311001042713,No oficial,Privado,Urbana,3
4873573.11403788,2066643.49285423,311001042934,No oficial,Privado,Urbana,2
4869631.29838559,2068006.22995746,311001043728,No oficial,Privado,Urbana,2
4872766.91770248,2069616.11824527,311001043736,No oficial,Privado,Urbana,4
4872180.55536803,2066988.35226065,311001043833,No oficial,Privado,Urbana,3
4870969.92335564,2068610.01099904,311001044830,No oficial,Privado,Urbana,2
4869833.47381045,2067690.79343605,311001045241,No oficial,Privado,Urbana,3
4869651.61030984,2068485.0749313,311001045348,No oficial,Privado,Urbana,2
4873445.49104777,2069754.13539081,311001046123,No oficial,Privado,Urbana,4
4871243.39425634,2070572.30311418,311001046409,No oficial,Privado,Urbana,2
4872333.62356191,2066947.26734837,311001047120,No oficial,Privado,Urbana,3
4871911.9333242,2069533.99420581,311001047421,No oficial,Privado,Urbana,3
4870896.26881399,2069191.81168819,311001047880,No oficial,Privado,Urbana,2
4873763.28285392,2071155.97085323,311001050252,No oficial,Privado,Urbana,3
4869921.71856494,2067430.20946364,311001050295,No oficial,Privado,Urbana,3
4873971.37503833,2071264.1518367,311001075051,No oficial,Privado,Urbana,3
4870385.72121669,2070068.21383798,311001075395,No oficial,Privado,Urbana,2
4869347.39281217,2071335.30700105,311001075441,No oficial,Privado,Urbana,2
4873489.33683904,2071034.78514296,311001075506,No oficial,Privado,Urbana,3
4874734.9507483,2067844.38923487,311001075671,No oficial,Privado,Urbana,3
4874685.60636404,2070100.44404021,311001075972,No oficial,Privado,Urbana,3
4874087.50761073,2069348.14778846,311001076138,No oficial,Privado,Urbana,3
4873935.22507763,2071184.80733925,311001076626,No oficial,Privado,Urbana,3
4870363.23570269,2067267.72872294,311001076685,No oficial,Privado,Urbana,2
4870812.9118562,2067926.2476244,311001087024,No oficial,Privado,Urbana,2
4870501.44861145,2067840.47757191,311001087059,No oficial,Privado,Urbana,3
4869580.44002189,2067651.98746308,311001087121,No oficial,Privado,Urbana,3
4870907.58088728,2070223.93877462,311001087601,No oficial,Privado,Urbana,2
4873772.97626263,2068583.42110772,311001087741,No oficial,Privado,Urbana,3
4874159.39422834,2071057.59614739,311001087911,No oficial,Privado,Urbana,3
4870058.67258183,2069085.76778159,311001088063,No oficial,Privado,Urbana,2
4873096.16104135,2067773.4367574,311001088187,No oficial,Privado,Urbana,3
4872785.47731465,2069993.02941906,311001089001,No oficial,Privado,Urbana,3
4873387.33858276,2070190.41670312,311001089043,No oficial,Privado,Urbana,3
4873333.24980408,2068992.59463603,311001089108,No oficial,Privado,Urbana,3
4871416.47425758,2070754.12228293,311001089230,No oficial,Privado,Urbana,2
4873013.64674788,2070564.49278722,311001089299,No oficial,Privado,Urbana,3
4873345.93155924,2068809.73416119,311001089353,No oficial,Privado,Urbana,3
4873208.2083514,2066920.32947452,311001089892,No oficial,Privado,Urbana,3
4871228.166499,2068393.95828445,311001090319,No oficial,Privado,Urbana,3
4869991.78718214,2070824.9744667,311001090572,No oficial,Privado,Urbana,2
4874159.73045684,2072120.97291989,311001090742,No oficial,Privado,Urbana,3
4869661.12602056,2070893.26020356,311001090866,No oficial,Privado,Urbana,2
4871899.71712539,2068189.6471343,311001091552,No oficial,Privado,Urbana,3
4872043.05433412,2068951.24365782,311001091595,No oficial,Privado,Urbana,3
4873011.44818719,2070060.98032866,311001091803,No oficial,Privado,Urbana,3
4870981.26821369,2070327.63431263,311001091838,No oficial,Privado,Urbana,2
4869903.61686638,2067091.84033262,311001092397,No oficial,Privado,Urbana,2
4873448.52363603,2069269.67209301,311001092800,No oficial,Privado,Urbana,3
4872354.59179416,2069494.39414334,311001093474,No oficial,Privado,Urbana,3
4872594.15926002,2070193.10979618,311001093504,No oficial,Privado,Urbana,3
4872270.44502083,2067064.85206275,311001093822,No oficial,Privado,Urbana,3
4871080.16447453,2070435.41294464,311001094420,No oficial,Privado,Urbana,2
4870853.72338188,2067738.8896649,311001094691,No oficial,Privado,Urbana,2
4871636.83479822,2067919.78175009,311001095370,No oficial,Privado,Urbana,3
4874665.09861787,2070166.13392034,311001095434,No oficial,Privado,Urbana,3
4873114.50298938,2066053.51323887,311001095809,No oficial,Privado,Urbana,3
4871057.60261979,2070819.93075298,311001096066,No oficial,Privado,Urbana,3
4870753.45248322,2070293.83104195,311001096112,No oficial,Privado,Urbana,2
4872946.73860141,2066628.06256697,311001096287,No oficial,Privado,Urbana,3
4873771.87905462,2069659.30529045,311001098476,No oficial,Privado,Urbana,3
4874405.38803017,2069419.72267384,311001098603,No oficial,Privado,Urbana,3
4869353.34347803,2068889.397641,311001099308,No oficial,Privado,Urbana,3
4871224.72939131,2071095.93415244,311001099383,No oficial,Privado,Urbana,2
4872499.63499417,2071251.02695627,311001099391,No oficial,Privado,Urbana,2
4870394.01870429,2066956.64143388,311001099413,No oficial,Privado,Urbana,3
4870932.95460532,2070536.12237263,311001099472,No oficial,Privado,Urbana,2
4869275.58190701,2070033.46867018,311001099511,No oficial,Privado,Urbana,2
4873891.30491504,2070358.23558902,311001099570,No oficial,Privado,Urbana,3
4871619.57448108,2070488.60313682,311001099596,No oficial,Privado,Urbana,2
4873305.7262567,2070688.638935,311001099626,No oficial,Privado,Urbana,3
4874752.6419332,2069621.09873165,311001100471,No oficial,Privado,Urbana,3
4871576.96879122,2070778.20064387,311001100519,No oficial,Privado,Urbana,2
4874210.95799063,2072136.41650851,311001100551,No oficial,Privado,Urbana,3
4870493.13952263,2068852.7460242,311001101892,No oficial,Privado,Urbana,2
4870831.44832814,2070621.55282239,311001102431,No oficial,Privado,Urbana,2
4873464.00032245,2070746.33206723,311001102716,No oficial,Privado,Urbana,3
4870707.52372148,2067749.6033855,311001102856,No oficial,Privado,Urbana,3
4871492.68862511,2069311.35002414,311001104867,No oficial,Privado,Urbana,3
4869681.63409913,2067971.36434123,311001104905,No oficial,Privado,Urbana,3
4873961.68876475,2071036.96999059,311001106363,No oficial,Privado,Urbana,3
4875088.39914985,2068841.11237619,311001106380,No oficial,Privado,Urbana,2
4870234.78519971,2068504.73652552,311001106398,No oficial,Privado,Urbana,3
4872187.35212239,2068589.21313163,311001106401,No oficial,Privado,Urbana,3
4873388.29177557,2067309.97546378,311001106410,No oficial,Privado,Urbana,3
4871983.79163843,2068886.36195954,311001106606,No oficial,Privado,Urbana,3
4872358.68565746,2068605.70191551,311001106622,No oficial,Privado,Urbana,3
4872173.41092789,2067149.30757223,311001107157,No oficial,Privado,Urbana,3
4870264.97265345,2067966.88306153,311001107637,No oficial,Privado,Urbana,3
4871625.14345723,2070869.18977844,311001108285,No oficial,Privado,Urbana,2
4872293.18619954,2070045.16529334,311001108544,No oficial,Privado,Urbana,3
4869810.81381684,2067725.43567313,311001108617,No oficial,Privado,Urbana,3
4869804.18070994,2067748.74911189,311001108714,No oficial,Privado,Urbana,3
4870850.36648934,2071394.57242398,311001108781,No oficial,Privado,Urbana,2
4873479.65741024,2068548.90919558,311001108862,No oficial,Privado,Urbana,3
4870984.26782604,2068524.72447022,311001108927,No oficial,Privado,Urbana,3
4873119.17524299,2070814.53228225,311001109010,No oficial,Privado,Urbana,3
4873051.8795296,2069619.23557043,311001109028,No oficial,Privado,Urbana,4
4874301.78511446,2069778.20066876,311001109087,No oficial,Privado,Urbana,3
4872873.47623859,2071486.81837765,311001109109,No oficial,Privado,Urbana,3
4874907.30226617,2068120.07661378,311001109117,No oficial,Privado,Urbana,3
4869711.8988285,2067146.13581976,311001109125,No oficial,Privado,Urbana,2
4871266.70557706,2071103.0621926,311001109133,No oficial,Privado,Urbana,2
4872867.63043484,2067869.51485273,311001109141,No oficial,Privado,Urbana,3
4873751.32329198,2070888.43717943,311001109168,No oficial,Privado,Urbana,3
4871927.15198568,2068173.59215188,311001109435,No oficial,Privado,Urbana,3
4869622.49790113,2069629.5833042,311001109672,No oficial,Privado,Urbana,2
4870218.40159293,2070250.72850313,311001109699,No oficial,Privado,Urbana,2
4873982.32353218,2069479.50840438,311001109753,No oficial,Privado,Urbana,3
4872340.41766437,2068863.61260437,311001109940,No oficial,Privado,Urbana,3
4872390.47363948,2068749.03686059,311001110140,No oficial,Privado,Urbana,3
4872592.95720532,2071556.41163472,311001110280,No oficial,Privado,Urbana,2
4871625.14345723,2070869.18977844,311001110557,No oficial,Privado,Urbana,2
4870249.06904136,2070916.84110142,311001800618,No oficial,Privado,Urbana,2
4869661.12602056,2070893.26020356,311001800731,No oficial,Privado,Urbana,
4870469.46126712,2070766.23107527,311001800766,No oficial,Privado,Urbana,2
4873861.12285536,2066704.15932486,311001800774,No oficial,Privado,Urbana,2
4872008.2560686,2068913.08527762,311001800880,No oficial,Privado,Urbana,
4870423.10625446,2067880.2921551,311001800988,No oficial,Privado,Urbana,3
4869978.43360171,2068150.61408782,311001801062,No oficial,Privado,Urbana,
4872005.56954203,2068523.27357877,311001801151,No oficial,Privado,Urbana,
4873109.24919898,2074164.28438706,111001014346,Oficial,Distrital,Urbana,3
4872568.25324867,2074371.23241794,111001102199,Oficial,Distrital,Urbana,3
4872895.07101675,2074403.87898041,111279000214,Oficial,Distrital,Urbana,3
4871420.19187397,2074327.29784791,111001104272,Oficial,Distrital,Urbana,2
4874660.56746527,2072635.57159267,111001800091,Oficial,Distrital,Urbana,
4874517.93218526,2072125.29454702,111001801322,Oficial,Distrital,Urbana,
4871542.81768675,2076228.24679292,111279000061,Oficial,Distrital,Urbana,3
4871234.54988506,2076621.21372184,111279001261,Oficial,Distrital,Urbana,2
4871303.98609428,2076152.14297411,111279000079,Oficial,Distrital,Urbana,
4873695.7725797,2074446.30719799,111279000125,Oficial,Distrital,Urbana,3
4875742.46867188,2074347.84158829,111279000761,Oficial,Distrital,Urbana,4
4873795.08156452,2074790.86191331,111001107018,Oficial,Distrital,Urbana,3
4873031.39161628,2075982.6295575,111279000168,Oficial,Distrital,Urbana,3
4873826.66993267,2075472.07605983,111279000184,Oficial,Distrital,Urbana,3
4873708.48678118,2075659.30337297,111279000176,Oficial,Distrital,Urbana,3
4873831.1271278,2075166.13069766,111279000362,Oficial,Distrital,Urbana,3
4875047.45360153,2075474.42505878,111279000231,Oficial,Distrital,Urbana,3
4872785.51654833,2075044.6892345,111279000966,Oficial,Distrital,Urbana,3
4872926.33854531,2075591.83286133,111279000087,Oficial,Distrital,Urbana,3
4872174.4796653,2075532.51836408,111001044938,Oficial,Distrital,Urbana,3
4872495.93653557,2075665.3379968,111279000991,Oficial,Distrital,Urbana,3
4872680.32987751,2076152.83916119,111279001296,Oficial,Distrital,Urbana,3
4875254.65995018,2073595.19926008,311001001928,No oficial,Privado,Urbana,4
4876118.32848112,2073689.12872386,311001005176,No oficial,Privado,Urbana,4
4873786.62007098,2074647.83352432,311001006130,No oficial,Privado,Urbana,3
4875178.6012349,2073680.62902946,311001027722,No oficial,Privado,Urbana,4
4875963.91720363,2073828.80206225,311001031461,No oficial,Privado,Urbana,4
4873355.37882468,2075934.14324776,311001033111,No oficial,Privado,Urbana,3
4875750.7606366,2074158.55873925,311001040966,No oficial,Privado,Urbana,4
4872919.42191485,2075250.43796237,311001044953,No oficial,Privado,Urbana,3
4872130.33955833,2075882.96600975,311001044970,No oficial,Privado,Urbana,3
4873167.96876681,2073877.72986649,311001047596,No oficial,Privado,Urbana,3
4870494.55681509,2077194.55304254,311001075492,No oficial,Privado,Urbana,2
4872895.07101675,2074403.87898041,311001075557,No oficial,Privado,Urbana,3
4876067.3506871,2074146.90656207,311001076642,No oficial,Privado,Urbana,4
4872438.89458688,2076160.70947428,311001076669,No oficial,Privado,Urbana,3
4873616.2132814,2074566.51338033,311001086931,No oficial,Privado,Urbana,3
4873817.10141525,2074223.1550268,311001087300,No oficial,Privado,Urbana,3
4875847.39122044,2074230.27384749,311001087539,No oficial,Privado,Urbana,4
4876412.24955186,2073692.86623646,311001087580,No oficial,Privado,Urbana,4
4872223.04672342,2075606.62929161,311001087857,No oficial,Privado,Urbana,3
4875702.16782885,2073666.49472884,311001088110,No oficial,Privado,Urbana,4
4872080.21319183,2075118.70198232,311001088217,No oficial,Privado,Urbana,3
4875504.93754299,2073338.02302272,311001088641,No oficial,Privado,Urbana,4
4876220.82060777,2073632.89302427,311001089540,No oficial,Privado,Urbana,4
4871856.0805818,2076143.25198283,311001090009,No oficial,Privado,Urbana,3
4876197.16180511,2074020.78167983,311001090653,No oficial,Privado,Urbana,4
4876586.31027367,2072804.41277805,311001091820,No oficial,Privado,Urbana,4
4872373.62972856,2074684.04734315,311001093270,No oficial,Privado,Urbana,3
4876555.03851465,2072534.12061696,311001093652,No oficial,Privado,Urbana,4
4872337.43838115,2076273.92737353,311001094152,No oficial,Privado,Urbana,2
4875030.14689349,2073893.05142622,311001096490,No oficial,Privado,Urbana,4
4874989.95725471,2073824.31925498,311001098450,No oficial,Privado,Urbana,4
4872448.54052674,2076245.28842828,311001099707,No oficial,Privado,Urbana,2
4876023.6464479,2073702.23175117,311001099723,No oficial,Privado,Urbana,4
4872862.86221532,2075990.77367922,311001099758,No oficial,Privado,Urbana,3
4875264.9868818,2073821.53976818,311001099766,No oficial,Privado,Urbana,4
4875477.87845891,2073665.91841458,311001099774,No oficial,Privado,Urbana,4
4873594.15277545,2075289.49572641,311001099782,No oficial,Privado,Urbana,3
4872850.33548344,2075081.4728844,311001099791,No oficial,Privado,Urbana,3
4874941.42529146,2073442.40060611,311001099839,No oficial,Privado,Urbana,4
4870613.09758175,2077115.26037792,311001102350,No oficial,Privado,Urbana,2
4874944.19262638,2073946.87389319,311001105006,No oficial,Privado,Urbana,4
4872949.80885411,2074564.59140256,311001105057,No oficial,Privado,Urbana,3
4876241.41766908,2073709.23471071,311001105081,No oficial,Privado,Urbana,4
4875972.02706845,2073662.46688909,311001106428,No oficial,Privado,Urbana,4
4875388.32760818,2073395.86470043,311001107505,No oficial,Privado,Urbana,4
4875701.71154108,2074226.56124169,311001107581,No oficial,Privado,Urbana,4
4875256.59701945,2073782.52252374,311001108153,No oficial,Privado,Urbana,4
4873653.6668865,2075115.50143843,311001108382,No oficial,Privado,Urbana,3
4875797.51641073,2074297.81188843,311001108528,No oficial,Privado,Urbana,4
4875585.62051868,2073703.51565518,311001108561,No oficial,Privado,Urbana,4
4875299.46122481,2073853.49339139,311001108838,No oficial,Privado,Urbana,4
4872863.97340943,2074263.23301567,311001108986,No oficial,Privado,Urbana,3
4872359.66304008,2074672.14673396,311001108994,No oficial,Privado,Urbana,3
4875975.27299059,2073379.81816925,311001109800,No oficial,Privado,Urbana,4
4873714.72166997,2075139.95025659,311001109958,No oficial,Privado,Urbana,3
4875997.12419193,2074066.14892013,311001800189,No oficial,Privado,Urbana,4
4873902.14580977,2074248.99848167,311001800970,No oficial,Privado,Urbana,
4872396.09456763,2074347.09546731,311001801402,No oficial,Privado,Urbana,
4873428.95287802,2075331.54809116,311279000027,No oficial,Privado,Urbana,3
4873744.57421162,2074648.17957036,311279000035,No oficial,Privado,Urbana,3
4873365.22167829,2074885.32778976,311279000043,No oficial,Privado,Urbana,3
4873129.38373382,2074457.31382563,311279000094,No oficial,Privado,Urbana,2
4872953.97974353,2074811.14175968,311279000281,No oficial,Privado,Urbana,3
4872574.71037925,2074892.92486438,311279000311,No oficial,Privado,Urbana,3
4873592.23270028,2075026.10333763,311279000353,No oficial,Privado,Urbana,3
4873902.14690547,2074248.9984799,311279000370,No oficial,Privado,Urbana,
4874322.13173001,2075429.74469484,311279000396,No oficial,Privado,Urbana,3
4873305.23429766,2074608.50103886,311279000426,No oficial,Privado,Urbana,3
4873239.0909529,2076127.84283349,311279000779,No oficial,Privado,Urbana,3
4872585.57003709,2075022.81189568,311279000876,No oficial,Privado,Urbana,3
4872885.2143843,2074420.19135166,311279000906,No oficial,Privado,Urbana,3
4872629.47975745,2075099.69929903,311279001066,No oficial,Privado,Urbana,3
4872810.0478899,2074694.39270097,311279001236,No oficial,Privado,Urbana,3
4872699.89913748,2075165.38612872,311279001384,No oficial,Privado,Urbana,3
4873423.23693618,2074643.20398233,311279001406,No oficial,Privado,Urbana,3
4877895.61989909,2079430.30850002,111001000272,Oficial,Distrital,Urbana,
4877832.30129907,2079496.04389466,111001029122,Oficial,Distrital,Urbana,
4877792.68810867,2074598.63891869,111001001121,Oficial,Distrital,Urbana,3
4877861.65127782,2074534.41526848,111001013544,Oficial,Distrital,Urbana,3
4878043.7238586,2074768.55792735,111001013536,Oficial,Distrital,Urbana,3
4876743.09953474,2074579.49997123,111001013480,Oficial,Distrital,Urbana,3
4875628.75393158,2078647.76586993,111001001538,Oficial,Distrital,Urbana,3
4877600.06272904,2075868.40811251,111001006483,Oficial,Distrital,Urbana,3
4877967.24305953,2075562.18225015,111001013528,Oficial,Distrital,Urbana,3
4877898.58174902,2075120.60022344,111001009521,Oficial,Distrital,Urbana,3
4877568.76789593,2075574.28474672,111001013510,Oficial,Distrital,Urbana,3
4879985.27086997,2076026.66329072,111001009580,Oficial,Distrital,Urbana,3
4880033.15642409,2075710.79908496,111001015199,Oficial,Distrital,Urbana,3
4878976.57725124,2074938.60911569,111001009971,Oficial,Distrital,Urbana,3
4878988.70046788,2075106.60376262,111001015385,Oficial,Distrital,Urbana,3
4879257.4864988,2075276.97657125,111001015415,Oficial,Distrital,Urbana,3
4878552.30719795,2074002.3906296,111001010740,Oficial,Distrital,Urbana,
4878752.55619264,2074447.51710903,111001015351,Oficial,Distrital,Urbana,3
4879158.37394106,2074855.802572,111001015431,Oficial,Distrital,Urbana,
4879158.37394106,2074855.802572,111001015393,Oficial,Distrital,Urbana,3
4877502.80357825,2078358.46104817,111001011070,Oficial,Distrital,Urbana,3
4878211.02034486,2078847.76742687,111001011771,Oficial,Distrital,Urbana,3
4878498.42134336,2078922.69629283,111001024708,Oficial,Distrital,Urbana,3
4879098.17897188,2078062.96139693,111001012441,Oficial,Distrital,Urbana,3
4877826.27943133,2077361.50605554,111001012459,Oficial,Distrital,Urbana,3
4877739.44656569,2076992.46053117,111001033944,Oficial,Distrital,Urbana,3
4878270.05108516,2076782.45717761,111001012483,Oficial,Distrital,Urbana,3
4878626.72720638,2076519.19547917,111001013099,Oficial,Distrital,Urbana,3
4879470.06934102,2075314.01533259,111001013293,Oficial,Distrital,Urbana,3
4879311.09896416,2075710.76639466,111001015181,Oficial,Distrital,Urbana,3
4876466.79357399,2077223.19562534,111001015458,Oficial,Distrital,Urbana,3
4876768.56432427,2076500.58023357,111001015342,Oficial,Distrital,Urbana,3
4876898.51959551,2077092.14691212,111001033995,Oficial,Distrital,Urbana,3
4878147.09171933,2078417.77547815,111001015806,Oficial,Distrital,Urbana,3
4878285.18576337,2077971.40995494,111001013561,Oficial,Distrital,Urbana,3
4878440.32953372,2077780.81951064,111001013609,Oficial,Distrital,Urbana,3
4877625.85264149,2078291.67255174,111001015814,Oficial,Distrital,Urbana,3
4877383.6322421,2078108.39320101,111001015784,Oficial,Distrital,Urbana,3
4879906.08770359,2075961.47646286,111001017795,Oficial,Distrital,Urbana,3
4875180.78727229,2078655.09671952,111001025216,Oficial,Distrital,Urbana,2
4873098.77617666,2079885.32180602,111001028207,No oficial,Privado - regimen especial,Urbana,
4876141.99841922,2078594.56559911,111001033979,Oficial,Distrital,Urbana,3
4876225.80755222,2078721.63682562,111001015831,Oficial,Distrital,Urbana,3
4877106.54609851,2077933.02334694,111001034002,Oficial,Distrital,Urbana,3
4878763.82000688,2075646.33280322,111001035521,Oficial,Distrital,Urbana,3
4878792.82376249,2075449.51156636,111001018236,Oficial,Distrital,Urbana,3
4878699.712261,2075386.56010477,111001018139,Oficial,Distrital,Urbana,3
4879509.15817171,2076351.23568628,111001036625,Oficial,Distrital,Urbana,3
4878096.57820242,2076135.01883436,111001046299,Oficial,Distrital,Urbana,3
4877681.71808353,2076210.65511208,111001018228,Oficial,Distrital,Urbana,3
4875255.11267651,2077472.25911194,111001098922,Oficial,Distrital - administracion contratada,Urbana,2
4873182.4758322,2079836.28712337,111001098931,Oficial,Distrital - administracion contratada,Urbana,
4880033.15642409,2075710.79908496,111001104035,Oficial,Distrital,Urbana,3
4874215.48690445,2078345.61841332,111001108456,Oficial,Distrital,Urbana,2
4875798.63849343,2078993.37856181,111001108901,Oficial,Distrital,Urbana,3
4877046.06656408,2079622.7079571,111001109550,Oficial,Distrital,Urbana,3
4877272.74819686,2079550.1004923,111001801004,Oficial,Distrital,Urbana,
4874761.00833341,2079226.02631048,111001801055,Oficial,Distrital,Urbana,
4874012.50430827,2080225.87944894,111001801071,Oficial,Distrital,Urbana,
4878759.70312495,2077127.50849558,111265000017,Oficial,Distrital,Urbana,
4878710.1244929,2077411.13037502,111850001410,Oficial,Distrital,Urbana,
4873567.19520426,2079272.65835031,111265000025,Oficial,Distrital,Urbana,2
4873448.11687483,2079107.87042863,111001107042,Oficial,Distrital,Urbana,2
4873846.49807355,2079389.55850931,111001110639,Oficial,Distrital,Urbana,2
4874252.47496782,2078009.65592244,111265000343,Oficial,Distrital,Urbana,2
4873576.28129225,2078466.27483432,111001030601,Oficial,Distrital,Urbana,2
4875122.67215989,2078356.88536292,111001800946,Oficial,Distrital,Urbana,
4878068.11185416,2078709.48069393,111265000394,Oficial,Distrital,Urbana,3
4878616.08715843,2078393.36056737,111001015792,Oficial,Distrital,Urbana,3
4877143.45187697,2077661.58155767,111265000408,Oficial,Distrital,Urbana,3
4875674.36283584,2078053.62295017,311001000531,No oficial,Privado,Urbana,3
4877383.75623843,2074867.40191414,311001000859,No oficial,Privado,Urbana,3
4879610.69575663,2075846.53715584,311001001081,No oficial,Privado,Urbana,3
4877671.0198488,2073937.59088137,311001001090,No oficial,Privado,Urbana,
4878154.49599138,2078326.85468854,311001001707,No oficial,Privado,Urbana,
4877360.86430296,2073598.70026454,311001002908,No oficial,Privado,Urbana,2
4878844.80077545,2077969.21483984,311001005249,No oficial,Privado,Urbana,3
4878967.66934514,2076119.23291609,311001005273,No oficial,Privado,Urbana,3
4877290.78991578,2073915.85447689,311001008621,No oficial,Privado,Urbana,4
4877191.49623315,2073180.53344819,311001008680,No oficial,Privado,Urbana,3
4879112.96129265,2077323.20534589,311001009031,No oficial,Privado,Urbana,3
4878726.26430762,2078301.37200025,311001009741,No oficial,Privado,Urbana,3
4877320.3360618,2074028.56727989,311001011109,No oficial,Privado,Urbana,4
4878606.40351604,2078269.93052741,311001016836,No oficial,Privado,Urbana,3
4876655.36273823,2077583.82779504,311001018499,No oficial,Privado - regimen especial,Urbana,3
4878924.33270471,2073962.62396969,311001019053,No oficial,Privado,Urbana,
4875847.51893096,2076978.80103298,311001019061,No oficial,Privado,Urbana,3
4879081.63783983,2077939.18813824,311001019151,No oficial,Privado,Urbana,3
4876276.63924432,2078686.01475877,311001019339,No oficial,Privado,Urbana,3
4877456.18060152,2076265.28300124,311001019444,No oficial,Privado,Urbana,3
4876041.68564539,2077994.47726918,311001025878,No oficial,Privado,Urbana,3
4876884.55886524,2077915.2469811,311001026009,No oficial,Privado,Urbana,3
4873182.4758322,2079836.28712337,311001026076,No oficial,Privado,Urbana,
4877777.28135244,2077030.57025632,311001027188,No oficial,Privado,Urbana,3
4878837.3944941,2074793.57398837,311001027706,No oficial,Privado,Urbana,3
4876379.72750804,2078582.87763171,311001027871,No oficial,Privado,Urbana,3
4878829.47456342,2075085.41324679,311001027986,No oficial,Privado,Urbana,3
4879112.96129265,2077323.20534589,311001029229,No oficial,Privado,Urbana,3
4878148.8895088,2079248.82286988,311001029318,No oficial,Privado,Urbana,2
4876471.10287869,2079315.04967075,311001032149,No oficial,Privado,Urbana,3
4876840.30710601,2075543.52400658,311001032581,No oficial,Privado,Urbana,3
4877503.681102,2075957.22245463,311001033358,No oficial,Privado,Urbana,3
4877342.96619934,2075314.11195189,311001034389,No oficial,Privado,Urbana,3
4878951.90115454,2074843.55231369,311001034974,No oficial,Privado,Urbana,3
4876388.31419623,2078247.1348778,311001035873,No oficial,Privado,Urbana,3
4876972.10950276,2077007.39968507,311001036004,No oficial,Privado,Urbana,3
4876279.75689706,2078202.60716845,311001036527,No oficial,Privado,Urbana,3
4877358.11781322,2076338.05374733,311001037094,No oficial,Privado,Urbana,3
4877188.87187387,2077898.96690273,311001038163,No oficial,Privado,Urbana,3
4877945.3607516,2077023.2429769,311001038317,No oficial,Privado,Urbana,3
4877360.83498663,2073767.81816499,311001039101,No oficial,Privado,Urbana,4
4878248.5477946,2074227.81853319,311001039399,No oficial,Privado,Urbana,3
4879236.31976768,2076157.12971524,311001039917,No oficial,Privado,Urbana,3
4873313.85870695,2078765.13635557,311001040290,No oficial,Privado,Urbana,2
4876850.22729094,2075396.11198498,311001040630,No oficial,Privado,Urbana,3
4876403.08973796,2079241.68709958,311001040869,No oficial,Privado,Urbana,3
4878193.60317471,2075204.29894593,311001043159,No oficial,Privado,Urbana,3
4877718.60399507,2079357.39527317,311001043752,No oficial,Privado,Urbana,2
4878032.80357892,2078974.828527,311001043868,No oficial,Privado,Urbana,2
4878123.23936658,2074947.16537407,311001043957,No oficial,Privado,Urbana,3
4877522.80727326,2076798.36158785,311001044066,No oficial,Privado,Urbana,3
4876703.2073086,2075060.4903785,311001044082,No oficial,Privado,Urbana,3
4878537.65994765,2076495.63226046,311001044317,No oficial,Privado,Urbana,3
4877138.60064442,2075619.78450261,311001044473,No oficial,Privado,Urbana,3
4876232.93420652,2079300.77163601,311001044511,No oficial,Privado,Urbana,3
4876586.75841613,2079561.62813004,311001046328,No oficial,Privado,Urbana,3
4878775.38407254,2076479.65495382,311001047146,No oficial,Privado,Urbana,3
4876369.03886351,2079295.43793324,311001050058,No oficial,Privado,Urbana,3
4877223.2793267,2076492.27157483,311001050121,No oficial,Privado,Urbana,3
4876514.75504585,2080439.92418105,311001051071,No oficial,Privado,Urbana,3
4874680.35154605,2077502.46648389,311001051097,No oficial,Privado,Urbana,2
4877879.88652989,2076122.59191137,311001051101,No oficial,Privado,Urbana,3
4875398.67451127,2078248.65279147,311001051119,No oficial,Privado,Urbana,2
4876114.92130922,2079973.2888718,311001051178,No oficial,Privado,Urbana,3
4873444.75412592,2078560.08984121,311001051186,No oficial,Privado,Urbana,2
4879112.96129265,2077323.20534589,311001052018,No oficial,Privado,Urbana,
4877441.35884462,2079208.76832793,311001065080,No oficial,Privado,Urbana,2
4876764.64326718,2074663.69177412,311001075115,No oficial,Privado,Urbana,4
4876826.0380492,2077842.78789998,311001075174,No oficial,Privado,Urbana,3
4876939.55165183,2076627.639385,311001075468,No oficial,Privado,Urbana,3
4877272.43431257,2078295.19177421,311001076243,No oficial,Privado,Urbana,3
4875302.47671294,2077829.37636603,311001076430,No oficial,Privado,Urbana,2
4876954.62892658,2076102.47442106,311001076499,No oficial,Privado,Urbana,3
4875600.66618229,2080383.87427329,311001077398,No oficial,Privado,Urbana,3
4876006.11186195,2077830.80927726,311001077444,No oficial,Privado,Urbana,3
4875207.06525876,2078200.58300486,311001087008,No oficial,Privado,Urbana,2
4873326.01724782,2079115.9935671,311001087148,No oficial,Privado,Urbana,2
4875577.15880255,2078157.53672418,311001087245,No oficial,Privado,Urbana,3
4876308.78742761,2078186.81672938,311001087377,No oficial,Privado,Urbana,3
4877322.55792579,2076561.13605342,311001087491,No oficial,Privado,Urbana,3
4878359.24598328,2075013.19907677,311001087831,No oficial,Privado,Urbana,3
4876516.01289697,2079728.36048746,311001087989,No oficial,Privado,Urbana,3
4875347.4306031,2078104.12315482,311001088420,No oficial,Privado,Urbana,2
4873614.52151569,2079000.90356665,311001088489,No oficial,Privado,Urbana,2
4877418.7198376,2077547.22827879,311001088926,No oficial,Privado,Urbana,3
4878581.72250195,2074696.73401061,311001089311,No oficial,Privado,Urbana,3
4877738.14993142,2075940.63150821,311001089582,No oficial,Privado,Urbana,3
4877633.98760807,2075223.70365906,311001089728,No oficial,Privado,Urbana,3
4876724.81029538,2074236.53529932,311001090220,No oficial,Privado,Urbana,4
4875559.05387248,2079106.71198232,311001090360,No oficial,Privado,Urbana,3
4877633.21216879,2078542.25403148,311001091340,No oficial,Privado,Urbana,3
4876521.80036043,2080324.48110273,311001091501,No oficial,Privado,Urbana,3
4874674.56943645,2078007.08364922,311001092214,No oficial,Privado,Urbana,2
4877872.28425537,2078776.19365658,311001092958,No oficial,Privado,Urbana,3
4875421.91081126,2077438.93472332,311001093482,No oficial,Privado,Urbana,2
4876544.94671686,2080272.53101045,311001093989,No oficial,Privado,Urbana,3
4875179.16251942,2078602.69562987,311001094764,No oficial,Privado,Urbana,2
4873627.87347756,2078716.63307142,311001094811,No oficial,Privado,Urbana,2
4877390.92382464,2077518.01318284,311001094934,No oficial,Privado,Urbana,3
4874650.07959002,2078303.64522556,311001094985,No oficial,Privado,Urbana,2
4876489.32608034,2078621.59926336,311001094993,No oficial,Privado,Urbana,3
4876576.80032801,2076806.53380935,311001095001,No oficial,Privado,Urbana,3
4875860.6894977,2080609.02837401,311001095400,No oficial,Privado,Urbana,3
4876120.1223303,2079976.63843567,311001095540,No oficial,Privado,Urbana,3
4874631.64804723,2077574.19949627,311001095981,No oficial,Privado,Urbana,2
4877798.92606375,2076445.90481041,311001096210,No oficial,Privado,Urbana,3
4874631.91835435,2078564.86685342,311001096228,No oficial,Privado,Urbana,2
4876590.18949936,2080433.08202322,311001096694,No oficial,Privado,Urbana,3
4875334.62419888,2077044.84404238,311001096856,No oficial,Privado,Urbana,2
4874059.14211361,2077973.36502605,311001097071,No oficial,Privado,Urbana,2
4875219.3352986,2079434.43479776,311001097259,No oficial,Privado,Urbana,3
4878239.52041912,2075317.49635152,311001098069,No oficial,Privado,Urbana,3
4877091.65085076,2074780.48613001,311001098549,No oficial,Privado,Urbana,4
4876212.89627474,2079849.65359422,311001099863,No oficial,Privado,Urbana,3
4875650.63644497,2078486.08627239,311001099871,No oficial,Privado,Urbana,3
4876174.05546297,2078723.23665412,311001099928,No oficial,Privado,Urbana,3
4879081.32242749,2076081.46765483,311001099961,No oficial,Privado,Urbana,3
4876685.53436408,2078227.99793391,311001099987,No oficial,Privado,Urbana,3
4878318.9026649,2078619.34121875,311001099995,No oficial,Privado,Urbana,3
4878595.74396086,2077945.57943533,311001100110,No oficial,Privado,Urbana,3
4879094.03899722,2077842.26844196,311001100667,No oficial,Privado,Urbana,3
4876378.05416269,2079112.47795906,311001100691,No oficial,Privado,Urbana,3
4873562.04822582,2079352.57303954,311001100756,No oficial,Privado,Urbana,2
4877424.60569368,2073480.81105719,311001100764,No oficial,Privado,Urbana,
4875495.49510039,2077399.37615853,311001100781,No oficial,Privado,Urbana,2
4875498.35991707,2078630.0029354,311001100829,No oficial,Privado,Urbana,3
4874556.57150441,2078395.24635262,311001100845,No oficial,Privado,Urbana,2
4875376.72091174,2079088.36060455,311001100853,No oficial,Privado,Urbana,3
4873731.69398603,2078485.05129885,311001101353,No oficial,Privado,Urbana,2
4879278.79353714,2076145.57418605,311001101370,No oficial,Privado,Urbana,3
4876887.22361936,2074661.20069893,311001101396,No oficial,Privado,Urbana,4
4878406.25452653,2075602.13545136,311001101426,No oficial,Privado,Urbana,3
4875351.34326479,2077855.25285367,311001101451,No oficial,Privado,Urbana,2
4877495.18403951,2076665.14707464,311001101485,No oficial,Privado,Urbana,3
4874632.05221193,2077721.24629799,311001101876,No oficial,Privado,Urbana,2
4875597.41891338,2079154.35935358,311001102708,No oficial,Privado,Urbana,3
4876016.04481055,2077917.57778165,311001105138,No oficial,Privado,Urbana,3
4878095.53218164,2077602.86466134,311001105162,No oficial,Privado,Urbana,3
4878152.21562882,2074407.71959726,311001105189,No oficial,Privado,Urbana,3
4877501.86190219,2078015.6981498,311001105197,No oficial,Privado,Urbana,3
4877611.97401758,2076727.25122388,311001105219,No oficial,Privado,Urbana,3
4873393.38257016,2079158.56065419,311001105227,No oficial,Privado,Urbana,2
4874453.39035131,2078356.84431844,311001105243,No oficial,Privado,Urbana,2
4876213.52018516,2079344.00930221,311001105286,No oficial,Privado,Urbana,3
4875169.87336222,2079050.53653829,311001105316,No oficial,Privado,Urbana,3
4876929.11432603,2074494.02183079,311001105324,No oficial,Privado,Urbana,4
4875350.27495745,2079234.45358901,311001105332,No oficial,Privado,Urbana,3
4878613.18000862,2075788.89645235,311001105341,No oficial,Privado,Urbana,3
4876516.01289697,2079728.36048746,311001105367,No oficial,Privado,Urbana,3
4876415.29778366,2078751.76459322,311001106444,No oficial,Privado,Urbana,3
4879291.16461009,2075303.34059489,311001106649,No oficial,Privado,Urbana,3
4878916.85895596,2075713.25882078,311001106665,No oficial,Privado,Urbana,3
4878038.80957013,2076487.823251,311001107254,No oficial,Privado,Urbana,3
4875429.26987133,2079411.12041932,311001107572,No oficial,Privado,Urbana,3
4878049.89750816,2074912.83574699,311001108307,No oficial,Privado,Urbana,3
4876099.77722323,2077748.2124562,311001108358,No oficial,Privado,Urbana,3
4880001.72822023,2075957.98496555,311001108412,No oficial,Privado,Urbana,3
4875376.72091174,2079088.36060455,311001108471,No oficial,Privado,Urbana,3
4874032.95726996,2078675.30157188,311001108749,No oficial,Privado,Urbana,2
4873615.86272419,2078752.43383177,311001108951,No oficial,Privado,Urbana,2
4877984.10462043,2076496.46790505,311001108960,No oficial,Privado,Urbana,3
4876868.78907267,2076665.75745524,311001109036,No oficial,Privado,Urbana,3
4876438.30085347,2079156.24627013,311001109044,No oficial,Privado,Urbana,3
4875518.33644371,2078841.18995045,311001109184,No oficial,Privado,Urbana,3
4877333.01232507,2073816.88495654,311001109192,No oficial,Privado,Urbana,4
4878430.52456176,2076453.01308647,311001109206,No oficial,Privado,Urbana,3
4876533.01796809,2077002.37486942,311001109320,No oficial,Privado,Urbana,3
4878117.27778534,2078109.43916325,311001109346,No oficial,Privado,Urbana,3
4876379.37180223,2078025.63788486,311001109494,No oficial,Privado,Urbana,3
4876979.91115218,2075988.33976123,311001109621,No oficial,Privado,Urbana,3
4874631.91835435,2078564.86685342,311001109826,No oficial,Privado,Urbana,2
4879162.6003847,2075623.37242538,311001109966,No oficial,Privado,Urbana,3
4874603.6806781,2078498.48263085,311001401418,No oficial,Privado,Urbana,2
4876911.45602785,2077955.77385124,311001801119,No oficial,Privado,Urbana,
4876330.87846011,2079231.2007913,311001801232,No oficial,Privado,Urbana,
4876471.10287869,2079315.04967075,311001801411,No oficial,Privado,Urbana,
4877608.57014475,2076659.18428759,311265000041,No oficial,Privado,Urbana,3
4878666.49584939,2075645.03888028,311265000369,No oficial,Privado,Urbana,3
4877972.80296342,2077440.02229577,311265000385,No oficial,Privado,Urbana,3
4877907.15655314,2078350.70392543,311265000504,No oficial,Privado,Urbana,3
4878060.4542657,2077217.88298007,311265000954,No oficial,Privado,Urbana,3
4875164.97373983,2079240.69176042,311265001110,No oficial,Privado,Urbana,3
4876307.58365143,2079403.24286028,311265001152,No oficial,Privado,Urbana,3
4876263.8323086,2079303.4405217,311265001179,No oficial,Privado,Urbana,3
4875064.97721836,2079246.74279401,311265001241,No oficial,Privado,Urbana,3
4876245.25048468,2077967.63839419,311265001322,No oficial,Privado,Urbana,3
4876623.31524144,2078299.28441409,311848003323,No oficial,Privado,Urbana,3
4879123.37016115,2074932.74149311,411001000691,No oficial,Privado,Urbana,3
4877100.48374526,2082107.63900915,111001002330,Oficial,Distrital,Urbana,
4877322.65242631,2081851.46265644,111001044288,Oficial,Distrital,Urbana,2
4880917.34946779,2076989.04835794,111769000352,Oficial,Distrital,Urbana,3
4880533.30314683,2076021.40901004,111001015776,Oficial,Distrital,Urbana,4
4877780.41499148,2082246.60208361,111001025020,Oficial,Distrital,Urbana,2
4876895.0667595,2082549.49323957,111001045225,Oficial,Distrital,Urbana,2
4877518.2023501,2082109.07476348,111001110094,Oficial,Distrital,Urbana,2
4878142.05420973,2082207.10024048,111001110337,Oficial,Distrital,Urbana,2
4878123.45036979,2080591.6667906,111001075272,Oficial,Distrital,Urbana,2
4877921.62828876,2081273.64158313,111001104141,Oficial,Distrital,Urbana,2
4881998.96811899,2079278.65836059,111001075515,Oficial,Distrital,Urbana,3
4881401.73560957,2079571.09707804,111769000280,Oficial,Distrital,Urbana,3
4878906.11431418,2080283.95078242,111001086665,Oficial,Distrital,Urbana,2
4879524.23772029,2080485.18945959,111769003106,Oficial,Distrital,Urbana,2
4879512.955031,2080424.82228846,111001104566,Oficial,Distrital,Urbana,2
4883107.24370504,2082939.04804689,111001092983,Oficial,Distrital,Urbana,3
4883044.03416028,2082821.75297002,111769003114,Oficial,Distrital,Urbana,3
4883793.67942112,2082960.197249,111769003777,Oficial,Distrital,Urbana,3
4878386.97974012,2080791.60253425,111001093084,Oficial,Distrital,Urbana,2
4878785.7881969,2081324.3636582,211769000217,Oficial,Distrital,Urbana,3
4878316.14641051,2081183.75107056,111001110345,Oficial,Distrital,Urbana,2
4878441.85103094,2081050.44460882,111001110426,Oficial,Distrital,Urbana,2
4876566.46924278,2082257.05805771,111001094889,Oficial,Distrital,Urbana,
4875639.778861,2081908.58491742,111001012394,Oficial,Distrital,Urbana,2
4876321.94266423,2082056.46818507,111001110434,Oficial,Distrital,Urbana,2
4876924.40625304,2082661.08291439,111001801161,Oficial,Distrital,Urbana,
4877239.25162523,2082945.94577822,111001098949,Oficial,Distrital - administracion contratada,Urbana,3
4876660.3635277,2082375.34900083,111001104043,Oficial,Distrital - administracion contratada,Urbana,2
4876579.50197295,2083323.67685062,111001104256,Oficial,Distrital,Urbana,
4876302.18703078,2082865.5207833,111001104264,Oficial,Distrital,Urbana,
4878644.44039839,2080774.82187727,111001104388,Oficial,Distrital,Urbana,
4878462.19861479,2081658.2020784,111001110108,Oficial,Distrital,Urbana,3
4879020.44505639,2080898.00516897,111001107069,Oficial,Distrital,Urbana,2
4880235.51760472,2082902.24650293,111001107077,Oficial,Distrital,Urbana,5
4880423.41480644,2082952.02688434,211769003186,Oficial,Distrital,Urbana,2
4880733.77480231,2081643.24066561,111769000263,Oficial,Distrital,Urbana,2
4880706.47420584,2083479.11471317,111001110353,Oficial,Distrital,Urbana,2
4879052.19432373,2083411.39830386,111001107786,Oficial,Distrital,Urbana,2
4877712.54104726,2082815.26350909,111001800163,Oficial,Distrital,Urbana,
4877346.70802356,2083515.17341305,111001800813,Oficial,Distrital,Urbana,
4877581.40878186,2083338.37140404,111001801144,Oficial,Distrital,Urbana,
4878162.17909168,2082839.53475485,111001801250,Oficial,Distrital,Urbana,
4876622.22589402,2082370.04148068,111001801349,Oficial,Distrital,Urbana,
4876723.56671143,2081783.95170293,111001801373,Oficial,Distrital,Urbana,
4879809.56368487,2082009.3154136,111769000174,Oficial,Distrital,Urbana,3
4879824.72920093,2081682.02137233,111001110361,Oficial,Distrital,Urbana,3
4879366.98445011,2083265.5794607,211769000845,Oficial,Distrital,Urbana,2
4879922.20383276,2082856.08694878,111001017698,Oficial,Distrital,Urbana,4
4883092.48378039,2079304.93602387,111769000956,Oficial,Distrital,Urbana,3
4882413.84451618,2078916.81106602,111769000948,Oficial,Distrital,Urbana,3
4882781.51957474,2079982.90007917,111769001502,Oficial,Distrital,Urbana,3
4883120.40048782,2080383.38985205,111769000328,Oficial,Distrital,Urbana,3
4883640.44354615,2083972.30629449,111769001871,Oficial,Distrital,Urbana,3
4883943.39194552,2084672.4229462,111769002193,Oficial,Distrital,Urbana,4
4879396.62718839,2081018.75963803,111769003122,Oficial,Distrital,Urbana,3
4878787.65914097,2079952.72934524,111769003165,Oficial,Distrital,Urbana,2
4879301.64600923,2080515.08654915,111001107735,Oficial,Distrital,Urbana,2
4877060.22114686,2081780.42482802,111769003360,Oficial,Distrital,Urbana,2
4877198.03980055,2081283.6511335,111001110116,Oficial,Distrital,Urbana,2
4878827.02465094,2081959.18438035,111769003416,Oficial,Distrital,Urbana,2
4879574.2432074,2083486.05615289,111769000182,Oficial,Distrital,Urbana,2
4878670.27179821,2083265.81621899,111001801217,Oficial,Distrital,Urbana,
4878756.87338617,2080298.92789702,111769003424,Oficial,Distrital,Urbana,2
4878841.94835496,2079503.59895457,111001096539,Oficial,Distrital,Urbana,2
4879920.48580492,2080015.4819842,111769004188,Oficial,Distrital,Urbana,2
4879463.2082955,2079727.85984299,111001086363,Oficial,Distrital,Urbana,2
4879645.12910988,2079702.56491556,111001086592,Oficial,Distrital,Urbana,2
4879350.96365172,2079821.7084513,111001110604,Oficial,Distrital,Urbana,2
4882610.6807742,2080335.85508662,111848002107,Oficial,Oficial - regimen especial,Urbana,4
4884467.36777637,2088532.379871,311001000263,No oficial,Privado,Urbana,3
4883242.79470776,2080210.51187639,311001000336,No oficial,Privado,Urbana,3
4884406.88714091,2088246.15274239,311001000590,No oficial,Privado,Urbana,6
4876733.31846255,2082807.84421149,311001000689,No oficial,Privado,Urbana,2
4882484.17410942,2083757.4128767,311001000875,No oficial,Privado,Urbana,5
4883963.52122985,2085473.91474038,311001002576,No oficial,Privado,Urbana,
4882531.41996581,2083821.08321999,311001004021,No oficial,Privado,Urbana,5
4882810.02242742,2084766.5144071,311001005222,No oficial,Privado,Urbana,5
4884044.82616747,2088551.19359187,311001006067,No oficial,Privado,Urbana,6
4882779.85280776,2079149.57941594,311001007209,No oficial,Privado,Urbana,3
4882731.08032971,2084686.25353995,311001007632,No oficial,Privado,Urbana,5
4882135.01378413,2082592.29580121,311001008001,No oficial,Privado,Urbana,3
4881063.08936593,2082823.82055944,311001010048,No oficial,Privado,Urbana,4
4879392.97801512,2079992.10690618,311001011460,No oficial,Privado,Urbana,2
4882465.04038637,2083313.71707334,311001016658,No oficial,Privado,Urbana,3
4879108.08349085,2081462.05461063,311001025053,No oficial,Privado,Urbana,3
4875965.53877095,2082445.75616566,311001026211,No oficial,Privado,Urbana,2
4878501.68621177,2081419.59766058,311001029539,No oficial,Privado,Urbana,3
4882387.11800319,2084198.02399742,311001032165,No oficial,Privado,Urbana,5
4883228.72231373,2086285.06342689,311001033676,No oficial,Privado,Urbana,5
4879481.27775611,2083781.52202101,311001033838,No oficial,Privado,Urbana,2
4882131.61046562,2084581.22584584,311001034362,No oficial,Privado,Urbana,5
4881540.60516857,2076484.18729846,311001036730,No oficial,Privado,Urbana,4
4879592.30166476,2082116.95669397,311001038112,No oficial,Privado,Urbana,3
4883597.21069502,2083580.10500832,311001040702,No oficial,Privado,Urbana,4
4882946.50644656,2084849.5974417,311001041351,No oficial,Privado,Urbana,5
4883530.81613558,2082575.9595354,311001042314,No oficial,Privado,Urbana,2
4875332.46870924,2082298.12562561,311001043841,No oficial,Privado,Urbana,2
4882339.48142598,2084158.4925527,311001044341,No oficial,Privado,Urbana,5
4882592.62679648,2087623.04997048,311001045160,No oficial,Privado,Urbana,
4880419.47007215,2077119.58838534,311001046441,No oficial,Privado,Urbana,5
4882912.11303778,2080021.02940354,311001046476,No oficial,Privado,Urbana,5
4878248.61628301,2081303.5087532,311001046921,No oficial,Privado,Urbana,2
4882660.61595497,2084503.28692786,311001046981,No oficial,Privado,Urbana,5
4880104.13728372,2083476.15512571,311001047502,No oficial,Privado,Urbana,3
4876557.65838028,2082262.734369,311001047952,No oficial,Privado,Urbana,2
4876459.37133397,2082490.66014993,311001050023,No oficial,Privado,Urbana,
4877862.08972911,2080992.5486917,311001050317,No oficial,Privado,Urbana,2
4879440.77755538,2080902.88046123,311001051259,No oficial,Privado,Urbana,3
4882808.99371674,2083129.90896591,311001051275,No oficial,Privado,Urbana,3
4877914.71694208,2082769.95803475,311001051283,No oficial,Privado,Urbana,3
4883103.1769165,2079149.07725508,311001051291,No oficial,Privado,Urbana,3
4879290.6495051,2081629.31995002,311001051305,No oficial,Privado,Urbana,3
4878601.19020672,2080453.74414545,311001065152,No oficial,Privado,Urbana,2
4877764.0614455,2082039.08541108,311001065284,No oficial,Privado,Urbana,2
4877109.27501806,2082624.49599408,311001065390,No oficial,Privado,Urbana,2
4879825.38155023,2083011.1992068,311001065420,No oficial,Privado,Urbana,3
4882042.01684908,2077299.53248486,311001075697,No oficial,Privado,Urbana,4
4878624.41056481,2081588.61915125,311001076502,No oficial,Privado,Urbana,3
4883425.20661011,2081046.65088739,311001076596,No oficial,Privado,Urbana,4
4877605.6573231,2082135.89925752,311001076677,No oficial,Privado,Urbana,2
4877783.29350301,2082115.78707215,311001076791,No oficial,Privado,Urbana,2
4882530.16594741,2077310.3494809,311001079374,No oficial,Privado,Urbana,5
4877774.89683418,2082640.78637487,311001087253,No oficial,Privado,Urbana,3
4884297.96751644,2087753.28473434,311001087288,No oficial,Privado,Urbana,
4882707.05013057,2084327.21409683,311001087750,No oficial,Privado,Urbana,5
4877992.0608103,2081357.37366013,311001088047,No oficial,Privado,Urbana,3
4879093.58027453,2079931.42556846,311001088535,No oficial,Privado,Urbana,2
4878463.81148032,2081753.37174506,311001088730,No oficial,Privado,Urbana,3
4884019.33767694,2088263.70427172,311001088764,No oficial,Privado,Urbana,6
4882561.22831219,2085011.08310824,311001089221,No oficial,Privado,Urbana,5
4878671.89745161,2080855.0823799,311001089264,No oficial,Privado,Urbana,2
4881928.82905023,2076821.0401606,311001089272,No oficial,Privado,Urbana,4
4878325.51641593,2082391.99609069,311001090297,No oficial,Privado,Urbana,2
4878225.09030855,2082195.41911337,311001090416,No oficial,Privado,Urbana,2
4878259.42596624,2083803.61386542,311001090459,No oficial,Privado,Urbana,3
4878797.31144664,2080811.87302793,311001090751,No oficial,Privado,Urbana,3
4878151.55877823,2082687.38667057,311001090793,No oficial,Privado,Urbana,3
4877655.25440651,2082045.63605719,311001090840,No oficial,Privado,Urbana,2
4877459.29152572,2082550.52012297,311001091129,No oficial,Privado,Urbana,2
4876523.77751344,2083105.21444594,311001091315,No oficial,Privado,Urbana,2
4882710.29794024,2082160.36021159,311001091919,No oficial,Privado,Urbana,3
4875998.2788981,2082578.48429409,311001092222,No oficial,Privado,Urbana,2
4882636.4909453,2082763.7082629,311001092656,No oficial,Privado,Urbana,3
4878564.21978317,2083706.75211324,311001092907,No oficial,Privado,Urbana,2
4876433.53894565,2082066.10772218,311001093121,No oficial,Privado,Urbana,2
4879031.03789179,2083149.95077536,311001093130,No oficial,Privado,Urbana,3
4882878.00815603,2082746.75712483,311001093229,No oficial,Privado,Urbana,3
4876036.85063262,2082389.09786855,311001093407,No oficial,Privado,Urbana,2
4879629.77638799,2083501.14154103,311001093598,No oficial,Privado,Urbana,2
4882510.31572475,2083792.69828648,311001093601,No oficial,Privado,Urbana,5
4878155.06029786,2081259.73573368,311001093831,No oficial,Privado,Urbana,3
4881668.9465584,2079760.12414544,311001094357,No oficial,Privado,Urbana,5
4879365.45682716,2083357.26332602,311001094403,No oficial,Privado,Urbana,2
4879436.32376062,2081312.7500599,311001094608,No oficial,Privado,Urbana,3
4876301.94122572,2082473.66824295,311001094675,No oficial,Privado,Urbana,2
4879140.87037541,2080688.44236154,311001095094,No oficial,Privado,Urbana,2
4882754.24954852,2083253.14622581,311001095191,No oficial,Privado,Urbana,3
4878015.20841293,2081675.76319012,311001095469,No oficial,Privado,Urbana,2
4879185.75633462,2079429.7484027,311001095485,No oficial,Privado,Urbana,2
4877813.142809,2081109.01284041,311001095728,No oficial,Privado,Urbana,2
4882216.14344024,2077300.93216006,311001095914,No oficial,Privado,Urbana,5
4877133.21330153,2082972.65002476,311001095922,No oficial,Privado,Urbana,3
4876742.21919134,2083009.23739733,311001096074,No oficial,Privado,Urbana,2
4878861.73482285,2082193.55004851,311001096317,No oficial,Privado,Urbana,2
4876120.43059862,2082616.84326402,311001097348,No oficial,Privado,Urbana,2
4876550.23811909,2082081.56927237,311001098026,No oficial,Privado,Urbana,2
4878079.04554703,2081657.2864563,311001098280,No oficial,Privado,Urbana,2
4880529.44757812,2077496.50678831,311001098298,No oficial,Privado,Urbana,5
4880928.44469736,2077470.41851607,311001100233,No oficial,Privado,Urbana,4
4881529.46745079,2084678.95911091,311001100926,No oficial,Privado,Urbana,5
4884276.35874638,2088598.93309872,311001100985,No oficial,Privado,Urbana,6
4880742.89540639,2083133.78882445,311001100993,No oficial,Privado,Urbana,4
4876088.84644016,2082689.73082235,311001101043,No oficial,Privado,Urbana,2
4877522.63828031,2080815.32440237,311001101507,No oficial,Privado,Urbana,2
4883269.71773997,2080994.64211596,311001101515,No oficial,Privado,Urbana,4
4878003.99153882,2081352.27390592,311001101574,No oficial,Privado,Urbana,2
4878534.55619126,2083699.60781788,311001101663,No oficial,Privado,Urbana,2
4879479.15360408,2081099.99549996,311001101671,No oficial,Privado,Urbana,2
4878043.79955999,2082604.01538442,311001102252,No oficial,Privado,Urbana,3
4884307.82099782,2087690.67348077,311001102384,No oficial,Privado,Urbana,
4879449.96540618,2082406.0908447,311001102465,No oficial,Privado,Urbana,3
4883117.54919685,2082813.28079988,311001102538,No oficial,Privado,Urbana,3
4880811.02960648,2081863.47382558,311001102937,No oficial,Privado,Urbana,3
4876132.21934335,2083196.73798034,311001102996,No oficial,Privado,Urbana,2
4882657.28376021,2083184.11986966,311001103003,No oficial,Privado,Urbana,3
4880549.37799403,2079142.8175444,311001105375,No oficial,Privado,Urbana,6
4884161.20752374,2088650.76399536,311001105383,No oficial,Privado,Urbana,
4879448.11696396,2081818.82824875,311001105391,No oficial,Privado,Urbana,4
4884328.69728333,2088398.12566951,311001105481,No oficial,Privado,Urbana,6
4878771.7877994,2081506.31389975,311001105545,No oficial,Privado,Urbana,3
4878524.0318263,2080897.80615775,311001105561,No oficial,Privado,Urbana,2
4879625.04683425,2082187.09914355,311001105634,No oficial,Privado,Urbana,4
4878023.87749667,2082140.22339248,311001105651,No oficial,Privado,Urbana,2
4876889.63555796,2082081.5743332,311001105685,No oficial,Privado,Urbana,2
4882127.66624933,2080477.10549501,311001105693,No oficial,Privado,Urbana,5
4880789.88632671,2083341.0103423,311001105707,No oficial,Privado,Urbana,2
4883643.5273928,2083602.05810209,311001105715,No oficial,Privado,Urbana,4
4883652.52003156,2083821.80313097,311001106274,No oficial,Privado,Urbana,3
4882093.82888157,2076870.39155849,311001106282,No oficial,Privado,Urbana,5
4878925.93235361,2081282.04083807,311001106304,No oficial,Privado,Urbana,3
4879643.89281847,2083048.16104636,311001106487,No oficial,Privado,Urbana,3
4877765.56205807,2081510.23346611,311001106673,No oficial,Privado,Urbana,3
4878619.01544664,2081916.54078382,311001106690,No oficial,Privado,Urbana,2
4879020.73935966,2083283.61583639,311001107181,No oficial,Privado,Urbana,3
4879039.86109556,2080579.45502932,311001107190,No oficial,Privado,Urbana,2
4882609.30286679,2082209.44864841,311001107220,No oficial,Privado,Urbana,3
4882551.30099894,2083847.86691269,311001107271,No oficial,Privado,Urbana,5
4882713.31575847,2079165.90527841,311001107483,No oficial,Privado,Urbana,3
4880384.24928864,2077065.61683726,311001108323,No oficial,Privado,Urbana,5
4878773.48268862,2081868.95375112,311001108587,No oficial,Privado,Urbana,2
4882798.63377345,2078533.67833711,311001108668,No oficial,Privado,Urbana,4
4877404.61922075,2081873.25580957,311001108684,No oficial,Privado,Urbana,4
4877092.02907664,2082981.09675656,311001108820,No oficial,Privado,Urbana,3
4881015.34192427,2076978.74229586,311001108871,No oficial,Privado,Urbana,4
4878018.1690688,2083610.90913054,311001109231,No oficial,Privado,Urbana,2
4880145.93755473,2083320.90964233,311001109257,No oficial,Privado,Urbana,3
4875332.46870924,2082298.12562561,311001109371,No oficial,Privado,Urbana,2
4879167.3178076,2081736.6763369,311001109605,No oficial,Privado,Urbana,2
4883089.766139,2079769.0498176,311001109788,No oficial,Privado,Urbana,3
4877995.25211617,2083533.59289388,311001109818,No oficial,Privado,Urbana,2
4878183.69366629,2083742.16006282,311001109907,No oficial,Privado,Urbana,2
4882286.50580659,2082984.2786417,311001110018,No oficial,Privado,Urbana,3
4879911.56108209,2082168.46950786,311001110051,No oficial,Privado,Urbana,3
4880981.22524102,2079270.37231079,311001110085,No oficial,Privado,Urbana,
4876425.70331397,2082355.34783829,311001110182,No oficial,Privado,Urbana,2
4881731.08023164,2076348.37524251,311001110212,No oficial,Privado,Urbana,4
4877974.96438866,2081175.15827021,311001110271,No oficial,Privado,Urbana,2
4877342.08984222,2082248.12404033,311001110310,No oficial,Privado,Urbana,2
4877278.01345079,2081917.27854339,311001110395,No oficial,Privado,Urbana,2
4879780.78099151,2081263.90021546,311001110409,No oficial,Privado,Urbana,3
4879668.90097228,2081959.70312319,311001110484,No oficial,Privado,Urbana,3
4875965.53877095,2082445.75616566,311001110522,No oficial,Privado,Urbana,2
4878670.82473314,2080846.27968667,311001110531,No oficial,Privado,Urbana,2
4876557.65838028,2082262.734369,311001110573,No oficial,Privado,Urbana,2
4877361.3180596,2082126.35127023,311001800014,No oficial,Privado,Urbana,2
4883549.48570863,2083843.02430782,311001800031,No oficial,Privado,Urbana,3
4882343.95266563,2084092.11800733,311001800138,No oficial,Privado,Urbana,
4879238.79052178,2079468.66451888,311001800154,No oficial,Privado,Urbana,2
4877342.08984222,2082248.12404033,311001800219,No oficial,Privado,Urbana,2
4877783.29350301,2082115.78707215,311001800235,No oficial,Privado,Urbana,2
4878811.93526252,2083090.02918404,311001800251,No oficial,Privado,Urbana,3
4881526.79532751,2079787.85188073,311001800341,No oficial,Privado,Urbana,3
4884484.14524765,2087622.56487296,311001800375,No oficial,Privado,Urbana,
4876523.77751344,2083105.21444594,311001800405,No oficial,Privado,Urbana,
4879636.53880154,2083497.91862137,311001800545,No oficial,Privado,Urbana,2
4883532.38301275,2081621.78598874,311001800596,No oficial,Privado,Urbana,4
4879110.51406517,2080215.63488014,311001800651,No oficial,Privado,Urbana,2
4881951.51686429,2077445.17141844,311001800685,No oficial,Privado,Urbana,5
4878880.11053794,2083545.05793316,311001800715,No oficial,Privado,Urbana,2
4881002.9119705,2081818.5977406,311001800723,No oficial,Privado,Urbana,3
4878373.14701734,2083938.50901021,311001800791,No oficial,Privado,Urbana,2
4879882.80764846,2082353.6009607,311001800839,No oficial,Privado,Urbana,
4879039.86109556,2080579.45502932,311001800953,No oficial,Privado,Urbana,2
4881144.42028271,2079609.0686785,311001800961,No oficial,Privado,Urbana,
4883049.45080265,2083918.41073789,311001801011,No oficial,Privado,Urbana,
4879443.30259264,2081952.24344042,311001801127,No oficial,Privado,Urbana,
4877538.03331902,2081995.1268331,311001801194,No oficial,Privado,Urbana,
4879438.56840637,2081946.67511709,311001801224,No oficial,Privado,Urbana,
4881782.08290249,2084841.50673429,311001801283,No oficial,Privado,Urbana,
4881962.1049305,2077431.50793641,311001801364,No oficial,Privado,Urbana,5
4879135.77828553,2081191.55493424,311764004357,No oficial,Privado,Urbana,2
4881404.64772552,2082695.56427394,311769000076,No oficial,Privado,Urbana,5
4880165.89306333,2083323.04796821,311769000165,No oficial,Privado,Urbana,5
4882247.27716375,2085163.63032543,311769000416,No oficial,Privado,Urbana,5
4881666.76651473,2084222.77446364,311769000475,No oficial,Privado,Urbana,4
4881869.48380865,2077421.99345603,311769000483,No oficial,Privado,Urbana,4
4880238.99183838,2080874.26723432,311769000556,No oficial,Privado,Urbana,6
4881668.68595507,2080684.05260034,311769000564,No oficial,Privado,Urbana,5
4879891.76344494,2081976.12006505,311769000661,No oficial,Privado,Urbana,
4880071.58300119,2077619.65516867,311769000726,No oficial,Privado,Urbana,
4882981.77432366,2084695.99571626,311769000734,No oficial,Privado,Urbana,5
4881122.05032763,2077498.38839804,311769000751,No oficial,Privado,Urbana,4
4884314.09404805,2088616.61334109,311769000769,No oficial,Privado,Urbana,
4879255.01103862,2079588.75363753,311769000785,No oficial,Privado,Urbana,2
4881249.14336301,2079715.17934861,311769000815,No oficial,Privado,Urbana,3
4882552.23805047,2084117.53884708,311769000823,No oficial,Privado,Urbana,5
4881778.46467936,2083590.50698257,311769000866,No oficial,Privado,Urbana,
4880661.57771461,2079105.306869,311769000921,No oficial,Privado,Urbana,5
4882512.99787995,2084947.71398422,311769000980,No oficial,Privado,Urbana,5
4883261.770271,2081681.40372841,311769000998,No oficial,Privado,Urbana,4
4879559.86945382,2081162.92048546,311769001030,No oficial,Privado,Urbana,3
4880840.2448975,2080966.21635062,311769001552,No oficial,Privado - regimen especial,Urbana,6
4882378.79198641,2083693.80464814,311769001781,No oficial,Privado,Urbana,4
4882534.26573322,2083435.60242065,311769001846,No oficial,Privado,Urbana,
4882124.20896486,2084792.64599435,311769001951,No oficial,Privado,Urbana,5
4881127.51506667,2078288.36244798,311769001960,No oficial,Privado,Urbana,5
4883506.88465804,2082773.79943297,311769002010,No oficial,Privado,Urbana,3
4878133.14163246,2081141.4068395,311769002354,No oficial,Privado,Urbana,2
4879110.51406517,2080215.63488014,311769002451,No oficial,Privado,Urbana,2
4879818.7403707,2082063.05300782,311769002494,No oficial,Privado,Urbana,3
4882203.26388859,2080388.98491408,311769002605,No oficial,Privado,Urbana,5
4881491.31914774,2079357.76113092,311769002672,No oficial,Privado,Urbana,3
4879337.13434257,2080292.43613201,311769003008,No oficial,Privado,Urbana,2
4882240.38163015,2084293.85104819,311769003091,No oficial,Privado,Urbana,5
4882046.85678067,2082845.20673372,311769003211,No oficial,Privado,Urbana,3
4880738.35442126,2083565.03634337,311769003300,No oficial,Privado,Urbana,5
4880505.41429351,2077374.74211874,311769003326,No oficial,Privado,Urbana,5
4884336.09821759,2087934.36376028,311769003474,No oficial,Privado,Urbana,
4881334.93528321,2079262.88800563,311769003865,No oficial,Privado,Urbana,4
4882871.67950912,2079425.01634977,311769003873,No oficial,Privado,Urbana,5
4884297.96751644,2087753.28473434,311769003938,No oficial,Privado,Urbana,
4878784.69172424,2081911.69693521,311769004004,No oficial,Privado,Urbana,2
4879009.64273561,2079942.53118213,311769004063,No oficial,Privado,Urbana,2
4883174.48228798,2078796.51421291,311769004195,No oficial,Privado,Urbana,3
4878673.58341593,2081567.17660897,311769004233,No oficial,Privado,Urbana,3
4879659.90471709,2081312.87769192,311769004250,No oficial,Privado,Urbana,3
4878029.43353129,2082185.02188282,311769004268,No oficial,Privado,Urbana,2
4879790.01456156,2083030.83502064,311769004284,No oficial,Privado,Urbana,2
4882510.77493658,2083322.19916779,311769004322,No oficial,Privado,Urbana,3
4877615.53007268,2081506.82256379,311769004365,No oficial,Privado,Urbana,2
4881801.04794698,2087429.20890409,311848000596,No oficial,Privado,Rural,
4883198.46365453,2081120.62900045,311848000961,No oficial,Privado,Urbana,4
4884226.99323265,2087199.12578102,311848001118,No oficial,Privado,Urbana,
4884116.25406063,2085431.20711989,311848002343,No oficial,Privado,Urbana,
4883228.72231373,2086285.06342689,311848002823,No oficial,Privado,Urbana,
4880713.33131367,2080153.4409978,311848003196,No oficial,Privado,Urbana,6
4883389.98816893,2080660.23299049,311848004346,No oficial,Privado,Urbana,4
4883127.56164916,2083732.91208461,411001105558,No oficial,Privado,Urbana,4
4879792.84251219,2082594.72604202,411769000089,No oficial,Privado,Urbana,3
4884457.08417746,2087247.86447662,411769000101,No oficial,Privado,Urbana,
4880220.24791427,2083424.92044747,411769000119,No oficial,Privado,Urbana,5
4879854.78376864,2082745.33430235,411769000127,No oficial,Privado,Urbana,3
4880719.55855,2082955.79954402,411769000895,No oficial,Privado,Urbana,
4881153.85028038,2074410.26024427,111001000612,Oficial,Distrital,Urbana,3
4881322.9369926,2074469.64387345,111001110124,Oficial,Distrital,Urbana,3
4881753.81019568,2075754.83054455,111001008389,Oficial,Distrital,Urbana,4
4881739.0619164,2075285.01866116,111001012882,Oficial,Distrital,Urbana,3
4882105.35065537,2075689.91319972,111001012904,Oficial,Distrital,Urbana,3
4882100.64272193,2075562.64175708,111001012921,Oficial,Distrital,Urbana,3
4881838.24916093,2072253.27072205,111001009148,Oficial,Distrital,Urbana,3
4881435.98804373,2072411.33904416,111001014079,Oficial,Distrital,Urbana,3
4880139.23861948,2073577.38986119,111001010421,Oficial,Distrital,Urbana,4
4880328.6648702,2074334.06278825,111001014150,Oficial,Distrital,Urbana,3
4880208.29955258,2073542.71462962,111001009725,Oficial,Distrital,Urbana,4
4880069.80551049,2073631.07662403,111001801497,Oficial,Distrital,Urbana,
4880603.52890266,2074494.35166672,111001011088,Oficial,Distrital,Urbana,3
4880074.62582457,2074490.41373177,111001012742,Oficial,Distrital,Urbana,3
4880638.83217962,2074827.59562891,111001012751,Oficial,Distrital,Urbana,3
4880731.7615668,2072147.27142314,111001024830,Oficial,Distrital,Urbana,3
4880788.91757071,2073044.4900608,111001011991,Oficial,Distrital,Urbana,3
4880998.84669138,2073776.69853461,111001077321,Oficial,Distrital,Urbana,3
4880981.1528646,2074324.7145964,111001028258,Oficial,Distrital,Urbana,3
4881107.69773654,2074587.76103705,111001012653,Oficial,Distrital,Urbana,3
4881715.93464582,2074234.23728536,111001029912,Oficial,Distrital,Urbana,3
4882090.25133464,2073771.76241458,111001012718,Oficial,Distrital,Urbana,3
4880200.4344614,2074780.20785912,111001032255,Oficial,Distrital,Urbana,
4880220.95522797,2074883.17429593,111001045713,Oficial,Distrital,Urbana,3
4881765.42011864,2075297.12686031,311001000981,No oficial,Privado,Urbana,3
4880535.46837296,2074404.93133745,311001001031,No oficial,Privado,Urbana,3
4881315.09394504,2073431.89308483,311001001111,No oficial,Privado,Urbana,3
4880246.47594597,2073297.50114129,311001001839,No oficial,Privado,Urbana,4
4882065.71124967,2075245.40172206,311001002223,No oficial,Privado,Urbana,4
4881069.57515433,2072939.85591798,311001002312,No oficial,Privado,Urbana,3
4882030.04856414,2073734.54248216,311001003823,No oficial,Privado,Urbana,3
4881375.81173479,2073116.28704366,311001004072,No oficial,Privado,Urbana,3
4880582.17570755,2072168.06151143,311001009929,No oficial,Privado,Urbana,3
4881113.36325649,2073489.97258819,311001011800,No oficial,Privado,Urbana,3
4881831.12267571,2072634.56828128,311001016976,No oficial,Privado,Urbana,3
4882209.60309684,2073795.48535083,311001017344,No oficial,Privado,Urbana,3
4880433.44636023,2074228.64953949,311001018693,No oficial,Privado,Urbana,3
4882348.45396263,2074095.27559775,311001031991,No oficial,Privado,Urbana,4
4882298.99109695,2075115.68032137,311001034508,No oficial,Privado,Urbana,4
4881452.97203527,2075985.36159517,311001040192,No oficial,Privado,Urbana,4
4881439.88964725,2072037.51787276,311001042241,No oficial,Privado,Urbana,3
4882090.41437551,2073018.77658768,311001047723,No oficial,Privado,Urbana,3
4880786.36014788,2073905.19371349,311001076758,No oficial,Privado,Urbana,
4879350.21469228,2074308.67509199,311001087547,Oficial,Oficial - regimen especial,Urbana,4
4882402.59197837,2074002.97009387,311001089795,No oficial,Privado,Urbana,5
4882246.08091448,2075245.58509522,311001090505,No oficial,Privado,Urbana,4
4881245.3870703,2073424.89268685,311001091404,No oficial,Privado,Urbana,3
4881992.47120416,2072413.03333522,311001091609,No oficial,Privado,Urbana,4
4882137.32875001,2072490.54717385,311001093962,No oficial,Privado,Urbana,4
4882141.99946986,2072682.14187251,311001094683,No oficial,Privado,Urbana,3
4880407.56189144,2073396.36578356,311001097607,No oficial,Privado,Urbana,4
4879740.91095686,2074191.88948835,311001098239,No oficial,Privado,Urbana,4
4881119.37399966,2075990.63341293,311001101108,No oficial,Privado,Urbana,4
4882200.43252507,2072847.81977421,311001106908,No oficial,Privado,Urbana,3
4880352.95847851,2074774.82280686,311001106916,No oficial,Privado,Urbana,3
4879781.9173977,2074532.48827921,311001107408,No oficial,Privado,Urbana,4
4880371.73731918,2073122.54178436,311001110654,No oficial,Privado,Urbana,4
4881596.25987673,2072314.7052725,311001800821,No oficial,Privado,Urbana,3
4881596.25987673,2072314.7052725,311001800863,No oficial,Privado,Urbana,3
4880524.56266702,2073672.55383499,311001801038,No oficial,Privado,Urbana,
4882145.29849065,2075284.93928282,311001801429,No oficial,Privado,Urbana,
4881903.4768854,2073358.05578671,311001801461,No oficial,Privado,Urbana,
4882271.78926427,2074307.37428115,311769004276,No oficial,Privado,Urbana,4
4880280.96847107,2070227.3386699,111001002895,No oficial,Privado - regimen especial,Urbana,
4881761.45730149,2071296.14742219,111001010731,Oficial,Distrital,Urbana,3
4880066.18583597,2069669.92810334,111001012122,Oficial,Distrital,Urbana,4
4880015.39854666,2071556.82857897,111001027634,No oficial,Privado - regimen especial,Urbana,
4880894.61098045,2070596.20649506,111001094897,Oficial,Distrital,Urbana,3
4880920.31715661,2068427.87570742,311001000018,No oficial,Privado,Urbana,3
4880369.93364264,2069668.2253167,311001000310,No oficial,Privado,Urbana,4
4879086.34310938,2071652.89367817,311001000506,No oficial,Privado,Urbana,4
4881048.33884907,2068310.91380987,311001000697,No oficial,Privado,Urbana,4
4881682.73371513,2071092.8603971,311001000891,No oficial,Privado,Urbana,4
4880639.95973053,2070127.70909197,311001001871,No oficial,Privado,Urbana,4
4880932.98565071,2070177.28908671,311001001901,No oficial,Privado,Urbana,4
4880617.23535412,2069143.14017514,311001002878,No oficial,Privado,Urbana,4
4881082.57364754,2068842.89820632,311001003769,No oficial,Privado,Urbana,4
4880781.17096747,2071991.85371668,311001004471,No oficial,Privado,Urbana,4
4881105.22515903,2070791.66208783,311001005991,No oficial,Privado,Urbana,3
4879299.32664386,2069311.34834072,311001006407,No oficial,Privado,Urbana,3
4881680.35135073,2071686.43161849,311001007080,No oficial,Privado,Urbana,4
4881252.35461474,2069675.9614763,311001009023,No oficial,Privado,Urbana,
4881052.30124674,2069474.19128783,311001019134,No oficial,Privado,Urbana,4
4881682.73371513,2071092.8603971,311001027072,No oficial,Privado,Urbana,3
4880109.55861578,2072052.77490927,311001027846,No oficial,Privado,Urbana,5
4880417.04725912,2070311.37603514,311001027978,No oficial,Privado,Urbana,4
4880538.02674095,2069793.75216366,311001028249,No oficial,Privado,Urbana,4
4879684.5877942,2072112.36069996,311001031169,No oficial,Privado,Urbana,4
4878354.62099379,2070458.08435406,311001031851,No oficial,Privado,Urbana,4
4880659.26450805,2069737.54943076,311001033536,No oficial,Privado,Urbana,4
4881128.16667643,2071457.00143172,311001035717,No oficial,Privado,Urbana,4
4881528.71630623,2070169.90003038,311001038201,No oficial,Privado,Urbana,4
4880190.04920591,2069701.61900609,311001038660,No oficial,Privado,Urbana,
4879449.09392946,2071368.52502297,311001042748,No oficial,Privado,Urbana,4
4881056.7740641,2069129.54605523,311001047871,No oficial,Privado,Urbana,4
4880536.26826943,2069813.63590566,311001051526,No oficial,Privado,Urbana,4
4878845.11228943,2069897.26383467,311001051577,No oficial,Privado,Urbana,4
4879828.6438382,2069331.88298403,311001051631,No oficial,Privado,Urbana,4
4879148.57832608,2071833.94812396,311001088209,No oficial,Privado,Urbana,4
4880606.62797325,2070930.61998205,311001089558,No oficial,Privado,Urbana,4
4878997.94289017,2071806.83668051,311001091994,No oficial,Privado,Urbana,4
4881108.46651515,2071583.52555518,311001092125,No oficial,Privado,Urbana,4
4881119.31347524,2070181.93187907,311001098166,No oficial,Privado,Urbana,4
4879921.08924273,2071563.47797627,311001100101,No oficial,Privado,Urbana,5
4878580.25754277,2069695.56837564,311001102899,No oficial,Privado,Urbana,4
4881219.53149711,2071311.72547661,311001105766,No oficial,Privado,Urbana,4
4881183.84504443,2071445.93164284,311001105839,No oficial,Privado,Urbana,4
4881699.5408144,2071791.16954514,311001105863,No oficial,Privado,Urbana,3
4879951.99237743,2069938.69011461,311001105898,No oficial,Privado,Urbana,4
4881270.61072486,2068936.28734682,311001106711,No oficial,Privado,Urbana,4
4879674.483602,2071792.38820211,311001108595,No oficial,Privado,Urbana,5
4880113.8020906,2071645.35838262,311001108609,No oficial,Privado,Urbana,4
4878515.4816342,2070129.68856339,311001109516,No oficial,Privado,Urbana,4
4881017.2478828,2070875.14923432,311001109974,No oficial,Privado,Urbana,3
4881925.44027805,2071816.01447087,311001110301,No oficial,Privado,Urbana,3
4881573.36927688,2070097.93040459,311001110468,No oficial,Privado,Urbana,4
4881774.01671773,2070949.70141197,311001110611,No oficial,Privado,Urbana,3
4881753.49658721,2071328.41707314,311001800022,No oficial,Privado,Urbana,3
4881774.01671773,2070949.70141197,311001800871,No oficial,Privado,Urbana,3
4878894.15919747,2065769.45838221,111001014001,Oficial,Distrital,Urbana,3
4878495.23195237,2066036.63087063,111001110388,Oficial,Distrital,Urbana,3
4880309.47995199,2068059.5310262,111001016250,Oficial,Distrital,Urbana,3
4879896.60960943,2068421.4285487,111001016195,Oficial,Distrital,Urbana,3
4878889.81697651,2065745.76894978,111001016772,Oficial,Distrital,Urbana,
4878664.44518895,2065985.30083826,111001016225,Oficial,Distrital,Urbana,3
4879363.29114102,2067304.70624253,111001019526,Oficial,Distrital,Urbana,2
4879361.63942516,2067253.5436688,111001800066,Oficial,Distrital,Urbana,2
4880036.65059557,2067020.39309002,111001020401,Oficial,Oficial - regimen especial,Urbana,3
4879594.08286299,2066994.05671462,111001025313,Oficial,Distrital,Urbana,2
4878841.80087379,2065738.21352062,111001026069,Oficial,Distrital,Urbana,3
4877650.25528997,2065969.10391311,111001801179,Oficial,Distrital,Urbana,3
4880383.73186677,2068931.71883408,111001030856,Oficial,Distrital,Urbana,3
4878698.08928751,2067068.65862141,111001041459,Oficial,Distrital,Urbana,3
4878617.53022339,2067514.95509705,111001013986,Oficial,Distrital,Urbana,3
4878639.73965642,2067432.42192499,311001001618,No oficial,Privado,Urbana,3
4879763.98447789,2068804.14608662,311001001782,No oficial,Privado,Urbana,3
4878520.46583885,2066579.44604458,311001002568,No oficial,Privado,Urbana,3
4878897.90508895,2067753.71286455,311001005931,No oficial,Privado,Urbana,3
4878974.64451692,2065771.29841511,311001011532,No oficial,Privado,Urbana,3
4880130.63379061,2067717.95507326,311001017557,No oficial,Privado,Urbana,3
4878263.80452301,2066192.08491753,311001017832,No oficial,Privado,Urbana,3
4878758.66818555,2065851.56142891,311001025037,No oficial,Privado,Urbana,3
4879211.10518699,2066591.24947798,311001027021,No oficial,Privado,Urbana,3
4877560.36121443,2066107.11287255,311001030073,No oficial,Privado,Urbana,3
4878146.31976421,2066509.25077359,311001041423,No oficial,Privado,Urbana,3
4879898.26247746,2067953.98735887,311001088993,No oficial,Privado,Urbana,3
4879014.53999992,2066089.30453062,311001091358,No oficial,Privado,Urbana,3
4878600.42577645,2067334.26486075,311001091536,No oficial,Privado,Urbana,3
4879053.53512075,2067902.65262104,311001091587,No oficial,Privado,Urbana,3
4878540.54963336,2066483.08887048,311001092508,No oficial,Privado,Urbana,3
4880367.79404564,2068565.9735067,311001095515,No oficial,Privado,Urbana,3
4878803.49027402,2066877.33462345,311001098140,No oficial,Privado,Urbana,3
4877341.7259878,2066245.44744645,311001110638,No oficial,Privado,Urbana,3
4877648.10072828,2066292.43163357,311848004478,No oficial,Privado,Urbana,3
4877907.23458943,2064968.31999511,111001011053,Oficial,Distrital,Urbana,3
4877699.40447189,2065159.87156913,111001024716,Oficial,Distrital,Urbana,3
4878737.84239817,2065427.46904665,111001012823,Oficial,Distrital,Urbana,3
4878363.43002505,2064753.46562335,111001011908,Oficial,Distrital,Urbana,3
4878751.99552999,2064860.65234341,111001104205,Oficial,Distrital,Urbana,3
4877520.72165501,2065765.52448496,111001012602,Oficial,Distrital,Urbana,3
4878312.56175114,2065616.86235643,111001014621,Oficial,Distrital,Urbana,3
4876926.88858202,2065727.4970321,111001800040,Oficial,Distrital,Urbana,3
4876874.28535454,2065261.15134053,111001014630,Oficial,Distrital,Urbana,3
4876489.50841309,2065401.26241964,111001014648,Oficial,Distrital,Urbana,
4879314.1923742,2064850.07027072,111001086720,Oficial,Distrital,Urbana,2
4877975.05156003,2065250.55209902,311001001162,No oficial,Privado,Urbana,3
4878300.44146355,2065154.46873283,311001002991,No oficial,Privado,Urbana,3
4876515.60982411,2065159.28767068,311001003963,No oficial,Privado,Urbana,3
4878955.60854264,2064942.56808137,311001004692,No oficial,Privado,Urbana,3
4878401.95397141,2064426.10869718,311001005737,No oficial,Privado,Urbana,3
4876607.8055231,2065319.88348919,311001009236,No oficial,Privado,Urbana,3
4877171.41086399,2065927.3455748,311001011613,No oficial,Privado,Urbana,3
4878178.0688827,2064412.1976034,311001019177,No oficial,Privado,Urbana,3
4878695.95576969,2065323.70490173,311001019843,No oficial,Privado,Urbana,3
4878303.94831476,2064616.08738714,311001030456,No oficial,Privado,Urbana,3
4875548.78963756,2065609.66775316,311001036217,No oficial,Privado,Urbana,3
4876367.14440694,2065225.22086699,311001036888,No oficial,Privado,Urbana,
4878096.8435744,2064321.51004307,311001043621,No oficial,Privado,Urbana,3
4875741.97961269,2065545.01796792,311001044040,No oficial,Privado,Urbana,3
4878920.41105207,2065172.47182965,311001076545,No oficial,Privado,Urbana,3
4878533.62319578,2065408.32143874,311001089477,No oficial,Privado,Urbana,3
4878200.37259179,2064541.03068679,311001092630,No oficial,Privado,Urbana,3
4878865.40986288,2064662.79916314,311001096481,No oficial,Privado,Urbana,3
4878945.40597351,2064503.58839242,311001096899,No oficial,Privado,Urbana,3
4878318.30924918,2064004.8546483,311001101116,No oficial,Privado,Urbana,3
4876276.32405826,2065666.99556379,311001101132,No oficial,Privado,Urbana,3
4877831.82596277,2064653.36775141,311001104913,No oficial,Privado,Urbana,3
4878497.64666043,2065175.37914496,311001105936,No oficial,Privado,Urbana,3
4878355.78821218,2064740.51084586,311001105944,Oficial,Oficial - regimen especial,Urbana,3
4878909.11953901,2065044.44314892,311001105961,No oficial,Privado,Urbana,3
4878796.01833302,2065099.7326524,311001105979,No oficial,Privado,Urbana,3
4877671.20557248,2064433.12284548,311001106720,No oficial,Privado,Urbana,3
4875591.90242151,2065680.69201175,311001107459,No oficial,Privado,Urbana,3
4877647.1522267,2065411.13144829,311001107521,No oficial,Privado,Urbana,3
4876844.09377709,2065397.72808855,311001109711,No oficial,Privado,Urbana,3
4875763.42918908,2067085.71150494,111001000078,Oficial,Distrital,Urbana,3
4875402.02345772,2066164.70374231,111001014834,Oficial,Distrital,Urbana,3
4875498.41309049,2066276.70154021,111001014842,Oficial,Distrital,Urbana,3
4877884.98871883,2068861.41733024,111001006122,Oficial,Distrital,Urbana,
4876661.83701846,2069696.47354294,111001011045,Oficial,Distrital,Urbana,
4875641.87119687,2069046.63996436,111001014818,Oficial,Distrital,Urbana,3
4876148.36590934,2069377.05954671,111001014711,Oficial,Distrital,Urbana,3
4874668.95902635,2066323.10669098,111001011274,Oficial,Distrital,Urbana,3
4874668.95902635,2066323.10669098,111001014893,Oficial,Distrital,Urbana,3
4876375.63748984,2067511.38767872,111001012530,Oficial,Distrital,Urbana,3
4877003.0886055,2068106.46245623,111001012165,Oficial,Distrital,Urbana,3
4878806.75114928,2068797.81444219,111001012556,Oficial,Distrital,Urbana,
4879194.35529336,2068880.27362535,111001012548,Oficial,Distrital,Urbana,3
4875382.04214606,2066768.62425539,111001012963,Oficial,Distrital,Urbana,3
4875027.90748082,2066610.75326417,111001012521,Oficial,Distrital,Urbana,
4875658.72541192,2066548.52537251,111001029033,Oficial,Distrital,Urbana,3
4877059.61607094,2069933.60355547,111001014729,Oficial,Distrital,Urbana,3
4877108.56628466,2069990.98364309,111001106267,Oficial,Distrital,Urbana,3
4876019.40552181,2070092.02778031,111001014745,Oficial,Distrital,Urbana,3
4876613.12290386,2066155.90525889,111001014826,Oficial,Distrital,Urbana,3
4877004.21101938,2066588.39088872,111001012131,Oficial,Distrital,Urbana,3
4877243.9696049,2066693.46302294,111001012998,Oficial,Distrital,Urbana,3
4875167.36954029,2067448.14155873,111001014869,Oficial,Distrital,Urbana,3
4874978.91682166,2067347.4866478,111001014851,Oficial,Distrital,Urbana,
4874234.88312055,2066353.37765368,111001014885,Oficial,Distrital,Urbana,3
4874626.56855674,2066367.03330274,111001015032,Oficial,Distrital,Urbana,3
4874761.94440278,2066615.45212998,111001015091,Oficial,Distrital,Urbana,3
4876561.53700603,2068932.23814604,111001020168,Oficial,Distrital,Urbana,3
4876555.41566327,2068572.37834441,111001012149,Oficial,Distrital,Urbana,3
4875514.48171942,2068352.14501123,111001045535,Oficial,Distrital,Urbana,3
4875906.60792957,2067659.43585119,111001065056,Oficial,Distrital,Urbana,3
4876055.76770491,2067727.7254778,111001033855,Oficial,Distrital,Urbana,3
4875988.27103776,2068848.99137692,311001000298,No oficial,Privado,Urbana,3
4876114.11530068,2067148.7188207,311001000417,No oficial,Privado,Urbana,3
4874751.20649519,2066257.19743167,311001001057,No oficial,Privado,Urbana,3
4876836.57045078,2067541.83114831,311001001243,No oficial,Privado,Urbana,3
4875842.36664102,2068722.9603961,311001003483,No oficial,Privado,Urbana,3
4875726.39975422,2066088.49885408,311001003602,No oficial,Privado,Urbana,3
4877442.58270523,2066672.88245944,311001004609,No oficial,Privado,Urbana,3
4875906.16152688,2068659.90901897,311001004846,No oficial,Privado,Urbana,3
4875028.31441414,2066208.00142277,311001007403,No oficial,Privado,Urbana,3
4877008.61583931,2067472.83405043,311001008591,No oficial,Privado,Urbana,3
4877308.59035041,2066699.20925655,311001011281,No oficial,Privado,Urbana,3
4874942.50045492,2067216.59301061,311001015112,No oficial,Privado,Urbana,3
4876655.02217188,2068696.89309546,311001016984,No oficial,Privado,Urbana,3
4876472.38883299,2066914.09888895,311001020159,No oficial,Privado,Urbana,3
4875803.40916518,2066466.01710925,311001024472,No oficial,Privado,Urbana,3
4876282.76683345,2067059.88057269,311001029342,No oficial,Privado,Urbana,3
4877256.48341495,2066285.22392224,311001030308,No oficial,Privado,Urbana,3
4876262.35387053,2067150.91116884,311001030332,No oficial,Privado,Urbana,3
4876440.61027282,2068329.95516728,311001032297,No oficial,Privado,Urbana,3
4877921.95404766,2067265.57262212,311001033366,No oficial,Privado,Urbana,3
4874875.15301029,2066608.73030184,311001034559,No oficial,Privado,Urbana,3
4875172.04150073,2068125.24936048,311001035156,No oficial,Privado,Urbana,3
4874795.84482934,2067106.50337699,311001035903,No oficial,Privado,Urbana,3
4877162.74637446,2067980.76524029,311001037566,No oficial,Privado,Urbana,3
4876532.20753351,2068295.71136497,311001038244,No oficial,Privado,Urbana,3
4876511.90287209,2066915.52204421,311001039003,No oficial,Privado,Urbana,3
4877041.15253715,2068991.2502341,311001039283,No oficial,Privado,Urbana,3
4875062.91981353,2068001.18302054,311001040354,No oficial,Privado,Urbana,3
4874842.90617557,2066688.37123967,311001041521,No oficial,Privado,Urbana,3
4876234.66716469,2069057.98531981,311001041857,No oficial,Privado,Urbana,3
4876869.01059675,2067016.55135023,311001044074,No oficial,Privado,Urbana,3
4875227.04624786,2066462.88653749,311001045267,No oficial,Privado,Urbana,3
4876124.50726349,2066779.74364269,311001051747,No oficial,Privado,Urbana,3
4877176.84260354,2066368.11772208,311001051755,No oficial,Privado,Urbana,3
4875513.19809483,2068057.16799774,311001076316,No oficial,Privado,Urbana,3
4876135.25076676,2068059.89976783,311001087792,No oficial,Privado,Urbana,3
4876143.84764423,2067560.89843143,311001089167,No oficial,Privado,Urbana,3
4877556.94661806,2066520.34416636,311001090912,No oficial,Privado,Urbana,3
4876891.4519275,2068723.59492516,311001091056,No oficial,Privado,Urbana,3
4876785.71625665,2067828.77867308,311001092893,No oficial,Privado,Urbana,3
4875760.64511453,2069163.06205245,311001093041,No oficial,Privado,Urbana,3
4876193.59222502,2068337.99826904,311001093717,No oficial,Privado,Urbana,3
4874495.02213386,2066394.96310934,311001094021,No oficial,Privado,Urbana,3
4874334.40164232,2066160.47307127,311001094055,No oficial,Privado,Urbana,3
4875037.78048981,2066079.3102517,311001094462,No oficial,Privado,Urbana,3
4875810.68704951,2066382.46855878,311001101175,No oficial,Privado,Urbana,3
4877111.92361049,2066359.74724555,311001102619,No oficial,Privado,Urbana,3
4876216.0450957,2067788.01247143,311001102627,No oficial,Privado,Urbana,3
4876404.73996029,2067148.56018454,311001102635,No oficial,Privado,Urbana,3
4875160.94395137,2067656.35971218,311001102961,No oficial,Privado,Urbana,3
4875741.67479016,2066320.56793105,311001106011,No oficial,Privado,Urbana,3
4877828.67831584,2066942.08844305,311001106029,No oficial,Privado,Urbana,3
4875566.2351487,2067992.4028224,311001106037,No oficial,Privado,Urbana,3
4875825.43955602,2066284.82960563,311001106070,No oficial,Privado,Urbana,3
4876307.53295245,2068237.81335387,311001106541,No oficial,Privado,Urbana,3
4877125.16686734,2066401.99841434,311001107688,No oficial,Privado,Urbana,3
4876097.00763289,2066085.89075869,311001108625,No oficial,Privado,Urbana,3
4875584.50888145,2068317.17882607,311001108633,No oficial,Privado,Urbana,3
4877110.34890121,2066361.20454646,311001109389,No oficial,Privado,Urbana,3
4874699.29248932,2066735.15155761,311001109401,No oficial,Privado,Urbana,3
4876252.21842426,2068346.7486564,311001109567,No oficial,Privado,Urbana,3
4875719.3686359,2066300.41402332,311001110620,No oficial,Privado,Urbana,3
4881438.14006335,2066189.37260966,111001013323,Oficial,Distrital,Urbana,
4881225.19790843,2065899.56850246,111001013358,Oficial,Distrital,Urbana,2
4881579.77442504,2066550.79334493,111001013340,Oficial,Distrital,Urbana,3
4881357.21549759,2065602.0438655,111001013374,Oficial,Distrital,Urbana,2
4880761.35693768,2065397.75102058,311001000271,No oficial,Privado,Urbana,2
4881353.15249967,2066356.42939054,311001000964,No oficial,Privado,Urbana,2
4881179.52734353,2066070.63436689,311001001391,No oficial,Privado,Urbana,2
4880958.350633,2065849.27945235,311001001952,No oficial,Privado,Urbana,3
4880685.2201129,2066046.97785414,311001003084,No oficial,Privado,Urbana,
4880993.79299266,2066133.12059449,311001005451,No oficial,Privado,Urbana,2
4881034.87689699,2066162.49422389,311001006351,No oficial,Privado,Urbana,2
4880817.93467639,2065813.30999855,311001009121,No oficial,Privado,Urbana,3
4880851.8766461,2065636.39689734,311001009376,No oficial,Privado,Urbana,3
4881024.3295515,2065950.35051114,311001017417,No oficial,Privado,Urbana,3
4880946.12061038,2065468.40749437,311001028486,No oficial,Privado,Urbana,2
4881615.19861124,2066432.31880831,311001091561,No oficial,Privado,Urbana,3
4880935.46622338,2065643.09698814,311001092435,No oficial,Privado,Urbana,2
4880319.54369663,2065649.6083954,311001097216,No oficial,Privado,Urbana,2
4880938.14061486,2065634.68426984,311001800146,No oficial,Privado,Urbana,
4875721.42353287,2064107.07666032,111001010928,Oficial,Distrital,Urbana,3
4875435.20532241,2064532.79213102,111001014915,Oficial,Distrital,Urbana,3
4875891.97289389,2063717.29540364,111001017973,Oficial,Distrital,Urbana,2
4875735.41958509,2064332.51901038,111001014583,Oficial,Distrital,Urbana,3
4876273.89498821,2062734.08090978,111001011029,Oficial,Distrital,Urbana,2
4876215.99011531,2062794.64232461,111001018091,Oficial,Distrital,Urbana,3
4875632.04991357,2062935.73544689,111001107824,Oficial,Distrital,Urbana,3
4877601.83857101,2064268.61047467,111001011819,Oficial,Distrital,Urbana,3
4875919.30079715,2064163.3243048,111001012611,Oficial,Distrital,Urbana,3
4876109.15309107,2064148.36114695,111001012815,Oficial,Distrital,Urbana,3
4875769.24312459,2064708.94679302,111001012971,Oficial,Distrital,Urbana,3
4874942.15858174,2064830.82586919,111001014605,Oficial,Distrital,Urbana,3
4875884.1288691,2064625.61734751,111001110680,Oficial,Distrital,Urbana,3
4876465.4328317,2060587.21311234,111001013811,Oficial,Distrital,Urbana,2
4876663.68951906,2060574.08051213,111001107719,Oficial,Distrital,Urbana,2
4875219.53535824,2064036.63760628,111001014028,Oficial,Distrital,Urbana,3
4875139.11775106,2063922.11602187,111001014591,Oficial,Distrital,Urbana,3
4874915.6920107,2064520.36619374,111001012645,Oficial,Distrital,Urbana,3
4876223.46997531,2064657.14233462,111001014664,Oficial,Distrital,Urbana,3
4876069.94690956,2065095.02194758,111001014672,Oficial,Distrital,Urbana,3
4876565.45730188,2064904.71484653,111001014656,Oficial,Distrital,Urbana,3
4876858.65243022,2064086.74696297,111001014958,Oficial,Distrital,Urbana,3
4877043.31339877,2063795.43410583,111001015172,Oficial,Distrital,Urbana,3
4877001.54923768,2064591.17645732,111001015733,Oficial,Distrital,Urbana,3
4877001.84060286,2064849.64643296,111001012840,Oficial,Distrital,Urbana,3
4875724.57569977,2063293.72456605,111001018058,Oficial,Distrital,Urbana,3
4875804.72114919,2063226.89221915,111001018031,Oficial,Distrital,Urbana,3
4875336.73961985,2062533.80330865,111001028355,Oficial,Distrital,Urbana,2
4877099.95797311,2062486.00186042,111001020095,Oficial,Distrital,Urbana,
4877118.89224984,2064069.14838538,111001027332,Oficial,Distrital,Urbana,3
4877740.25984293,2063882.01137454,111001015130,Oficial,Distrital,Urbana,3
4878365.83023357,2064597.92714711,111001106810,Oficial,Distrital,Urbana,3
4876684.17592976,2061761.13109492,111001027383,Oficial,Distrital,Urbana,2
4876220.36581589,2061933.82605535,111001075141,Oficial,Distrital,Urbana,2
4875715.4083393,2062182.2356307,111001098957,Oficial,Distrital,Urbana,1
4876940.78128272,2060108.18150988,111001028380,Oficial,Distrital,Urbana,2
4877876.66493732,2062909.32355155,111001030015,Oficial,Distrital,Urbana,3
4877441.6329223,2064653.60847258,111001032395,Oficial,Distrital,Urbana,3
4876392.77902737,2064256.80681579,111001034134,Oficial,Distrital,Urbana,3
4876909.63653213,2063408.53364691,111001036765,Oficial,Distrital,Urbana,2
4876600.23211942,2063559.73350195,111001018112,Oficial,Distrital,Urbana,2
4876240.8395643,2063249.0681999,111001017981,Oficial,Distrital,Urbana,2
4876979.1292635,2062875.1240838,111001015148,Oficial,Distrital,Urbana,
4876248.26220724,2063564.00809036,111001012912,Oficial,Distrital,Urbana,2
4876901.81784475,2060594.61127834,111001041611,Oficial,Distrital,Urbana,2
4877172.11081378,2060353.63938559,111001087815,Oficial,Distrital,Urbana,2
4876031.30454697,2061448.13687849,111001076376,Oficial,Distrital,Urbana,2
4876161.88137109,2060157.13003984,111001078930,Oficial,Distrital,Urbana,1
4876538.64615324,2060264.80165467,111001801331,Oficial,Distrital,Urbana,1
4876107.88425904,2063515.49305298,111001098965,Oficial,Distrital - administracion contratada,Urbana,2
4877172.76549746,2061251.3021593,111001102091,Oficial,Distrital,Urbana,2
4876307.3170587,2061889.88799154,111001107794,Oficial,Distrital,Urbana,
4875578.67166207,2062992.24771125,311001000441,No oficial,Privado,Urbana,3
4877600.39679893,2063031.08507358,311001001049,No oficial,Privado,Urbana,3
4878046.11831647,2063111.95204731,311001001332,No oficial,Privado,Urbana,1
4875829.39217878,2063049.71868087,311001001553,No oficial,Privado,Urbana,3
4878430.5206914,2063656.29799371,311001002321,No oficial,Privado,Urbana,3
4877032.79149468,2064365.35510583,311001002380,No oficial,Privado,Urbana,3
4876586.25005562,2064695.90931401,311001003891,No oficial,Privado,Urbana,3
4878245.2706316,2063959.99947241,311001004986,No oficial,Privado,Urbana,3
4875699.35445359,2064199.95325597,311001006466,No oficial,Privado,Urbana,3
4876530.69816028,2064371.83153259,311001009007,No oficial,Privado,Urbana,3
4877570.15616681,2063677.51336412,311001010099,No oficial,Privado,Urbana,3
4874952.02632386,2064677.19266215,311001012598,No oficial,Privado,Urbana,3
4876511.91091904,2063385.41197782,311001016623,No oficial,Privado,Urbana,2
4875470.93800072,2063717.31703216,311001016828,No oficial,Privado,Urbana,3
4877540.55090301,2063130.84053261,311001025207,No oficial,Privado,Urbana,3
4876577.59991503,2063895.41527121,311001026459,No oficial,Privado,Urbana,3
4878137.65031624,2063541.13583842,311001027200,No oficial,Privado,Urbana,3
4876844.43548674,2061503.75048127,311001031720,No oficial,Privado,Urbana,2
4876990.55531558,2060729.10659172,311001038911,No oficial,Privado,Urbana,2
4877341.12879057,2061252.01591155,311001042977,No oficial,Privado,Urbana,2
4877588.9801035,2062991.63817145,311001043787,No oficial,Privado,Urbana,3
4878137.80092313,2063996.7343791,311001043850,No oficial,Privado,Urbana,3
4876696.32135526,2060040.90934845,311001043876,No oficial,Privado,Urbana,1
4875906.61175189,2061387.82283794,311001046611,No oficial,Privado,Urbana,2
4876584.37777092,2063849.44046527,311001047499,No oficial,Privado,Urbana,3
4876817.70264525,2061662.97525487,311001051798,No oficial,Privado,Urbana,2
4876736.51295178,2061346.78913075,311001051852,No oficial,Privado,Urbana,2
4878350.26572479,2063917.73787509,311001075361,No oficial,Privado,Urbana,3
4875129.58087694,2065394.83401777,311001075859,No oficial,Privado,Urbana,3
4874788.58176205,2063974.94257666,311001077541,No oficial,Privado,Urbana,3
4875807.40701647,2061554.9898653,311001077681,No oficial,Privado,Urbana,2
4875715.25926316,2064891.33687698,311001087130,No oficial,Privado,Urbana,3
4875114.50375813,2065085.67877971,311001088250,No oficial,Privado,Urbana,3
4877103.95689596,2061018.58410913,311001089981,No oficial,Privado,Urbana,2
4878385.90421413,2063491.6629778,311001090190,No oficial,Privado,Urbana,3
4877999.57229085,2064093.45101694,311001091293,No oficial,Privado,Urbana,3
4875820.53769624,2064327.50479007,311001091854,No oficial,Privado,Urbana,3
4877103.23920245,2060690.43043704,311001091862,No oficial,Privado,Urbana,2
4876899.62002984,2064769.76806369,311001092052,No oficial,Privado,Urbana,3
4876415.52345149,2061444.64825058,311001092541,No oficial,Privado,Urbana,2
4875729.32524059,2061869.10905135,311001092818,No oficial,Privado,Urbana,2
4876843.93345125,2060050.65658702,311001093199,No oficial,Privado,Urbana,2
4875181.92939,2064720.56742111,311001093253,No oficial,Privado,Urbana,3
4878158.21414387,2063680.94031736,311001093881,No oficial,Privado,Urbana,3
4875381.5044134,2063619.72534081,311001094942,No oficial,Privado,Urbana,3
4876210.10992004,2064217.52714483,311001095523,No oficial,Privado,Urbana,3
4876712.63149287,2061611.75386396,311001096465,No oficial,Privado,Urbana,2
4875878.55748235,2065030.39097536,311001101213,No oficial,Privado,Urbana,3
4877166.88286378,2064815.92269461,311001101850,No oficial,Privado,Urbana,3
4875673.3513109,2062891.47827321,311001101884,No oficial,Privado,Urbana,3
4876541.54993157,2063751.68394461,311001102325,No oficial,Privado,Urbana,3
4876068.0297623,2061584.01258548,311001102333,No oficial,Privado,Urbana,2
4875993.29502333,2064868.76217044,311001102805,No oficial,Privado,Urbana,3
4876663.68951906,2060574.08051213,311001102821,No oficial,Privado,Urbana,2
4876453.89755252,2062036.45899142,311001106100,No oficial,Privado,Urbana,2
4875392.30890777,2063410.30775507,311001106118,No oficial,Privado,Urbana,3
4874902.34261696,2064615.86980432,311001106126,No oficial,Privado,Urbana,3
4878546.41386028,2063652.34002153,311001106151,No oficial,Privado,Urbana,3
4874902.23215381,2065261.92753857,311001106169,No oficial,Privado,Urbana,3
4878504.5085993,2063782.5017554,311001106177,No oficial,Privado,Urbana,3
4876484.89129693,2061669.79053432,311001106452,No oficial,Privado,Urbana,2
4876107.13039161,2062946.29386965,311001108315,No oficial,Privado,Urbana,3
4875986.95864579,2062842.96698802,311001108374,No oficial,Privado,Urbana,3
4873123.59111318,2065644.67957737,311001110417,No oficial,Privado,Urbana,
4876730.40890852,2061363.34747622,311001110549,No oficial,Privado,Urbana,2
4878432.36451451,2063836.91633254,311001110697,No oficial,Privado,Urbana,2
4874771.03770082,2064406.2408609,311001110701,No oficial,Privado,Urbana,3
4877744.91262441,2063778.37129754,311001800120,No oficial,Privado,Urbana,3
4876877.9726528,2061356.25816608,311001800201,No oficial,Privado,Urbana,2
4875946.45022601,2061335.56423157,311001800324,No oficial,Privado,Urbana,2
4876735.08422215,2061599.15844517,311001800937,No oficial,Privado,Urbana,
4873976.64221885,2061449.79467816,111001014486,Oficial,Distrital,Urbana,2
4872665.17665114,2060563.34220381,111001014524,Oficial,Distrital,Urbana,1
4870807.55485301,2064992.40005831,111001020320,Oficial,Distrital,Urbana,2
4873754.31654489,2060985.28508171,111001027251,Oficial,Distrital,Urbana,2
4873794.40532828,2061244.2992116,111001028266,Oficial,Distrital,Urbana,2
4873262.98105515,2061158.97416299,111001030821,Oficial,Distrital,Urbana,1
4872603.16012727,2061693.09291584,111001106241,Oficial,Distrital,Urbana,1
4872719.18917994,2061448.95230557,111001075302,Oficial,Distrital,Urbana,1
4873407.85220926,2061516.08947808,111001030830,Oficial,Distrital,Urbana,1
4873912.09797182,2060884.83627933,111001027375,Oficial,Distrital,Urbana,1
4872200.57200827,2063618.66748619,111001030848,Oficial,Distrital,Urbana,2
4872581.17262564,2059646.70384141,111001033928,Oficial,Distrital,Urbana,1
4873981.49476106,2062005.22707749,111001093351,Oficial,Distrital,Urbana,1
4872556.37976876,2059210.73197235,111001107131,Oficial,Distrital,Urbana,1
4872577.31711906,2062375.07034399,111001034240,Oficial,Distrital,Urbana,2
4871735.57257443,2062557.71596888,111001043028,Oficial,Distrital,Urbana,1
4872962.09717187,2060770.39330218,111001034754,Oficial,Distrital,Urbana,1
4873184.56934959,2061225.28381855,111001029599,Oficial,Distrital,Urbana,2
4873327.75489389,2062051.81032833,111001035572,Oficial,Distrital,Urbana,2
4873116.56659338,2061904.15004147,111001013625,Oficial,Distrital,Urbana,2
4872369.57682022,2059768.93599846,111001036561,Oficial,Distrital,Urbana,1
4872028.2549606,2063447.36312178,111001036781,Oficial,Distrital,Urbana,2
4874172.48634255,2061430.72250006,111001013404,Oficial,Distrital,Urbana,2
4871923.86273672,2064002.59687023,111001800911,Oficial,Distrital,Urbana,
4874092.78431996,2061701.05010295,111001044385,Oficial,Distrital,Urbana,2
4871580.78718592,2063349.89826041,111001045730,Oficial,Distrital,Urbana,1
4871232.97425466,2063258.05927422,111001043893,Oficial,Distrital,Urbana,1
4872180.45173249,2061256.30622909,111001046663,Oficial,Distrital,Urbana,1
4872439.65337536,2061735.88591202,111001086827,Oficial,Distrital,Urbana,1
4872779.86366976,2059083.81105955,111001047457,Oficial,Distrital,Urbana,1
4871666.00909279,2062983.21689685,111001047571,Oficial,Distrital,Urbana,1
4871119.26966707,2062972.50718186,111001075086,Oficial,Distrital,Urbana,1
4871121.01833606,2061003.87202266,111001047678,Oficial,Distrital,Urbana,1
4871470.38234625,2060824.96643469,111001104213,Oficial,Distrital,Urbana,1
4871466.60453751,2061117.61950255,111001106569,Oficial,Distrital,Urbana,1
4870929.47468263,2060879.62558434,111001801489,Oficial,Distrital,Urbana,
4870954.97832561,2064903.11875285,111001075329,Oficial,Distrital,Urbana,2
4873317.05451581,2060307.68543594,111001075663,Oficial,Distrital,Urbana,1
4873096.2542461,2060016.00162029,111001104230,Oficial,Distrital,Urbana,1
4873295.38584404,2060111.84236538,111001104248,Oficial,Distrital,Urbana,1
4872997.63191819,2060240.47804469,111001106577,Oficial,Distrital,Urbana,1
4873866.48274683,2060270.28296407,111001075752,Oficial,Distrital,Urbana,2
4872831.98459548,2062641.51871105,111001076937,Oficial,Distrital,Urbana,2
4872591.39747653,2062305.6982087,111001013633,Oficial,Distrital,Urbana,2
4872526.40616913,2062177.08845978,111001075213,Oficial,Distrital,Urbana,2
4872719.29686306,2060607.77518168,111001086584,Oficial,Distrital,Urbana,1
4872147.08595908,2060901.40106875,111001075230,Oficial,Distrital,Urbana,1
4872047.83685812,2062735.62737667,111001065307,Oficial,Distrital,Urbana,1
4873607.76503595,2059697.63698638,111001086762,Oficial,Distrital,Urbana,1
4873343.87806902,2059443.46594776,111001014508,Oficial,Distrital,Urbana,1
4870850.15532706,2063966.6413812,111001086801,Oficial,Distrital,Urbana,
4870760.76331584,2063308.39407518,111001044431,Oficial,Distrital,Urbana,1
4870402.65423892,2064305.20358199,111001045004,Oficial,Distrital,Urbana,1
4870991.95471027,2063707.46049725,111001047481,Oficial,Distrital,Urbana,1
4870310.03911606,2063622.74902971,111001086835,Oficial,Distrital,Urbana,
4869003.65979159,2065216.66367049,111001098981,Oficial,Distrital,Urbana,1
4870311.34763307,2063160.71635184,111001044423,Oficial,Distrital,Urbana,1
4870253.3477594,2063263.44927021,111001104108,Oficial,Distrital,Urbana,1
4869590.74036254,2065595.41439619,111001092410,Oficial,Distrital,Urbana,2
4868944.09384755,2065489.73726578,111001075221,Oficial,Distrital,Urbana,1
4870824.48078096,2064000.87251182,111001096555,Oficial,Distrital,Urbana,
4871128.07855815,2063451.29788382,111001045721,Oficial,Distrital,Urbana,1
4872962.25440901,2059405.53898869,111001098973,Oficial,Distrital,Urbana,1
4873658.9404089,2059806.87661017,111001100013,Oficial,Distrital - administracion contratada,Urbana,1
4870955.18555869,2062857.59143221,111001100021,Oficial,Distrital - administracion contratada,Urbana,1
4871222.37723404,2060027.66812292,111001107115,Oficial,Distrital,Urbana,1
4870300.62318329,2065394.05018948,111001107816,Oficial,Distrital,Urbana,2
4873677.18505349,2060246.05637903,111001107859,Oficial,Distrital,Urbana,2
4872155.77211148,2060818.04582423,111001109304,Oficial,Distrital,Urbana,1
4871489.17178207,2064615.9531586,111001800414,Oficial,Distrital - administracion contratada,Urbana,2
4871931.15994587,2064996.67581089,111001800422,Oficial,Distrital - administracion contratada,Urbana,
4870899.0681114,2064477.03400632,111001800571,Oficial,Distrital - administracion contratada,Urbana,
4870862.8342239,2063797.54584433,111001800635,Oficial,Distrital - administracion contratada,Urbana,1
4872139.06113487,2064354.04233021,111001801276,Oficial,Distrital,Urbana,
4871086.74337196,2064900.84714129,111001801314,Oficial,Distrital,Urbana,
4873157.1260865,2060931.30865695,311001000514,No oficial,Privado,Urbana,2
4873543.67655386,2060726.95024202,311001001235,No oficial,Privado,Urbana,2
4872729.68875405,2062247.96839318,311001004871,No oficial,Privado,Urbana,2
4870519.26088804,2065096.20705985,311001005109,No oficial,Privado,Urbana,2
4873281.76704031,2060780.57439195,311001016631,No oficial,Privado,Urbana,1
4870141.60185174,2062891.82442637,311001017531,No oficial,Privado,Urbana,1
4871931.48858669,2065496.00247487,311001030537,No oficial,Privado,Urbana,3
4873286.19568122,2062256.93478626,311001033498,No oficial,Privado,Urbana,2
4870708.9726214,2065432.79882349,311001034788,No oficial,Privado,Urbana,2
4873845.56943277,2061005.56969524,311001036951,No oficial,Privado,Urbana,2
4873013.48546591,2062579.26292187,311001037507,No oficial,Privado,Urbana,2
4873554.9865668,2062259.72086883,311001038368,No oficial,Privado,Urbana,2
4870835.41602664,2065066.62219331,311001039780,No oficial,Privado,Urbana,2
4870742.4865582,2065102.66292856,311001039852,No oficial,Privado,Urbana,2
4870141.60185174,2062891.82442637,311001041113,No oficial,Privado,Urbana,1
4872759.65668914,2062856.53230296,311001041270,No oficial,Privado,Urbana,2
4872034.80677482,2063705.39579641,311001042870,No oficial,Privado,Urbana,2
4869931.55749904,2065708.19171016,311001043001,No oficial,Privado,Urbana,2
4872333.02702586,2063919.1104471,311001043248,No oficial,Privado,Urbana,2
4871613.87061572,2063918.38326458,311001043744,No oficial,Privado,Urbana,2
4871602.25600128,2065554.73166765,311001044236,No oficial,Privado,Urbana,3
4869662.92709668,2065810.16261449,311001044881,No oficial,Privado,Urbana,2
4873193.59409268,2061931.23590888,311001045542,No oficial,Privado,Urbana,2
4872098.42653901,2063721.44643879,311001046263,No oficial,Privado,Urbana,2
4872901.92883382,2062703.79221512,311001046760,No oficial,Privado,Urbana,2
4873742.43816108,2061373.67339621,311001046824,No oficial,Privado,Urbana,2
4870825.73927332,2065267.22459516,311001047979,No oficial,Privado,Urbana,3
4872575.79584072,2063019.72648716,311001050228,No oficial,Privado,Urbana,
4871553.12657814,2063925.07119151,311001065527,No oficial,Privado,Urbana,2
4871964.81617403,2059901.6028974,311001075034,Oficial,Distrital,Urbana,1
4873407.52345621,2060712.20522952,311001076421,No oficial,Privado,Urbana,2
4872841.74225856,2061146.05978814,311001076448,No oficial,Privado,Urbana,1
4873017.17541581,2062749.43929394,311001076715,No oficial,Privado,Urbana,2
4872686.16565121,2062877.57956554,311001088705,No oficial,Privado,Urbana,2
4872619.23965724,2059684.83363448,311001089396,No oficial,Privado,Urbana,1
4869952.99819442,2065054.74344262,311001089710,No oficial,Privado,Urbana,1
4872204.51113222,2063750.57614905,311001091081,No oficial,Privado,Urbana,2
4871610.31227132,2065410.44444465,311001092478,No oficial,Privado,Urbana,3
4872847.36979509,2061314.41288023,311001092664,No oficial,Privado,Urbana,1
4870266.59687207,2064369.7930567,311001093016,No oficial,Privado,Urbana,1
4871033.69498188,2065234.36128426,311001093300,No oficial,Privado,Urbana,2
4872486.32347128,2062381.18950805,311001093377,No oficial,Privado,Urbana,2
4872244.42271047,2063449.51170391,311001093415,No oficial,Privado,Urbana,2
4869900.2372008,2065603.24487261,311001093431,No oficial,Privado,Urbana,2
4870643.85624097,2064931.96618423,311001093440,No oficial,Privado,Urbana,2
4870970.20505349,2062961.08747562,311001093792,No oficial,Privado,Urbana,1
4872641.51115204,2062468.40115874,311001094730,No oficial,Privado,Urbana,2
4871487.88595304,2061152.80307772,311001095051,No oficial,Privado,Urbana,1
4870421.56749715,2062804.86634103,311001095141,No oficial,Privado,Urbana,1
4869714.28140524,2063843.6883148,311001098531,No oficial,Privado,Urbana,1
4872559.10521435,2060519.63321665,311001101264,No oficial,Privado,Urbana,1
4870761.61953531,2065158.87973853,311001101647,No oficial,Privado,Urbana,2
4872922.16160118,2063076.78831804,311001106185,No oficial,Privado,Urbana,2
4872181.85704216,2063646.04974286,311001106207,No oficial,Privado,Urbana,2
4871780.08119697,2065441.16144474,311001106215,No oficial,Privado,Urbana,3
4870893.55900932,2063287.54422552,311001107629,No oficial,Privado,Urbana,1
4871409.0188531,2065395.43609655,311001108218,No oficial,Privado,Urbana,3
4873609.2083358,2061398.80489812,311001109001,No oficial,Privado,Urbana,2
4872986.05459274,2063128.5111858,311001109613,No oficial,Privado,Urbana,2
4872122.1588884,2064171.93481342,311001109648,No oficial,Privado,Urbana,2
4872060.9643526,2063789.90288672,311001110158,No oficial,Privado,Urbana,2
4869800.20377145,2065582.81794764,311001110191,No oficial,Privado,Urbana,2
4871306.20742538,2061205.21690141,311001800243,No oficial,Privado,Urbana,
4873193.59409268,2061931.23590888,311001800448,No oficial,Privado,Urbana,2
