x,y,sector,localidad,s11_n
4884803.20621986,2084693.67437255,Oficial,Usaquen,284
4886467.93993884,2080703.96840593,Oficial,Usaquen,228
4887181.2234202,2081021.90380964,Oficial,Usaquen,
4887348.84168712,2081300.40800303,Oficial,Usaquen,
4886429.18491575,2081134.12709225,Oficial,Usaquen,
4886569.80673292,2082865.41852538,Oficial,Usaquen,106
4886313.2500352,2083933.70796831,Oficial,Usaquen,
4884764.74809563,2082449.02292958,Oficial,Usaquen,326
4885183.60903179,2082181.13510846,Oficial,Usaquen,
4884657.21817335,2082187.51635079,Oficial,Usaquen,
4886283.59550696,2084816.0324567,Oficial,Usaquen,146
4886443.21529605,2084825.96863348,Oficial,Usaquen,
4886478.94307295,2084541.55192512,Oficial,Usaquen,132
4884663.70671815,2083845.6071719,Oficial,Usaquen,250
4884328.27798441,2075531.08715699,No oficial,Usaquen,232
4886002.62470943,2084446.28810987,No oficial,Usaquen,
4885279.60504377,2077890.73554862,Oficial,Usaquen,222
4885296.51044072,2078226.02893566,Oficial,Usaquen,298
4885576.7560222,2080123.72819033,Oficial,Usaquen,
4886099.71791682,2083987.15312634,Oficial,Usaquen,136
4886042.54610866,2084674.9638407,Oficial,Usaquen,
4886066.62703174,2081844.09553965,Oficial,Usaquen,246
4886362.07201891,2081823.57119546,Oficial,Usaquen,
4886421.50848971,2081772.54853845,Oficial,Usaquen,
4886277.86622651,2082029.8291087,Oficial,Usaquen,224
4886760.66222487,2081703.95497724,Oficial,Usaquen,
4887004.15754749,2082229.04144049,Oficial,Usaquen,
4886044.15788822,2081257.45384946,Oficial,Usaquen,142
4884611.41175419,2080984.49230153,No oficial,Usaquen,138
4885886.88554129,2082549.02522667,No oficial,Usaquen,52
4884575.06072481,2082987.25091285,No oficial,Usaquen,94
4884386.98415068,2083462.1425346,No oficial,Usaquen,150
4886044.09437521,2081969.42351249,No oficial,Usaquen,98
4885153.48711213,2078091.5481257,No oficial,Usaquen,
4885504.58803319,2084354.80147047,No oficial,Usaquen,
4886030.71989687,2081871.40373502,No oficial,Usaquen,
4883539.99226791,2076411.54940856,No oficial,Usaquen,
4886032.94006609,2081166.22265839,No oficial,Usaquen,
4884186.03552033,2081580.14031595,No oficial,Usaquen,
4885166.7494215,2075957.85816769,No oficial,Usaquen,
4885954.29249668,2084811.29191198,No oficial,Usaquen,72
4886023.15306792,2084375.77298341,No oficial,Usaquen,
4884176.07689894,2082997.31485641,No oficial,Usaquen,
4884100.99090273,2080074.70708354,No oficial,Usaquen,
4886606.81676574,2082767.75564322,No oficial,Usaquen,112
4885671.85450565,2081610.00127771,No oficial,Usaquen,
4883902.54580948,2082033.02772543,No oficial,Usaquen,172
4886442.59891996,2084696.13129083,No oficial,Usaquen,
4886395.74070311,2082258.1805651,No oficial,Usaquen,226
4884052.52915572,2080082.12790181,No oficial,Usaquen,
4884002.2540674,2081927.18291194,No oficial,Usaquen,
4886250.21035621,2080576.25940864,No oficial,Usaquen,36
4883902.6560145,2081787.48553798,No oficial,Usaquen,
4883883.54015275,2079632.89824043,No oficial,Usaquen,
4884966.46409953,2080304.20200517,No oficial,Usaquen,
4885720.6480753,2081769.84411435,No oficial,Usaquen,
4886376.05847017,2080940.24424128,No oficial,Usaquen,
4885800.07012786,2084008.96194802,No oficial,Usaquen,
4884605.18889721,2082094.50781995,No oficial,Usaquen,
4885821.97544339,2084307.72710007,No oficial,Usaquen,50
4885886.87678645,2084381.84033022,No oficial,Usaquen,32
4885084.76048186,2080703.64518442,No oficial,Usaquen,
4885044.00442299,2077267.94978285,No oficial,Usaquen,
4886235.90597386,2081688.83369763,No oficial,Usaquen,
4886040.33491255,2076789.20940498,No oficial,Usaquen,
4885220.02169425,2084718.65883127,No oficial,Usaquen,
4883451.96069701,2078498.28705372,No oficial,Usaquen,54
4886110.93743395,2080003.19429704,No oficial,Usaquen,
4884250.80646095,2079400.36268681,No oficial,Usaquen,
4884336.27418667,2084605.99803305,No oficial,Usaquen,
4885725.01301226,2079150.67602815,No oficial,Usaquen,
4884179.89894581,2076391.15311397,No oficial,Usaquen,34
4886015.80616001,2084009.8166658,No oficial,Usaquen,
4885886.87788198,2084381.84032859,No oficial,Usaquen,
4884347.06290437,2081219.48883387,No oficial,Usaquen,36
4884622.0877921,2077027.85643391,No oficial,Usaquen,10
4885723.57255515,2079981.90327934,No oficial,Usaquen,
4886289.27071152,2081116.85963232,No oficial,Usaquen,166
4885009.59355531,2084280.80227078,No oficial,Usaquen,84
4884647.55512544,2079436.45350326,No oficial,Usaquen,20
4883902.54580948,2082033.02772543,No oficial,Usaquen,
4884611.41175419,2080984.49230153,No oficial,Usaquen,
4884878.61912968,2082316.53997241,No oficial,Usaquen,
4884292.49955093,2077269.22717547,No oficial,Usaquen,
4885440.67714479,2084712.63957014,No oficial,Usaquen,142
4886163.05336649,2076738.59034842,No oficial,Usaquen,
4883643.3148334,2078891.5249653,No oficial,Usaquen,88
4886009.96981049,2082958.1396807,No oficial,Usaquen,300
4886258.11052299,2082049.49698178,No oficial,Usaquen,
4886112.45080911,2081790.1512682,No oficial,Usaquen,84
4886252.52341254,2079944.49364204,No oficial,Usaquen,64
4886653.51695153,2077823.48450501,No oficial,Usaquen,102
4886595.50522455,2081967.81575759,No oficial,Usaquen,66
4883620.10926351,2079315.2612311,No oficial,Usaquen,122
4886302.84066382,2080600.55440566,No oficial,Usaquen,54
4883981.94336875,2081214.91961781,No oficial,Usaquen,128
4884878.71320454,2082906.962459,No oficial,Usaquen,
4885772.95428243,2085148.07996344,No oficial,Usaquen,164
4883695.93758664,2076323.81820166,No oficial,Usaquen,78
4885951.25452254,2078256.13502748,No oficial,Usaquen,
4885261.66475146,2080056.85685309,No oficial,Usaquen,34
4885681.90096455,2090711.79190754,No oficial,Usaquen,132
4885504.58803319,2084354.80147047,No oficial,Usaquen,
4883489.48818279,2078510.28124427,No oficial,Usaquen,126
4884270.92664775,2081314.99800026,No oficial,Usaquen,
4886173.19900847,2081571.50378272,No oficial,Usaquen,
4883429.28590455,2078241.74181442,No oficial,Usaquen,
4885406.64282104,2082820.90659093,No oficial,Usaquen,182
4884503.60893223,2081007.66429029,No oficial,Usaquen,
4886650.20572304,2082361.07314665,No oficial,Usaquen,44
4885082.76249292,2085222.30383209,No oficial,Usaquen,
4884584.86522916,2082935.1743003,No oficial,Usaquen,90
4886457.98551125,2083328.88508508,No oficial,Usaquen,90
4886489.02706632,2083154.89576514,No oficial,Usaquen,24
4884218.59373593,2081465.80596346,No oficial,Usaquen,162
4885528.9106536,2084401.90013609,No oficial,Usaquen,102
4884591.62723076,2083310.0989139,No oficial,Usaquen,104
4885724.6826463,2076203.93285552,No oficial,Usaquen,
4884367.11591479,2083581.49983621,No oficial,Usaquen,106
4884754.25314161,2081833.44918671,No oficial,Usaquen,
4884212.13822882,2080476.85053583,No oficial,Usaquen,
4883615.64263067,2078484.940935,No oficial,Usaquen,
4884926.83231334,2084670.58925909,No oficial,Usaquen,58
4886179.82080629,2081027.7897884,No oficial,Usaquen,
4885864.9154733,2082352.79549625,No oficial,Usaquen,78
4882336.25437812,2072389.49211631,Oficial,Chapinero,108
4882844.80657609,2071728.67440697,Oficial,Chapinero,
4882331.19775163,2069769.80811529,Oficial,Chapinero,
4882990.27273474,2072847.84705679,No oficial,Chapinero,124
4883325.16857218,2071644.39082155,No oficial,Chapinero,80
4883288.16638511,2071888.90091354,No oficial,Chapinero,80
4883111.60523295,2073616.26121972,No oficial,Chapinero,56
4883651.45567102,2073514.52666707,No oficial,Chapinero,62
4882611.0408893,2071861.81626883,No oficial,Chapinero,102
4882557.00226084,2072319.89524496,No oficial,Chapinero,
4882557.00226084,2072319.89524496,No oficial,Chapinero,
4883950.59095591,2073896.65183003,No oficial,Chapinero,
4883563.99628101,2071579.7655073,No oficial,Chapinero,
4882313.93953174,2071106.55850552,No oficial,Chapinero,
4882376.448666,2071625.53260229,No oficial,Chapinero,
4882325.64914385,2072748.45429348,No oficial,Chapinero,40
4883799.96882422,2074011.09879569,No oficial,Chapinero,
4882458.12697165,2072497.87946449,No oficial,Chapinero,68
4883431.88136246,2071691.76471099,No oficial,Chapinero,44
4882218.8538417,2069920.10469473,No oficial,Chapinero,146
4882404.80025694,2072869.73754982,No oficial,Chapinero,318
4882959.59656538,2071788.68409319,No oficial,Chapinero,14
4881598.95662165,2068002.08823692,Oficial,Santa Fe,138
4881447.27829559,2066927.40121676,Oficial,Santa Fe,
4881652.43401471,2068637.82940432,Oficial,Santa Fe,102
4881227.66118958,2064265.62699571,Oficial,Santa Fe,104
4881021.89178267,2064201.10809858,Oficial,Santa Fe,
4881213.95802754,2063894.42649163,Oficial,Santa Fe,
4880978.99044782,2065030.10177315,Oficial,Santa Fe,96
4880980.67394672,2064696.31078233,Oficial,Santa Fe,
4881317.04297761,2065121.75609951,Oficial,Santa Fe,
4879990.46729849,2065523.64239161,Oficial,Santa Fe,76
4879734.06806085,2065665.13711518,Oficial,Santa Fe,
4881962.1523402,2068337.38588429,Oficial,Santa Fe,44
4880335.79802548,2064515.04403411,Oficial,Santa Fe,196
4881479.73064494,2068351.58820682,No oficial,Santa Fe,116
4881852.10556398,2067511.31674948,No oficial,Santa Fe,114
4881229.06652391,2066918.96031581,No oficial,Santa Fe,2
4879587.17500722,2065593.02585757,No oficial,Santa Fe,132
4881930.52847137,2068653.79316984,No oficial,Santa Fe,
4880875.95003464,2067644.78680478,No oficial,Santa Fe,
4881955.30037673,2065121.46838416,No oficial,Santa Fe,38
4881565.56544322,2065024.77903754,Oficial,Santa Fe,76
4881720.57657342,2065006.82547091,Oficial,Santa Fe,
4881735.39452387,2065431.17440976,Oficial,Santa Fe,
4880420.6737529,2065227.99487427,No oficial,Santa Fe,40
4881517.59348194,2064955.24307291,No oficial,Santa Fe,
4881477.73018886,2069084.82394685,No oficial,Santa Fe,66
4881771.6140171,2068921.92866458,No oficial,Santa Fe,56
4881990.6359693,2065298.17715569,No oficial,Santa Fe,30
4878581.87667098,2062982.44668563,No oficial,San Cristobal,232
4881337.55289718,2062856.88017982,Oficial,San Cristobal,
4878603.71556078,2063219.52112451,Oficial,San Cristobal,102
4878445.63108065,2063258.99866112,Oficial,San Cristobal,
4880822.44549824,2062976.10861824,Oficial,San Cristobal,
4879769.9865153,2060453.57023417,Oficial,San Cristobal,184
4879614.94717449,2058752.10271708,Oficial,San Cristobal,186
4879231.18549803,2058877.15327948,Oficial,San Cristobal,
4879249.93057884,2058891.15983935,Oficial,San Cristobal,
4879685.81648007,2060362.45090439,Oficial,San Cristobal,254
4879544.47647743,2059705.29505789,Oficial,San Cristobal,
4879177.42515477,2060197.06097726,Oficial,San Cristobal,
4880304.46248945,2063035.74323998,Oficial,San Cristobal,262
4880147.25924325,2062987.46540477,Oficial,San Cristobal,
4879973.56454551,2063269.58665794,Oficial,San Cristobal,
4879834.58694253,2062229.01046019,Oficial,San Cristobal,50
4879924.9503481,2061913.70316644,Oficial,San Cristobal,
4879354.02453775,2062715.49691628,Oficial,San Cristobal,154
4879175.55263886,2062383.04868554,Oficial,San Cristobal,
4879711.50284563,2061168.20663455,Oficial,San Cristobal,372
4879362.61663903,2060939.27466521,Oficial,San Cristobal,
4879984.56839652,2061375.89559321,Oficial,San Cristobal,
4878884.50455714,2058701.07132209,Oficial,San Cristobal,68
4879153.46827046,2058970.61596225,Oficial,San Cristobal,
4877919.16042412,2061894.58093743,Oficial,San Cristobal,62
4878717.38132972,2061619.10826043,Oficial,San Cristobal,72
4878810.63424664,2061941.86627118,Oficial,San Cristobal,92
4879305.15947687,2061481.36435356,Oficial,San Cristobal,
4878549.89553357,2061007.51040805,Oficial,San Cristobal,134
4878840.54609808,2060417.16776511,Oficial,San Cristobal,
4878756.1263514,2062543.0325126,Oficial,San Cristobal,222
4878591.48350975,2062635.33657402,Oficial,San Cristobal,
4878751.43781817,2061111.81446631,Oficial,San Cristobal,218
4878716.21470686,2061331.72854948,Oficial,San Cristobal,
4877902.20909193,2062587.2839916,Oficial,San Cristobal,188
4877804.44468628,2062415.48911259,Oficial,San Cristobal,
4879647.93280199,2063810.15249043,No oficial,San Cristobal,64
4878297.51724037,2060644.9665131,Oficial,San Cristobal,74
4877920.10033504,2060451.06195245,Oficial,San Cristobal,
4878164.21996482,2060235.9284812,Oficial,San Cristobal,
4878715.70442468,2059889.83392477,Oficial,San Cristobal,
4880177.34538441,2059922.09759226,Oficial,San Cristobal,108
4879927.88837633,2059490.01952022,Oficial,San Cristobal,
4879947.23588669,2059818.02455223,Oficial,San Cristobal,
4878429.75254144,2062760.76127604,Oficial,San Cristobal,202
4879647.46992971,2063214.5863886,Oficial,San Cristobal,340
4878569.35408384,2061512.22953349,Oficial,San Cristobal,164
4877999.78978439,2061775.88293916,Oficial,San Cristobal,
4879459.13470141,2062538.1392761,Oficial,San Cristobal,228
4879320.69791931,2062138.76109395,Oficial,San Cristobal,
4879520.79369205,2062134.42776318,Oficial,San Cristobal,
4880213.44376204,2063834.95105651,Oficial,San Cristobal,64
4880567.91046723,2063623.82387112,Oficial,San Cristobal,
4879139.20393357,2057829.10749775,Oficial,San Cristobal,90
4879368.32750833,2057526.40796107,Oficial,San Cristobal,
4879141.08027649,2063580.82296657,Oficial,San Cristobal,308
4879794.82496685,2063856.31975512,Oficial,San Cristobal,
4880304.4213387,2063379.04533132,Oficial,San Cristobal,
4879400.61460717,2063617.80851999,Oficial,San Cristobal,
4878507.21168869,2061090.30983981,Oficial,San Cristobal,266
4879403.61078321,2058440.7392658,Oficial,San Cristobal,92
4878779.62761664,2063764.78423798,Oficial,San Cristobal,132
4878536.01008934,2063514.67302746,Oficial,San Cristobal,
4878490.10723897,2059918.53901262,Oficial,San Cristobal,214
4879319.14429674,2061440.24679116,Oficial,San Cristobal,178
4879038.658494,2064230.8979045,Oficial,San Cristobal,490
4879480.4851035,2058309.71856276,Oficial,San Cristobal,
4879402.46518808,2064097.78015164,No oficial,San Cristobal,
4879387.05214937,2060125.37430198,No oficial,San Cristobal,76
4879168.49840488,2063763.26291218,No oficial,San Cristobal,98
4879140.81481935,2063390.48470553,No oficial,San Cristobal,
4878846.80231067,2063580.51974362,No oficial,San Cristobal,160
4878916.13528813,2060981.99819438,No oficial,San Cristobal,132
4878717.62307088,2060855.87419375,No oficial,San Cristobal,52
4879323.60381358,2064141.84829876,No oficial,San Cristobal,74
4879218.69298775,2064391.39067286,No oficial,San Cristobal,176
4879378.48790928,2062600.26942395,No oficial,San Cristobal,
4879564.4136314,2063927.70585584,No oficial,San Cristobal,50
4878824.37579674,2061012.78264585,No oficial,San Cristobal,110
4880215.62767524,2064252.88469832,No oficial,San Cristobal,
4879617.57071505,2064360.39825138,No oficial,San Cristobal,58
4879488.27847309,2058988.54154536,No oficial,San Cristobal,26
4879699.53958146,2058860.00336036,No oficial,San Cristobal,108
4878619.11993093,2060919.87140466,No oficial,San Cristobal,110
4879068.69746837,2063287.59205228,No oficial,San Cristobal,
4879544.80082082,2058949.81375546,No oficial,San Cristobal,
4878902.53110159,2062012.01233077,No oficial,San Cristobal,
4879185.83302049,2062645.28937863,No oficial,San Cristobal,
4879277.84345233,2062453.25862464,No oficial,San Cristobal,2
4879827.67273269,2060488.36871655,No oficial,San Cristobal,72
4879509.3042345,2064664.3128318,No oficial,San Cristobal,
4879036.13963109,2061736.91373024,No oficial,San Cristobal,
4879291.41062852,2064158.98796506,No oficial,San Cristobal,
4879717.07796665,2062711.74986689,No oficial,San Cristobal,
4880160.22763492,2063210.17752911,No oficial,San Cristobal,64
4879811.84823518,2064044.57190461,No oficial,San Cristobal,
4879321.94555019,2058865.90600531,No oficial,San Cristobal,
4879050.96720053,2061170.04512056,No oficial,San Cristobal,
4879042.98716658,2063307.69909509,No oficial,San Cristobal,
4879675.16130694,2059507.86507837,No oficial,San Cristobal,32
4879898.97940341,2063754.93218934,No oficial,San Cristobal,
4878974.49955605,2063885.90722239,No oficial,San Cristobal,
4879221.33070128,2060640.88351692,No oficial,San Cristobal,36
4878810.50639965,2060599.47057495,No oficial,San Cristobal,220
4878589.46813823,2060837.35670401,No oficial,San Cristobal,
4878904.52380208,2061446.68971158,No oficial,San Cristobal,
4878276.51155538,2060370.7595156,No oficial,San Cristobal,
4879083.41861509,2060160.00836115,No oficial,San Cristobal,
4879031.34602156,2061026.71092267,No oficial,San Cristobal,
4879887.90074947,2058655.95110094,No oficial,San Cristobal,30
4878309.3621924,2061049.63760238,No oficial,San Cristobal,
4879546.39110149,2064329.53676722,No oficial,San Cristobal,
4878939.72539441,2060186.41692848,No oficial,San Cristobal,
4879025.65896474,2059653.18656489,No oficial,San Cristobal,
4879325.57855289,2061204.11769251,No oficial,San Cristobal,
4879614.96155579,2059328.13835308,No oficial,San Cristobal,
4878829.80372539,2059804.04726034,No oficial,San Cristobal,
4879685.95433491,2064006.80867861,No oficial,San Cristobal,354
4878399.75346436,2063403.13015088,No oficial,San Cristobal,244
4879784.54411555,2060337.78924819,No oficial,San Cristobal,
4879781.99885259,2063759.56732307,No oficial,San Cristobal,
4878904.91672932,2061491.57160999,No oficial,San Cristobal,16
4879066.93957836,2060996.29151577,No oficial,San Cristobal,12
4878303.98732079,2063097.91050467,No oficial,San Cristobal,
4878169.14761338,2061184.77999863,No oficial,San Cristobal,
4878182.43954371,2061939.90586422,No oficial,San Cristobal,
4879188.64824327,2058027.18639966,No oficial,San Cristobal,84
4876517.2324914,2056920.07167082,Oficial,Usme,128
4876284.85159469,2058137.62331578,Oficial,Usme,70
4876281.27116862,2057489.47837844,Oficial,Usme,170
4879010.65092812,2056822.13691037,Oficial,Usme,
4879100.02624016,2056842.95601628,Oficial,Usme,110
4877956.75017675,2055171.68333859,Oficial,Usme,246
4877530.1364953,2055034.48799372,Oficial,Usme,
4879011.12289603,2057099.29200894,Oficial,Usme,92
4877046.05114786,2055175.79455308,Oficial,Usme,136
4876815.68764924,2055177.14514855,Oficial,Usme,
4875543.08140467,2057918.67673294,Oficial,Usme,178
4875795.47992198,2058140.40117909,Oficial,Usme,198
4876154.43072124,2056095.19351682,Oficial,Usme,176
4876102.44716944,2054792.91787473,Oficial,Usme,112
4876391.27701077,2054822.08008003,Oficial,Usme,
4876442.364902,2054614.47221203,Oficial,Usme,
4877605.0820308,2056113.11192556,Oficial,Usme,326
4877737.46778821,2055846.66600329,Oficial,Usme,
4876377.37500087,2057321.52978162,Oficial,Usme,190
4876722.18186903,2055647.65956524,Oficial,Usme,120
4877371.91465088,2056699.89135514,Oficial,Usme,520
4876443.09705105,2056652.89645704,Oficial,Usme,
4876805.60358229,2056042.66635806,Oficial,Usme,268
4877236.41194162,2055649.75457013,Oficial,Usme,198
4875981.47705845,2055534.1629809,Oficial,Usme,136
4877542.05073743,2055009.65104582,Oficial,Usme,174
4876654.23728568,2055392.35834047,Oficial,Usme,76
4875837.57682739,2056756.70906553,Oficial,Usme,180
4876347.64615969,2058896.8207069,Oficial,Usme,296
4876521.94489431,2054248.38622141,Oficial,Usme,140
4876338.92063468,2054981.61224775,Oficial,Usme,232
4876152.62040069,2055509.66012516,Oficial,Usme,76
4876280.34023004,2055359.75542522,Oficial,Usme,
4877517.89434459,2053731.30943183,Oficial,Usme,
4877920.848304,2053926.3572975,Oficial,Usme,226
4877755.1033848,2054672.38051828,Oficial,Usme,
4876166.25069472,2058956.08918647,Oficial,Usme,452
4875446.92435978,2052573.93141583,Oficial,Usme,54
4878081.89270038,2056575.5503498,Oficial,Usme,34
4875664.07933161,2052507.07902604,Oficial,Usme,214
4875138.19966902,2052133.80655046,Oficial,Usme,
4875446.92435978,2052573.93141583,Oficial,Usme,
4877273.13052107,2057266.65426953,Oficial,Usme,104
4875918.72801506,2057306.37490101,Oficial,Usme,
4876693.94616413,2056697.53804577,Oficial,Usme,574
4876554.24307275,2056728.08520531,Oficial,Usme,
4876517.56945001,2056630.57491271,Oficial,Usme,
4877654.57018706,2056533.83559986,Oficial,Usme,92
4877652.87692132,2056541.37766687,Oficial,Usme,
4877226.05349445,2056131.62058614,Oficial,Usme,208
4877132.70348962,2056368.2883975,Oficial,Usme,
4876952.63089675,2056241.38446326,Oficial,Usme,174
4877146.9813644,2055188.34075356,Oficial,Usme,94
4875494.6840874,2057190.90132084,Oficial,Usme,
4875808.41610534,2054782.50663671,Oficial,Usme,
4876987.34187842,2059002.62697558,Oficial,Usme,174
4876342.21990739,2059529.7215371,Oficial,Usme,
4877571.89600782,2059005.90420011,Oficial,Usme,
4877820.80628008,2055198.4476318,No oficial,Usme,
4876446.41913784,2056754.65874688,No oficial,Usme,30
4876423.18535838,2056996.26025169,No oficial,Usme,34
4875800.40251433,2057516.25611268,No oficial,Usme,54
4876007.7625287,2057078.01937309,No oficial,Usme,
4876726.35093066,2056436.21671147,No oficial,Usme,18
4876450.12159868,2054867.41969385,No oficial,Usme,14
4876388.70306132,2056740.0249404,No oficial,Usme,44
4876784.69751545,2056527.44733261,No oficial,Usme,36
4876418.88082492,2056916.43586824,No oficial,Usme,48
4876306.60457115,2056565.36290226,No oficial,Usme,
4876513.56778811,2056589.21713045,No oficial,Usme,94
4876613.49334589,2056248.41006112,No oficial,Usme,30
4876270.48259009,2056090.21750745,No oficial,Usme,80
4876421.13770334,2059583.70083648,No oficial,Usme,62
4877087.67965128,2055767.70895592,No oficial,Usme,78
4877181.84775623,2054979.37064632,No oficial,Usme,14
4875884.9966342,2057272.70813831,No oficial,Usme,22
4877262.72924039,2055936.67206443,No oficial,Usme,
4876523.15296701,2055857.60243164,No oficial,Usme,26
4876139.07564401,2059717.93870388,No oficial,Usme,12
4875378.22717928,2057827.70299567,No oficial,Usme,
4877006.85480823,2056367.63188856,No oficial,Usme,66
4877855.99310893,2054956.6642508,No oficial,Usme,
4877570.11960317,2055721.57638956,No oficial,Usme,14
4876084.77830913,2057423.58889641,No oficial,Usme,
4877356.50580612,2056364.36119434,No oficial,Usme,58
4877268.67797634,2053961.97929718,No oficial,Usme,
4877385.156216,2055351.23919882,No oficial,Usme,
4875935.80352013,2060031.53686972,No oficial,Usme,
4875764.93000014,2058260.84157456,No oficial,Usme,
4876403.39722119,2056670.40099878,No oficial,Usme,76
4875918.62723145,2057284.12459955,No oficial,Usme,
4877262.47881169,2055249.38374052,No oficial,Usme,
4877593.32486823,2054524.11578477,No oficial,Usme,66
4874553.82692391,2064031.06383199,Oficial,Tunjuelito,60
4874414.43292057,2063992.52178565,Oficial,Tunjuelito,366
4873196.59825911,2065516.18162409,Oficial,Tunjuelito,358
4872720.39039377,2064906.5149409,Oficial,Tunjuelito,
4873817.33796995,2064790.36885747,Oficial,Tunjuelito,450
4873757.99325219,2064713.21575093,Oficial,Tunjuelito,
4873347.14063475,2064941.67308308,Oficial,Tunjuelito,
4873846.74688694,2065030.36930354,Oficial,Tunjuelito,
4874819.72190265,2064186.09484534,Oficial,Tunjuelito,176
4874468.85004474,2064548.14157505,Oficial,Tunjuelito,
4874097.56405655,2064037.69796421,Oficial,Tunjuelito,254
4873767.30805764,2063907.86445467,Oficial,Tunjuelito,334
4873563.17615132,2063905.5383843,Oficial,Tunjuelito,
4875268.61797886,2061981.15160848,Oficial,Tunjuelito,218
4875370.1567687,2061476.10093793,Oficial,Tunjuelito,
4874774.06204889,2061868.99417114,Oficial,Tunjuelito,
4874774.06204889,2061868.99417114,Oficial,Tunjuelito,
4874478.00965935,2063754.15420642,Oficial,Tunjuelito,498
4874476.07672553,2064518.98480403,Oficial,Tunjuelito,
4875085.11751784,2063222.08543318,Oficial,Tunjuelito,234
4872210.03333364,2065230.15278873,Oficial,Tunjuelito,138
4874436.69327413,2062462.40999796,Oficial,Tunjuelito,92
4874906.79367019,2063024.78696496,Oficial,Tunjuelito,274
4873911.87741481,2062709.30645612,Oficial,Tunjuelito,96
4874210.27969773,2062663.85668258,Oficial,Tunjuelito,
4875540.11353889,2060808.84694961,No oficial,Tunjuelito,38
4874694.45437633,2062056.61694996,No oficial,Tunjuelito,62
4874193.5234074,2064386.96634538,No oficial,Tunjuelito,
4873413.37023057,2065287.29808565,No oficial,Tunjuelito,80
4874683.04577863,2062687.57752382,No oficial,Tunjuelito,174
4874195.02104293,2064509.94091275,No oficial,Tunjuelito,326
4873942.84643021,2065429.46403865,No oficial,Tunjuelito,226
4874422.17948444,2062629.41017498,No oficial,Tunjuelito,44
4874692.62944092,2062620.89550122,No oficial,Tunjuelito,192
4875341.13823846,2061819.85053308,No oficial,Tunjuelito,
4873524.44330329,2065609.2008067,No oficial,Tunjuelito,86
4875366.93073821,2061659.78253944,No oficial,Tunjuelito,
4873214.30528001,2063959.86051775,No oficial,Tunjuelito,116
4872666.0131146,2065057.92714816,No oficial,Tunjuelito,94
4874235.74103262,2062693.73658031,No oficial,Tunjuelito,
4873646.19455033,2064950.78013629,No oficial,Tunjuelito,46
4874967.77777704,2063016.15214852,No oficial,Tunjuelito,32
4874713.33247853,2063791.39296647,No oficial,Tunjuelito,
4871896.82493662,2065348.90910884,No oficial,Tunjuelito,
4874921.63704023,2063724.48829263,No oficial,Tunjuelito,36
4875133.58351609,2063474.22397302,No oficial,Rafael Uribe Uribe,86
4874107.05374909,2064836.92565341,No oficial,Tunjuelito,
4874658.97230008,2062898.51061057,No oficial,Tunjuelito,
4874088.73688914,2064092.67512678,No oficial,Tunjuelito,
4873385.42592652,2065157.8408295,No oficial,Tunjuelito,186
4872789.96819626,2065134.16510103,No oficial,Tunjuelito,
4874013.26898217,2064820.80065633,No oficial,Tunjuelito,
4874771.23022298,2062464.97437273,No oficial,Tunjuelito,
4874007.52243334,2064918.13312665,No oficial,Tunjuelito,
4873033.3764077,2065256.28379047,No oficial,Tunjuelito,
4872914.09519975,2065555.52718144,No oficial,Tunjuelito,
4874880.62293209,2062613.76810698,No oficial,Tunjuelito,
4873661.07402044,2063991.95139892,No oficial,Tunjuelito,
4874667.94528057,2062902.71355434,No oficial,Tunjuelito,
4874045.58783658,2065750.12240905,No oficial,Tunjuelito,46
4873930.6282168,2065766.18083311,No oficial,Tunjuelito,50
4873339.54582519,2064567.78166875,No oficial,Tunjuelito,
4873031.98563313,2065534.22023865,No oficial,Tunjuelito,8
4873921.70751675,2065792.58992734,No oficial,Tunjuelito,240
4873524.44330329,2065609.2008067,No oficial,Tunjuelito,144
4873633.46984569,2065799.02045039,No oficial,Tunjuelito,
4873721.84458922,2064799.69627978,No oficial,Tunjuelito,52
4867280.44757151,2066977.55450027,Oficial,Bosa,540
4867218.52674051,2066357.52696594,Oficial,Bosa,
4865849.52334354,2067913.03426223,Oficial,Bosa,
4868334.5627952,2066363.28075163,Oficial,Bosa,748
4868605.25222077,2067085.7716672,Oficial,Bosa,
4867825.90662561,2066513.06449659,Oficial,Bosa,
4870688.85923936,2066769.95970502,Oficial,Bosa,506
4870842.36029307,2066583.42304131,Oficial,Bosa,
4871640.66136637,2066540.85136415,Oficial,Bosa,
4869018.62734067,2069506.06786657,Oficial,Bosa,424
4868498.77238248,2069377.60134559,Oficial,Bosa,
4869027.54905529,2069504.90276849,Oficial,Bosa,
4869645.44202422,2066169.83703034,Oficial,Bosa,
4866979.10311265,2067538.01342446,Oficial,Bosa,376
4866924.77236491,2067405.69825442,Oficial,Bosa,
4866740.20135521,2067122.98241527,Oficial,Bosa,
4867288.85718555,2067191.88629114,Oficial,Bosa,
4869263.47572978,2067079.12875948,Oficial,Bosa,158
4866965.50710686,2066783.17856758,Oficial,Bosa,114
4867508.45931223,2068877.71752309,Oficial,Bosa,
4868900.35262491,2066973.47554489,Oficial,Bosa,166
4866403.09101494,2067494.51324291,Oficial,Bosa,112
4867477.56073191,2067392.2883889,Oficial,Bosa,214
4868450.24737785,2067721.45675195,Oficial,Bosa,212
4867747.8496196,2069658.68353046,Oficial,Bosa,220
4868066.47271773,2070054.07245135,Oficial,Bosa,226
4866780.86347554,2069475.42251333,Oficial,Bosa,498
4866952.68124629,2068222.94018258,Oficial,Bosa,350
4868136.34257061,2069572.6243266,Oficial,Bosa,444
4868634.68977395,2068923.93011495,Oficial,Bosa,
4866414.69178607,2070337.85420642,Oficial,Bosa,606
4867564.17747759,2069153.5011275,Oficial,Bosa,530
4868574.07195153,2069780.14177258,Oficial,Bosa,348
4868371.68974078,2070919.61613766,Oficial,Bosa,794
4868776.19140636,2068484.75309715,Oficial,Bosa,388
4868514.7122653,2071133.75841617,Oficial,Bosa,56
4866521.16004338,2068063.25800917,Oficial,Bosa,232
4868900.71926891,2067920.63272727,Oficial,Bosa,106
4867557.04685508,2068130.03402748,Oficial,Bosa,
4867040.88206941,2070159.4095748,Oficial,Bosa,
4868440.49283653,2069726.51914104,Oficial,Bosa,
4868511.17471887,2066471.726323,Oficial,Bosa,350
4868335.97953136,2066821.09950418,Oficial,Bosa,442
4867564.54234234,2066354.14151366,Oficial,Bosa,
4868627.20631458,2067602.80906843,Oficial,Bosa,150
4867976.42123555,2067167.75732541,Oficial,Bosa,670
4868213.50208621,2067094.30077666,Oficial,Bosa,
4867397.46256523,2067593.04817666,Oficial,Bosa,
4867338.86591051,2068069.32418344,Oficial,Bosa,
4868353.72845867,2067118.83346274,Oficial,Bosa,
4867673.3383031,2067708.4513159,Oficial,Bosa,278
4867428.2777433,2067899.78214945,Oficial,Bosa,98
4866864.68424052,2069230.01317385,Oficial,Bosa,
4867496.1158434,2070933.84869154,Oficial,Bosa,204
4867613.02840447,2071230.88963964,Oficial,Bosa,
4866500.65428372,2068397.05575347,Oficial,Bosa,270
4868760.93312634,2070366.06327636,Oficial,Bosa,278
4867195.5968126,2071013.59849553,Oficial,Bosa,206
4868221.76928757,2068896.87522378,Oficial,Bosa,224
4868605.28882712,2067455.50481071,Oficial,Bosa,
4870953.54228942,2066428.72395468,No oficial,Bosa,
4867492.2198042,2068741.81175954,No oficial,Bosa,74
4867561.60853873,2069057.45430336,No oficial,Bosa,148
4867801.46844111,2069190.01530779,No oficial,Bosa,
4868466.55604687,2066198.67306165,No oficial,Bosa,
4866824.73154445,2070556.78023552,No oficial,Bosa,86
4871230.2034498,2066525.39178556,No oficial,Bosa,74
4871384.53691787,2066666.67023981,No oficial,Bosa,148
4868714.5609253,2066511.7720649,No oficial,Bosa,74
4871211.02655739,2066532.55775265,No oficial,Bosa,
4870864.17412348,2066510.8347823,No oficial,Bosa,56
4869237.49084956,2067434.89465015,No oficial,Bosa,62
4867815.32192227,2069314.50956947,No oficial,Bosa,308
4869126.80280367,2066797.0187289,No oficial,Bosa,118
4868061.86500407,2068630.3461082,No oficial,Bosa,
4868430.6040287,2067614.1042491,No oficial,Bosa,52
4867830.61750001,2066848.43078045,No oficial,Bosa,
4871787.45014458,2066259.8993866,No oficial,Bosa,
4871940.15229036,2066402.37544156,No oficial,Bosa,66
4868200.98941138,2069679.23295024,No oficial,Bosa,38
4867143.47140965,2067242.77215341,No oficial,Bosa,156
4866930.61986841,2066871.05423305,No oficial,Bosa,
4867868.37006101,2068783.18192452,No oficial,Bosa,
4867754.27137337,2069072.92023284,No oficial,Bosa,38
4869325.88713481,2066790.83519484,No oficial,Bosa,
4866919.2681203,2068829.61793511,No oficial,Bosa,18
4869214.96640634,2066729.83418022,No oficial,Bosa,126
4868235.16434347,2066811.70075707,No oficial,Bosa,
4869010.58188388,2069611.28631765,No oficial,Bosa,
4868445.94411548,2067046.75792268,No oficial,Bosa,
4866948.5319664,2067622.32788235,No oficial,Bosa,
4868599.76491517,2066580.11013118,No oficial,Bosa,
4867113.46423633,2066636.341342,No oficial,Bosa,
4869467.63067693,2069433.69012188,No oficial,Bosa,142
4867152.83791869,2068870.65805438,No oficial,Bosa,166
4867377.06850861,2069132.8809486,No oficial,Bosa,
4866616.61225252,2067617.35908766,No oficial,Bosa,130
4871427.25776733,2066654.39894306,No oficial,Bosa,
4868375.13063762,2069593.04404872,No oficial,Bosa,60
4866276.09148376,2067866.35180556,No oficial,Bosa,88
4867968.64161354,2069531.55010082,No oficial,Bosa,48
4868025.45229068,2066890.5040784,No oficial,Bosa,
4869049.95982426,2069193.62115417,No oficial,Bosa,252
4869390.93533067,2069547.94471299,No oficial,Bosa,38
4867593.62559591,2067824.20482521,No oficial,Bosa,92
4869182.17236593,2069302.39579064,No oficial,Bosa,58
4869157.62386865,2069404.58324718,No oficial,Bosa,
4867467.38890834,2069727.60268883,No oficial,Bosa,174
4867258.40581071,2069645.00086866,No oficial,Bosa,
4868886.23458402,2069805.02800704,No oficial,Bosa,16
4870746.80861401,2066362.40871886,No oficial,Bosa,24
4868282.07571277,2069700.81447813,No oficial,Bosa,
4868282.07571277,2069700.81447813,No oficial,Bosa,
4868302.99267419,2066977.47183923,No oficial,Bosa,238
4869370.84610037,2067124.62572376,No oficial,Bosa,
4869344.70968264,2069773.96013427,No oficial,Bosa,46
4868890.26264977,2068857.45135853,No oficial,Bosa,
4867549.01714974,2067067.65161017,No oficial,Bosa,24
4868376.42016077,2066858.09273604,No oficial,Bosa,94
4871761.75657859,2066620.96262413,No oficial,Bosa,40
4869049.95982426,2069193.62115417,No oficial,Bosa,
4866837.60490895,2068660.38299845,No oficial,Bosa,
4868681.44897466,2067521.24955415,No oficial,Bosa,46
4868417.6259076,2067273.78282298,No oficial,Bosa,120
4868448.79024387,2067511.67509931,No oficial,Bosa,138
4868640.31753465,2067710.84543715,No oficial,Bosa,470
4868300.31863609,2067063.27760571,No oficial,Bosa,
4867881.51783015,2066444.63004966,No oficial,Bosa,98
4867411.51738622,2066660.13431476,No oficial,Bosa,86
4868370.16902312,2066897.55683326,No oficial,Bosa,38
4868531.73004475,2069536.25049904,No oficial,Bosa,112
4867314.15979621,2066490.84436773,No oficial,Bosa,14
4866964.8534012,2067353.25555739,No oficial,Bosa,
4869285.43287329,2067210.37989567,No oficial,Bosa,
4867549.01714974,2067067.65161017,No oficial,Bosa,
4868309.59262928,2067086.35983915,No oficial,Bosa,208
4868860.38745976,2069912.76946536,No oficial,Bosa,348
4866782.05311975,2067502.73677899,No oficial,Bosa,
4868592.05849944,2068407.62600994,No oficial,Bosa,70
4874045.80028947,2068186.48901664,Oficial,Kennedy,264
4874226.81853185,2067031.68121661,Oficial,Kennedy,
4871154.41021508,2071023.01688226,Oficial,Kennedy,252
4871209.82247045,2071185.19130694,Oficial,Kennedy,
4871257.39815396,2071263.70458676,Oficial,Kennedy,
4875574.44943786,2069947.94711637,Oficial,Kennedy,504
4872885.05662458,2066348.14656041,Oficial,Kennedy,258
4872891.71372191,2066339.80402779,Oficial,Kennedy,
4872686.43943683,2068980.73637363,Oficial,Kennedy,330
4871066.02427752,2070058.60580535,Oficial,Kennedy,
4870647.84192867,2069702.38945386,Oficial,Kennedy,
4871855.99711988,2068397.3781537,Oficial,Kennedy,210
4871497.5324167,2069080.22755495,Oficial,Kennedy,
4872100.12061406,2068777.2297188,Oficial,Kennedy,316
4871281.42435922,2068810.19711553,Oficial,Kennedy,152
4870117.90043641,2069880.5387817,Oficial,Kennedy,
4869266.58864278,2067962.74808424,Oficial,Kennedy,232
4870132.10272441,2067380.43086322,Oficial,Kennedy,
4869824.5365516,2067556.08605818,Oficial,Kennedy,
4871557.79424835,2068791.03073484,Oficial,Kennedy,194
4871057.62946148,2068771.18050921,Oficial,Kennedy,128
4870743.4190202,2068226.17974749,Oficial,Kennedy,
4871227.87083603,2068289.58369487,Oficial,Kennedy,212
4870332.27336231,2067636.80301453,Oficial,Kennedy,
4874998.98029738,2069938.15834631,Oficial,Kennedy,238
4875172.03538043,2070305.26055093,Oficial,Kennedy,
4871992.96189906,2067785.42010959,Oficial,Kennedy,200
4872431.82274781,2068258.89575052,Oficial,Kennedy,300
4873418.82102837,2068374.03446108,Oficial,Kennedy,224
4873495.95790652,2067460.35298412,Oficial,Kennedy,
4872165.12207599,2070108.32623976,Oficial,Kennedy,254
4872326.97309837,2070259.11002015,Oficial,Kennedy,
4874025.20463859,2066943.07513453,Oficial,Kennedy,50
4871578.3121741,2068330.19957834,Oficial,Kennedy,212
4872647.44147704,2066814.50469857,Oficial,Kennedy,196
4873512.24620555,2068634.27324157,Oficial,Kennedy,362
4874107.43433362,2068092.08440392,Oficial,Kennedy,
4872997.7649775,2068587.97305509,Oficial,Kennedy,
4872872.16998003,2068819.02538011,Oficial,Kennedy,
4872763.82402807,2068481.10316587,Oficial,Kennedy,240
4869981.18165408,2068301.45839672,Oficial,Kennedy,
4871774.63376721,2069128.92770248,Oficial,Kennedy,852
4872190.21689389,2069328.60634979,Oficial,Kennedy,
4872302.41894886,2068815.80650682,Oficial,Kennedy,244
4872371.46553637,2069088.12528428,Oficial,Kennedy,144
4869390.05800331,2068230.86923799,Oficial,Kennedy,582
4869944.72278436,2069198.98845,Oficial,Kennedy,
4869942.81550493,2069234.64624037,Oficial,Kennedy,
4870600.83215727,2070455.84446356,Oficial,Kennedy,
4871063.16502531,2067392.06709476,Oficial,Kennedy,
4870888.32699017,2067319.20934965,Oficial,Kennedy,78
4871349.95709354,2070879.2380327,Oficial,Kennedy,244
4875006.27392173,2068681.45477375,Oficial,Kennedy,160
4874962.32124053,2068653.34545008,Oficial,Kennedy,
4873153.43633761,2070589.5414882,Oficial,Kennedy,346
4874124.53147774,2071999.03066175,Oficial,Kennedy,
4873392.40730898,2070866.78697984,Oficial,Kennedy,480
4870588.55178834,2067041.2875059,Oficial,Kennedy,168
4870690.73905586,2067629.33576751,Oficial,Kennedy,
4873192.06764018,2067254.54524931,Oficial,Kennedy,230
4873487.32180554,2066786.02983485,Oficial,Kennedy,
4870555.48775197,2070852.42364761,Oficial,Kennedy,336
4870321.711903,2070902.10077281,Oficial,Kennedy,
4870788.80843657,2070817.79103452,Oficial,Kennedy,
4869921.44800148,2071414.68091257,Oficial,Kennedy,212
4869735.95656712,2071006.06999355,Oficial,Kennedy,184
4870021.56376263,2070253.18133743,Oficial,Kennedy,320
4869664.89069788,2069230.56864502,Oficial,Kennedy,226
4871852.72493386,2071356.02240256,Oficial,Kennedy,654
4870751.31942818,2071726.48141188,Oficial,Kennedy,314
4873640.89549763,2071766.84460232,Oficial,Kennedy,406
4873661.366435,2072208.79475188,Oficial,Kennedy,
4870967.13064018,2071078.22293688,Oficial,Kennedy,282
4869395.94251843,2070392.25555579,Oficial,Kennedy,250
4869767.04739319,2070123.83031613,Oficial,Kennedy,70
4872989.97298447,2070188.04732179,Oficial,Kennedy,58
4874764.76493245,2068808.77292411,Oficial,Kennedy,
4869664.89415904,2068313.08724237,No oficial,Kennedy,90
4871808.7179143,2067080.87937094,No oficial,Kennedy,18
4870004.10128553,2070071.94540137,No oficial,Kennedy,24
4873679.52938183,2071009.58383074,No oficial,Kennedy,108
4872706.36978575,2068748.3371795,No oficial,Kennedy,
4872767.20315238,2070051.1346623,No oficial,Kennedy,14
4872005.56954203,2068523.27357877,No oficial,Kennedy,80
4872405.30198071,2067355.26898238,No oficial,Kennedy,106
4874640.00337641,2069961.91637867,No oficial,Kennedy,40
4871385.70488557,2068834.80014739,No oficial,Kennedy,64
4871730.70433351,2067344.67611122,No oficial,Kennedy,350
4872526.33770676,2069416.20902652,No oficial,Kennedy,124
4874066.96597796,2069305.1894929,No oficial,Kennedy,294
4871974.45266033,2068384.6048292,No oficial,Kennedy,140
4873170.17038806,2066156.99743977,No oficial,Kennedy,84
4874177.49501546,2069350.55626535,No oficial,Kennedy,110
4873108.02437705,2069379.90338161,No oficial,Kennedy,58
4874677.36784784,2067640.98442622,No oficial,Kennedy,46
4872074.26132204,2067770.31958058,No oficial,Kennedy,68
4871033.0119392,2068508.02474827,No oficial,Kennedy,
4873384.74559378,2067679.12820409,No oficial,Kennedy,
4872848.3259345,2068035.54313108,No oficial,Kennedy,156
4874474.10112445,2069099.59843731,No oficial,Kennedy,92
4872000.70420468,2069430.35401231,No oficial,Kennedy,16
4873186.765866,2069624.97888812,No oficial,Kennedy,
4873754.49641939,2066686.91879836,No oficial,Kennedy,80
4871750.27817017,2069002.81324944,No oficial,Kennedy,38
4872901.11783693,2068976.65044198,No oficial,Kennedy,
4873225.1603713,2069149.20286173,No oficial,Kennedy,58
4871098.59673693,2068686.17562775,No oficial,Kennedy,26
4874900.49195054,2069487.35227415,No oficial,Kennedy,
4870003.20759502,2067386.45330052,No oficial,Kennedy,38
4869856.83269735,2067824.58016754,No oficial,Kennedy,24
4870422.05430946,2068040.69814901,No oficial,Kennedy,
4870332.7557965,2068017.13171112,No oficial,Kennedy,54
4870900.87219995,2070311.19695883,No oficial,Kennedy,44
4874111.37729713,2067275.46801387,No oficial,Kennedy,124
4870486.03554174,2067641.13510454,No oficial,Kennedy,82
4870746.31740233,2070460.1651803,No oficial,Kennedy,196
4869883.04727227,2067644.03805567,No oficial,Kennedy,36
4869983.16505087,2068528.54695598,No oficial,Kennedy,66
4870006.32291441,2069038.14776058,No oficial,Kennedy,60
4870310.25349695,2067957.4348135,No oficial,Kennedy,
4870684.44995709,2070572.20724051,No oficial,Kennedy,
4870947.82160131,2070621.70778082,No oficial,Kennedy,66
4872555.91384104,2066467.75097193,No oficial,Kennedy,
4873291.89147248,2070456.86596795,No oficial,Kennedy,
4869694.26977888,2067286.9282857,No oficial,Kennedy,52
4871567.97063096,2070867.41278108,No oficial,Kennedy,
4874128.29757123,2066863.54856527,No oficial,Kennedy,
4872944.49912748,2068540.27663291,No oficial,Kennedy,30
4874094.35682389,2069575.19290712,No oficial,Kennedy,
4874795.82126891,2068375.52420281,No oficial,Kennedy,
4871905.67996762,2067786.32742698,No oficial,Kennedy,78
4875121.63271972,2070222.49096737,No oficial,Kennedy,
4874255.73178254,2072087.63883727,No oficial,Kennedy,
4873684.35041249,2070147.22317048,No oficial,Kennedy,
4871625.86701335,2067568.86492362,No oficial,Kennedy,232
4870704.63286144,2070515.27835009,No oficial,Kennedy,250
4872359.16241125,2069185.63124003,No oficial,Kennedy,90
4871457.16107547,2068311.90072541,No oficial,Kennedy,
4873573.11403788,2066643.49285423,No oficial,Kennedy,50
4869631.29838559,2068006.22995746,No oficial,Kennedy,62
4872766.91770248,2069616.11824527,No oficial,Kennedy,94
4872180.55536803,2066988.35226065,No oficial,Kennedy,78
4870969.92335564,2068610.01099904,No oficial,Kennedy,
4869833.47381045,2067690.79343605,No oficial,Kennedy,
4869651.61030984,2068485.0749313,No oficial,Kennedy,
4873445.49104777,2069754.13539081,No oficial,Kennedy,
4871243.39425634,2070572.30311418,No oficial,Kennedy,64
4872333.62356191,2066947.26734837,No oficial,Kennedy,
4871911.9333242,2069533.99420581,No oficial,Kennedy,
4870896.26881399,2069191.81168819,No oficial,Kennedy,60
4873763.28285392,2071155.97085323,No oficial,Kennedy,160
4869921.71856494,2067430.20946364,No oficial,Kennedy,
4873971.37503833,2071264.1518367,No oficial,Kennedy,110
4870385.72121669,2070068.21383798,No oficial,Kennedy,108
4869347.39281217,2071335.30700105,No oficial,Kennedy,20
4873489.33683904,2071034.78514296,No oficial,Kennedy,82
4874734.9507483,2067844.38923487,No oficial,Kennedy,
4874685.60636404,2070100.44404021,No oficial,Kennedy,
4874087.50761073,2069348.14778846,No oficial,Kennedy,
4873935.22507763,2071184.80733925,No oficial,Kennedy,
4870363.23570269,2067267.72872294,No oficial,Kennedy,28
4870812.9118562,2067926.2476244,No oficial,Kennedy,
4870501.44861145,2067840.47757191,No oficial,Kennedy,
4869580.44002189,2067651.98746308,No oficial,Kennedy,100
4870907.58088728,2070223.93877462,No oficial,Kennedy,68
4873772.97626263,2068583.42110772,No oficial,Kennedy,
4874159.39422834,2071057.59614739,No oficial,Kennedy,
4870058.67258183,2069085.76778159,No oficial,Kennedy,86
4873096.16104135,2067773.4367574,No oficial,Kennedy,
4872785.47731465,2069993.02941906,No oficial,Kennedy,
4873387.33858276,2070190.41670312,No oficial,Kennedy,
4873333.24980408,2068992.59463603,No oficial,Kennedy,
4871416.47425758,2070754.12228293,No oficial,Kennedy,
4873013.64674788,2070564.49278722,No oficial,Kennedy,
4873345.93155924,2068809.73416119,No oficial,Kennedy,
4873208.2083514,2066920.32947452,No oficial,Kennedy,
4871228.166499,2068393.95828445,No oficial,Kennedy,
4869991.78718214,2070824.9744667,No oficial,Kennedy,110
4874159.73045684,2072120.97291989,No oficial,Kennedy,
4869661.12602056,2070893.26020356,No oficial,Kennedy,32
4871899.71712539,2068189.6471343,No oficial,Kennedy,
4872043.05433412,2068951.24365782,No oficial,Kennedy,26
4873011.44818719,2070060.98032866,No oficial,Kennedy,
4870981.26821369,2070327.63431263,No oficial,Kennedy,44
4869903.61686638,2067091.84033262,No oficial,Kennedy,70
4873448.52363603,2069269.67209301,No oficial,Kennedy,
4872354.59179416,2069494.39414334,No oficial,Kennedy,
4872594.15926002,2070193.10979618,No oficial,Kennedy,
4872270.44502083,2067064.85206275,No oficial,Kennedy,
4871080.16447453,2070435.41294464,No oficial,Kennedy,54
4870853.72338188,2067738.8896649,No oficial,Kennedy,
4871636.83479822,2067919.78175009,No oficial,Kennedy,
4874665.09861787,2070166.13392034,No oficial,Kennedy,
4873114.50298938,2066053.51323887,No oficial,Kennedy,
4871057.60261979,2070819.93075298,No oficial,Kennedy,
4870753.45248322,2070293.83104195,No oficial,Kennedy,
4872946.73860141,2066628.06256697,No oficial,Kennedy,
4873771.87905462,2069659.30529045,No oficial,Kennedy,
4874405.38803017,2069419.72267384,No oficial,Kennedy,76
4869353.34347803,2068889.397641,No oficial,Kennedy,70
4871224.72939131,2071095.93415244,No oficial,Kennedy,
4872499.63499417,2071251.02695627,No oficial,Kennedy,32
4870394.01870429,2066956.64143388,No oficial,Kennedy,
4870932.95460532,2070536.12237263,No oficial,Kennedy,
4869275.58190701,2070033.46867018,No oficial,Kennedy,
4873891.30491504,2070358.23558902,No oficial,Kennedy,
4871619.57448108,2070488.60313682,No oficial,Kennedy,
4873305.7262567,2070688.638935,No oficial,Kennedy,44
4874752.6419332,2069621.09873165,No oficial,Kennedy,
4871576.96879122,2070778.20064387,No oficial,Kennedy,
4874210.95799063,2072136.41650851,No oficial,Kennedy,
4870493.13952263,2068852.7460242,No oficial,Kennedy,
4870831.44832814,2070621.55282239,No oficial,Kennedy,
4873464.00032245,2070746.33206723,No oficial,Kennedy,54
4870707.52372148,2067749.6033855,No oficial,Kennedy,
4871492.68862511,2069311.35002414,No oficial,Kennedy,28
4869681.63409913,2067971.36434123,No oficial,Kennedy,38
4873961.68876475,2071036.96999059,No oficial,Kennedy,
4875088.39914985,2068841.11237619,No oficial,Kennedy,
4870234.78519971,2068504.73652552,No oficial,Kennedy,
4872187.35212239,2068589.21313163,No oficial,Kennedy,24
4873388.29177557,2067309.97546378,No oficial,Kennedy,38
4871983.79163843,2068886.36195954,No oficial,Kennedy,86
4872358.68565746,2068605.70191551,No oficial,Kennedy,66
4872173.41092789,2067149.30757223,No oficial,Kennedy,
4870264.97265345,2067966.88306153,No oficial,Kennedy,48
4871625.14345723,2070869.18977844,No oficial,Kennedy,
4872293.18619954,2070045.16529334,No oficial,Kennedy,
4869810.81381684,2067725.43567313,No oficial,Kennedy,
4869804.18070994,2067748.74911189,No oficial,Kennedy,
4870850.36648934,2071394.57242398,No oficial,Kennedy,100
4873479.65741024,2068548.90919558,No oficial,Kennedy,22
4870984.26782604,2068524.72447022,No oficial,Kennedy,44
4873119.17524299,2070814.53228225,No oficial,Kennedy,108
4873051.8795296,2069619.23557043,No oficial,Kennedy,
4874301.78511446,2069778.20066876,No oficial,Kennedy,
4872873.47623859,2071486.81837765,No oficial,Kennedy,
4874907.30226617,2068120.07661378,No oficial,Kennedy,
4869711.8988285,2067146.13581976,No oficial,Kennedy,
4871266.70557706,2071103.0621926,No oficial,Kennedy,
4872867.63043484,2067869.51485273,No oficial,Kennedy,
4873751.32329198,2070888.43717943,No oficial,Kennedy,
4871927.15198568,2068173.59215188,No oficial,Kennedy,
4869622.49790113,2069629.5833042,No oficial,Kennedy,
4870218.40159293,2070250.72850313,No oficial,Kennedy,
4873982.32353218,2069479.50840438,No oficial,Kennedy,78
4872340.41766437,2068863.61260437,No oficial,Kennedy,152
4872390.47363948,2068749.03686059,No oficial,Kennedy,22
4872592.95720532,2071556.41163472,No oficial,Kennedy,6
4871625.14345723,2070869.18977844,No oficial,Kennedy,
4870249.06904136,2070916.84110142,No oficial,Kennedy,68
4869661.12602056,2070893.26020356,No oficial,Kennedy,44
4870469.46126712,2070766.23107527,No oficial,Kennedy,
4873861.12285536,2066704.15932486,No oficial,Kennedy,
4872008.2560686,2068913.08527762,No oficial,Kennedy,46
4870423.10625446,2067880.2921551,No oficial,Kennedy,
4869978.43360171,2068150.61408782,No oficial,Kennedy,
4872005.56954203,2068523.27357877,No oficial,Kennedy,
4873109.24919898,2074164.28438706,Oficial,Fontibon,228
4872568.25324867,2074371.23241794,Oficial,Fontibon,222
4872895.07101675,2074403.87898041,Oficial,Fontibon,
4871420.19187397,2074327.29784791,Oficial,Fontibon,370
4874660.56746527,2072635.57159267,Oficial,Fontibon,138
4874517.93218526,2072125.29454702,Oficial,Fontibon,
4871542.81768675,2076228.24679292,Oficial,Fontibon,262
4871234.54988506,2076621.21372184,Oficial,Fontibon,
4871303.98609428,2076152.14297411,Oficial,Fontibon,
4873695.7725797,2074446.30719799,Oficial,Fontibon,364
4875742.46867188,2074347.84158829,Oficial,Fontibon,
4873795.08156452,2074790.86191331,Oficial,Fontibon,
4873031.39161628,2075982.6295575,Oficial,Fontibon,304
4873826.66993267,2075472.07605983,Oficial,Fontibon,148
4873708.48678118,2075659.30337297,Oficial,Fontibon,
4873831.1271278,2075166.13069766,Oficial,Fontibon,332
4875047.45360153,2075474.42505878,Oficial,Fontibon,
4872785.51654833,2075044.6892345,Oficial,Fontibon,288
4872926.33854531,2075591.83286133,Oficial,Fontibon,
4872174.4796653,2075532.51836408,Oficial,Fontibon,
4872495.93653557,2075665.3379968,Oficial,Fontibon,
4872680.32987751,2076152.83916119,Oficial,Fontibon,126
4875254.65995018,2073595.19926008,No oficial,Fontibon,36
4876118.32848112,2073689.12872386,No oficial,Fontibon,112
4873786.62007098,2074647.83352432,No oficial,Fontibon,212
4875178.6012349,2073680.62902946,No oficial,Fontibon,46
4875963.91720363,2073828.80206225,No oficial,Fontibon,22
4873355.37882468,2075934.14324776,No oficial,Fontibon,104
4875750.7606366,2074158.55873925,No oficial,Fontibon,
4872919.42191485,2075250.43796237,No oficial,Fontibon,
4872130.33955833,2075882.96600975,No oficial,Fontibon,
4873167.96876681,2073877.72986649,No oficial,Fontibon,
4870494.55681509,2077194.55304254,No oficial,Fontibon,
4872895.07101675,2074403.87898041,No oficial,Fontibon,
4876067.3506871,2074146.90656207,No oficial,Fontibon,32
4872438.89458688,2076160.70947428,No oficial,Fontibon,
4873616.2132814,2074566.51338033,No oficial,Fontibon,
4873817.10141525,2074223.1550268,No oficial,Fontibon,
4875847.39122044,2074230.27384749,No oficial,Fontibon,
4876412.24955186,2073692.86623646,No oficial,Fontibon,
4872223.04672342,2075606.62929161,No oficial,Fontibon,
4875702.16782885,2073666.49472884,No oficial,Fontibon,
4872080.21319183,2075118.70198232,No oficial,Fontibon,40
4875504.93754299,2073338.02302272,No oficial,Fontibon,
4876220.82060777,2073632.89302427,No oficial,Fontibon,58
4871856.0805818,2076143.25198283,No oficial,Fontibon,
4876197.16180511,2074020.78167983,No oficial,Fontibon,
4876586.31027367,2072804.41277805,No oficial,Fontibon,
4872373.62972856,2074684.04734315,No oficial,Fontibon,
4876555.03851465,2072534.12061696,No oficial,Fontibon,408
4872337.43838115,2076273.92737353,No oficial,Fontibon,
4875030.14689349,2073893.05142622,No oficial,Fontibon,
4874989.95725471,2073824.31925498,No oficial,Fontibon,
4872448.54052674,2076245.28842828,No oficial,Fontibon,
4876023.6464479,2073702.23175117,No oficial,Fontibon,22
4872862.86221532,2075990.77367922,No oficial,Fontibon,
4875264.9868818,2073821.53976818,No oficial,Fontibon,
4875477.87845891,2073665.91841458,No oficial,Fontibon,
4873594.15277545,2075289.49572641,No oficial,Fontibon,
4872850.33548344,2075081.4728844,No oficial,Fontibon,
4874941.42529146,2073442.40060611,No oficial,Fontibon,
4870613.09758175,2077115.26037792,No oficial,Fontibon,28
4874944.19262638,2073946.87389319,No oficial,Fontibon,
4872949.80885411,2074564.59140256,No oficial,Fontibon,24
4876241.41766908,2073709.23471071,No oficial,Fontibon,
4875972.02706845,2073662.46688909,No oficial,Fontibon,144
4875388.32760818,2073395.86470043,No oficial,Fontibon,
4875701.71154108,2074226.56124169,No oficial,Fontibon,154
4875256.59701945,2073782.52252374,No oficial,Fontibon,
4873653.6668865,2075115.50143843,No oficial,Fontibon,
4875797.51641073,2074297.81188843,No oficial,Fontibon,
4875585.62051868,2073703.51565518,No oficial,Fontibon,
4875299.46122481,2073853.49339139,No oficial,Fontibon,
4872863.97340943,2074263.23301567,No oficial,Fontibon,
4872359.66304008,2074672.14673396,No oficial,Fontibon,
4875975.27299059,2073379.81816925,No oficial,Fontibon,
4873714.72166997,2075139.95025659,No oficial,Fontibon,310
4875997.12419193,2074066.14892013,No oficial,Fontibon,
4873902.14580977,2074248.99848167,No oficial,Fontibon,
4872396.09456763,2074347.09546731,No oficial,Fontibon,
4873428.95287802,2075331.54809116,No oficial,Fontibon,
4873744.57421162,2074648.17957036,No oficial,Fontibon,
4873365.22167829,2074885.32778976,No oficial,Fontibon,130
4873129.38373382,2074457.31382563,No oficial,Fontibon,152
4872953.97974353,2074811.14175968,No oficial,Fontibon,218
4872574.71037925,2074892.92486438,No oficial,Fontibon,54
4873592.23270028,2075026.10333763,No oficial,Fontibon,162
4873902.14690547,2074248.9984799,No oficial,Fontibon,66
4874322.13173001,2075429.74469484,No oficial,Fontibon,164
4873305.23429766,2074608.50103886,No oficial,Fontibon,220
4873239.0909529,2076127.84283349,No oficial,Fontibon,84
4872585.57003709,2075022.81189568,No oficial,Fontibon,
4872885.2143843,2074420.19135166,No oficial,Fontibon,100
4872629.47975745,2075099.69929903,No oficial,Fontibon,
4872810.0478899,2074694.39270097,No oficial,Fontibon,126
4872699.89913748,2075165.38612872,No oficial,Fontibon,
4873423.23693618,2074643.20398233,No oficial,Fontibon,
4877895.61989909,2079430.30850002,Oficial,Engativa,256
4877832.30129907,2079496.04389466,Oficial,Engativa,
4877792.68810867,2074598.63891869,Oficial,Engativa,138
4877861.65127782,2074534.41526848,Oficial,Engativa,
4878043.7238586,2074768.55792735,Oficial,Engativa,
4876743.09953474,2074579.49997123,Oficial,Engativa,
4875628.75393158,2078647.76586993,Oficial,Engativa,340
4877600.06272904,2075868.40811251,Oficial,Engativa,228
4877967.24305953,2075562.18225015,Oficial,Engativa,
4877898.58174902,2075120.60022344,Oficial,Engativa,268
4877568.76789593,2075574.28474672,Oficial,Engativa,
4879985.27086997,2076026.66329072,Oficial,Engativa,294
4880033.15642409,2075710.79908496,Oficial,Engativa,
4878976.57725124,2074938.60911569,Oficial,Engativa,348
4878988.70046788,2075106.60376262,Oficial,Engativa,
4879257.4864988,2075276.97657125,Oficial,Engativa,
4878552.30719795,2074002.3906296,Oficial,Engativa,566
4878752.55619264,2074447.51710903,Oficial,Engativa,
4879158.37394106,2074855.802572,Oficial,Engativa,
4879158.37394106,2074855.802572,Oficial,Engativa,
4877502.80357825,2078358.46104817,Oficial,Engativa,172
4878211.02034486,2078847.76742687,Oficial,Engativa,110
4878498.42134336,2078922.69629283,Oficial,Engativa,
4879098.17897188,2078062.96139693,Oficial,Engativa,150
4877826.27943133,2077361.50605554,Oficial,Engativa,116
4877739.44656569,2076992.46053117,Oficial,Engativa,
4878270.05108516,2076782.45717761,Oficial,Engativa,144
4878626.72720638,2076519.19547917,Oficial,Engativa,
4879470.06934102,2075314.01533259,Oficial,Engativa,
4879311.09896416,2075710.76639466,Oficial,Engativa,58
4876466.79357399,2077223.19562534,Oficial,Engativa,214
4876768.56432427,2076500.58023357,Oficial,Engativa,
4876898.51959551,2077092.14691212,Oficial,Engativa,
4878147.09171933,2078417.77547815,Oficial,Engativa,
4878285.18576337,2077971.40995494,Oficial,Engativa,
4878440.32953372,2077780.81951064,Oficial,Engativa,162
4877625.85264149,2078291.67255174,Oficial,Engativa,242
4877383.6322421,2078108.39320101,Oficial,Engativa,
4879906.08770359,2075961.47646286,Oficial,Engativa,272
4875180.78727229,2078655.09671952,Oficial,Engativa,152
4873098.77617666,2079885.32180602,No oficial,Engativa,92
4876141.99841922,2078594.56559911,Oficial,Engativa,246
4876225.80755222,2078721.63682562,Oficial,Engativa,
4877106.54609851,2077933.02334694,Oficial,Engativa,62
4878763.82000688,2075646.33280322,Oficial,Engativa,136
4878792.82376249,2075449.51156636,Oficial,Engativa,
4878699.712261,2075386.56010477,Oficial,Engativa,
4879509.15817171,2076351.23568628,Oficial,Engativa,158
4878096.57820242,2076135.01883436,Oficial,Engativa,306
4877681.71808353,2076210.65511208,Oficial,Engativa,
4875255.11267651,2077472.25911194,Oficial,Engativa,212
4873182.4758322,2079836.28712337,Oficial,Engativa,272
4880033.15642409,2075710.79908496,Oficial,Engativa,
4874215.48690445,2078345.61841332,Oficial,Engativa,260
4875798.63849343,2078993.37856181,Oficial,Engativa,458
4877046.06656408,2079622.7079571,Oficial,Engativa,354
4877272.74819686,2079550.1004923,Oficial,Engativa,
4874761.00833341,2079226.02631048,Oficial,Engativa,
4874012.50430827,2080225.87944894,Oficial,Engativa,
4878759.70312495,2077127.50849558,Oficial,Engativa,156
4878710.1244929,2077411.13037502,Oficial,Engativa,
4873567.19520426,2079272.65835031,Oficial,Engativa,372
4873448.11687483,2079107.87042863,Oficial,Engativa,
4873846.49807355,2079389.55850931,Oficial,Engativa,
4874252.47496782,2078009.65592244,Oficial,Engativa,200
4873576.28129225,2078466.27483432,Oficial,Engativa,
4875122.67215989,2078356.88536292,Oficial,Engativa,
4878068.11185416,2078709.48069393,Oficial,Engativa,160
4878616.08715843,2078393.36056737,Oficial,Engativa,
4877143.45187697,2077661.58155767,Oficial,Engativa,268
4875674.36283584,2078053.62295017,No oficial,Engativa,170
4877383.75623843,2074867.40191414,No oficial,Engativa,110
4879610.69575663,2075846.53715584,No oficial,Engativa,110
4877671.0198488,2073937.59088137,No oficial,Engativa,202
4878154.49599138,2078326.85468854,No oficial,Engativa,98
4877360.86430296,2073598.70026454,No oficial,Engativa,6
4878844.80077545,2077969.21483984,No oficial,Engativa,44
4878967.66934514,2076119.23291609,No oficial,Engativa,28
4877290.78991578,2073915.85447689,No oficial,Engativa,62
4877191.49623315,2073180.53344819,No oficial,Engativa,352
4879112.96129265,2077323.20534589,No oficial,Engativa,354
4878726.26430762,2078301.37200025,No oficial,Engativa,
4877320.3360618,2074028.56727989,No oficial,Engativa,126
4878606.40351604,2078269.93052741,No oficial,Engativa,96
4876655.36273823,2077583.82779504,No oficial,Engativa,190
4878924.33270471,2073962.62396969,No oficial,Engativa,536
4875847.51893096,2076978.80103298,No oficial,Engativa,124
4879081.63783983,2077939.18813824,No oficial,Engativa,22
4876276.63924432,2078686.01475877,No oficial,Engativa,
4877456.18060152,2076265.28300124,No oficial,Engativa,50
4876041.68564539,2077994.47726918,No oficial,Engativa,40
4876884.55886524,2077915.2469811,No oficial,Engativa,32
4873182.4758322,2079836.28712337,No oficial,Engativa,46
4877777.28135244,2077030.57025632,No oficial,Engativa,134
4878837.3944941,2074793.57398837,No oficial,Engativa,46
4876379.72750804,2078582.87763171,No oficial,Engativa,
4878829.47456342,2075085.41324679,No oficial,Engativa,50
4879112.96129265,2077323.20534589,No oficial,Engativa,54
4878148.8895088,2079248.82286988,No oficial,Engativa,42
4876471.10287869,2079315.04967075,No oficial,Engativa,20
4876840.30710601,2075543.52400658,No oficial,Engativa,
4877503.681102,2075957.22245463,No oficial,Engativa,
4877342.96619934,2075314.11195189,No oficial,Engativa,76
4878951.90115454,2074843.55231369,No oficial,Engativa,
4876388.31419623,2078247.1348778,No oficial,Engativa,52
4876972.10950276,2077007.39968507,No oficial,Engativa,
4876279.75689706,2078202.60716845,No oficial,Engativa,68
4877358.11781322,2076338.05374733,No oficial,Engativa,88
4877188.87187387,2077898.96690273,No oficial,Engativa,46
4877945.3607516,2077023.2429769,No oficial,Engativa,158
4877360.83498663,2073767.81816499,No oficial,Engativa,
4878248.5477946,2074227.81853319,No oficial,Engativa,10
4879236.31976768,2076157.12971524,No oficial,Engativa,
4873313.85870695,2078765.13635557,No oficial,Engativa,32
4876850.22729094,2075396.11198498,No oficial,Engativa,72
4876403.08973796,2079241.68709958,No oficial,Engativa,124
4878193.60317471,2075204.29894593,No oficial,Engativa,24
4877718.60399507,2079357.39527317,No oficial,Engativa,
4878032.80357892,2078974.828527,No oficial,Engativa,
4878123.23936658,2074947.16537407,No oficial,Engativa,
4877522.80727326,2076798.36158785,No oficial,Engativa,
4876703.2073086,2075060.4903785,No oficial,Engativa,
4878537.65994765,2076495.63226046,No oficial,Engativa,264
4877138.60064442,2075619.78450261,No oficial,Engativa,130
4876232.93420652,2079300.77163601,No oficial,Engativa,
4876586.75841613,2079561.62813004,No oficial,Engativa,96
4878775.38407254,2076479.65495382,No oficial,Engativa,
4876369.03886351,2079295.43793324,No oficial,Engativa,
4877223.2793267,2076492.27157483,No oficial,Engativa,
4876514.75504585,2080439.92418105,No oficial,Engativa,
4874680.35154605,2077502.46648389,No oficial,Engativa,52
4877879.88652989,2076122.59191137,No oficial,Engativa,
4875398.67451127,2078248.65279147,No oficial,Engativa,
4876114.92130922,2079973.2888718,No oficial,Engativa,
4873444.75412592,2078560.08984121,No oficial,Engativa,
4879112.96129265,2077323.20534589,No oficial,Engativa,104
4877441.35884462,2079208.76832793,No oficial,Engativa,
4876764.64326718,2074663.69177412,No oficial,Engativa,
4876826.0380492,2077842.78789998,No oficial,Engativa,
4876939.55165183,2076627.639385,No oficial,Engativa,
4877272.43431257,2078295.19177421,No oficial,Engativa,
4875302.47671294,2077829.37636603,No oficial,Engativa,
4876954.62892658,2076102.47442106,No oficial,Engativa,
4875600.66618229,2080383.87427329,No oficial,Engativa,
4876006.11186195,2077830.80927726,No oficial,Engativa,
4875207.06525876,2078200.58300486,No oficial,Engativa,124
4873326.01724782,2079115.9935671,No oficial,Engativa,124
4875577.15880255,2078157.53672418,No oficial,Engativa,
4876308.78742761,2078186.81672938,No oficial,Engativa,
4877322.55792579,2076561.13605342,No oficial,Engativa,
4878359.24598328,2075013.19907677,No oficial,Engativa,
4876516.01289697,2079728.36048746,No oficial,Engativa,442
4875347.4306031,2078104.12315482,No oficial,Engativa,48
4873614.52151569,2079000.90356665,No oficial,Engativa,
4877418.7198376,2077547.22827879,No oficial,Engativa,30
4878581.72250195,2074696.73401061,No oficial,Engativa,
4877738.14993142,2075940.63150821,No oficial,Engativa,
4877633.98760807,2075223.70365906,No oficial,Engativa,
4876724.81029538,2074236.53529932,No oficial,Engativa,
4875559.05387248,2079106.71198232,No oficial,Engativa,60
4877633.21216879,2078542.25403148,No oficial,Engativa,
4876521.80036043,2080324.48110273,No oficial,Engativa,
4874674.56943645,2078007.08364922,No oficial,Engativa,148
4877872.28425537,2078776.19365658,No oficial,Engativa,
4875421.91081126,2077438.93472332,No oficial,Engativa,
4876544.94671686,2080272.53101045,No oficial,Engativa,
4875179.16251942,2078602.69562987,No oficial,Engativa,
4873627.87347756,2078716.63307142,No oficial,Engativa,46
4877390.92382464,2077518.01318284,No oficial,Engativa,
4874650.07959002,2078303.64522556,No oficial,Engativa,
4876489.32608034,2078621.59926336,No oficial,Engativa,52
4876576.80032801,2076806.53380935,No oficial,Engativa,28
4875860.6894977,2080609.02837401,No oficial,Engativa,
4876120.1223303,2079976.63843567,No oficial,Engativa,
4874631.64804723,2077574.19949627,No oficial,Engativa,
4877798.92606375,2076445.90481041,No oficial,Engativa,
4874631.91835435,2078564.86685342,No oficial,Engativa,52
4876590.18949936,2080433.08202322,No oficial,Engativa,
4875334.62419888,2077044.84404238,No oficial,Engativa,
4874059.14211361,2077973.36502605,No oficial,Engativa,38
4875219.3352986,2079434.43479776,No oficial,Engativa,46
4878239.52041912,2075317.49635152,No oficial,Engativa,
4877091.65085076,2074780.48613001,No oficial,Engativa,
4876212.89627474,2079849.65359422,No oficial,Engativa,
4875650.63644497,2078486.08627239,No oficial,Engativa,
4876174.05546297,2078723.23665412,No oficial,Engativa,
4879081.32242749,2076081.46765483,No oficial,Engativa,
4876685.53436408,2078227.99793391,No oficial,Engativa,
4878318.9026649,2078619.34121875,No oficial,Engativa,
4878595.74396086,2077945.57943533,No oficial,Engativa,
4879094.03899722,2077842.26844196,No oficial,Engativa,
4876378.05416269,2079112.47795906,No oficial,Engativa,
4873562.04822582,2079352.57303954,No oficial,Engativa,
4877424.60569368,2073480.81105719,No oficial,Engativa,
4875495.49510039,2077399.37615853,No oficial,Engativa,
4875498.35991707,2078630.0029354,No oficial,Engativa,102
4874556.57150441,2078395.24635262,No oficial,Engativa,
4875376.72091174,2079088.36060455,No oficial,Engativa,
4873731.69398603,2078485.05129885,No oficial,Engativa,
4879278.79353714,2076145.57418605,No oficial,Engativa,
4876887.22361936,2074661.20069893,No oficial,Engativa,66
4878406.25452653,2075602.13545136,No oficial,Engativa,
4875351.34326479,2077855.25285367,No oficial,Engativa,62
4877495.18403951,2076665.14707464,No oficial,Engativa,
4874632.05221193,2077721.24629799,No oficial,Engativa,
4875597.41891338,2079154.35935358,No oficial,Engativa,
4876016.04481055,2077917.57778165,No oficial,Engativa,
4878095.53218164,2077602.86466134,No oficial,Engativa,134
4878152.21562882,2074407.71959726,No oficial,Engativa,
4877501.86190219,2078015.6981498,No oficial,Engativa,42
4877611.97401758,2076727.25122388,No oficial,Engativa,
4873393.38257016,2079158.56065419,No oficial,Engativa,
4874453.39035131,2078356.84431844,No oficial,Engativa,36
4876213.52018516,2079344.00930221,No oficial,Engativa,
4875169.87336222,2079050.53653829,No oficial,Engativa,
4876929.11432603,2074494.02183079,No oficial,Engativa,
4875350.27495745,2079234.45358901,No oficial,Engativa,
4878613.18000862,2075788.89645235,No oficial,Engativa,22
4876516.01289697,2079728.36048746,No oficial,Engativa,212
4876415.29778366,2078751.76459322,No oficial,Engativa,
4879291.16461009,2075303.34059489,No oficial,Engativa,116
4878916.85895596,2075713.25882078,No oficial,Engativa,74
4878038.80957013,2076487.823251,No oficial,Engativa,12
4875429.26987133,2079411.12041932,No oficial,Engativa,
4878049.89750816,2074912.83574699,No oficial,Engativa,
4876099.77722323,2077748.2124562,No oficial,Engativa,
4880001.72822023,2075957.98496555,No oficial,Engativa,
4875376.72091174,2079088.36060455,No oficial,Engativa,26
4874032.95726996,2078675.30157188,No oficial,Engativa,46
4873615.86272419,2078752.43383177,No oficial,Engativa,26
4877984.10462043,2076496.46790505,No oficial,Engativa,220
4876868.78907267,2076665.75745524,No oficial,Engativa,74
4876438.30085347,2079156.24627013,No oficial,Engativa,
4875518.33644371,2078841.18995045,No oficial,Engativa,56
4877333.01232507,2073816.88495654,No oficial,Engativa,
4878430.52456176,2076453.01308647,No oficial,Engativa,150
4876533.01796809,2077002.37486942,No oficial,Engativa,
4878117.27778534,2078109.43916325,No oficial,Engativa,
4876379.37180223,2078025.63788486,No oficial,Engativa,
4876979.91115218,2075988.33976123,No oficial,Engativa,
4874631.91835435,2078564.86685342,No oficial,Engativa,38
4879162.6003847,2075623.37242538,No oficial,Engativa,306
4874603.6806781,2078498.48263085,No oficial,Engativa,
4876911.45602785,2077955.77385124,No oficial,Engativa,
4876330.87846011,2079231.2007913,No oficial,Engativa,
4876471.10287869,2079315.04967075,No oficial,Engativa,
4877608.57014475,2076659.18428759,No oficial,Engativa,78
4878666.49584939,2075645.03888028,No oficial,Engativa,76
4877972.80296342,2077440.02229577,No oficial,Engativa,
4877907.15655314,2078350.70392543,No oficial,Engativa,
4878060.4542657,2077217.88298007,No oficial,Engativa,106
4875164.97373983,2079240.69176042,No oficial,Engativa,92
4876307.58365143,2079403.24286028,No oficial,Engativa,64
4876263.8323086,2079303.4405217,No oficial,Engativa,
4875064.97721836,2079246.74279401,No oficial,Engativa,
4876245.25048468,2077967.63839419,No oficial,Engativa,
4876623.31524144,2078299.28441409,No oficial,Engativa,
4879123.37016115,2074932.74149311,No oficial,Engativa,
4877100.48374526,2082107.63900915,Oficial,Suba,348
4877322.65242631,2081851.46265644,Oficial,Suba,
4880917.34946779,2076989.04835794,Oficial,Suba,
4880533.30314683,2076021.40901004,Oficial,Suba,214
4877780.41499148,2082246.60208361,Oficial,Suba,512
4876895.0667595,2082549.49323957,Oficial,Suba,282
4877518.2023501,2082109.07476348,Oficial,Suba,24
4878142.05420973,2082207.10024048,Oficial,Suba,116
4878123.45036979,2080591.6667906,Oficial,Suba,286
4877921.62828876,2081273.64158313,Oficial,Suba,
4881998.96811899,2079278.65836059,Oficial,Suba,172
4881401.73560957,2079571.09707804,Oficial,Suba,
4878906.11431418,2080283.95078242,Oficial,Suba,330
4879524.23772029,2080485.18945959,Oficial,Suba,
4879512.955031,2080424.82228846,Oficial,Suba,
4883107.24370504,2082939.04804689,Oficial,Suba,
4883044.03416028,2082821.75297002,Oficial,Suba,194
4883793.67942112,2082960.197249,Oficial,Suba,
4878386.97974012,2080791.60253425,Oficial,Suba,282
4878785.7881969,2081324.3636582,Oficial,Suba,
4878316.14641051,2081183.75107056,Oficial,Suba,
4878441.85103094,2081050.44460882,Oficial,Suba,
4876566.46924278,2082257.05805771,Oficial,Suba,194
4875639.778861,2081908.58491742,Oficial,Suba,
4876321.94266423,2082056.46818507,Oficial,Suba,
4876924.40625304,2082661.08291439,Oficial,Suba,
4877239.25162523,2082945.94577822,Oficial,Suba,160
4876660.3635277,2082375.34900083,Oficial,Suba,192
4876579.50197295,2083323.67685062,Oficial,Suba,320
4876302.18703078,2082865.5207833,Oficial,Suba,430
4878644.44039839,2080774.82187727,Oficial,Suba,256
4878462.19861479,2081658.2020784,Oficial,Suba,
4879020.44505639,2080898.00516897,Oficial,Suba,320
4880235.51760472,2082902.24650293,Oficial,Suba,346
4880423.41480644,2082952.02688434,Oficial,Suba,
4880733.77480231,2081643.24066561,Oficial,Suba,
4880706.47420584,2083479.11471317,Oficial,Suba,
4879052.19432373,2083411.39830386,Oficial,Suba,366
4877712.54104726,2082815.26350909,Oficial,Suba,80
4877346.70802356,2083515.17341305,Oficial,Suba,192
4877581.40878186,2083338.37140404,Oficial,Suba,
4878162.17909168,2082839.53475485,Oficial,Suba,
4876622.22589402,2082370.04148068,Oficial,Suba,
4876723.56671143,2081783.95170293,Oficial,Suba,
4879809.56368487,2082009.3154136,Oficial,Suba,142
4879824.72920093,2081682.02137233,Oficial,Suba,
4879366.98445011,2083265.5794607,Oficial,Suba,
4879922.20383276,2082856.08694878,Oficial,Suba,
4883092.48378039,2079304.93602387,Oficial,Suba,200
4882413.84451618,2078916.81106602,Oficial,Suba,
4882781.51957474,2079982.90007917,Oficial,Suba,210
4883120.40048782,2080383.38985205,Oficial,Suba,
4883640.44354615,2083972.30629449,Oficial,Suba,150
4883943.39194552,2084672.4229462,Oficial,Suba,
4879396.62718839,2081018.75963803,Oficial,Suba,176
4878787.65914097,2079952.72934524,Oficial,Suba,
4879301.64600923,2080515.08654915,Oficial,Suba,
4877060.22114686,2081780.42482802,Oficial,Suba,406
4877198.03980055,2081283.6511335,Oficial,Suba,172
4878827.02465094,2081959.18438035,Oficial,Suba,470
4879574.2432074,2083486.05615289,Oficial,Suba,
4878670.27179821,2083265.81621899,Oficial,Suba,
4878756.87338617,2080298.92789702,Oficial,Suba,482
4878841.94835496,2079503.59895457,Oficial,Suba,
4879920.48580492,2080015.4819842,Oficial,Suba,
4879463.2082955,2079727.85984299,Oficial,Suba,138
4879645.12910988,2079702.56491556,Oficial,Suba,
4879350.96365172,2079821.7084513,Oficial,Suba,
4882610.6807742,2080335.85508662,Oficial,Suba,36
4884467.36777637,2088532.379871,No oficial,Suba,18
4883242.79470776,2080210.51187639,No oficial,Suba,
4884406.88714091,2088246.15274239,No oficial,Suba,40
4876733.31846255,2082807.84421149,No oficial,Suba,52
4882484.17410942,2083757.4128767,No oficial,Suba,44
4883963.52122985,2085473.91474038,No oficial,Suba,70
4882531.41996581,2083821.08321999,No oficial,Suba,56
4882810.02242742,2084766.5144071,No oficial,Suba,16
4884044.82616747,2088551.19359187,No oficial,Suba,8
4882779.85280776,2079149.57941594,No oficial,Suba,
4882731.08032971,2084686.25353995,No oficial,Suba,120
4882135.01378413,2082592.29580121,No oficial,Suba,
4881063.08936593,2082823.82055944,No oficial,Suba,84
4879392.97801512,2079992.10690618,No oficial,Suba,148
4882465.04038637,2083313.71707334,No oficial,Suba,50
4879108.08349085,2081462.05461063,No oficial,Suba,80
4875965.53877095,2082445.75616566,No oficial,Suba,40
4878501.68621177,2081419.59766058,No oficial,Suba,38
4882387.11800319,2084198.02399742,No oficial,Suba,28
4883228.72231373,2086285.06342689,No oficial,Suba,102
4879481.27775611,2083781.52202101,No oficial,Suba,10
4882131.61046562,2084581.22584584,No oficial,Suba,34
4881540.60516857,2076484.18729846,No oficial,Suba,
4879592.30166476,2082116.95669397,No oficial,Suba,
4883597.21069502,2083580.10500832,No oficial,Suba,
4882946.50644656,2084849.5974417,No oficial,Suba,48
4883530.81613558,2082575.9595354,No oficial,Suba,
4875332.46870924,2082298.12562561,No oficial,Suba,
4882339.48142598,2084158.4925527,No oficial,Suba,
4882592.62679648,2087623.04997048,No oficial,Suba,
4880419.47007215,2077119.58838534,No oficial,Suba,
4882912.11303778,2080021.02940354,No oficial,Suba,
4878248.61628301,2081303.5087532,No oficial,Suba,
4882660.61595497,2084503.28692786,No oficial,Suba,
4880104.13728372,2083476.15512571,No oficial,Suba,76
4876557.65838028,2082262.734369,No oficial,Suba,26
4876459.37133397,2082490.66014993,No oficial,Suba,736
4877862.08972911,2080992.5486917,No oficial,Suba,162
4879440.77755538,2080902.88046123,No oficial,Suba,48
4882808.99371674,2083129.90896591,No oficial,Suba,26
4877914.71694208,2082769.95803475,No oficial,Suba,
4883103.1769165,2079149.07725508,No oficial,Suba,20
4879290.6495051,2081629.31995002,No oficial,Suba,
4878601.19020672,2080453.74414545,No oficial,Suba,100
4877764.0614455,2082039.08541108,No oficial,Suba,86
4877109.27501806,2082624.49599408,No oficial,Suba,324
4879825.38155023,2083011.1992068,No oficial,Suba,62
4882042.01684908,2077299.53248486,No oficial,Suba,
4878624.41056481,2081588.61915125,No oficial,Suba,
4883425.20661011,2081046.65088739,No oficial,Suba,
4877605.6573231,2082135.89925752,No oficial,Suba,50
4877783.29350301,2082115.78707215,No oficial,Suba,26
4882530.16594741,2077310.3494809,No oficial,Suba,
4877774.89683418,2082640.78637487,No oficial,Suba,48
4884297.96751644,2087753.28473434,No oficial,Suba,
4882707.05013057,2084327.21409683,No oficial,Suba,26
4877992.0608103,2081357.37366013,No oficial,Suba,30
4879093.58027453,2079931.42556846,No oficial,Suba,
4878463.81148032,2081753.37174506,No oficial,Suba,
4884019.33767694,2088263.70427172,No oficial,Suba,20
4882561.22831219,2085011.08310824,No oficial,Suba,102
4878671.89745161,2080855.0823799,No oficial,Suba,
4881928.82905023,2076821.0401606,No oficial,Suba,6
4878325.51641593,2082391.99609069,No oficial,Suba,50
4878225.09030855,2082195.41911337,No oficial,Suba,36
4878259.42596624,2083803.61386542,No oficial,Suba,90
4878797.31144664,2080811.87302793,No oficial,Suba,14
4878151.55877823,2082687.38667057,No oficial,Suba,78
4877655.25440651,2082045.63605719,No oficial,Suba,
4877459.29152572,2082550.52012297,No oficial,Suba,132
4876523.77751344,2083105.21444594,No oficial,Suba,22
4882710.29794024,2082160.36021159,No oficial,Suba,
4875998.2788981,2082578.48429409,No oficial,Suba,34
4882636.4909453,2082763.7082629,No oficial,Suba,28
4878564.21978317,2083706.75211324,No oficial,Suba,194
4876433.53894565,2082066.10772218,No oficial,Suba,60
4879031.03789179,2083149.95077536,No oficial,Suba,128
4882878.00815603,2082746.75712483,No oficial,Suba,
4876036.85063262,2082389.09786855,No oficial,Suba,
4879629.77638799,2083501.14154103,No oficial,Suba,62
4882510.31572475,2083792.69828648,No oficial,Suba,66
4878155.06029786,2081259.73573368,No oficial,Suba,16
4881668.9465584,2079760.12414544,No oficial,Suba,
4879365.45682716,2083357.26332602,No oficial,Suba,30
4879436.32376062,2081312.7500599,No oficial,Suba,
4876301.94122572,2082473.66824295,No oficial,Suba,
4879140.87037541,2080688.44236154,No oficial,Suba,
4882754.24954852,2083253.14622581,No oficial,Suba,54
4878015.20841293,2081675.76319012,No oficial,Suba,82
4879185.75633462,2079429.7484027,No oficial,Suba,
4877813.142809,2081109.01284041,No oficial,Suba,
4882216.14344024,2077300.93216006,No oficial,Suba,
4877133.21330153,2082972.65002476,No oficial,Suba,
4876742.21919134,2083009.23739733,No oficial,Suba,20
4878861.73482285,2082193.55004851,No oficial,Suba,
4876120.43059862,2082616.84326402,No oficial,Suba,
4876550.23811909,2082081.56927237,No oficial,Suba,18
4878079.04554703,2081657.2864563,No oficial,Suba,
4880529.44757812,2077496.50678831,No oficial,Suba,
4880928.44469736,2077470.41851607,No oficial,Suba,26
4881529.46745079,2084678.95911091,No oficial,Suba,
4884276.35874638,2088598.93309872,No oficial,Suba,
4880742.89540639,2083133.78882445,No oficial,Suba,
4876088.84644016,2082689.73082235,No oficial,Suba,
4877522.63828031,2080815.32440237,No oficial,Suba,
4883269.71773997,2080994.64211596,No oficial,Suba,
4878003.99153882,2081352.27390592,No oficial,Suba,10
4878534.55619126,2083699.60781788,No oficial,Suba,126
4879479.15360408,2081099.99549996,No oficial,Suba,
4878043.79955999,2082604.01538442,No oficial,Suba,
4884307.82099782,2087690.67348077,No oficial,Suba,
4879449.96540618,2082406.0908447,No oficial,Suba,
4883117.54919685,2082813.28079988,No oficial,Suba,
4880811.02960648,2081863.47382558,No oficial,Suba,
4876132.21934335,2083196.73798034,No oficial,Suba,
4882657.28376021,2083184.11986966,No oficial,Suba,
4880549.37799403,2079142.8175444,No oficial,Suba,
4884161.20752374,2088650.76399536,No oficial,Suba,210
4879448.11696396,2081818.82824875,No oficial,Suba,330
4884328.69728333,2088398.12566951,No oficial,Suba,
4878771.7877994,2081506.31389975,No oficial,Suba,
4878524.0318263,2080897.80615775,No oficial,Suba,
4879625.04683425,2082187.09914355,No oficial,Suba,
4878023.87749667,2082140.22339248,No oficial,Suba,26
4876889.63555796,2082081.5743332,No oficial,Suba,120
4882127.66624933,2080477.10549501,No oficial,Suba,
4880789.88632671,2083341.0103423,No oficial,Suba,
4883643.5273928,2083602.05810209,No oficial,Suba,
4883652.52003156,2083821.80313097,No oficial,Suba,
4882093.82888157,2076870.39155849,No oficial,Suba,
4878925.93235361,2081282.04083807,No oficial,Suba,
4879643.89281847,2083048.16104636,No oficial,Suba,
4877765.56205807,2081510.23346611,No oficial,Suba,10
4878619.01544664,2081916.54078382,No oficial,Suba,54
4879020.73935966,2083283.61583639,No oficial,Suba,
4879039.86109556,2080579.45502932,No oficial,Suba,98
4882609.30286679,2082209.44864841,No oficial,Suba,
4882551.30099894,2083847.86691269,No oficial,Suba,
4882713.31575847,2079165.90527841,No oficial,Suba,
4880384.24928864,2077065.61683726,No oficial,Suba,
4878773.48268862,2081868.95375112,No oficial,Suba,12
4882798.63377345,2078533.67833711,No oficial,Suba,
4877404.61922075,2081873.25580957,No oficial,Suba,196
4877092.02907664,2082981.09675656,No oficial,Suba,
4881015.34192427,2076978.74229586,No oficial,Suba,
4878018.1690688,2083610.90913054,No oficial,Suba,
4880145.93755473,2083320.90964233,No oficial,Suba,122
4875332.46870924,2082298.12562561,No oficial,Suba,134
4879167.3178076,2081736.6763369,No oficial,Suba,56
4883089.766139,2079769.0498176,No oficial,Suba,
4877995.25211617,2083533.59289388,No oficial,Suba,
4878183.69366629,2083742.16006282,No oficial,Suba,
4882286.50580659,2082984.2786417,No oficial,Suba,28
4879911.56108209,2082168.46950786,No oficial,Suba,
4880981.22524102,2079270.37231079,No oficial,Suba,
4876425.70331397,2082355.34783829,No oficial,Suba,
4881731.08023164,2076348.37524251,No oficial,Suba,
4877974.96438866,2081175.15827021,No oficial,Suba,264
4877342.08984222,2082248.12404033,No oficial,Suba,8
4877278.01345079,2081917.27854339,No oficial,Suba,70
4879780.78099151,2081263.90021546,No oficial,Suba,22
4879668.90097228,2081959.70312319,No oficial,Suba,58
4875965.53877095,2082445.75616566,No oficial,Suba,4
4878670.82473314,2080846.27968667,No oficial,Suba,
4876557.65838028,2082262.734369,No oficial,Suba,24
4877361.3180596,2082126.35127023,No oficial,Suba,12
4883549.48570863,2083843.02430782,No oficial,Suba,
4882343.95266563,2084092.11800733,No oficial,Suba,
4879238.79052178,2079468.66451888,No oficial,Suba,
4877342.08984222,2082248.12404033,No oficial,Suba,
4877783.29350301,2082115.78707215,No oficial,Suba,50
4878811.93526252,2083090.02918404,No oficial,Suba,
4881526.79532751,2079787.85188073,No oficial,Suba,28
4884484.14524765,2087622.56487296,No oficial,Suba,32
4876523.77751344,2083105.21444594,No oficial,Suba,36
4879636.53880154,2083497.91862137,No oficial,Suba,
4883532.38301275,2081621.78598874,No oficial,Suba,138
4879110.51406517,2080215.63488014,No oficial,Suba,80
4881951.51686429,2077445.17141844,No oficial,Suba,26
4878880.11053794,2083545.05793316,No oficial,Suba,
4881002.9119705,2081818.5977406,No oficial,Suba,26
4878373.14701734,2083938.50901021,No oficial,Suba,
4879882.80764846,2082353.6009607,No oficial,Suba,
4879039.86109556,2080579.45502932,No oficial,Suba,
4881144.42028271,2079609.0686785,No oficial,Suba,
4883049.45080265,2083918.41073789,No oficial,Suba,
4879443.30259264,2081952.24344042,No oficial,Suba,
4877538.03331902,2081995.1268331,No oficial,Suba,
4879438.56840637,2081946.67511709,No oficial,Suba,
4881782.08290249,2084841.50673429,No oficial,Suba,
4881962.1049305,2077431.50793641,No oficial,Suba,
4879135.77828553,2081191.55493424,No oficial,Suba,44
4881404.64772552,2082695.56427394,No oficial,Suba,80
4880165.89306333,2083323.04796821,No oficial,Suba,
4882247.27716375,2085163.63032543,No oficial,Suba,56
4881666.76651473,2084222.77446364,No oficial,Suba,
4881869.48380865,2077421.99345603,No oficial,Suba,108
4880238.99183838,2080874.26723432,No oficial,Suba,26
4881668.68595507,2080684.05260034,No oficial,Suba,84
4879891.76344494,2081976.12006505,No oficial,Suba,120
4880071.58300119,2077619.65516867,No oficial,Suba,170
4882981.77432366,2084695.99571626,No oficial,Suba,28
4881122.05032763,2077498.38839804,No oficial,Suba,418
4884314.09404805,2088616.61334109,No oficial,Suba,142
4879255.01103862,2079588.75363753,No oficial,Suba,94
4881249.14336301,2079715.17934861,No oficial,Suba,50
4882552.23805047,2084117.53884708,No oficial,Suba,104
4881778.46467936,2083590.50698257,No oficial,Suba,
4880661.57771461,2079105.306869,No oficial,Suba,
4882512.99787995,2084947.71398422,No oficial,Suba,34
4883261.770271,2081681.40372841,No oficial,Suba,
4879559.86945382,2081162.92048546,No oficial,Suba,98
4880840.2448975,2080966.21635062,No oficial,Suba,126
4882378.79198641,2083693.80464814,No oficial,Suba,
4882534.26573322,2083435.60242065,No oficial,Suba,
4882124.20896486,2084792.64599435,No oficial,Suba,
4881127.51506667,2078288.36244798,No oficial,Suba,
4883506.88465804,2082773.79943297,No oficial,Suba,214
4878133.14163246,2081141.4068395,No oficial,Suba,34
4879110.51406517,2080215.63488014,No oficial,Suba,46
4879818.7403707,2082063.05300782,No oficial,Suba,84
4882203.26388859,2080388.98491408,No oficial,Suba,
4881491.31914774,2079357.76113092,No oficial,Suba,
4879337.13434257,2080292.43613201,No oficial,Suba,96
4882240.38163015,2084293.85104819,No oficial,Suba,60
4882046.85678067,2082845.20673372,No oficial,Suba,126
4880738.35442126,2083565.03634337,No oficial,Suba,22
4880505.41429351,2077374.74211874,No oficial,Suba,
4884336.09821759,2087934.36376028,No oficial,Suba,
4881334.93528321,2079262.88800563,No oficial,Suba,
4882871.67950912,2079425.01634977,No oficial,Suba,
4884297.96751644,2087753.28473434,No oficial,Suba,
4878784.69172424,2081911.69693521,No oficial,Suba,40
4879009.64273561,2079942.53118213,No oficial,Suba,60
4883174.48228798,2078796.51421291,No oficial,Suba,
4878673.58341593,2081567.17660897,No oficial,Suba,84
4879659.90471709,2081312.87769192,No oficial,Suba,76
4878029.43353129,2082185.02188282,No oficial,Suba,506
4879790.01456156,2083030.83502064,No oficial,Suba,88
4882510.77493658,2083322.19916779,No oficial,Suba,
4877615.53007268,2081506.82256379,No oficial,Suba,72
4881801.04794698,2087429.20890409,No oficial,Suba,44
4883198.46365453,2081120.62900045,No oficial,Suba,104
4884226.99323265,2087199.12578102,No oficial,Suba,146
4884116.25406063,2085431.20711989,No oficial,Suba,118
4883228.72231373,2086285.06342689,No oficial,Suba,
4880713.33131367,2080153.4409978,No oficial,Suba,
4883389.98816893,2080660.23299049,No oficial,Suba,
4883127.56164916,2083732.91208461,No oficial,Suba,
4879792.84251219,2082594.72604202,No oficial,Suba,
4884457.08417746,2087247.86447662,No oficial,Suba,
4880220.24791427,2083424.92044747,No oficial,Suba,78
4879854.78376864,2082745.33430235,No oficial,Suba,92
4880719.55855,2082955.79954402,No oficial,Suba,
4881153.85028038,2074410.26024427,Oficial,Barrios Unidos,156
4881322.9369926,2074469.64387345,Oficial,Barrios Unidos,
4881753.81019568,2075754.83054455,Oficial,Barrios Unidos,166
4881739.0619164,2075285.01866116,Oficial,Barrios Unidos,
4882105.35065537,2075689.91319972,Oficial,Barrios Unidos,
4882100.64272193,2075562.64175708,Oficial,Barrios Unidos,
4881838.24916093,2072253.27072205,Oficial,Barrios Unidos,206
4881435.98804373,2072411.33904416,Oficial,Barrios Unidos,
4880139.23861948,2073577.38986119,Oficial,Barrios Unidos,220
4880328.6648702,2074334.06278825,Oficial,Barrios Unidos,
4880208.29955258,2073542.71462962,Oficial,Barrios Unidos,
4880069.80551049,2073631.07662403,Oficial,Barrios Unidos,
4880603.52890266,2074494.35166672,Oficial,Barrios Unidos,80
4880074.62582457,2074490.41373177,Oficial,Barrios Unidos,
4880638.83217962,2074827.59562891,Oficial,Barrios Unidos,
4880731.7615668,2072147.27142314,Oficial,Barrios Unidos,
4880788.91757071,2073044.4900608,Oficial,Barrios Unidos,80
4880998.84669138,2073776.69853461,Oficial,Barrios Unidos,
4880981.1528646,2074324.7145964,Oficial,Barrios Unidos,134
4881107.69773654,2074587.76103705,Oficial,Barrios Unidos,
4881715.93464582,2074234.23728536,Oficial,Barrios Unidos,92
4882090.25133464,2073771.76241458,Oficial,Barrios Unidos,
4880200.4344614,2074780.20785912,Oficial,Barrios Unidos,212
4880220.95522797,2074883.17429593,Oficial,Barrios Unidos,
4881765.42011864,2075297.12686031,No oficial,Barrios Unidos,
4880535.46837296,2074404.93133745,No oficial,Barrios Unidos,70
4881315.09394504,2073431.89308483,No oficial,Barrios Unidos,88
4880246.47594597,2073297.50114129,No oficial,Barrios Unidos,228
4882065.71124967,2075245.40172206,No oficial,Barrios Unidos,
4881069.57515433,2072939.85591798,No oficial,Barrios Unidos,94
4882030.04856414,2073734.54248216,No oficial,Barrios Unidos,60
4881375.81173479,2073116.28704366,No oficial,Barrios Unidos,
4880582.17570755,2072168.06151143,No oficial,Barrios Unidos,
4881113.36325649,2073489.97258819,No oficial,Barrios Unidos,70
4881831.12267571,2072634.56828128,No oficial,Barrios Unidos,62
4882209.60309684,2073795.48535083,No oficial,Barrios Unidos,32
4880433.44636023,2074228.64953949,No oficial,Barrios Unidos,18
4882348.45396263,2074095.27559775,No oficial,Barrios Unidos,
4882298.99109695,2075115.68032137,No oficial,Barrios Unidos,40
4881452.97203527,2075985.36159517,No oficial,Barrios Unidos,
4881439.88964725,2072037.51787276,No oficial,Barrios Unidos,
4882090.41437551,2073018.77658768,No oficial,Barrios Unidos,22
4880786.36014788,2073905.19371349,No oficial,Barrios Unidos,34
4879350.21469228,2074308.67509199,Oficial,Barrios Unidos,50
4882402.59197837,2074002.97009387,No oficial,Barrios Unidos,40
4882246.08091448,2075245.58509522,No oficial,Barrios Unidos,34
4881245.3870703,2073424.89268685,No oficial,Barrios Unidos,
4881992.47120416,2072413.03333522,No oficial,Barrios Unidos,
4882137.32875001,2072490.54717385,No oficial,Barrios Unidos,18
4882141.99946986,2072682.14187251,No oficial,Barrios Unidos,18
4880407.56189144,2073396.36578356,No oficial,Barrios Unidos,
4879740.91095686,2074191.88948835,No oficial,Barrios Unidos,
4881119.37399966,2075990.63341293,No oficial,Barrios Unidos,
4882200.43252507,2072847.81977421,No oficial,Barrios Unidos,108
4880352.95847851,2074774.82280686,No oficial,Barrios Unidos,
4879781.9173977,2074532.48827921,No oficial,Barrios Unidos,
4880371.73731918,2073122.54178436,No oficial,Barrios Unidos,
4881596.25987673,2072314.7052725,No oficial,Barrios Unidos,30
4881596.25987673,2072314.7052725,No oficial,Barrios Unidos,
4880524.56266702,2073672.55383499,No oficial,Barrios Unidos,
4882145.29849065,2075284.93928282,No oficial,Barrios Unidos,
4881903.4768854,2073358.05578671,No oficial,Barrios Unidos,
4882271.78926427,2074307.37428115,No oficial,Barrios Unidos,
4880280.96847107,2070227.3386699,No oficial,Teusaquillo,102
4881761.45730149,2071296.14742219,Oficial,Teusaquillo,230
4880066.18583597,2069669.92810334,Oficial,Teusaquillo,
4880015.39854666,2071556.82857897,No oficial,Teusaquillo,50
4880894.61098045,2070596.20649506,Oficial,Teusaquillo,174
4880920.31715661,2068427.87570742,No oficial,Teusaquillo,28
4880369.93364264,2069668.2253167,No oficial,Teusaquillo,40
4879086.34310938,2071652.89367817,No oficial,Teusaquillo,98
4881048.33884907,2068310.91380987,No oficial,Teusaquillo,44
4881682.73371513,2071092.8603971,No oficial,Teusaquillo,26
4880639.95973053,2070127.70909197,No oficial,Teusaquillo,82
4880932.98565071,2070177.28908671,No oficial,Teusaquillo,334
4880617.23535412,2069143.14017514,No oficial,Teusaquillo,62
4881082.57364754,2068842.89820632,No oficial,Teusaquillo,16
4880781.17096747,2071991.85371668,No oficial,Teusaquillo,136
4881105.22515903,2070791.66208783,No oficial,Teusaquillo,
4879299.32664386,2069311.34834072,No oficial,Teusaquillo,26
4881680.35135073,2071686.43161849,No oficial,Teusaquillo,106
4881252.35461474,2069675.9614763,No oficial,Teusaquillo,198
4881052.30124674,2069474.19128783,No oficial,Teusaquillo,
4881682.73371513,2071092.8603971,No oficial,Teusaquillo,6
4880109.55861578,2072052.77490927,No oficial,Teusaquillo,14
4880417.04725912,2070311.37603514,No oficial,Teusaquillo,
4880538.02674095,2069793.75216366,No oficial,Teusaquillo,
4879684.5877942,2072112.36069996,No oficial,Teusaquillo,
4878354.62099379,2070458.08435406,No oficial,Teusaquillo,106
4880659.26450805,2069737.54943076,No oficial,Teusaquillo,
4881128.16667643,2071457.00143172,No oficial,Teusaquillo,
4881528.71630623,2070169.90003038,No oficial,Teusaquillo,88
4880190.04920591,2069701.61900609,No oficial,Teusaquillo,
4879449.09392946,2071368.52502297,No oficial,Teusaquillo,
4881056.7740641,2069129.54605523,No oficial,Teusaquillo,22
4880536.26826943,2069813.63590566,No oficial,Teusaquillo,
4878845.11228943,2069897.26383467,No oficial,Teusaquillo,
4879828.6438382,2069331.88298403,No oficial,Teusaquillo,268
4879148.57832608,2071833.94812396,No oficial,Teusaquillo,
4880606.62797325,2070930.61998205,No oficial,Teusaquillo,
4878997.94289017,2071806.83668051,No oficial,Teusaquillo,
4881108.46651515,2071583.52555518,No oficial,Teusaquillo,
4881119.31347524,2070181.93187907,No oficial,Teusaquillo,
4879921.08924273,2071563.47797627,No oficial,Teusaquillo,
4878580.25754277,2069695.56837564,No oficial,Teusaquillo,
4881219.53149711,2071311.72547661,No oficial,Teusaquillo,30
4881183.84504443,2071445.93164284,No oficial,Teusaquillo,84
4881699.5408144,2071791.16954514,No oficial,Teusaquillo,426
4879951.99237743,2069938.69011461,No oficial,Teusaquillo,
4881270.61072486,2068936.28734682,No oficial,Teusaquillo,18
4879674.483602,2071792.38820211,No oficial,Teusaquillo,
4880113.8020906,2071645.35838262,No oficial,Teusaquillo,
4878515.4816342,2070129.68856339,No oficial,Teusaquillo,52
4881017.2478828,2070875.14923432,No oficial,Teusaquillo,108
4881925.44027805,2071816.01447087,No oficial,Teusaquillo,18
4881573.36927688,2070097.93040459,No oficial,Teusaquillo,
4881774.01671773,2070949.70141197,No oficial,Teusaquillo,144
4881753.49658721,2071328.41707314,No oficial,Teusaquillo,68
4881774.01671773,2070949.70141197,No oficial,Teusaquillo,
4878894.15919747,2065769.45838221,Oficial,Los Martires,118
4878495.23195237,2066036.63087063,Oficial,Los Martires,
4880309.47995199,2068059.5310262,Oficial,Los Martires,68
4879896.60960943,2068421.4285487,Oficial,Los Martires,
4878889.81697651,2065745.76894978,Oficial,Los Martires,88
4878664.44518895,2065985.30083826,Oficial,Los Martires,
4879363.29114102,2067304.70624253,Oficial,Los Martires,210
4879361.63942516,2067253.5436688,Oficial,Los Martires,
4880036.65059557,2067020.39309002,Oficial,Los Martires,340
4879594.08286299,2066994.05671462,Oficial,Los Martires,36
4878841.80087379,2065738.21352062,Oficial,Los Martires,238
4877650.25528997,2065969.10391311,Oficial,Los Martires,
4880383.73186677,2068931.71883408,Oficial,Los Martires,100
4878698.08928751,2067068.65862141,Oficial,Los Martires,188
4878617.53022339,2067514.95509705,Oficial,Los Martires,
4878639.73965642,2067432.42192499,No oficial,Los Martires,98
4879763.98447789,2068804.14608662,No oficial,Los Martires,
4878520.46583885,2066579.44604458,No oficial,Los Martires,64
4878897.90508895,2067753.71286455,No oficial,Los Martires,188
4878974.64451692,2065771.29841511,No oficial,Los Martires,50
4880130.63379061,2067717.95507326,No oficial,Los Martires,226
4878263.80452301,2066192.08491753,No oficial,Los Martires,
4878758.66818555,2065851.56142891,No oficial,Los Martires,
4879211.10518699,2066591.24947798,No oficial,Los Martires,
4877560.36121443,2066107.11287255,No oficial,Los Martires,66
4878146.31976421,2066509.25077359,No oficial,Los Martires,28
4879898.26247746,2067953.98735887,No oficial,Los Martires,
4879014.53999992,2066089.30453062,No oficial,Los Martires,
4878600.42577645,2067334.26486075,No oficial,Los Martires,
4879053.53512075,2067902.65262104,No oficial,Los Martires,22
4878540.54963336,2066483.08887048,No oficial,Los Martires,
4880367.79404564,2068565.9735067,No oficial,Los Martires,
4878803.49027402,2066877.33462345,No oficial,Los Martires,
4877341.7259878,2066245.44744645,No oficial,Los Martires,24
4877648.10072828,2066292.43163357,No oficial,Los Martires,
4877907.23458943,2064968.31999511,Oficial,Antonio Narino,270
4877699.40447189,2065159.87156913,Oficial,Antonio Narino,
4878737.84239817,2065427.46904665,Oficial,Antonio Narino,
4878363.43002505,2064753.46562335,Oficial,Antonio Narino,274
4878751.99552999,2064860.65234341,Oficial,Antonio Narino,
4877520.72165501,2065765.52448496,Oficial,Antonio Narino,368
4878312.56175114,2065616.86235643,Oficial,Antonio Narino,
4876926.88858202,2065727.4970321,Oficial,Antonio Narino,
4876874.28535454,2065261.15134053,Oficial,Antonio Narino,138
4876489.50841309,2065401.26241964,Oficial,Antonio Narino,
4879314.1923742,2064850.07027072,Oficial,Antonio Narino,122
4877975.05156003,2065250.55209902,No oficial,Antonio Narino,92
4878300.44146355,2065154.46873283,No oficial,Antonio Narino,42
4876515.60982411,2065159.28767068,No oficial,Antonio Narino,172
4878955.60854264,2064942.56808137,No oficial,Antonio Narino,
4878401.95397141,2064426.10869718,No oficial,Antonio Narino,68
4876607.8055231,2065319.88348919,No oficial,Antonio Narino,62
4877171.41086399,2065927.3455748,No oficial,Antonio Narino,46
4878178.0688827,2064412.1976034,No oficial,Antonio Narino,
4878695.95576969,2065323.70490173,No oficial,Antonio Narino,
4878303.94831476,2064616.08738714,No oficial,Antonio Narino,62
4875548.78963756,2065609.66775316,No oficial,Antonio Narino,178
4876367.14440694,2065225.22086699,No oficial,Antonio Narino,
4878096.8435744,2064321.51004307,No oficial,Antonio Narino,
4875741.97961269,2065545.01796792,No oficial,Antonio Narino,
4878920.41105207,2065172.47182965,No oficial,Antonio Narino,56
4878533.62319578,2065408.32143874,No oficial,Antonio Narino,
4878200.37259179,2064541.03068679,No oficial,Antonio Narino,
4878865.40986288,2064662.79916314,No oficial,Antonio Narino,
4878945.40597351,2064503.58839242,No oficial,Antonio Narino,
4878318.30924918,2064004.8546483,No oficial,Antonio Narino,
4876276.32405826,2065666.99556379,No oficial,Antonio Narino,
4877831.82596277,2064653.36775141,No oficial,Antonio Narino,52
4878497.64666043,2065175.37914496,No oficial,Antonio Narino,
4878355.78821218,2064740.51084586,Oficial,Antonio Narino,314
4878909.11953901,2065044.44314892,No oficial,Antonio Narino,
4878796.01833302,2065099.7326524,No oficial,Antonio Narino,204
4877671.20557248,2064433.12284548,No oficial,Antonio Narino,62
4875591.90242151,2065680.69201175,No oficial,Antonio Narino,
4877647.1522267,2065411.13144829,No oficial,Antonio Narino,
4876844.09377709,2065397.72808855,No oficial,Antonio Narino,8
4875763.42918908,2067085.71150494,Oficial,Puente Aranda,158
4875402.02345772,2066164.70374231,Oficial,Puente Aranda,
4875498.41309049,2066276.70154021,Oficial,Puente Aranda,
4877884.98871883,2068861.41733024,Oficial,Puente Aranda,332
4876661.83701846,2069696.47354294,Oficial,Puente Aranda,164
4875641.87119687,2069046.63996436,Oficial,Puente Aranda,
4876148.36590934,2069377.05954671,Oficial,Puente Aranda,
4874668.95902635,2066323.10669098,Oficial,Puente Aranda,360
4874668.95902635,2066323.10669098,Oficial,Puente Aranda,
4876375.63748984,2067511.38767872,Oficial,Puente Aranda,178
4877003.0886055,2068106.46245623,Oficial,Puente Aranda,
4878806.75114928,2068797.81444219,Oficial,Puente Aranda,62
4879194.35529336,2068880.27362535,Oficial,Puente Aranda,
4875382.04214606,2066768.62425539,Oficial,Puente Aranda,294
4875027.90748082,2066610.75326417,Oficial,Puente Aranda,
4875658.72541192,2066548.52537251,Oficial,Puente Aranda,
4877059.61607094,2069933.60355547,Oficial,Puente Aranda,28
4877108.56628466,2069990.98364309,Oficial,Puente Aranda,
4876019.40552181,2070092.02778031,Oficial,Puente Aranda,40
4876613.12290386,2066155.90525889,Oficial,Puente Aranda,62
4877004.21101938,2066588.39088872,Oficial,Puente Aranda,
4877243.9696049,2066693.46302294,Oficial,Puente Aranda,
4875167.36954029,2067448.14155873,Oficial,Puente Aranda,122
4874978.91682166,2067347.4866478,Oficial,Puente Aranda,
4874234.88312055,2066353.37765368,Oficial,Puente Aranda,
4874626.56855674,2066367.03330274,Oficial,Puente Aranda,
4874761.94440278,2066615.45212998,Oficial,Puente Aranda,178
4876561.53700603,2068932.23814604,Oficial,Puente Aranda,286
4876555.41566327,2068572.37834441,Oficial,Puente Aranda,
4875514.48171942,2068352.14501123,Oficial,Puente Aranda,116
4875906.60792957,2067659.43585119,Oficial,Puente Aranda,212
4876055.76770491,2067727.7254778,Oficial,Puente Aranda,
4875988.27103776,2068848.99137692,No oficial,Puente Aranda,22
4876114.11530068,2067148.7188207,No oficial,Puente Aranda,
4874751.20649519,2066257.19743167,No oficial,Puente Aranda,284
4876836.57045078,2067541.83114831,No oficial,Puente Aranda,158
4875842.36664102,2068722.9603961,No oficial,Puente Aranda,138
4875726.39975422,2066088.49885408,No oficial,Puente Aranda,
4877442.58270523,2066672.88245944,No oficial,Puente Aranda,
4875906.16152688,2068659.90901897,No oficial,Puente Aranda,190
4875028.31441414,2066208.00142277,No oficial,Puente Aranda,66
4877008.61583931,2067472.83405043,No oficial,Puente Aranda,68
4877308.59035041,2066699.20925655,No oficial,Puente Aranda,60
4874942.50045492,2067216.59301061,No oficial,Puente Aranda,102
4876655.02217188,2068696.89309546,No oficial,Puente Aranda,70
4876472.38883299,2066914.09888895,No oficial,Puente Aranda,62
4875803.40916518,2066466.01710925,No oficial,Puente Aranda,44
4876282.76683345,2067059.88057269,No oficial,Puente Aranda,124
4877256.48341495,2066285.22392224,No oficial,Puente Aranda,54
4876262.35387053,2067150.91116884,No oficial,Puente Aranda,
4876440.61027282,2068329.95516728,No oficial,Puente Aranda,
4877921.95404766,2067265.57262212,No oficial,Puente Aranda,168
4874875.15301029,2066608.73030184,No oficial,Puente Aranda,
4875172.04150073,2068125.24936048,No oficial,Puente Aranda,
4874795.84482934,2067106.50337699,No oficial,Puente Aranda,
4877162.74637446,2067980.76524029,No oficial,Puente Aranda,74
4876532.20753351,2068295.71136497,No oficial,Puente Aranda,
4876511.90287209,2066915.52204421,No oficial,Puente Aranda,66
4877041.15253715,2068991.2502341,No oficial,Puente Aranda,
4875062.91981353,2068001.18302054,No oficial,Puente Aranda,
4874842.90617557,2066688.37123967,No oficial,Puente Aranda,94
4876234.66716469,2069057.98531981,No oficial,Puente Aranda,42
4876869.01059675,2067016.55135023,No oficial,Puente Aranda,
4875227.04624786,2066462.88653749,No oficial,Puente Aranda,
4876124.50726349,2066779.74364269,No oficial,Puente Aranda,
4877176.84260354,2066368.11772208,No oficial,Puente Aranda,
4875513.19809483,2068057.16799774,No oficial,Puente Aranda,
4876135.25076676,2068059.89976783,No oficial,Puente Aranda,56
4876143.84764423,2067560.89843143,No oficial,Puente Aranda,
4877556.94661806,2066520.34416636,No oficial,Puente Aranda,104
4876891.4519275,2068723.59492516,No oficial,Puente Aranda,
4876785.71625665,2067828.77867308,No oficial,Puente Aranda,
4875760.64511453,2069163.06205245,No oficial,Puente Aranda,60
4876193.59222502,2068337.99826904,No oficial,Puente Aranda,
4874495.02213386,2066394.96310934,No oficial,Puente Aranda,
4874334.40164232,2066160.47307127,No oficial,Puente Aranda,
4875037.78048981,2066079.3102517,No oficial,Puente Aranda,
4875810.68704951,2066382.46855878,No oficial,Puente Aranda,
4877111.92361049,2066359.74724555,No oficial,Puente Aranda,66
4876216.0450957,2067788.01247143,No oficial,Puente Aranda,
4876404.73996029,2067148.56018454,No oficial,Puente Aranda,
4875160.94395137,2067656.35971218,No oficial,Puente Aranda,
4875741.67479016,2066320.56793105,No oficial,Puente Aranda,114
4877828.67831584,2066942.08844305,No oficial,Puente Aranda,
4875566.2351487,2067992.4028224,No oficial,Puente Aranda,
4875825.43955602,2066284.82960563,No oficial,Puente Aranda,
4876307.53295245,2068237.81335387,No oficial,Puente Aranda,
4877125.16686734,2066401.99841434,No oficial,Puente Aranda,
4876097.00763289,2066085.89075869,No oficial,Puente Aranda,
4875584.50888145,2068317.17882607,No oficial,Puente Aranda,
4877110.34890121,2066361.20454646,No oficial,Puente Aranda,16
4874699.29248932,2066735.15155761,No oficial,Puente Aranda,
4876252.21842426,2068346.7486564,No oficial,Puente Aranda,
4875719.3686359,2066300.41402332,No oficial,Puente Aranda,30
4881438.14006335,2066189.37260966,Oficial,La Candelaria,168
4881225.19790843,2065899.56850246,Oficial,La Candelaria,
4881579.77442504,2066550.79334493,Oficial,La Candelaria,
4881357.21549759,2065602.0438655,Oficial,La Candelaria,124
4880761.35693768,2065397.75102058,No oficial,La Candelaria,
4881353.15249967,2066356.42939054,No oficial,La Candelaria,
4881179.52734353,2066070.63436689,No oficial,La Candelaria,86
4880958.350633,2065849.27945235,No oficial,La Candelaria,22
4880685.2201129,2066046.97785414,No oficial,La Candelaria,296
4880993.79299266,2066133.12059449,No oficial,La Candelaria,64
4881034.87689699,2066162.49422389,No oficial,La Candelaria,46
4880817.93467639,2065813.30999855,No oficial,La Candelaria,116
4880851.8766461,2065636.39689734,No oficial,La Candelaria,
4881024.3295515,2065950.35051114,No oficial,La Candelaria,16
4880946.12061038,2065468.40749437,No oficial,La Candelaria,
4881615.19861124,2066432.31880831,No oficial,La Candelaria,
4880935.46622338,2065643.09698814,No oficial,La Candelaria,60
4880319.54369663,2065649.6083954,No oficial,La Candelaria,
4880938.14061486,2065634.68426984,No oficial,La Candelaria,68
4875721.42353287,2064107.07666032,Oficial,Rafael Uribe Uribe,488
4875435.20532241,2064532.79213102,Oficial,Rafael Uribe Uribe,
4875891.97289389,2063717.29540364,Oficial,Rafael Uribe Uribe,
4875735.41958509,2064332.51901038,Oficial,Rafael Uribe Uribe,
4876273.89498821,2062734.08090978,Oficial,Rafael Uribe Uribe,272
4876215.99011531,2062794.64232461,Oficial,Rafael Uribe Uribe,
4875632.04991357,2062935.73544689,Oficial,Rafael Uribe Uribe,
4877601.83857101,2064268.61047467,Oficial,Rafael Uribe Uribe,792
4875919.30079715,2064163.3243048,Oficial,Rafael Uribe Uribe,242
4876109.15309107,2064148.36114695,Oficial,Rafael Uribe Uribe,166
4875769.24312459,2064708.94679302,Oficial,Rafael Uribe Uribe,90
4874942.15858174,2064830.82586919,Oficial,Rafael Uribe Uribe,
4875884.1288691,2064625.61734751,Oficial,Rafael Uribe Uribe,
4876465.4328317,2060587.21311234,Oficial,Rafael Uribe Uribe,316
4876663.68951906,2060574.08051213,Oficial,Rafael Uribe Uribe,
4875219.53535824,2064036.63760628,Oficial,Rafael Uribe Uribe,52
4875139.11775106,2063922.11602187,Oficial,Rafael Uribe Uribe,234
4874915.6920107,2064520.36619374,Oficial,Rafael Uribe Uribe,
4876223.46997531,2064657.14233462,Oficial,Rafael Uribe Uribe,222
4876069.94690956,2065095.02194758,Oficial,Rafael Uribe Uribe,
4876565.45730188,2064904.71484653,Oficial,Rafael Uribe Uribe,
4876858.65243022,2064086.74696297,Oficial,Rafael Uribe Uribe,80
4877043.31339877,2063795.43410583,Oficial,Rafael Uribe Uribe,216
4877001.54923768,2064591.17645732,Oficial,Rafael Uribe Uribe,102
4877001.84060286,2064849.64643296,Oficial,Rafael Uribe Uribe,
4875724.57569977,2063293.72456605,Oficial,Rafael Uribe Uribe,174
4875804.72114919,2063226.89221915,Oficial,Rafael Uribe Uribe,
4875336.73961985,2062533.80330865,Oficial,Rafael Uribe Uribe,
4877099.95797311,2062486.00186042,Oficial,Rafael Uribe Uribe,124
4877118.89224984,2064069.14838538,Oficial,Rafael Uribe Uribe,154
4877740.25984293,2063882.01137454,Oficial,Rafael Uribe Uribe,
4878365.83023357,2064597.92714711,Oficial,Antonio Narino,
4876684.17592976,2061761.13109492,Oficial,Rafael Uribe Uribe,216
4876220.36581589,2061933.82605535,Oficial,Rafael Uribe Uribe,
4875715.4083393,2062182.2356307,Oficial,Rafael Uribe Uribe,
4876940.78128272,2060108.18150988,Oficial,Rafael Uribe Uribe,
4877876.66493732,2062909.32355155,Oficial,Rafael Uribe Uribe,792
4877441.6329223,2064653.60847258,Oficial,Rafael Uribe Uribe,60
4876392.77902737,2064256.80681579,Oficial,Rafael Uribe Uribe,176
4876909.63653213,2063408.53364691,Oficial,Rafael Uribe Uribe,84
4876600.23211942,2063559.73350195,Oficial,Rafael Uribe Uribe,
4876240.8395643,2063249.0681999,Oficial,Rafael Uribe Uribe,
4876979.1292635,2062875.1240838,Oficial,Rafael Uribe Uribe,
4876248.26220724,2063564.00809036,Oficial,Rafael Uribe Uribe,
4876901.81784475,2060594.61127834,Oficial,Rafael Uribe Uribe,154
4877172.11081378,2060353.63938559,Oficial,Rafael Uribe Uribe,
4876031.30454697,2061448.13687849,Oficial,Rafael Uribe Uribe,648
4876161.88137109,2060157.13003984,Oficial,Rafael Uribe Uribe,
4876538.64615324,2060264.80165467,Oficial,Rafael Uribe Uribe,
4876107.88425904,2063515.49305298,Oficial,Rafael Uribe Uribe,192
4877172.76549746,2061251.3021593,Oficial,Rafael Uribe Uribe,188
4876307.3170587,2061889.88799154,Oficial,Rafael Uribe Uribe,208
4875578.67166207,2062992.24771125,No oficial,Rafael Uribe Uribe,72
4877600.39679893,2063031.08507358,No oficial,Rafael Uribe Uribe,202
4878046.11831647,2063111.95204731,No oficial,Rafael Uribe Uribe,104
4875829.39217878,2063049.71868087,No oficial,Rafael Uribe Uribe,46
4878430.5206914,2063656.29799371,No oficial,Rafael Uribe Uribe,72
4877032.79149468,2064365.35510583,No oficial,Rafael Uribe Uribe,144
4876586.25005562,2064695.90931401,No oficial,Rafael Uribe Uribe,64
4878245.2706316,2063959.99947241,No oficial,Rafael Uribe Uribe,116
4875699.35445359,2064199.95325597,No oficial,Rafael Uribe Uribe,186
4876530.69816028,2064371.83153259,No oficial,Rafael Uribe Uribe,94
4877570.15616681,2063677.51336412,No oficial,Rafael Uribe Uribe,72
4874952.02632386,2064677.19266215,No oficial,Rafael Uribe Uribe,132
4876511.91091904,2063385.41197782,No oficial,Rafael Uribe Uribe,
4875470.93800072,2063717.31703216,No oficial,Rafael Uribe Uribe,54
4877540.55090301,2063130.84053261,No oficial,Rafael Uribe Uribe,88
4876577.59991503,2063895.41527121,No oficial,Rafael Uribe Uribe,
4878137.65031624,2063541.13583842,No oficial,Rafael Uribe Uribe,
4876844.43548674,2061503.75048127,No oficial,Rafael Uribe Uribe,
4876990.55531558,2060729.10659172,No oficial,Rafael Uribe Uribe,32
4877341.12879057,2061252.01591155,No oficial,Rafael Uribe Uribe,124
4877588.9801035,2062991.63817145,No oficial,Rafael Uribe Uribe,
4878137.80092313,2063996.7343791,No oficial,Rafael Uribe Uribe,18
4876696.32135526,2060040.90934845,No oficial,Rafael Uribe Uribe,14
4875906.61175189,2061387.82283794,No oficial,Rafael Uribe Uribe,
4876584.37777092,2063849.44046527,No oficial,Rafael Uribe Uribe,
4876817.70264525,2061662.97525487,No oficial,Rafael Uribe Uribe,80
4876736.51295178,2061346.78913075,No oficial,Rafael Uribe Uribe,46
4878350.26572479,2063917.73787509,No oficial,Rafael Uribe Uribe,4
4875129.58087694,2065394.83401777,No oficial,Rafael Uribe Uribe,
4874788.58176205,2063974.94257666,No oficial,Tunjuelito,88
4875807.40701647,2061554.9898653,No oficial,Rafael Uribe Uribe,
4875715.25926316,2064891.33687698,No oficial,Rafael Uribe Uribe,
4875114.50375813,2065085.67877971,No oficial,Rafael Uribe Uribe,
4877103.95689596,2061018.58410913,No oficial,Rafael Uribe Uribe,6
4878385.90421413,2063491.6629778,No oficial,Rafael Uribe Uribe,
4877999.57229085,2064093.45101694,No oficial,Rafael Uribe Uribe,64
4875820.53769624,2064327.50479007,No oficial,Rafael Uribe Uribe,
4877103.23920245,2060690.43043704,No oficial,Rafael Uribe Uribe,84
4876899.62002984,2064769.76806369,No oficial,Rafael Uribe Uribe,
4876415.52345149,2061444.64825058,No oficial,Rafael Uribe Uribe,26
4875729.32524059,2061869.10905135,No oficial,Rafael Uribe Uribe,24
4876843.93345125,2060050.65658702,No oficial,Rafael Uribe Uribe,
4875181.92939,2064720.56742111,No oficial,Rafael Uribe Uribe,62
4878158.21414387,2063680.94031736,No oficial,Rafael Uribe Uribe,
4875381.5044134,2063619.72534081,No oficial,Rafael Uribe Uribe,226
4876210.10992004,2064217.52714483,No oficial,Rafael Uribe Uribe,50
4876712.63149287,2061611.75386396,No oficial,Rafael Uribe Uribe,42
4875878.55748235,2065030.39097536,No oficial,Rafael Uribe Uribe,
4877166.88286378,2064815.92269461,No oficial,Rafael Uribe Uribe,162
4875673.3513109,2062891.47827321,No oficial,Rafael Uribe Uribe,
4876541.54993157,2063751.68394461,No oficial,Rafael Uribe Uribe,
4876068.0297623,2061584.01258548,No oficial,Rafael Uribe Uribe,
4875993.29502333,2064868.76217044,No oficial,Rafael Uribe Uribe,12
4876663.68951906,2060574.08051213,No oficial,Rafael Uribe Uribe,
4876453.89755252,2062036.45899142,No oficial,Rafael Uribe Uribe,
4875392.30890777,2063410.30775507,No oficial,Rafael Uribe Uribe,34
4874902.34261696,2064615.86980432,No oficial,Rafael Uribe Uribe,
4878546.41386028,2063652.34002153,No oficial,Rafael Uribe Uribe,60
4874902.23215381,2065261.92753857,No oficial,Rafael Uribe Uribe,
4878504.5085993,2063782.5017554,No oficial,Rafael Uribe Uribe,196
4876484.89129693,2061669.79053432,No oficial,Rafael Uribe Uribe,
4876107.13039161,2062946.29386965,No oficial,Rafael Uribe Uribe,
4875986.95864579,2062842.96698802,No oficial,Rafael Uribe Uribe,
4873123.59111318,2065644.67957737,No oficial,Tunjuelito,12
4876730.40890852,2061363.34747622,No oficial,Rafael Uribe Uribe,102
4878432.36451451,2063836.91633254,No oficial,Rafael Uribe Uribe,10
4874771.03770082,2064406.2408609,No oficial,Rafael Uribe Uribe,8
4877744.91262441,2063778.37129754,No oficial,Rafael Uribe Uribe,26
4876877.9726528,2061356.25816608,No oficial,Rafael Uribe Uribe,
4875946.45022601,2061335.56423157,No oficial,Rafael Uribe Uribe,
4876735.08422215,2061599.15844517,No oficial,Rafael Uribe Uribe,
4873976.64221885,2061449.79467816,Oficial,Ciudad Bolivar,188
4872665.17665114,2060563.34220381,Oficial,Ciudad Bolivar,260
4870807.55485301,2064992.40005831,Oficial,Ciudad Bolivar,424
4873754.31654489,2060985.28508171,Oficial,Ciudad Bolivar,160
4873794.40532828,2061244.2992116,Oficial,Ciudad Bolivar,64
4873262.98105515,2061158.97416299,Oficial,Ciudad Bolivar,82
4872603.16012727,2061693.09291584,Oficial,Ciudad Bolivar,
4872719.18917994,2061448.95230557,Oficial,Ciudad Bolivar,
4873407.85220926,2061516.08947808,Oficial,Ciudad Bolivar,216
4873912.09797182,2060884.83627933,Oficial,Ciudad Bolivar,
4872200.57200827,2063618.66748619,Oficial,Ciudad Bolivar,296
4872581.17262564,2059646.70384141,Oficial,Ciudad Bolivar,
4873981.49476106,2062005.22707749,Oficial,Ciudad Bolivar,
4872556.37976876,2059210.73197235,Oficial,Ciudad Bolivar,116
4872577.31711906,2062375.07034399,Oficial,Ciudad Bolivar,292
4871735.57257443,2062557.71596888,Oficial,Ciudad Bolivar,
4872962.09717187,2060770.39330218,Oficial,Ciudad Bolivar,64
4873184.56934959,2061225.28381855,Oficial,Ciudad Bolivar,
4873327.75489389,2062051.81032833,Oficial,Ciudad Bolivar,388
4873116.56659338,2061904.15004147,Oficial,Ciudad Bolivar,
4872369.57682022,2059768.93599846,Oficial,Ciudad Bolivar,112
4872028.2549606,2063447.36312178,Oficial,Ciudad Bolivar,540
4874172.48634255,2061430.72250006,Oficial,Ciudad Bolivar,
4871923.86273672,2064002.59687023,Oficial,Ciudad Bolivar,
4874092.78431996,2061701.05010295,Oficial,Ciudad Bolivar,414
4871580.78718592,2063349.89826041,Oficial,Ciudad Bolivar,128
4871232.97425466,2063258.05927422,Oficial,Ciudad Bolivar,78
4872180.45173249,2061256.30622909,Oficial,Ciudad Bolivar,
4872439.65337536,2061735.88591202,Oficial,Ciudad Bolivar,
4872779.86366976,2059083.81105955,Oficial,Ciudad Bolivar,
4871666.00909279,2062983.21689685,Oficial,Ciudad Bolivar,260
4871119.26966707,2062972.50718186,Oficial,Ciudad Bolivar,
4871121.01833606,2061003.87202266,Oficial,Ciudad Bolivar,130
4871470.38234625,2060824.96643469,Oficial,Ciudad Bolivar,
4871466.60453751,2061117.61950255,Oficial,Ciudad Bolivar,134
4870929.47468263,2060879.62558434,Oficial,Ciudad Bolivar,
4870954.97832561,2064903.11875285,Oficial,Ciudad Bolivar,350
4873317.05451581,2060307.68543594,Oficial,Ciudad Bolivar,
4873096.2542461,2060016.00162029,Oficial,Ciudad Bolivar,
4873295.38584404,2060111.84236538,Oficial,Ciudad Bolivar,
4872997.63191819,2060240.47804469,Oficial,Ciudad Bolivar,112
4873866.48274683,2060270.28296407,Oficial,Ciudad Bolivar,74
4872831.98459548,2062641.51871105,Oficial,Ciudad Bolivar,306
4872591.39747653,2062305.6982087,Oficial,Ciudad Bolivar,
4872526.40616913,2062177.08845978,Oficial,Ciudad Bolivar,
4872719.29686306,2060607.77518168,Oficial,Ciudad Bolivar,174
4872147.08595908,2060901.40106875,Oficial,Ciudad Bolivar,
4872047.83685812,2062735.62737667,Oficial,Ciudad Bolivar,
4873607.76503595,2059697.63698638,Oficial,Ciudad Bolivar,
4873343.87806902,2059443.46594776,Oficial,Ciudad Bolivar,124
4870850.15532706,2063966.6413812,Oficial,Ciudad Bolivar,486
4870760.76331584,2063308.39407518,Oficial,Ciudad Bolivar,
4870402.65423892,2064305.20358199,Oficial,Ciudad Bolivar,
4870991.95471027,2063707.46049725,Oficial,Ciudad Bolivar,
4870310.03911606,2063622.74902971,Oficial,Ciudad Bolivar,404
4869003.65979159,2065216.66367049,Oficial,Ciudad Bolivar,
4870311.34763307,2063160.71635184,Oficial,Ciudad Bolivar,
4870253.3477594,2063263.44927021,Oficial,Ciudad Bolivar,
4869590.74036254,2065595.41439619,Oficial,Ciudad Bolivar,504
4868944.09384755,2065489.73726578,Oficial,Ciudad Bolivar,
4870824.48078096,2064000.87251182,Oficial,Ciudad Bolivar,176
4871128.07855815,2063451.29788382,Oficial,Ciudad Bolivar,
4872962.25440901,2059405.53898869,Oficial,Ciudad Bolivar,168
4873658.9404089,2059806.87661017,Oficial,Ciudad Bolivar,154
4870955.18555869,2062857.59143221,Oficial,Ciudad Bolivar,132
4871222.37723404,2060027.66812292,Oficial,Ciudad Bolivar,248
4870300.62318329,2065394.05018948,Oficial,Ciudad Bolivar,532
4873677.18505349,2060246.05637903,Oficial,Ciudad Bolivar,250
4872155.77211148,2060818.04582423,Oficial,Ciudad Bolivar,152
4871489.17178207,2064615.9531586,Oficial,Ciudad Bolivar,130
4871931.15994587,2064996.67581089,Oficial,Ciudad Bolivar,170
4870899.0681114,2064477.03400632,Oficial,Ciudad Bolivar,118
4870862.8342239,2063797.54584433,Oficial,Ciudad Bolivar,112
4872139.06113487,2064354.04233021,Oficial,Ciudad Bolivar,
4871086.74337196,2064900.84714129,Oficial,Ciudad Bolivar,
4873157.1260865,2060931.30865695,No oficial,Ciudad Bolivar,60
4873543.67655386,2060726.95024202,No oficial,Ciudad Bolivar,
4872729.68875405,2062247.96839318,No oficial,Ciudad Bolivar,38
4870519.26088804,2065096.20705985,No oficial,Ciudad Bolivar,174
4873281.76704031,2060780.57439195,No oficial,Ciudad Bolivar,14
4870141.60185174,2062891.82442637,No oficial,Ciudad Bolivar,2
4871931.48858669,2065496.00247487,No oficial,Ciudad Bolivar,40
4873286.19568122,2062256.93478626,No oficial,Ciudad Bolivar,
4870708.9726214,2065432.79882349,No oficial,Ciudad Bolivar,
4873845.56943277,2061005.56969524,No oficial,Ciudad Bolivar,
4873013.48546591,2062579.26292187,No oficial,Ciudad Bolivar,
4873554.9865668,2062259.72086883,No oficial,Ciudad Bolivar,106
4870835.41602664,2065066.62219331,No oficial,Ciudad Bolivar,54
4870742.4865582,2065102.66292856,No oficial,Ciudad Bolivar,48
4870141.60185174,2062891.82442637,No oficial,Ciudad Bolivar,8
4872759.65668914,2062856.53230296,No oficial,Ciudad Bolivar,50
4872034.80677482,2063705.39579641,No oficial,Ciudad Bolivar,10
4869931.55749904,2065708.19171016,No oficial,Ciudad Bolivar,64
4872333.02702586,2063919.1104471,No oficial,Ciudad Bolivar,48
4871613.87061572,2063918.38326458,No oficial,Ciudad Bolivar,26
4871602.25600128,2065554.73166765,No oficial,Ciudad Bolivar,78
4869662.92709668,2065810.16261449,No oficial,Ciudad Bolivar,
4873193.59409268,2061931.23590888,No oficial,Ciudad Bolivar,68
4872098.42653901,2063721.44643879,No oficial,Ciudad Bolivar,112
4872901.92883382,2062703.79221512,No oficial,Ciudad Bolivar,48
4873742.43816108,2061373.67339621,No oficial,Ciudad Bolivar,28
4870825.73927332,2065267.22459516,No oficial,Ciudad Bolivar,
4872575.79584072,2063019.72648716,No oficial,Ciudad Bolivar,
4871553.12657814,2063925.07119151,No oficial,Ciudad Bolivar,
4871964.81617403,2059901.6028974,Oficial,Ciudad Bolivar,62
4873407.52345621,2060712.20522952,No oficial,Ciudad Bolivar,
4872841.74225856,2061146.05978814,No oficial,Ciudad Bolivar,94
4873017.17541581,2062749.43929394,No oficial,Ciudad Bolivar,
4872686.16565121,2062877.57956554,No oficial,Ciudad Bolivar,
4872619.23965724,2059684.83363448,No oficial,Ciudad Bolivar,20
4869952.99819442,2065054.74344262,No oficial,Ciudad Bolivar,30
4872204.51113222,2063750.57614905,No oficial,Ciudad Bolivar,42
4871610.31227132,2065410.44444465,No oficial,Ciudad Bolivar,94
4872847.36979509,2061314.41288023,No oficial,Ciudad Bolivar,
4870266.59687207,2064369.7930567,No oficial,Ciudad Bolivar,
4871033.69498188,2065234.36128426,No oficial,Ciudad Bolivar,
4872486.32347128,2062381.18950805,No oficial,Ciudad Bolivar,
4872244.42271047,2063449.51170391,No oficial,Ciudad Bolivar,
4869900.2372008,2065603.24487261,No oficial,Ciudad Bolivar,
4870643.85624097,2064931.96618423,No oficial,Ciudad Bolivar,
4870970.20505349,2062961.08747562,No oficial,Ciudad Bolivar,
4872641.51115204,2062468.40115874,No oficial,Ciudad Bolivar,84
4871487.88595304,2061152.80307772,No oficial,Ciudad Bolivar,
4870421.56749715,2062804.86634103,No oficial,Ciudad Bolivar,
4869714.28140524,2063843.6883148,No oficial,Ciudad Bolivar,26
4872559.10521435,2060519.63321665,No oficial,Ciudad Bolivar,
4870761.61953531,2065158.87973853,No oficial,Ciudad Bolivar,
4872922.16160118,2063076.78831804,No oficial,Ciudad Bolivar,
4872181.85704216,2063646.04974286,No oficial,Ciudad Bolivar,
4871780.08119697,2065441.16144474,No oficial,Ciudad Bolivar,
4870893.55900932,2063287.54422552,No oficial,Ciudad Bolivar,100
4871409.0188531,2065395.43609655,No oficial,Ciudad Bolivar,32
4873609.2083358,2061398.80489812,No oficial,Ciudad Bolivar,54
4872986.05459274,2063128.5111858,No oficial,Ciudad Bolivar,
4872122.1588884,2064171.93481342,No oficial,Ciudad Bolivar,
4872060.9643526,2063789.90288672,No oficial,Ciudad Bolivar,32
4869800.20377145,2065582.81794764,No oficial,Ciudad Bolivar,
4871306.20742538,2061205.21690141,No oficial,Ciudad Bolivar,24
4873193.59409268,2061931.23590888,No oficial,Ciudad Bolivar,96
