proceso,t
hawkes,1.42554138163719
hawkes,1.56116337115231
hawkes,3.55922530557394
hawkes,3.74641944404671
hawkes,9.40870162583345
hawkes,9.81255550941354
hawkes,11.872191388743
hawkes,13.3087407251491
hawkes,14.452008571712
hawkes,16.8190932452286
hawkes,16.9622351337013
hawkes,19.9935305662182
hawkes,20.123052406237
hawkes,21.5150090991584
hawkes,23.169949461272
hawkes,23.4087361017764
hawkes,23.6517243019904
hawkes,27.0179390930504
hawkes,27.5442713148093
hawkes,29.1061724556848
hawkes,29.4135415100596
hawkes,29.7891600416973
hawkes,31.3581860066894
hawkes,31.709296508542
hawkes,32.5228150805985
hawkes,34.6148807763822
hawkes,34.8165358688264
hawkes,34.9413191082271
hawkes,35.321176503452
hawkes,36.3713715181926
hawkes,36.5099303693093
hawkes,36.7220770793798
hawkes,38.3122498966484
hawkes,38.3731841038925
hawkes,38.5082358662228
hawkes,40.7291694309698
hawkes,45.8483202414233
hawkes,51.1513201455023
hawkes,51.3206889495797
hawkes,51.4442416167242
hawkes,51.6294289315633
hawkes,51.7012556181658
hawkes,52.4169711108961
hawkes,52.7491871841935
hawkes,52.9248199278448
hawkes,53.0527696133905
hawkes,53.1621269828977
hawkes,53.2065605163445
hawkes,53.2410858325613
hawkes,53.6403554399179
hawkes,53.9806065163682
hawkes,54.0317375179474
hawkes,54.2625657600713
hawkes,54.2913505538497
hawkes,54.7110017053359
hawkes,54.7387190364725
hawkes,54.7715642920516
hawkes,54.9288620815941
hawkes,55.0160911469914
hawkes,55.0961106762432
hawkes,55.1001214798467
hawkes,55.4311654788017
hawkes,55.6495929576495
hawkes,55.6864136451087
hawkes,56.147812079506
hawkes,56.2274925645989
hawkes,57.1736585911145
hawkes,57.2099711216362
hawkes,57.3188481383659
hawkes,57.8069578880561
hawkes,58.6867313220086
hawkes,58.7783929061972
hawkes,59.0298736568509
hawkes,59.3941980716947
hawkes,61.5838455214957
hawkes,62.4358403146462
hawkes,63.4686698764136
hawkes,63.4758177681022
hawkes,63.5158821863641
hawkes,63.9540981440827
hawkes,64.0298251094541
hawkes,64.3595130030219
hawkes,64.4119496633157
hawkes,64.4556811654897
hawkes,64.5640389119515
hawkes,64.904654404335
hawkes,65.5675714062932
hawkes,66.1373376066433
hawkes,66.206935302101
hawkes,66.2586309170706
hawkes,66.779612057964
hawkes,67.3672297121092
hawkes,67.645762726055
hawkes,67.7807200638683
hawkes,67.8597519073454
hawkes,67.8856338416546
hawkes,69.7970286369833
hawkes,71.0903585448081
hawkes,71.1425491037268
hawkes,71.2166933911288
hawkes,71.2322040267331
hawkes,71.3484323908955
hawkes,71.4828679297652
hawkes,71.9845844277568
hawkes,72.2631235286931
hawkes,72.4455361901735
hawkes,73.4189579048499
hawkes,74.1384157188743
hawkes,74.149878279865
hawkes,74.2868726621033
hawkes,74.9347967054839
hawkes,74.9463041545153
hawkes,88.0027831209392
hawkes,88.0282531046144
hawkes,88.8459870766109
hawkes,88.8729246852944
hawkes,89.4104373565278
hawkes,89.7612835988512
hawkes,89.9226192650882
hawkes,89.9262657721333
hawkes,89.9370867082545
hawkes,90.1465858456378
hawkes,91.4376416325509
hawkes,91.4528518881409
hawkes,91.5325997171293
hawkes,91.6707129168273
hawkes,91.7080375183757
hawkes,93.0004309957179
hawkes,93.256021309101
hawkes,93.6288467775735
hawkes,93.6290028139142
hawkes,93.7364423306268
hawkes,95.0171214324613
hawkes,98.2667044864021
hawkes,98.4399107225547
hawkes,98.5133727866009
hawkes,98.8667541696909
hawkes,99.3506872380034
hawkes,99.4638564957244
hawkes,99.661102344242
hawkes,100.117265336628
hawkes,100.210970549383
hawkes,100.68819562001
hawkes,101.300563008849
hawkes,101.844303861258
hawkes,101.846529191299
hawkes,105.321950246964
hawkes,110.266365665595
hawkes,111.156964452436
hawkes,111.273267899321
hawkes,111.521173911357
hawkes,111.528534837033
hawkes,111.768696759437
hawkes,112.104530246278
hawkes,112.605809959823
hawkes,112.906414227159
hawkes,113.338617273792
hawkes,122.904437595864
hawkes,124.549312708049
hawkes,124.730717162804
hawkes,125.314746354937
hawkes,127.362327342175
hawkes,127.718877567082
hawkes,128.119281136038
hawkes,128.137698184374
hawkes,130.994667493647
hawkes,131.029995891641
hawkes,131.720158520594
hawkes,133.605369191761
hawkes,138.791135309907
hawkes,140.425784499165
hawkes,141.061775601251
hawkes,141.091716765464
hawkes,141.122513050187
hawkes,141.270561080798
hawkes,141.350464114457
hawkes,142.058380399367
hawkes,142.686184165896
hawkes,142.714952601138
hawkes,142.809517645737
hawkes,142.91319191547
hawkes,143.200499146553
hawkes,143.514481627695
hawkes,144.248166066923
hawkes,144.29948451963
hawkes,144.30857066981
hawkes,144.357857014192
hawkes,144.518177873787
hawkes,144.693248794426
hawkes,145.18613126779
hawkes,146.2147030132
hawkes,146.572514889268
hawkes,146.710704569915
hawkes,149.538703035274
hawkes,149.870655453254
hawkes,150.186755686576
hawkes,150.763219358996
hawkes,150.870543522914
hawkes,150.873398374408
hawkes,151.134439729714
hawkes,151.370549486681
hawkes,151.663291504426
hawkes,152.311447971163
hawkes,152.594881443834
hawkes,154.006365297691
hawkes,155.138898233031
hawkes,155.896798760556
hawkes,157.109339526782
hawkes,157.162472038598
hawkes,157.836518494019
hawkes,157.862189447971
hawkes,157.90856540338
hawkes,157.97927915021
hawkes,158.108600635287
hawkes,158.406745467141
hawkes,158.520666926689
hawkes,158.606762288238
hawkes,158.73689647546
hawkes,159.006191751683
hawkes,159.099480037681
hawkes,159.143913917661
hawkes,159.317962004634
hawkes,159.81069779058
hawkes,160.104120386297
hawkes,160.269518876362
hawkes,160.516977077223
hawkes,161.03685849455
hawkes,161.064353360443
hawkes,161.214001460351
hawkes,161.481423022885
hawkes,161.703543649807
hawkes,162.699586707585
hawkes,163.680764631651
hawkes,163.998309824933
hawkes,165.803902560153
hawkes,167.776501539209
hawkes,167.838294394704
hawkes,167.863298248137
hawkes,168.168951920268
hawkes,168.264785090608
hawkes,168.275528756541
hawkes,168.53780912356
hawkes,168.60321529104
hawkes,168.705677679274
hawkes,169.018392800982
hawkes,169.205439545731
hawkes,172.813780654179
hawkes,174.886459050903
hawkes,175.523334074731
hawkes,177.024383608289
hawkes,177.052591499691
hawkes,177.325003785675
hawkes,177.677541494111
hawkes,179.123997666612
hawkes,179.509201178024
hawkes,179.511215231535
hawkes,179.662858211133
hawkes,179.718409659913
hawkes,179.854957348204
hawkes,179.896707902888
hawkes,179.990841853075
hawkes,180.088647937279
hawkes,180.173448371971
hawkes,180.213325479475
hawkes,180.709674424993
hawkes,180.812535548729
hawkes,181.072333483031
hawkes,181.483328628116
hawkes,181.749097677029
hawkes,182.104792951205
hawkes,182.107737997065
hawkes,183.090820621025
hawkes,183.174996217082
hawkes,183.241044616859
hawkes,183.769055713487
hawkes,183.967456547211
hawkes,184.936957237243
hawkes,192.605044567453
hawkes,192.986215339796
hawkes,193.022606761216
hawkes,193.187010923468
hawkes,193.399868044632
hawkes,194.488629750097
hawkes,195.277213493143
hawkes,195.444702888156
hawkes,195.589216065953
hawkes,195.657465319982
hawkes,196.237463899573
hawkes,197.186456761006
hawkes,204.922291220225
hawkes,205.403693461589
hawkes,205.851375903271
hawkes,206.222555720015
hawkes,206.529737723191
hawkes,207.395867634877
hawkes,214.417870617293
hawkes,218.848253786947
hawkes,218.946274320904
hawkes,220.758640322737
hawkes,221.110409381105
hawkes,221.123059952455
hawkes,221.240533035559
hawkes,222.046774949772
hawkes,222.507780672668
hawkes,223.523265685224
hawkes,223.767954110292
hawkes,225.090866633481
hawkes,225.131016208504
hawkes,225.311185718851
hawkes,225.593321996652
hawkes,227.96716142894
hawkes,228.145737352481
hawkes,228.429195221714
hawkes,228.536650506005
hawkes,229.170504633557
hawkes,229.356939039499
hawkes,229.372364683672
hawkes,229.391671946161
hawkes,229.464716199013
hawkes,229.483027467039
hawkes,229.648094862919
hawkes,229.868313231944
hawkes,235.327022169831
hawkes,235.381356243006
hawkes,238.348548274528
hawkes,238.404495603229
hawkes,238.685831836271
hawkes,238.749254418819
hawkes,238.88420951698
hawkes,242.347256214005
hawkes,243.277686137723
hawkes,243.361531723679
hawkes,244.98221785439
hawkes,245.364492150993
hawkes,245.670467677475
hawkes,245.876385114402
hawkes,246.44452179228
hawkes,247.638907611273
hawkes,252.571367823381
hawkes,253.171445624116
hawkes,254.116897645706
hawkes,254.178444095928
hawkes,254.269581607872
hawkes,260.182239039423
hawkes,261.336670079138
hawkes,262.620860596378
hawkes,262.709357386762
hawkes,264.487987823147
hawkes,266.837087467066
hawkes,266.995189044257
hawkes,267.059653561825
hawkes,267.756349422499
hawkes,267.919931164587
hawkes,268.110969795869
hawkes,269.228735682241
hawkes,270.347269621744
hawkes,270.479064951343
hawkes,274.317550996984
hawkes,280.286642839006
hawkes,280.310016601417
hawkes,282.565424239302
hawkes,282.774793943893
hawkes,283.645284506739
hawkes,285.447454145744
hawkes,287.754481910181
hawkes,290.632581273501
hawkes,290.846985266491
hawkes,291.471873265607
hawkes,295.701619214078
hawkes,296.083092150129
hawkes,296.314355821005
hawkes,300.375659014233
hawkes,300.442561038404
hawkes,301.390989249386
hawkes,301.562231645971
hawkes,302.07118727551
hawkes,302.348042094064
hawkes,302.46540559149
hawkes,303.010100755434
hawkes,303.231899827509
hawkes,303.256102425041
hawkes,303.901997548868
hawkes,303.961676055282
hawkes,304.124096084732
hawkes,304.306397538342
hawkes,304.337786750729
hawkes,305.591959160205
hawkes,305.727361467112
hawkes,306.724210192984
hawkes,307.943374777588
hawkes,310.239863439369
hawkes,310.927766350059
hawkes,312.969471175913
hawkes,313.170614296742
hawkes,313.776266305315
hawkes,314.640301081946
hawkes,319.029581807733
hawkes,319.737787267165
hawkes,323.34972636934
hawkes,328.607577613435
hawkes,329.101500208722
hawkes,329.621826735521
hawkes,330.218547855306
hawkes,334.98844145481
hawkes,335.322102307742
hawkes,335.354493199163
hawkes,344.18500486169
hawkes,344.905068258232
hawkes,346.03165346676
hawkes,346.114325025625
hawkes,346.266982140105
hawkes,347.405397792572
hawkes,349.30299415119
hawkes,349.424268966673
hawkes,349.509802761814
hawkes,349.63694593433
hawkes,353.633975413373
hawkes,354.269590502502
hawkes,355.129321687009
hawkes,362.213887328362
hawkes,362.395220988805
hawkes,362.481456992259
hawkes,363.55217457354
hawkes,364.051308566343
hawkes,364.085399247762
hawkes,364.400866448501
hawkes,364.443454107275
hawkes,365.778010827167
hawkes,365.838478308942
hawkes,366.376047791909
hawkes,366.436619946169
hawkes,366.609531020157
hawkes,367.844261704772
hawkes,367.96870279483
hawkes,368.734751412307
hawkes,368.98430877071
hawkes,369.029968721695
hawkes,370.296473225512
hawkes,371.033166140821
hawkes,371.136978265718
hawkes,371.454799165755
hawkes,371.466521339641
hawkes,373.764731274303
hawkes,375.959160124754
hawkes,378.950801107018
hawkes,379.869289110327
hawkes,380.043613422765
hawkes,383.397600350578
hawkes,384.192794858636
hawkes,384.277849280764
hawkes,384.46875383572
hawkes,385.028046414258
hawkes,385.066847795836
hawkes,386.482651105118
hawkes,387.020183240218
hawkes,387.580099289311
hawkes,389.160648197584
hawkes,391.511959045326
hawkes,393.035768005352
hawkes,393.247884175808
hawkes,394.69178951958
hawkes,394.735842816246
hawkes,395.354017998507
hawkes,395.538976910326
hawkes,397.119966150791
hawkes,399.752044915611
hawkes,400.493750314433
hawkes,400.752846357726
hawkes,400.892682474568
hawkes,402.514000266595
hawkes,402.788706811036
hawkes,402.890112190083
hawkes,402.980564227891
hawkes,403.107732881537
hawkes,403.756253605773
hawkes,404.255140099342
hawkes,404.27564297737
hawkes,404.917737038361
hawkes,406.028771627987
hawkes,406.090402522101
hawkes,406.126050657725
hawkes,406.980687030162
hawkes,408.537409646608
hawkes,410.216630394403
hawkes,410.248903573543
hawkes,410.282913837687
hawkes,410.921858796196
hawkes,411.356853486592
hawkes,413.2426963728
hawkes,413.341525453136
hawkes,413.919802601003
hawkes,417.468485111736
hawkes,423.032668623188
hawkes,423.160528137978
hawkes,429.858906051496
hawkes,432.579196053406
hawkes,432.932658567272
hawkes,433.966459118375
hawkes,435.754555560264
hawkes,435.862591227504
hawkes,437.027565000243
hawkes,437.47241431507
hawkes,437.506354247339
hawkes,437.756479922329
hawkes,437.919539362167
hawkes,438.068662496063
hawkes,438.083806142789
hawkes,438.232485246204
hawkes,438.338561501519
hawkes,438.874360620797
hawkes,445.497283421645
hawkes,446.042086090689
hawkes,451.531834230454
hawkes,452.146033097283
hawkes,454.464905280842
hawkes,456.952752076987
hawkes,457.365811901977
hawkes,457.369207770605
hawkes,460.169351942926
hawkes,461.318020566259
hawkes,461.473036216671
hawkes,461.590801287526
hawkes,462.561808495677
hawkes,462.819370962663
hawkes,463.298156631375
hawkes,464.011894255567
hawkes,465.008401980066
hawkes,466.215216690165
hawkes,466.593307350075
hawkes,473.293093835672
hawkes,473.936821604535
hawkes,474.36629202617
hawkes,474.420882651098
hawkes,474.457836975087
hawkes,474.691955852678
hawkes,475.308794013579
hawkes,475.571273669102
hawkes,475.573087098758
hawkes,475.764750123795
hawkes,475.775383868649
hawkes,476.181190480465
hawkes,476.277676406422
hawkes,476.283038069736
hawkes,476.603390884619
hawkes,476.752656021507
hawkes,476.896548509463
hawkes,477.209382339738
hawkes,478.970312570294
hawkes,485.63145110217
hawkes,486.642477830656
hawkes,487.420993991515
hawkes,489.825094722084
hawkes,499.006192490583
hawkes,499.47605359342
hawkes,499.491677667732
hawkes,499.535622334997
hawkes,499.670789056336
hawkes,499.935023059918
hawkes,504.109372120357
hawkes,504.550458779055
hawkes,506.985737023349
hawkes,507.139442540854
hawkes,507.554573853661
hawkes,507.822024488608
hawkes,507.863807068264
hawkes,508.051627423688
hawkes,508.194555448599
hawkes,509.6868775502
hawkes,510.156316194248
hawkes,510.501082596588
hawkes,511.355529434467
hawkes,513.30897480452
hawkes,513.557719584019
hawkes,514.515896851098
hawkes,519.018362485825
hawkes,519.448805694279
hawkes,519.611456317496
hawkes,520.363605862133
hawkes,523.316594343868
hawkes,525.657986915955
hawkes,526.150784091912
hawkes,527.379580391003
hawkes,530.729054836657
hawkes,532.256608983556
hawkes,532.30166860213
hawkes,533.292683584729
hawkes,533.394240037516
hawkes,534.69574349352
hawkes,534.733146463084
hawkes,534.818191987386
hawkes,535.534477332563
hawkes,536.798677018739
hawkes,537.925919304512
hawkes,539.153430398848
hawkes,542.899407123635
hawkes,545.028160541097
hawkes,545.224068835344
hawkes,546.079788837866
hawkes,546.30519945751
hawkes,546.754168420492
hawkes,546.812001744867
hawkes,546.823376609682
hawkes,547.106298382446
hawkes,547.196745020473
hawkes,547.260734232523
hawkes,548.1323457415
hawkes,549.797149617892
hawkes,550.450567230491
hawkes,552.231906838868
hawkes,553.161563818593
hawkes,553.544235993997
hawkes,554.197288218432
hawkes,554.936849793169
hawkes,555.257878978362
hawkes,556.81232193542
hawkes,556.846988361488
hawkes,556.900238147677
hawkes,557.457552067375
hawkes,557.463144156183
hawkes,557.694440332845
hawkes,558.391361252637
hawkes,558.931579078231
hawkes,559.27672136063
hawkes,559.711584268445
hawkes,559.898799305446
hawkes,559.94536589914
hawkes,559.962347366221
hawkes,560.142393195579
hawkes,560.230953450741
hawkes,560.819737860487
hawkes,568.653410142588
hawkes,568.770749322836
hawkes,570.596842648561
hawkes,570.82881478804
hawkes,571.08947858546
hawkes,571.536023981863
hawkes,571.662390541495
hawkes,572.205198766456
hawkes,572.237155951697
hawkes,575.149760342228
hawkes,577.071823634874
hawkes,577.777524466182
hawkes,578.732570747912
hawkes,578.755840837028
hawkes,579.165110174113
hawkes,586.542651809895
hawkes,586.733356645783
hawkes,588.718915937635
hawkes,590.382985070355
hawkes,590.450163516375
hawkes,591.021902994271
hawkes,591.239522755383
hawkes,591.700293730529
hawkes,592.002922280006
hawkes,592.743930030774
hawkes,593.13177508548
hawkes,593.162828895003
hawkes,593.444264404884
hawkes,593.531264774561
hawkes,593.901964453913
hawkes,594.00316267024
hawkes,594.407030269992
hawkes,595.341828161294
hawkes,595.360602615986
hawkes,595.428370549934
hawkes,595.56948438281
hawkes,595.832599455271
hawkes,596.802711638281
hawkes,596.967473797552
hawkes,598.121660211371
hawkes,601.691591327412
hawkes,602.395421331512
hawkes,602.891782812658
hawkes,603.668272319833
hawkes,603.987090500349
hawkes,608.705809144074
hawkes,610.387208939632
hawkes,611.339297057086
hawkes,612.74579173716
hawkes,612.918815441478
hawkes,615.572135339231
hawkes,621.651762801315
hawkes,627.935801512844
hawkes,628.17628332837
hawkes,630.341057396468
hawkes,631.012473623143
hawkes,631.166853143944
hawkes,631.196834302584
hawkes,632.343932834438
hawkes,632.350453455763
hawkes,634.069325545529
hawkes,634.244275530393
hawkes,634.349292021084
hawkes,635.145895495244
hawkes,635.395635412143
hawkes,635.407586754222
hawkes,636.003299606144
hawkes,638.523261644143
hawkes,639.002499801004
hawkes,639.424035135427
hawkes,640.311205900522
hawkes,640.870870915606
hawkes,641.960364690437
hawkes,650.231925604936
hawkes,650.436248457012
hawkes,651.091985330388
hawkes,656.459009817431
hawkes,659.80074551625
hawkes,660.150636624923
hawkes,660.200375720927
hawkes,661.01722458628
hawkes,664.691951777745
hawkes,667.079938012871
hawkes,667.249913386782
hawkes,667.333734877896
hawkes,667.685983628343
hawkes,668.971401218273
hawkes,673.982729475714
hawkes,675.489884162049
hawkes,676.216642723493
hawkes,676.522055406372
hawkes,676.957360399421
hawkes,680.086966695097
hawkes,682.262753665868
hawkes,686.34625768832
hawkes,686.97919124913
hawkes,687.498040284241
hawkes,687.822733020239
hawkes,688.02602757539
hawkes,688.252759385899
hawkes,688.493336049674
hawkes,688.657478081537
hawkes,688.885495071941
hawkes,689.581639374109
hawkes,689.669547534313
hawkes,690.343390697684
hawkes,690.565897725842
hawkes,690.693749288255
hawkes,690.895896611277
hawkes,692.016023196832
hawkes,692.684966804345
hawkes,692.93068220997
hawkes,693.362511582525
hawkes,694.665336540412
hawkes,699.598068105827
hawkes,702.103939102491
hawkes,705.99271553653
hawkes,707.352984831963
hawkes,707.788458184813
hawkes,707.81964852705
hawkes,708.681215296393
hawkes,708.778228915594
hawkes,710.868597667187
hawkes,711.380086168592
hawkes,712.640283090671
hawkes,713.600175156211
hawkes,716.428660911164
hawkes,716.605239466627
hawkes,717.55090192522
hawkes,718.236480210175
hawkes,718.308416593759
hawkes,719.5324544674
hawkes,719.62960794537
hawkes,722.080142430868
hawkes,722.304122234552
hawkes,722.799402717556
hawkes,723.453393432912
hawkes,723.656367910477
hawkes,723.949892850009
hawkes,724.415186321386
hawkes,725.906121138294
hawkes,726.241732158673
hawkes,726.296307389986
hawkes,726.307904732922
hawkes,726.345790067166
hawkes,727.290147429706
hawkes,727.348722120575
hawkes,727.570978619858
hawkes,727.667010026478
hawkes,727.688100033576
hawkes,728.013339765186
hawkes,728.192071204891
hawkes,728.549712118743
hawkes,729.304505736057
hawkes,729.415755838691
hawkes,730.945423617417
hawkes,731.060285477367
hawkes,731.396925179057
hawkes,731.446225726217
hawkes,731.995206235074
hawkes,732.125962526506
hawkes,732.560571348461
hawkes,732.843648005459
hawkes,735.247364223137
hawkes,736.082665781032
hawkes,741.917366224894
hawkes,742.158712005672
hawkes,742.661547162763
hawkes,748.552631971392
hawkes,748.694952178999
hawkes,748.706823383109
hawkes,749.590461979476
hawkes,749.780015444351
hawkes,749.990666813965
hawkes,750.301145998294
hawkes,750.546398993362
hawkes,750.59859489841
hawkes,752.96741068351
hawkes,753.589428499372
hawkes,754.065722766928
hawkes,757.418492016992
hawkes,761.46854287278
hawkes,762.784588623918
hawkes,763.836469038713
hawkes,764.040994512256
hawkes,767.255185613313
hawkes,767.467922473607
hawkes,767.937259777451
hawkes,768.276490844632
hawkes,769.25958853747
hawkes,769.789573050296
hawkes,770.019903612252
hawkes,770.054882488377
hawkes,770.522296676886
hawkes,770.834177832655
hawkes,771.186632949506
hawkes,771.579928025394
hawkes,772.651645387158
hawkes,773.210493458623
hawkes,773.211819308337
hawkes,773.253971102101
hawkes,773.924833618606
hawkes,776.023471960523
hawkes,778.219236367494
hawkes,783.076027211421
hawkes,783.654663080488
hawkes,786.025210829766
hawkes,786.626900532697
hawkes,786.637908948729
hawkes,786.712426357248
hawkes,787.425586059109
hawkes,787.804974013483
hawkes,787.893284358902
hawkes,788.354701387624
hawkes,788.432417409383
hawkes,788.709554717492
hawkes,792.956680181853
hawkes,795.505329120981
hawkes,799.561512721217
hawkes,805.829755290472
hawkes,805.903448634485
hawkes,805.914878044314
hawkes,806.547809095601
hawkes,810.779733171011
hawkes,810.823071357807
hawkes,811.132290487701
hawkes,811.674214500286
hawkes,817.87898084779
hawkes,818.386700834062
hawkes,818.444432995734
hawkes,818.44930315752
hawkes,819.533223028857
hawkes,819.914616449006
hawkes,821.959055082327
hawkes,822.575313477591
hawkes,822.624206321396
hawkes,823.929118069341
hawkes,825.217336834325
hawkes,825.303482520194
hawkes,825.338088848129
hawkes,825.447163585932
hawkes,825.834820979589
hawkes,825.884696263121
hawkes,826.026104482486
hawkes,826.213372050753
hawkes,826.894199060496
hawkes,826.943609697928
hawkes,827.073831750964
hawkes,827.150643367975
hawkes,827.156093191232
hawkes,827.168097652059
hawkes,827.463377470872
hawkes,828.663047074127
hawkes,828.842500999073
hawkes,829.642267853146
hawkes,829.67690912331
hawkes,829.694268270676
hawkes,829.84492761087
hawkes,829.847371960269
hawkes,830.270184871633
hawkes,830.851188469291
hawkes,831.499271530299
hawkes,831.918430998336
hawkes,831.986718124817
hawkes,832.847039096398
hawkes,834.091845211344
hawkes,834.264608329078
hawkes,834.581529290372
hawkes,834.783878385413
hawkes,835.209771260402
hawkes,843.568508350504
hawkes,843.646465771848
hawkes,844.306207669529
hawkes,844.83509453229
hawkes,846.457205777537
hawkes,847.324416220598
hawkes,848.214661697234
hawkes,853.697150827013
hawkes,853.923066851153
hawkes,854.259911777786
hawkes,854.488456048373
hawkes,855.547862730673
hawkes,855.611348340303
hawkes,855.62778564329
hawkes,856.946258272424
hawkes,861.045890249928
hawkes,865.560846618198
hawkes,865.609431634924
hawkes,866.180597812736
hawkes,867.068802326573
hawkes,867.216122510405
hawkes,868.229146672154
hawkes,868.37076102227
hawkes,874.088304576202
hawkes,874.315857207952
hawkes,874.376409822553
hawkes,874.452226289739
hawkes,877.753449406127
hawkes,880.305443262219
hawkes,880.797327743583
hawkes,881.103371786417
hawkes,881.877597444186
hawkes,881.888468940799
hawkes,882.030612368364
hawkes,882.553571633704
hawkes,883.306577770255
hawkes,883.818851385664
hawkes,886.847687345883
hawkes,887.118017120661
hawkes,888.060734638524
hawkes,889.508865296443
hawkes,889.846138061425
hawkes,895.167406908776
hawkes,895.512674340865
hawkes,895.939393096283
hawkes,895.948130327694
hawkes,896.233260102015
hawkes,896.334333834794
hawkes,896.454109840972
hawkes,896.539720987018
hawkes,896.644678219659
hawkes,896.671922304429
hawkes,896.860972155078
hawkes,897.592737266955
hawkes,897.735755459671
hawkes,897.853942483043
hawkes,898.326363672099
hawkes,898.386917645487
hawkes,898.389010890358
hawkes,899.796599930891
hawkes,903.319352983559
hawkes,903.705786505864
hawkes,905.271261401503
hawkes,905.583858596594
hawkes,906.401607382076
hawkes,906.567143858832
hawkes,906.796183920981
hawkes,910.244166501876
hawkes,910.338750511048
hawkes,910.644625033466
hawkes,911.170848288143
hawkes,912.164954755337
hawkes,912.382669061243
hawkes,913.278329180555
hawkes,913.703883802515
hawkes,913.711351269593
hawkes,914.280246365409
hawkes,914.470921826823
hawkes,914.596251442538
hawkes,915.792830812492
hawkes,916.308129250817
hawkes,916.796905978795
hawkes,916.818711532329
hawkes,917.066808804406
hawkes,917.822955505586
hawkes,918.161409346712
hawkes,918.170521298922
hawkes,919.111073130662
hawkes,919.943076627263
hawkes,920.026179011786
hawkes,921.297066041884
hawkes,921.371476392449
hawkes,921.386540869041
hawkes,921.691693888247
hawkes,929.783866943584
hawkes,931.375325681269
hawkes,931.41412639443
hawkes,935.132981146135
hawkes,938.501532148436
hawkes,939.318100636594
hawkes,940.037284675661
hawkes,940.298910373546
hawkes,940.932589611957
hawkes,941.04739704416
hawkes,942.213570200824
hawkes,943.932016046969
hawkes,944.010092743562
hawkes,944.106079099459
hawkes,944.621674749256
hawkes,945.185802815468
hawkes,945.730585207623
hawkes,947.173901839571
hawkes,948.201516535676
hawkes,949.049057495175
hawkes,950.319446033821
hawkes,950.444637649208
hawkes,950.682019170875
hawkes,951.227523665292
hawkes,951.439484777121
hawkes,952.267462531693
hawkes,954.388438845084
hawkes,954.39911117605
hawkes,955.605261742427
hawkes,956.581018625343
hawkes,956.763276858113
hawkes,957.519188285721
hawkes,959.856514102061
hawkes,960.084776001635
hawkes,960.416379037337
hawkes,960.76319650108
hawkes,961.344684825866
hawkes,961.539729542008
hawkes,962.097485765461
hawkes,962.223751383803
hawkes,962.362813791276
hawkes,962.694750983891
hawkes,962.843182921189
hawkes,966.790075290396
hawkes,970.372482323633
hawkes,970.568354808579
hawkes,971.938766465496
hawkes,972.78950860548
hawkes,976.150771503964
hawkes,976.396759208786
hawkes,976.892748808458
hawkes,978.232293525693
hawkes,978.620749630476
hawkes,978.785529585847
hawkes,979.038979215222
hawkes,979.395711270107
hawkes,979.487760555735
hawkes,982.184776268029
hawkes,986.432362462504
hawkes,989.077021390657
hawkes,991.435138137832
hawkes,992.364398379456
hawkes,992.807434762081
hawkes,993.059035661754
hawkes,993.170076435569
hawkes,993.213911851163
hawkes,994.104321447345
hawkes,995.874278575808
hawkes,999.308121169677
hawkes,999.696329963388
hawkes,1002.68145601302
hawkes,1005.93862775608
hawkes,1013.64066195022
hawkes,1013.99488781416
hawkes,1014.09742328364
hawkes,1014.1531990187
hawkes,1014.17914690885
hawkes,1014.30745838476
hawkes,1014.66246399021
hawkes,1014.68791463492
hawkes,1014.69016638855
hawkes,1015.01963155964
hawkes,1016.38410477507
hawkes,1016.39323720494
hawkes,1016.47687488444
hawkes,1017.19639682357
hawkes,1017.75465680619
hawkes,1018.24328438501
hawkes,1019.31905678347
hawkes,1023.69853577876
hawkes,1024.26494577579
hawkes,1026.1047034592
hawkes,1027.9339929038
hawkes,1029.26398215004
hawkes,1030.72238374189
hawkes,1031.12989468216
hawkes,1032.5201173014
hawkes,1037.85948364218
hawkes,1044.21055574219
hawkes,1044.76346315742
hawkes,1048.38801435086
hawkes,1049.13241567793
hawkes,1049.4860593149
hawkes,1049.90684584908
hawkes,1050.42285953047
hawkes,1052.44758607745
hawkes,1052.98133000284
hawkes,1055.71844954386
hawkes,1057.03744209686
hawkes,1057.652132973
hawkes,1061.65592312931
hawkes,1061.81816444395
hawkes,1062.53363611147
hawkes,1064.22852516364
hawkes,1064.28771174151
hawkes,1066.39458247151
hawkes,1067.30804554797
hawkes,1067.73737687831
hawkes,1067.90047104154
hawkes,1068.55136777212
hawkes,1070.43351771212
hawkes,1070.59993965859
hawkes,1073.13203209614
hawkes,1074.8641348388
hawkes,1075.78680917353
hawkes,1077.35459255441
hawkes,1079.54654895553
hawkes,1081.87594084385
hawkes,1083.47722170487
hawkes,1083.64651699177
hawkes,1084.9048562523
hawkes,1090.74319663891
hawkes,1090.93956579043
hawkes,1090.95145846988
hawkes,1091.11783783981
hawkes,1091.57800717946
hawkes,1091.79559321828
hawkes,1091.80957421738
hawkes,1093.10145971822
hawkes,1093.10787310087
hawkes,1093.32096944843
hawkes,1093.37038565874
hawkes,1093.48522481829
hawkes,1093.63700996099
hawkes,1094.56660922405
hawkes,1094.57846280957
hawkes,1094.62640191718
hawkes,1095.43247007312
hawkes,1097.80579967467
hawkes,1097.90299782583
hawkes,1119.38982785389
hawkes,1119.51522128831
hawkes,1122.82347161265
hawkes,1125.32374909005
hawkes,1125.35835392215
hawkes,1125.89412707235
hawkes,1127.00479046227
hawkes,1129.91805732496
hawkes,1130.97930343858
hawkes,1131.03758675665
hawkes,1131.17985772498
hawkes,1131.26931026035
hawkes,1131.45995382412
hawkes,1131.53368076753
hawkes,1131.63282322226
hawkes,1132.73733848733
hawkes,1134.67362860543
hawkes,1142.76745708491
hawkes,1145.68885568779
hawkes,1148.24461536793
hawkes,1149.09059541736
hawkes,1149.19190747382
hawkes,1150.66918506483
hawkes,1150.75989064889
hawkes,1151.04833938086
hawkes,1151.09279081542
hawkes,1151.21305343912
hawkes,1151.27894608959
hawkes,1151.80377695024
hawkes,1151.84168289309
hawkes,1151.85766136427
hawkes,1151.95238569743
hawkes,1151.95395046683
hawkes,1152.77999134895
hawkes,1152.96674525597
hawkes,1153.30118780905
hawkes,1153.61813285484
hawkes,1153.64661695156
hawkes,1153.79097200316
hawkes,1154.53174689682
hawkes,1155.19678058326
hawkes,1155.2063020686
hawkes,1155.40339303676
hawkes,1155.8709101179
hawkes,1155.90602311208
hawkes,1156.61284396408
hawkes,1156.66713532535
hawkes,1156.83556669137
hawkes,1156.94304381639
hawkes,1156.959072602
hawkes,1157.03461876749
hawkes,1157.20135327985
hawkes,1157.43956536797
hawkes,1160.49995821424
hawkes,1162.15502320541
hawkes,1162.17188391076
hawkes,1163.2293399666
hawkes,1163.22945563693
hawkes,1168.34280446753
hawkes,1173.26428951461
hawkes,1174.41297794642
hawkes,1174.58243747411
hawkes,1175.27949102333
hawkes,1180.07988331649
hawkes,1182.3494789367
hawkes,1183.45630096341
hawkes,1183.85577713245
hawkes,1184.05374658812
hawkes,1184.61627318004
hawkes,1185.05693153757
hawkes,1185.56430693221
hawkes,1185.93972385496
hawkes,1185.94301727353
hawkes,1186.00458170271
hawkes,1186.1250322592
hawkes,1186.31041882135
hawkes,1189.34781701728
hawkes,1191.95012601207
hawkes,1192.14240057775
hawkes,1193.3814440551
hawkes,1194.21119233517
hawkes,1194.46374527999
hawkes,1196.00221659309
hawkes,1197.06383552591
hawkes,1197.96218121889
hawkes,1198.13002746144
hawkes,1198.33420251375
hawkes,1198.72203156402
hawkes,1198.98697618215
hawkes,1199.45275411146
hawkes,1200.69475527011
hawkes,1200.98277582407
hawkes,1201.04273333088
hawkes,1202.92926560713
hawkes,1204.87568730781
hawkes,1204.97933911035
hawkes,1208.33874290043
hawkes,1208.89585506031
hawkes,1212.35893136161
hawkes,1212.96474891475
hawkes,1213.82915173684
hawkes,1214.51118458218
hawkes,1214.59712729765
hawkes,1214.85463767283
hawkes,1215.20840691204
hawkes,1215.3931734594
hawkes,1216.3754449948
hawkes,1216.78055505631
hawkes,1216.99755884518
hawkes,1217.09291196781
hawkes,1221.58583021738
hawkes,1221.71664363321
hawkes,1221.74587079667
hawkes,1221.769070348
hawkes,1222.05186846339
hawkes,1222.17191000371
hawkes,1222.18585832711
hawkes,1222.78685498768
hawkes,1222.92612124357
hawkes,1224.1520667871
hawkes,1225.54207224403
hawkes,1226.08288264869
hawkes,1232.49166101436
hawkes,1232.833624314
hawkes,1232.94350133651
hawkes,1235.42131215668
hawkes,1236.17631160163
hawkes,1236.20759142789
hawkes,1236.92193617294
hawkes,1237.22473421354
hawkes,1237.46035867036
hawkes,1237.76103674762
hawkes,1237.99023328752
hawkes,1238.08292826871
hawkes,1238.27007040593
hawkes,1238.90587622458
hawkes,1239.35895448624
hawkes,1239.44826216198
hawkes,1239.51453406597
hawkes,1240.30310023073
hawkes,1240.56183254411
hawkes,1240.70117345422
hawkes,1241.42687201152
hawkes,1241.63354675332
hawkes,1241.67629942357
hawkes,1241.71385862518
hawkes,1241.94637934561
hawkes,1242.06355846161
hawkes,1242.3486135902
hawkes,1243.06747963709
hawkes,1243.08611319547
hawkes,1243.23980987044
hawkes,1245.61644555791
hawkes,1248.08475302855
hawkes,1248.26736950955
hawkes,1248.59252886611
hawkes,1251.06403375507
hawkes,1255.33612185021
hawkes,1255.71882637303
hawkes,1256.16159665705
hawkes,1256.75964410134
hawkes,1257.54093086743
hawkes,1257.59427014169
hawkes,1257.6345644924
hawkes,1257.65213684863
hawkes,1257.6931068876
hawkes,1257.69517111792
hawkes,1258.66054090066
hawkes,1258.90845560569
hawkes,1259.3462761717
hawkes,1259.4435184039
hawkes,1259.50018583308
hawkes,1259.88431214698
hawkes,1259.88988759952
hawkes,1259.90820346841
hawkes,1259.93371154807
hawkes,1260.3445424562
hawkes,1260.83061429143
hawkes,1261.32826026277
hawkes,1261.54541368169
hawkes,1261.71354976263
hawkes,1261.9871275628
hawkes,1262.05078435395
hawkes,1262.20299234183
hawkes,1262.29025718538
hawkes,1262.36669849803
hawkes,1262.6521200716
hawkes,1262.8631790266
hawkes,1263.316998306
hawkes,1263.56704345661
hawkes,1264.38161576076
hawkes,1264.81168636801
hawkes,1265.52687712433
hawkes,1266.69718517877
hawkes,1266.77808592593
hawkes,1267.2475798251
hawkes,1268.20508756095
hawkes,1268.54213132841
hawkes,1268.56348944802
hawkes,1268.59975007084
hawkes,1268.69305345715
hawkes,1268.76952980847
hawkes,1268.96607449016
hawkes,1269.16997602853
hawkes,1269.1850672261
hawkes,1269.34112108643
hawkes,1271.30598708923
hawkes,1274.2558180064
hawkes,1274.41628831629
hawkes,1275.21305358178
hawkes,1275.36039257371
hawkes,1275.44785653735
hawkes,1276.01780090665
hawkes,1276.30878377283
hawkes,1276.33110036475
hawkes,1276.34649416855
hawkes,1276.45754480209
hawkes,1276.51362093519
hawkes,1276.84558726
hawkes,1276.86952282931
hawkes,1277.05059622654
hawkes,1277.12492304167
hawkes,1277.20030355586
hawkes,1277.9909795517
hawkes,1278.29864602115
hawkes,1278.77820448364
hawkes,1283.81042334191
hawkes,1283.81463402352
hawkes,1284.00959781299
hawkes,1284.02213524995
hawkes,1284.08801319646
hawkes,1284.91251413614
hawkes,1285.05798420904
hawkes,1285.50591400014
hawkes,1285.77570747998
hawkes,1286.16615304007
hawkes,1287.03630399374
hawkes,1287.29859436287
hawkes,1288.80679166793
hawkes,1289.30645134327
hawkes,1296.94400871626
hawkes,1297.48786884394
hawkes,1301.51787873442
hawkes,1301.92941355535
hawkes,1302.04810999252
hawkes,1303.49637503628
hawkes,1303.70638135914
hawkes,1304.04865455714
hawkes,1304.08290300342
hawkes,1304.1232623954
hawkes,1304.3150753514
hawkes,1306.40339170021
hawkes,1307.14348005192
hawkes,1307.41082575551
hawkes,1308.26106893825
hawkes,1308.34208148296
hawkes,1308.98440738684
hawkes,1309.15359154364
hawkes,1309.31636467737
hawkes,1309.78695622676
hawkes,1315.11666021217
hawkes,1315.16229803542
hawkes,1315.42999121892
hawkes,1315.4716649609
hawkes,1319.92910455176
hawkes,1320.20081311773
hawkes,1322.77286928858
hawkes,1322.96242948624
hawkes,1323.27833623169
hawkes,1323.35389344001
hawkes,1323.38444599197
hawkes,1323.5085033383
hawkes,1323.52031475004
hawkes,1323.6249772105
hawkes,1323.80426249835
hawkes,1323.83733638076
hawkes,1324.01507065274
hawkes,1324.13520169126
hawkes,1324.14388175507
hawkes,1324.27115765154
hawkes,1325.48628316295
hawkes,1328.00883920787
hawkes,1328.06011743422
hawkes,1333.47818232198
hawkes,1334.96610383422
hawkes,1336.30838179479
hawkes,1336.39408011878
hawkes,1336.53905857738
hawkes,1336.56390431994
hawkes,1336.61057649618
hawkes,1339.98672011828
hawkes,1340.14684361654
hawkes,1341.92868858896
hawkes,1342.80900594813
hawkes,1345.83440955146
hawkes,1345.93751755736
hawkes,1346.29638755277
hawkes,1348.52642493574
hawkes,1348.95731323418
hawkes,1349.41407143598
hawkes,1349.91009209171
hawkes,1351.00096466362
hawkes,1351.51571468148
hawkes,1351.72746557439
hawkes,1352.36313404899
hawkes,1352.58491497033
hawkes,1352.9752570307
hawkes,1355.42691072624
hawkes,1355.88329972705
hawkes,1356.41377605492
hawkes,1356.50848131254
hawkes,1356.64843116599
hawkes,1357.09808251773
hawkes,1357.87514843518
hawkes,1358.10342006801
hawkes,1358.96028536341
hawkes,1359.0079217177
hawkes,1359.30167315781
hawkes,1359.30843216876
hawkes,1359.44829234257
hawkes,1359.52407504321
hawkes,1359.79212601809
hawkes,1359.8392507373
hawkes,1360.44446884978
hawkes,1361.14333744082
hawkes,1362.16044172127
hawkes,1362.46480475899
hawkes,1363.11793776963
hawkes,1363.14686001432
hawkes,1363.60883282221
hawkes,1363.73062097725
hawkes,1363.98544544156
hawkes,1364.19650429134
hawkes,1364.28825910513
hawkes,1364.3672612574
hawkes,1364.48712622802
hawkes,1364.51061108384
hawkes,1364.64803135337
hawkes,1364.801338637
hawkes,1364.88484646898
hawkes,1364.99264378824
hawkes,1365.08153709236
hawkes,1365.33223187873
hawkes,1365.36526138058
hawkes,1365.46322623231
hawkes,1365.6126355125
hawkes,1365.93500020366
hawkes,1366.24935542048
hawkes,1366.82478868382
hawkes,1366.92298412443
hawkes,1367.09843185212
hawkes,1367.8416187595
hawkes,1368.262041464
hawkes,1368.41874482811
hawkes,1368.56628375534
hawkes,1368.89187473999
hawkes,1369.16894324071
hawkes,1372.16419845192
hawkes,1374.70111696744
hawkes,1375.41755343111
hawkes,1375.81537905091
hawkes,1377.44089813715
hawkes,1379.3512363335
hawkes,1379.47184758223
hawkes,1379.69856524448
hawkes,1379.74550325225
hawkes,1379.74898798122
hawkes,1379.93283131457
hawkes,1380.1783435311
hawkes,1381.41210856964
hawkes,1382.23213098697
hawkes,1383.0896399778
hawkes,1383.20794209829
hawkes,1385.1443300177
hawkes,1385.17425740338
hawkes,1385.91688842938
hawkes,1386.36341190836
hawkes,1386.4558131269
hawkes,1387.73155514395
hawkes,1388.64419153492
hawkes,1388.96712055637
hawkes,1389.13854984877
hawkes,1389.59520812463
hawkes,1389.74925584458
hawkes,1390.58829862989
hawkes,1390.89137271
hawkes,1391.02636677017
hawkes,1391.33987031112
hawkes,1397.29559417292
hawkes,1397.39930319898
hawkes,1399.86911865683
hawkes,1400.20830157147
hawkes,1403.15240405687
hawkes,1403.28773830745
hawkes,1405.04135188861
hawkes,1408.60628894054
hawkes,1413.54661627443
hawkes,1415.37675373703
hawkes,1416.26726463375
hawkes,1416.58626017784
hawkes,1416.81425639994
hawkes,1416.94546643585
hawkes,1417.21470680416
hawkes,1417.28616943166
hawkes,1417.48510465944
hawkes,1418.34760949505
hawkes,1418.3936938773
hawkes,1418.45145617682
hawkes,1418.58057658115
hawkes,1418.79008364685
hawkes,1418.84026036983
hawkes,1418.91524063035
hawkes,1418.9302396302
hawkes,1419.05949745325
hawkes,1419.0885121311
hawkes,1419.45728125116
hawkes,1419.51640190569
hawkes,1419.65869239265
hawkes,1419.88056423938
hawkes,1419.89848238786
hawkes,1419.9529498551
hawkes,1419.96209693225
hawkes,1420.06318004856
hawkes,1420.1561237436
hawkes,1420.83919205641
hawkes,1420.8861143368
hawkes,1421.13639626868
hawkes,1421.40655460486
hawkes,1421.49594196619
hawkes,1421.62314126315
hawkes,1421.83451176522
hawkes,1421.84297882576
hawkes,1422.1190445129
hawkes,1423.19869676334
hawkes,1423.33126443182
hawkes,1424.56746813085
hawkes,1424.8512768616
hawkes,1425.47739483849
hawkes,1426.08610506738
hawkes,1426.33883228309
hawkes,1426.35009523389
hawkes,1428.36834409047
hawkes,1429.81911299066
hawkes,1432.9767941001
hawkes,1433.45417026144
hawkes,1433.50908617433
hawkes,1434.03776413757
hawkes,1434.14937792355
hawkes,1434.29580900825
hawkes,1435.33740584448
hawkes,1436.62576166351
hawkes,1437.0709441269
hawkes,1437.13369815463
hawkes,1437.17261356993
hawkes,1437.79478659829
hawkes,1438.50224373709
hawkes,1439.44232576202
hawkes,1439.53237597204
hawkes,1441.06734624066
hawkes,1441.38133059139
hawkes,1442.28327918063
hawkes,1446.13350693842
hawkes,1448.85440795671
hawkes,1449.33074853695
hawkes,1449.92334437934
hawkes,1451.70721328231
hawkes,1451.94550651792
hawkes,1452.40934520333
hawkes,1452.44193119518
hawkes,1452.48118567911
hawkes,1452.49847476845
hawkes,1452.70143968568
hawkes,1452.73402563132
hawkes,1452.89696828103
hawkes,1452.98912340301
hawkes,1453.54983216286
hawkes,1453.64443842178
hawkes,1453.66642728375
hawkes,1454.79289087571
hawkes,1460.28027531262
hawkes,1460.34702005591
hawkes,1461.50535790722
hawkes,1461.579125685
hawkes,1462.09101845627
hawkes,1462.94814112007
hawkes,1463.13767981948
hawkes,1465.5775589508
hawkes,1465.70142063189
hawkes,1465.81917707965
hawkes,1466.5674372622
hawkes,1467.60828297108
hawkes,1468.20585296639
hawkes,1469.15148202587
hawkes,1469.28756563135
hawkes,1471.69047988376
hawkes,1475.28095109377
hawkes,1475.41186660454
hawkes,1475.53114236225
hawkes,1476.01903642949
hawkes,1476.42708885296
hawkes,1476.6741439533
hawkes,1477.74296258978
hawkes,1478.8258576267
hawkes,1493.83125691765
hawkes,1495.87040441223
hawkes,1496.75496207513
hawkes,1497.95278553389
hawkes,1498.39608092229
hawkes,1498.42967124468
hawkes,1498.56294092645
hawkes,1498.59754121054
hawkes,1498.85062452565
hawkes,1498.91312209915
hawkes,1499.52973757101
hawkes,1499.62849466677
hawkes,1499.76930650588
hawkes,1500.0986047005
hawkes,1501.47976203018
hawkes,1501.72777414693
hawkes,1502.24968249088
hawkes,1502.39336084607
hawkes,1503.35501285485
hawkes,1504.7765438235
hawkes,1504.99769992311
hawkes,1505.33330360302
hawkes,1506.45231969226
hawkes,1506.76183376674
hawkes,1506.77320971719
hawkes,1508.30939637032
hawkes,1516.26568473505
hawkes,1518.35422458653
hawkes,1519.1186867083
hawkes,1519.58579437116
hawkes,1520.30739870001
hawkes,1520.45520101197
hawkes,1522.26010989654
hawkes,1523.65070082198
hawkes,1523.96441978915
hawkes,1524.72300255277
hawkes,1528.84503670255
hawkes,1531.51170194583
hawkes,1533.2262551318
hawkes,1533.58453887674
hawkes,1534.39245755292
hawkes,1534.58539834796
hawkes,1534.68441287005
hawkes,1535.11276083161
hawkes,1535.33761465782
hawkes,1535.43983201637
hawkes,1535.92202152514
hawkes,1536.89522218757
hawkes,1537.12474599574
hawkes,1537.33625438818
hawkes,1537.97631588661
hawkes,1538.04385410925
hawkes,1538.14766329048
hawkes,1538.21587314083
hawkes,1540.15799701987
hawkes,1541.31836545405
hawkes,1542.02317998088
hawkes,1542.39988267128
hawkes,1543.47672729391
hawkes,1544.12435430828
hawkes,1544.27826148229
hawkes,1544.97789959873
hawkes,1546.19140392923
hawkes,1546.78025758202
hawkes,1547.13036596516
hawkes,1547.47373591236
hawkes,1547.56702069845
hawkes,1548.56068787161
hawkes,1550.3587783634
hawkes,1552.18261913816
hawkes,1552.59012150969
hawkes,1553.64787216479
hawkes,1557.81481938546
hawkes,1558.27057880358
hawkes,1559.62472011816
hawkes,1559.75153264812
hawkes,1560.15016713705
hawkes,1564.23276934379
hawkes,1566.10811350043
hawkes,1566.67055326833
hawkes,1567.56683975521
hawkes,1568.2491640964
hawkes,1570.77940198207
hawkes,1572.66625902297
hawkes,1572.86587079701
hawkes,1573.14421258939
hawkes,1574.49202759742
hawkes,1574.97260803389
hawkes,1576.35418707109
hawkes,1576.80098398212
hawkes,1579.31689620029
hawkes,1579.3340446633
hawkes,1580.19372118576
hawkes,1580.40967634438
hawkes,1580.62682002564
hawkes,1580.70969298197
hawkes,1580.81942782824
hawkes,1580.84034764142
hawkes,1580.98650246026
hawkes,1581.06827532911
hawkes,1581.42729888293
hawkes,1581.43345647076
hawkes,1581.51840706488
hawkes,1581.68601525416
hawkes,1581.78751734197
hawkes,1581.79718704451
hawkes,1581.81054897617
hawkes,1583.47493819584
hawkes,1583.52990113059
hawkes,1584.05829184572
hawkes,1584.2776895427
hawkes,1587.87363947417
hawkes,1588.35383590602
hawkes,1590.95079875432
hawkes,1596.84935294691
hawkes,1597.01442479287
hawkes,1597.45498763327
hawkes,1598.18083866143
hawkes,1601.55198186366
hawkes,1601.78732115321
hawkes,1603.70141867828
hawkes,1604.30375831421
hawkes,1604.37782361511
hawkes,1604.70804931196
hawkes,1604.97367071087
hawkes,1605.24339835094
hawkes,1605.42191913205
hawkes,1606.22848214905
hawkes,1606.29519469747
hawkes,1606.3099540167
hawkes,1606.60714750311
hawkes,1606.62612563249
hawkes,1606.86490970633
hawkes,1606.88765282984
hawkes,1607.00983015006
hawkes,1607.02219706209
hawkes,1607.02539629994
hawkes,1607.86455496642
hawkes,1608.31759962958
hawkes,1608.617819095
hawkes,1609.67319422382
hawkes,1609.86611513586
hawkes,1609.92795185753
hawkes,1610.05239069847
hawkes,1610.73711942976
hawkes,1611.27492960319
hawkes,1611.45412790662
hawkes,1611.91573287585
hawkes,1613.48931668101
hawkes,1613.62303101053
hawkes,1613.65034142626
hawkes,1616.54194780633
hawkes,1616.65876449751
hawkes,1618.86387332524
hawkes,1619.00281475725
hawkes,1620.24100377355
hawkes,1620.25897457865
hawkes,1620.93880499387
hawkes,1621.0729368012
hawkes,1621.12881355342
hawkes,1621.85696126505
hawkes,1622.15524724455
hawkes,1626.48658681339
hawkes,1627.10482102237
hawkes,1628.14009967664
hawkes,1628.32761294385
hawkes,1628.6323610676
hawkes,1629.0068454194
hawkes,1629.28223931875
hawkes,1629.41307390509
hawkes,1629.62194646722
hawkes,1629.72649574469
hawkes,1630.11876032209
hawkes,1630.34239945667
hawkes,1630.80267283047
hawkes,1630.81540992488
hawkes,1630.84860557181
hawkes,1630.96173991071
hawkes,1631.05347932489
hawkes,1631.21798335302
hawkes,1631.36818609857
hawkes,1631.45894961247
hawkes,1631.53270965019
hawkes,1632.16693262361
hawkes,1632.99587331915
hawkes,1633.51773513059
hawkes,1633.57745823027
hawkes,1635.45174750938
hawkes,1635.82762225718
hawkes,1636.36872932961
hawkes,1636.50993738781
hawkes,1636.52997707304
hawkes,1636.79364075039
hawkes,1636.96212488583
hawkes,1636.96389882266
hawkes,1637.03297726491
hawkes,1637.13296237706
hawkes,1637.34487553113
hawkes,1640.85982763216
hawkes,1642.26241342767
hawkes,1643.65512870241
hawkes,1644.3667275944
hawkes,1646.19971791077
hawkes,1647.57308288697
hawkes,1654.64595616809
hawkes,1655.9604923553
hawkes,1655.97757317904
hawkes,1657.20918096851
hawkes,1657.58692570965
hawkes,1658.1627790119
hawkes,1658.27964567669
hawkes,1658.28312775724
hawkes,1659.06282677456
hawkes,1660.58492992374
hawkes,1660.61750618921
hawkes,1660.77223351534
hawkes,1661.23674198504
hawkes,1662.39442145892
hawkes,1662.57524875119
hawkes,1662.83449592043
hawkes,1663.2049901721
hawkes,1663.34125045961
hawkes,1664.45486899879
hawkes,1664.79487911752
hawkes,1664.85300249932
hawkes,1665.36600338469
hawkes,1666.26544990902
hawkes,1666.36510686698
hawkes,1666.80020020293
hawkes,1667.20149850457
hawkes,1667.31191268598
hawkes,1670.69652830037
hawkes,1670.80056928502
hawkes,1671.07484635959
hawkes,1671.42029474272
hawkes,1673.72042481716
hawkes,1674.14543033192
hawkes,1675.29946103988
hawkes,1675.99070844985
hawkes,1676.35594807224
hawkes,1676.46913317276
hawkes,1676.48699105759
hawkes,1676.5043950905
hawkes,1676.98339330929
hawkes,1678.45267612332
hawkes,1679.71800927864
hawkes,1679.7785044642
hawkes,1679.93322886857
hawkes,1679.94827405676
hawkes,1680.10014349952
hawkes,1680.28448065491
hawkes,1682.99198978237
hawkes,1683.60199624812
hawkes,1684.02829207601
hawkes,1684.4071813407
hawkes,1688.86658444211
hawkes,1690.34043759451
hawkes,1692.18504727085
hawkes,1692.19865863334
hawkes,1692.34122910066
hawkes,1693.5297881092
hawkes,1693.82751458027
hawkes,1693.96126724637
hawkes,1694.22466501437
hawkes,1694.58356737104
hawkes,1694.71739487978
hawkes,1695.26642194584
hawkes,1695.75548406122
hawkes,1695.96406759063
hawkes,1695.96870010281
hawkes,1696.57874965014
hawkes,1696.70384326501
hawkes,1697.11842789443
hawkes,1697.98886700549
hawkes,1698.82809744502
hawkes,1701.54449115582
hawkes,1701.77375665683
hawkes,1702.22628982431
hawkes,1704.3554168164
hawkes,1704.70682044359
hawkes,1705.22017988745
hawkes,1705.40225760469
hawkes,1705.68421900483
hawkes,1705.72593794857
hawkes,1705.80605139695
hawkes,1706.0388005784
hawkes,1706.83262350977
hawkes,1706.93742222648
hawkes,1707.2720356606
hawkes,1707.87870755366
hawkes,1708.39045318392
hawkes,1708.9586825321
hawkes,1709.9792636612
hawkes,1711.00473584377
hawkes,1711.47601335885
hawkes,1711.77174369748
hawkes,1712.0661977201
hawkes,1713.07998067707
hawkes,1714.18907534018
hawkes,1717.52944369343
hawkes,1721.17070234928
hawkes,1721.29627368475
hawkes,1721.59351121931
hawkes,1721.80474560028
hawkes,1722.01325592341
hawkes,1722.16709555054
hawkes,1722.55157347612
hawkes,1722.58236389405
hawkes,1722.62752050218
hawkes,1722.62772427412
hawkes,1722.7425387377
hawkes,1722.87771052532
hawkes,1722.91939693285
hawkes,1723.06519549471
hawkes,1723.07910398832
hawkes,1723.1172344215
hawkes,1723.45343192075
hawkes,1723.48513708471
hawkes,1723.69463197071
hawkes,1723.91716054318
hawkes,1723.92596479283
hawkes,1724.05815255705
hawkes,1724.37022922659
hawkes,1724.4999442362
hawkes,1724.5457603075
hawkes,1724.65119069573
hawkes,1725.27159664722
hawkes,1725.56113388453
hawkes,1725.59764523125
hawkes,1725.66499777207
hawkes,1726.40986474501
hawkes,1726.71837460641
hawkes,1734.60164892589
hawkes,1738.34309326074
hawkes,1740.96286588566
hawkes,1741.44305224253
hawkes,1747.23087147215
hawkes,1747.81163147122
hawkes,1749.45800831191
hawkes,1750.90514198562
hawkes,1750.92183986477
hawkes,1751.1380826464
hawkes,1752.79137318538
hawkes,1754.07530575542
hawkes,1755.151779115
hawkes,1755.8193823459
hawkes,1757.18499141837
hawkes,1760.00622759122
hawkes,1765.23341416448
hawkes,1766.12090534835
hawkes,1766.19591373755
hawkes,1766.90393010212
hawkes,1766.90574389459
hawkes,1767.06149793922
hawkes,1767.28459447956
hawkes,1767.30589184589
hawkes,1767.45107023417
hawkes,1768.06146129754
hawkes,1769.64725046746
hawkes,1769.65633507484
hawkes,1769.78355470709
hawkes,1770.88680008603
hawkes,1771.10751169229
hawkes,1771.3065305351
hawkes,1772.28799099353
hawkes,1772.55050045693
hawkes,1772.76039333307
hawkes,1773.56831321092
hawkes,1774.80882573895
hawkes,1774.89604226765
hawkes,1775.13674879931
hawkes,1775.27489203607
hawkes,1775.62785573438
hawkes,1776.15729858422
hawkes,1776.89905465861
hawkes,1777.34087362188
hawkes,1777.50514560914
hawkes,1777.56213799157
hawkes,1778.21118466912
hawkes,1778.26242848988
hawkes,1778.53712627836
hawkes,1778.8197788661
hawkes,1779.23056176154
hawkes,1780.43008072366
hawkes,1781.21306968804
hawkes,1781.7462707688
hawkes,1781.89208567857
hawkes,1783.01596493672
hawkes,1783.35008661936
hawkes,1786.59899545197
hawkes,1786.6267129049
hawkes,1787.23461971911
hawkes,1788.52833021588
hawkes,1789.14395639843
hawkes,1790.73144536871
hawkes,1791.83204214657
hawkes,1792.16298248036
hawkes,1792.95314222003
hawkes,1793.5641326761
hawkes,1794.73058054642
hawkes,1794.78401625429
hawkes,1796.31150294415
hawkes,1796.52688525913
hawkes,1796.99637215771
hawkes,1799.45042845839
hawkes,1801.09081347182
hawkes,1804.07061486619
hawkes,1804.7913318933
hawkes,1804.82688263574
hawkes,1805.19018780063
hawkes,1806.26365489281
hawkes,1806.38302275543
hawkes,1808.71446435189
hawkes,1812.82437482956
hawkes,1814.45689148723
hawkes,1814.621514059
hawkes,1815.23402105217
hawkes,1815.47535835695
hawkes,1815.9770358401
hawkes,1816.74877771221
hawkes,1817.11072572902
hawkes,1818.43134747826
hawkes,1818.64549434003
hawkes,1819.60658396285
hawkes,1819.67114842173
hawkes,1820.02261049809
hawkes,1820.28260999338
hawkes,1820.5066756815
hawkes,1820.77771911889
hawkes,1820.78306657818
hawkes,1821.0654126022
hawkes,1821.27006490411
hawkes,1821.30011971304
hawkes,1821.44542296442
hawkes,1821.68961882876
hawkes,1821.96529926505
hawkes,1822.06219238606
hawkes,1822.93905287902
hawkes,1824.04749271694
hawkes,1824.06643479997
hawkes,1824.24710931041
hawkes,1824.459698991
hawkes,1824.81599748915
hawkes,1825.04436582117
hawkes,1825.10442619782
hawkes,1825.21311529175
hawkes,1825.31725341871
hawkes,1825.4989360687
hawkes,1825.62861010709
hawkes,1827.03927332277
hawkes,1827.05087337682
hawkes,1827.19341238936
hawkes,1827.33203618969
hawkes,1827.77937031989
hawkes,1828.60089178002
hawkes,1831.10951235367
hawkes,1831.24910758219
hawkes,1832.41293370824
hawkes,1833.25800122886
hawkes,1833.57328443569
hawkes,1834.5487349905
hawkes,1835.22804597511
hawkes,1836.78529184415
hawkes,1837.49950082617
hawkes,1837.5682043879
hawkes,1844.40432512783
hawkes,1844.68711709252
hawkes,1844.99717667193
hawkes,1845.9052860714
hawkes,1846.62205448474
hawkes,1846.86125436617
hawkes,1847.10507636802
hawkes,1847.98224651325
hawkes,1848.23905558846
hawkes,1848.36068220546
hawkes,1848.43222622513
hawkes,1848.46454362192
hawkes,1848.69978474545
hawkes,1849.56562960312
hawkes,1849.68677931908
hawkes,1849.94569636293
hawkes,1850.33065094111
hawkes,1850.89152884642
hawkes,1851.13416827681
hawkes,1853.89026410463
hawkes,1853.93795944235
hawkes,1855.14880807505
hawkes,1862.28325213437
hawkes,1865.37241662214
hawkes,1865.56623489487
hawkes,1869.33247161476
hawkes,1869.80064429841
hawkes,1873.3953564159
hawkes,1876.84198951117
hawkes,1877.05846336694
hawkes,1879.25968188894
hawkes,1879.59168251284
hawkes,1880.00678320811
hawkes,1881.15454140851
hawkes,1881.17050936806
hawkes,1881.35808239796
hawkes,1882.70997925082
hawkes,1883.04402610414
hawkes,1883.37732264292
hawkes,1883.68075457553
hawkes,1884.99937080815
hawkes,1885.64618784885
hawkes,1888.59672588309
hawkes,1888.65214388992
hawkes,1890.74310561676
hawkes,1891.08527345915
hawkes,1891.12378464303
hawkes,1891.2812038421
hawkes,1891.43443936502
hawkes,1892.16514699652
hawkes,1892.44783466146
hawkes,1893.03094563666
hawkes,1894.76581190349
hawkes,1895.9524057234
hawkes,1896.25076676954
hawkes,1896.31442959017
hawkes,1896.33689792151
hawkes,1897.007187877
hawkes,1897.1759945475
hawkes,1897.51608559655
hawkes,1897.81749657514
hawkes,1897.88726158909
hawkes,1898.2298552794
hawkes,1900.53463537509
hawkes,1905.08300337249
hawkes,1906.17755318493
hawkes,1906.86541782705
hawkes,1907.02440800052
hawkes,1907.12342325899
hawkes,1907.32781956694
hawkes,1907.45545559567
hawkes,1907.86389384509
hawkes,1916.60183364535
hawkes,1917.49825277581
hawkes,1923.70782520024
hawkes,1926.61790639227
hawkes,1926.67950399658
hawkes,1930.28673523527
hawkes,1932.70675892298
hawkes,1934.24125788696
hawkes,1934.68282864858
hawkes,1936.02038966884
hawkes,1936.25971926543
hawkes,1936.76812680133
hawkes,1937.26300294477
hawkes,1937.29029827337
hawkes,1937.29646741567
hawkes,1937.84960418908
hawkes,1937.99238913123
hawkes,1938.19747070703
hawkes,1938.42906742636
hawkes,1939.97052867073
hawkes,1940.4482411424
hawkes,1940.63319286473
hawkes,1940.76531861246
hawkes,1940.97163608465
hawkes,1940.99867135807
hawkes,1941.13705262383
hawkes,1941.19855166828
hawkes,1941.26540664232
hawkes,1941.72571802073
hawkes,1941.77547006652
hawkes,1941.81235565598
hawkes,1942.97218143468
hawkes,1943.08309261137
hawkes,1946.78080288627
hawkes,1947.01566394167
hawkes,1960.26832487662
hawkes,1965.28386612556
hawkes,1965.52411119434
hawkes,1965.82624381838
hawkes,1965.86277106917
hawkes,1966.25250660294
hawkes,1966.25953394383
hawkes,1971.53509505349
hawkes,1973.25604048729
hawkes,1973.38987545704
hawkes,1973.89127751335
hawkes,1975.28784779344
hawkes,1975.73639436315
hawkes,1976.12106581393
hawkes,1977.03245013361
hawkes,1978.7298067397
hawkes,1978.77890526141
hawkes,1981.03865587096
hawkes,1984.52589581401
hawkes,1984.97862353062
hawkes,1985.02430660788
hawkes,1985.19147502837
hawkes,1985.66731098759
hawkes,1986.94322965236
hawkes,1987.88252165604
hawkes,1989.61144359763
hawkes,1992.6349612651
hawkes,1994.50654140415
hawkes,1995.60739102596
hawkes,1997.21949980648
hawkes,1997.23043122491
hawkes,1997.83835626775
hawkes,1998.51758625488
hawkes,1998.83582744793
hawkes,1999.14935368189
hawkes,2002.06594157959
hawkes,2003.16312862956
hawkes,2003.63650864882
hawkes,2004.09771180764
hawkes,2004.61781667852
hawkes,2005.31807831149
hawkes,2005.9848923451
hawkes,2006.17929397092
hawkes,2006.19167895194
hawkes,2006.83445969008
hawkes,2006.99226061625
hawkes,2007.64674962655
hawkes,2008.03963336663
hawkes,2008.09467776393
hawkes,2008.09531017048
hawkes,2008.21253134881
hawkes,2008.81284096947
hawkes,2008.83341214782
hawkes,2008.9698789815
hawkes,2009.97898378213
hawkes,2010.73872827477
hawkes,2010.79062015044
hawkes,2010.87370698459
hawkes,2011.19407653241
hawkes,2011.87669136931
hawkes,2011.99005304767
hawkes,2014.9492929014
hawkes,2018.87265833574
hawkes,2019.82407571417
hawkes,2021.58833675472
hawkes,2023.21476136558
hawkes,2024.87526991727
hawkes,2024.97428970578
hawkes,2025.68847491147
hawkes,2026.03616957612
hawkes,2027.36264538021
hawkes,2037.52542104372
hawkes,2038.53276283528
hawkes,2038.84349021334
hawkes,2041.06943055909
hawkes,2042.43930741061
hawkes,2042.90998427953
hawkes,2044.73473370135
hawkes,2046.23263589354
hawkes,2047.47290383628
hawkes,2051.7057660183
hawkes,2052.52286386399
hawkes,2052.81448789762
hawkes,2053.74835243113
hawkes,2054.51386197705
hawkes,2055.23280739125
hawkes,2055.61344526045
hawkes,2056.61184210064
hawkes,2056.94963263158
hawkes,2062.56210213305
hawkes,2063.28784895573
hawkes,2065.6146961339
hawkes,2067.59403057284
hawkes,2073.80507194637
hawkes,2074.67501276327
hawkes,2075.69384152885
hawkes,2077.17458919299
hawkes,2077.22335774579
hawkes,2077.37076156755
hawkes,2077.91541415206
hawkes,2078.20122597093
hawkes,2083.79348335516
hawkes,2084.58534338701
hawkes,2085.2629761352
hawkes,2085.43245113373
hawkes,2086.19306432349
hawkes,2088.28416129474
hawkes,2088.45737920742
hawkes,2088.5622296664
hawkes,2088.85791970292
hawkes,2089.42905600115
hawkes,2090.07616953063
hawkes,2091.15406955051
hawkes,2096.72915441082
hawkes,2097.1529967836
hawkes,2098.88943033464
hawkes,2099.06502705772
hawkes,2099.75386153611
hawkes,2099.79162893696
hawkes,2101.52506180208
hawkes,2102.25338490984
hawkes,2105.1124632606
hawkes,2105.30672020073
hawkes,2108.82775599169
hawkes,2109.63865887005
hawkes,2109.78739418028
hawkes,2111.29790778829
hawkes,2114.3771544233
hawkes,2114.78144771702
hawkes,2115.13199149065
hawkes,2116.02734423323
hawkes,2116.38983132318
hawkes,2116.78835597835
hawkes,2116.81506986244
hawkes,2116.89698568829
hawkes,2117.07122405582
hawkes,2117.45334337927
hawkes,2117.69039353783
hawkes,2117.756531699
hawkes,2117.76906686711
hawkes,2117.78400781138
hawkes,2118.12252895074
hawkes,2119.01115581386
hawkes,2121.42363504976
hawkes,2121.79431584127
hawkes,2121.85368996595
hawkes,2122.03675512636
hawkes,2122.25796658756
hawkes,2122.98002717592
hawkes,2123.24236422477
hawkes,2123.24884385625
hawkes,2123.87696592349
hawkes,2124.14450902527
hawkes,2124.77805308116
hawkes,2125.19021465146
hawkes,2125.42810429166
hawkes,2127.4850246099
hawkes,2128.50140841753
hawkes,2131.09162424129
hawkes,2132.68921569309
hawkes,2133.43564961292
hawkes,2135.0922021009
hawkes,2135.70374871734
hawkes,2142.42558802238
hawkes,2145.47732526123
hawkes,2146.05849227228
hawkes,2146.3914848722
hawkes,2146.57506579472
hawkes,2147.57864695465
hawkes,2149.78315118528
hawkes,2150.25199404971
hawkes,2150.93347151414
hawkes,2150.93955903156
hawkes,2151.28089841989
hawkes,2155.12000215776
hawkes,2155.36293800326
hawkes,2155.50866499869
hawkes,2155.51706783352
hawkes,2156.01809856311
hawkes,2156.09323193216
hawkes,2156.13446313174
hawkes,2156.15500326876
hawkes,2156.28421337911
hawkes,2156.31646917832
hawkes,2156.70849041658
hawkes,2156.83031225088
hawkes,2157.81194931909
hawkes,2158.0672848736
hawkes,2158.49010991654
hawkes,2158.85086693071
hawkes,2159.04139838187
hawkes,2159.17581056323
hawkes,2164.47825285356
hawkes,2164.88507381078
hawkes,2165.13689325116
hawkes,2165.3991918322
hawkes,2165.94752005866
hawkes,2166.42528441217
hawkes,2166.46061799649
hawkes,2168.41499530833
hawkes,2169.37424729319
hawkes,2170.85046808746
hawkes,2170.88055824152
hawkes,2171.25162987151
hawkes,2171.81554541792
hawkes,2171.87178138164
hawkes,2172.03287807985
hawkes,2172.28269803989
hawkes,2172.56547709397
hawkes,2174.37127871378
hawkes,2175.66179111444
hawkes,2176.33265196777
hawkes,2176.4948304579
hawkes,2177.1155545623
hawkes,2177.3300697996
hawkes,2179.78220765129
hawkes,2184.20375776444
hawkes,2184.78980517972
hawkes,2185.56652378351
hawkes,2185.64747451485
hawkes,2185.91159807559
hawkes,2186.31553553333
hawkes,2186.4637856418
hawkes,2186.56377757203
hawkes,2186.62556805632
hawkes,2187.20180880618
hawkes,2187.50007667887
hawkes,2188.15520792292
hawkes,2188.73469390549
hawkes,2188.88005062696
hawkes,2189.09838764841
hawkes,2189.27207137032
hawkes,2191.71115796231
hawkes,2191.92933899341
hawkes,2192.51150151234
hawkes,2192.57752706786
hawkes,2192.68653074285
hawkes,2192.7695038252
hawkes,2192.83764894097
hawkes,2192.86176086873
hawkes,2193.1420912559
hawkes,2193.63161280849
hawkes,2193.65904635696
hawkes,2197.32036202435
hawkes,2198.2367645029
hawkes,2203.01749995891
hawkes,2203.07224064754
hawkes,2203.19260790745
hawkes,2203.1979888518
hawkes,2203.27366790862
hawkes,2203.45260500645
hawkes,2203.52615661558
hawkes,2204.15071940174
hawkes,2204.32013629329
hawkes,2204.40621293426
hawkes,2204.41141462299
hawkes,2204.51337125967
hawkes,2204.73295626895
hawkes,2205.13854186334
hawkes,2205.40075015909
hawkes,2205.53594237502
hawkes,2205.85110390486
hawkes,2205.94464655558
hawkes,2205.97619070072
hawkes,2209.8144920073
hawkes,2211.36391990607
hawkes,2211.7586167626
hawkes,2211.97540135268
hawkes,2212.37109139863
hawkes,2212.84515967577
hawkes,2214.22175726031
hawkes,2215.21549092874
hawkes,2222.37880519892
hawkes,2227.49337081931
hawkes,2228.6370773927
hawkes,2228.9811490449
hawkes,2229.93093357103
hawkes,2230.12011898557
hawkes,2230.28129894109
hawkes,2230.75238303576
hawkes,2232.40530670981
hawkes,2234.37498906037
hawkes,2237.90481953585
hawkes,2238.12926343264
hawkes,2238.62213084328
hawkes,2238.90815400624
hawkes,2239.13987473492
hawkes,2239.33822695977
hawkes,2239.5533581382
hawkes,2239.71802633699
hawkes,2239.85761236828
hawkes,2239.99425269573
hawkes,2241.75434706372
hawkes,2244.507019381
hawkes,2248.34220644606
hawkes,2248.37190484093
hawkes,2248.48926439759
hawkes,2248.57691973636
hawkes,2248.60159580852
hawkes,2250.16879906516
hawkes,2251.34311351523
hawkes,2258.36611995507
hawkes,2260.06521093235
hawkes,2260.09695852261
hawkes,2263.58243236746
hawkes,2264.80968516354
hawkes,2265.21867445963
hawkes,2270.50492527518
hawkes,2273.52043576662
hawkes,2273.89464890893
hawkes,2275.8170593199
hawkes,2283.23531432038
hawkes,2284.19988321406
hawkes,2284.43390719614
hawkes,2284.72325291499
hawkes,2284.87418600309
hawkes,2285.24305004062
hawkes,2285.26409145001
hawkes,2285.32823857803
hawkes,2285.38268118012
hawkes,2285.47927465219
hawkes,2285.80459094197
hawkes,2285.8431381354
hawkes,2285.86123326194
hawkes,2285.88584385752
hawkes,2285.96170085355
hawkes,2285.97826081053
hawkes,2285.99340037394
hawkes,2286.03663577095
hawkes,2286.05217500564
hawkes,2286.16835716512
hawkes,2286.56468008219
hawkes,2287.18232618374
hawkes,2287.63872029276
hawkes,2288.01170206722
hawkes,2288.56250680163
hawkes,2288.64248010165
hawkes,2289.16485997613
hawkes,2289.17382640817
hawkes,2290.07503095832
hawkes,2290.86542705691
hawkes,2292.56851064021
hawkes,2292.59282199147
hawkes,2292.62829214737
hawkes,2293.79749991722
hawkes,2299.55156902355
hawkes,2299.6502914088
hawkes,2299.76190967082
hawkes,2300.34141155464
hawkes,2301.00067241017
hawkes,2302.12607523299
hawkes,2305.35284172719
hawkes,2305.35641752993
hawkes,2305.93186078689
hawkes,2306.42525816913
hawkes,2310.53287349341
hawkes,2310.7720685446
hawkes,2314.61168272558
hawkes,2315.32927981534
hawkes,2315.50683886045
hawkes,2315.53727979982
hawkes,2315.5628726282
hawkes,2315.73563454428
hawkes,2315.95036561655
hawkes,2316.03351049661
hawkes,2316.20697705877
hawkes,2316.22520842377
hawkes,2316.59653290225
hawkes,2316.78957234557
hawkes,2317.11540920383
hawkes,2317.50989100762
hawkes,2317.56076273174
hawkes,2317.56824801416
hawkes,2317.95300278127
hawkes,2318.01761909721
hawkes,2318.111281597
hawkes,2318.51353683675
hawkes,2318.61083648517
hawkes,2328.857181504
hawkes,2329.67721127733
hawkes,2330.20464236566
hawkes,2331.77893534232
hawkes,2332.83035482444
hawkes,2334.62990025513
hawkes,2334.71004434919
hawkes,2335.12942305666
hawkes,2336.02241719952
hawkes,2336.15203061641
hawkes,2336.20201640593
hawkes,2336.50957274746
hawkes,2339.38917784101
hawkes,2339.48905455955
hawkes,2339.78990018853
hawkes,2339.90312154296
hawkes,2342.16428262983
hawkes,2344.38858825938
hawkes,2344.45983384361
hawkes,2344.50488621936
hawkes,2344.62198926583
hawkes,2347.0053283677
hawkes,2347.35191173023
hawkes,2347.43453178091
hawkes,2349.36256068451
hawkes,2349.93223783467
hawkes,2350.38884914535
hawkes,2351.89789608407
hawkes,2358.82259889997
hawkes,2359.05217665887
hawkes,2361.07011516673
hawkes,2361.46949981633
hawkes,2361.71989481646
hawkes,2362.11466141517
hawkes,2363.17193625249
hawkes,2364.06273483374
hawkes,2365.88533760065
hawkes,2366.30273763623
hawkes,2366.46577340329
hawkes,2369.28506087443
hawkes,2369.61318511329
hawkes,2369.71957334796
hawkes,2370.98287177036
hawkes,2373.6421508721
hawkes,2374.50664137396
hawkes,2374.62808576101
hawkes,2374.91142806007
hawkes,2374.91787580779
hawkes,2376.07514245685
hawkes,2376.37533388426
hawkes,2376.71050900707
hawkes,2378.24130198818
hawkes,2380.82165326463
hawkes,2383.84313333993
hawkes,2384.74395788191
hawkes,2386.29856133645
hawkes,2387.7860244733
hawkes,2387.99215172774
hawkes,2388.16222262649
hawkes,2390.97238840266
hawkes,2391.16011618305
hawkes,2391.16411580544
hawkes,2391.67893520697
hawkes,2391.80155586342
hawkes,2392.25711531491
hawkes,2396.09476447944
hawkes,2397.06393664911
hawkes,2397.68720181523
hawkes,2397.74009809432
hawkes,2403.26954967169
hawkes,2403.26958002184
hawkes,2403.27327518074
hawkes,2403.46784160266
hawkes,2403.54918163346
hawkes,2404.72709619232
hawkes,2409.57078291493
hawkes,2412.20631197974
hawkes,2412.36230552221
hawkes,2412.74486945001
hawkes,2413.12557681102
hawkes,2413.3176582779
hawkes,2414.51717001782
hawkes,2415.35935296859
hawkes,2415.48017659028
hawkes,2415.79889150571
hawkes,2416.34725659456
hawkes,2416.35698274473
hawkes,2416.87987833536
hawkes,2417.30458803418
hawkes,2417.42751116564
hawkes,2417.50158691318
hawkes,2418.14683462877
hawkes,2418.70209048234
hawkes,2420.42974206406
hawkes,2421.77733670565
hawkes,2421.94805863596
hawkes,2422.34019230543
hawkes,2422.41869095508
hawkes,2422.75654806491
hawkes,2422.88252864783
hawkes,2423.28850880641
hawkes,2423.31269212472
hawkes,2423.49935284833
hawkes,2423.54081902261
hawkes,2423.73508623378
hawkes,2423.91678059556
hawkes,2424.34325728804
hawkes,2424.41586742813
hawkes,2424.59999308324
hawkes,2424.77111798281
hawkes,2425.45601548296
hawkes,2429.58202725883
hawkes,2430.74940510827
hawkes,2430.96049499112
hawkes,2431.17196700681
hawkes,2431.19124709047
hawkes,2431.27621425057
hawkes,2431.50778456351
hawkes,2432.83193034272
hawkes,2433.36516605037
hawkes,2433.76621942454
hawkes,2435.59189464535
hawkes,2435.71954943346
hawkes,2435.82512451197
hawkes,2436.16084942349
hawkes,2437.14861976492
hawkes,2437.15798482238
hawkes,2438.36740380429
hawkes,2438.4290028394
hawkes,2438.88440555637
hawkes,2439.04858985287
hawkes,2439.10642870882
hawkes,2441.39406352029
hawkes,2443.27544705079
hawkes,2444.49530915592
hawkes,2444.70443492444
hawkes,2445.55202460189
hawkes,2446.67476839424
hawkes,2447.2734627477
hawkes,2448.43150506781
hawkes,2450.13592260976
hawkes,2450.1805839079
hawkes,2451.13203519191
hawkes,2453.63772457399
hawkes,2454.94820528744
hawkes,2456.46507440385
hawkes,2457.99416246247
hawkes,2458.47444527804
hawkes,2459.08815586595
hawkes,2459.2427934668
hawkes,2459.25246394958
hawkes,2459.26690025382
hawkes,2459.35835889298
hawkes,2459.37009936969
hawkes,2460.19579230371
hawkes,2460.43481175585
hawkes,2463.72882103155
hawkes,2466.46074194179
hawkes,2467.35959753371
hawkes,2467.86366260348
hawkes,2468.75577985948
hawkes,2470.29994684374
hawkes,2470.30097052792
hawkes,2470.38750718084
hawkes,2471.10303706944
hawkes,2471.13687706565
hawkes,2471.45778755283
hawkes,2473.15324678208
hawkes,2478.0555964327
hawkes,2478.81118006342
hawkes,2480.93392015284
hawkes,2484.02835767552
hawkes,2484.75107447455
hawkes,2485.49686845232
hawkes,2485.49970426948
hawkes,2485.52882623653
hawkes,2485.77787536301
hawkes,2485.84424608985
hawkes,2488.40922974623
hawkes,2489.38587060856
hawkes,2489.75112640809
hawkes,2495.519209175
hawkes,2498.26565489771
hawkes,2498.70319160887
hawkes,2498.76708555857
hawkes,2500.08261585664
hawkes,2500.72049641471
hawkes,2503.03188490707
hawkes,2507.33244433126
hawkes,2513.5076484839
hawkes,2513.91383824676
hawkes,2517.19101633763
hawkes,2517.78487822475
hawkes,2523.2914930202
hawkes,2524.12347072273
hawkes,2525.8092789146
hawkes,2525.98949344553
hawkes,2527.55086265934
hawkes,2527.79463729504
hawkes,2527.87828571808
hawkes,2528.69294637462
hawkes,2528.73454806996
hawkes,2529.07990456827
hawkes,2529.2446952576
hawkes,2529.41705264849
hawkes,2529.49981269804
hawkes,2530.18247539323
hawkes,2530.26631095853
hawkes,2530.57458044809
hawkes,2530.68130243358
hawkes,2530.73886656655
hawkes,2530.84820174513
hawkes,2530.98002577799
hawkes,2531.10239791429
hawkes,2531.40630981882
hawkes,2532.16359861301
hawkes,2532.17764839636
hawkes,2532.27571387101
hawkes,2532.28186451173
hawkes,2534.76451402586
hawkes,2535.42990568715
hawkes,2535.98768764697
hawkes,2538.15246897172
hawkes,2538.24499422672
hawkes,2538.33520131033
hawkes,2540.34198632023
hawkes,2540.59574319346
hawkes,2540.96245439451
hawkes,2541.42806125064
hawkes,2541.50150435589
hawkes,2543.8242165319
hawkes,2544.28158788863
hawkes,2544.78807378427
hawkes,2544.82552291099
hawkes,2545.44195538519
hawkes,2546.53915021255
hawkes,2548.53192481155
hawkes,2553.20189022313
hawkes,2553.24619802357
hawkes,2553.47821227216
hawkes,2553.51551983606
hawkes,2559.48468784936
hawkes,2559.82506497111
hawkes,2560.01810398434
hawkes,2560.21983933306
hawkes,2561.26956616659
hawkes,2561.7232286927
hawkes,2562.61893883335
hawkes,2563.62485270848
hawkes,2566.05209386315
hawkes,2567.18106625521
hawkes,2568.00417061079
hawkes,2568.55731589514
hawkes,2568.78882299141
hawkes,2570.30917173286
hawkes,2571.63833441891
hawkes,2572.65675940423
hawkes,2576.8639379651
hawkes,2580.07913935852
hawkes,2582.82245388331
hawkes,2583.45291808079
hawkes,2584.35667084709
hawkes,2585.80896457748
hawkes,2586.0072846654
hawkes,2586.03021320433
hawkes,2586.91691516133
hawkes,2589.58716055249
hawkes,2590.87749045252
hawkes,2591.27439025598
hawkes,2591.41709934801
hawkes,2592.15794397851
hawkes,2594.46061252269
hawkes,2594.62658939065
hawkes,2594.66157667124
hawkes,2594.68774946301
hawkes,2595.32776849887
hawkes,2595.38985298817
hawkes,2596.62302262632
hawkes,2597.5327302512
hawkes,2598.01074928171
hawkes,2607.73017825736
hawkes,2608.06551863965
hawkes,2608.22654256272
hawkes,2609.56735023818
hawkes,2610.06534359391
hawkes,2610.4908078481
hawkes,2612.00341916932
hawkes,2612.04121748683
hawkes,2612.07388394707
hawkes,2612.92819259255
hawkes,2612.96878073278
hawkes,2613.06311206781
hawkes,2613.52953768996
hawkes,2616.22430537522
hawkes,2617.72695560381
hawkes,2620.04848004458
hawkes,2620.21791066972
hawkes,2620.33233615652
hawkes,2620.79215146333
hawkes,2621.41770400991
hawkes,2621.57501823727
hawkes,2621.91067106796
hawkes,2621.98718437642
hawkes,2622.30774710736
hawkes,2622.62404763797
hawkes,2622.82219132796
hawkes,2622.83369705438
hawkes,2623.58717579699
hawkes,2623.79941096682
hawkes,2623.82816391357
hawkes,2624.9325372966
hawkes,2625.26909223215
hawkes,2625.67933487888
hawkes,2625.92058416747
hawkes,2626.01310777112
hawkes,2626.757430083
hawkes,2627.31083653361
hawkes,2627.50567664782
hawkes,2627.81594324215
hawkes,2627.824908099
hawkes,2628.03847870377
hawkes,2628.07351564205
hawkes,2628.65387600749
hawkes,2628.95236438676
hawkes,2630.09330473104
hawkes,2630.69027548291
hawkes,2631.11664378289
hawkes,2631.71058889529
hawkes,2633.0124455582
hawkes,2633.12172890444
hawkes,2633.57545236304
hawkes,2633.93615899569
hawkes,2634.02918145186
hawkes,2634.19022435664
hawkes,2634.63346695538
hawkes,2635.11512248826
hawkes,2635.71641033794
hawkes,2635.71669512264
hawkes,2636.0788024105
hawkes,2636.43473188553
hawkes,2636.66520694313
hawkes,2636.89564538674
hawkes,2636.95047518533
hawkes,2637.15154025359
hawkes,2637.39578988934
hawkes,2637.55565317673
hawkes,2637.60285973755
hawkes,2637.625557809
hawkes,2637.63878964125
hawkes,2637.79946857668
hawkes,2637.90858790609
hawkes,2637.92952015597
hawkes,2638.08792894725
hawkes,2638.41691958667
hawkes,2638.46610250137
hawkes,2638.78156721967
hawkes,2639.92073194248
hawkes,2640.28057740519
hawkes,2641.11470600471
hawkes,2641.21148849271
hawkes,2641.35185015276
hawkes,2641.44486928959
hawkes,2641.75718321693
hawkes,2641.94263266263
hawkes,2642.01507217021
hawkes,2643.29007725031
hawkes,2643.83782505891
hawkes,2643.98160105087
hawkes,2644.02837633797
hawkes,2644.64843168272
hawkes,2645.50071858838
hawkes,2645.52083726782
hawkes,2648.78427215881
hawkes,2649.96960666044
hawkes,2650.99859199246
hawkes,2651.14406617564
hawkes,2660.05947038707
hawkes,2660.30039262292
hawkes,2660.46473832516
hawkes,2660.65601527954
hawkes,2660.66378683499
hawkes,2660.98276776691
hawkes,2661.52645957032
hawkes,2662.41752706518
hawkes,2662.63847616402
hawkes,2662.80289368748
hawkes,2662.82172808252
hawkes,2662.92559178409
hawkes,2663.28028373906
hawkes,2663.51754442532
hawkes,2663.54038223938
hawkes,2663.69722128703
hawkes,2663.72001190925
hawkes,2664.52854250381
hawkes,2665.08980915995
hawkes,2665.45054478513
hawkes,2666.02914942245
hawkes,2666.41176689684
hawkes,2666.48763387717
hawkes,2667.06057925388
hawkes,2669.7077427874
hawkes,2671.22040708282
hawkes,2671.58168763438
hawkes,2671.93644905721
hawkes,2672.64627137471
hawkes,2673.17182381469
hawkes,2673.94858995077
hawkes,2674.92871472909
hawkes,2675.007930623
hawkes,2678.76216984464
hawkes,2680.04078602114
hawkes,2680.65765970016
hawkes,2680.89851105271
hawkes,2680.90791318328
hawkes,2681.13776909538
hawkes,2681.44160989728
hawkes,2682.18880565625
hawkes,2682.56035176394
hawkes,2683.58568210046
hawkes,2684.7228307962
hawkes,2684.7927818718
hawkes,2685.11710337863
hawkes,2685.24803702976
hawkes,2685.31673474589
hawkes,2685.59875841395
hawkes,2685.74278799594
hawkes,2686.3339433827
hawkes,2687.02018272968
hawkes,2687.16629181668
hawkes,2687.2427764366
hawkes,2687.29976326887
hawkes,2687.52392764442
hawkes,2689.96117931941
hawkes,2690.28011765508
hawkes,2690.55770355207
hawkes,2690.87668165191
hawkes,2691.02656211314
hawkes,2691.13727157404
hawkes,2691.3269541075
hawkes,2691.34275476936
hawkes,2691.38740542408
hawkes,2691.47636889756
hawkes,2691.53346592984
hawkes,2691.60561594146
hawkes,2691.64013813513
hawkes,2691.79958561775
hawkes,2691.8546131447
hawkes,2693.03984100361
hawkes,2693.58216738963
hawkes,2694.60870165361
hawkes,2695.36051470349
hawkes,2695.91727182224
hawkes,2696.00994326007
hawkes,2698.7942815527
hawkes,2699.05169080052
hawkes,2699.48248258721
hawkes,2699.55606395094
hawkes,2699.77206752683
hawkes,2699.82977735559
hawkes,2701.87887471853
hawkes,2702.07666629493
hawkes,2702.41481128916
hawkes,2702.91521225956
hawkes,2702.95786425226
hawkes,2703.60826663768
hawkes,2705.1500557158
hawkes,2705.7933841502
hawkes,2706.77338180893
hawkes,2710.18775278548
hawkes,2710.38155934807
hawkes,2711.03613304122
hawkes,2712.5691014626
hawkes,2712.57973294847
hawkes,2712.6579732126
hawkes,2712.93369133055
hawkes,2713.09854270603
hawkes,2713.33356211651
hawkes,2713.48691250452
hawkes,2713.55223235161
hawkes,2716.86178509453
hawkes,2722.12190788147
hawkes,2722.72093448149
hawkes,2725.03584638621
hawkes,2725.31510746792
hawkes,2725.79673047267
hawkes,2731.25733804782
hawkes,2731.63052201953
hawkes,2731.90397207236
hawkes,2732.1974579331
hawkes,2732.60125481237
hawkes,2734.7425233167
hawkes,2735.29440830632
hawkes,2736.33889795704
hawkes,2736.54237435877
hawkes,2736.5971133377
hawkes,2737.34135239557
hawkes,2737.34398950931
hawkes,2737.53068534686
hawkes,2737.93617716217
hawkes,2738.30043983449
hawkes,2738.32698393681
hawkes,2738.49867872995
hawkes,2738.54749832483
hawkes,2739.0590831214
hawkes,2739.34495215604
hawkes,2739.51259600963
hawkes,2739.65587128427
hawkes,2739.67858173122
hawkes,2739.85376152067
hawkes,2740.71154711248
hawkes,2741.19345691505
hawkes,2741.48571619935
hawkes,2741.54433370228
hawkes,2741.83075451999
hawkes,2741.89454857376
hawkes,2741.97991039473
hawkes,2742.09487477855
hawkes,2742.19109010362
hawkes,2742.30152802409
hawkes,2742.99218425232
hawkes,2744.02434549806
hawkes,2744.35381658925
hawkes,2744.55874061776
hawkes,2744.69512877466
hawkes,2744.9766099984
hawkes,2745.69340831862
hawkes,2746.03530716395
hawkes,2746.03578738587
hawkes,2747.22021269785
hawkes,2747.32873480819
hawkes,2747.45964376057
hawkes,2747.48452384557
hawkes,2747.59792844455
hawkes,2747.66448468556
hawkes,2748.15990696278
hawkes,2748.1900616902
hawkes,2749.00074922346
hawkes,2749.65674875746
hawkes,2749.85593736215
hawkes,2750.05151874082
hawkes,2750.31298418134
hawkes,2750.46538426944
hawkes,2752.09324550087
hawkes,2753.38109220308
hawkes,2753.79697148913
hawkes,2754.05521141265
hawkes,2754.5724773152
hawkes,2755.13845400862
hawkes,2755.18450417626
hawkes,2755.53518721834
hawkes,2757.16086888817
hawkes,2760.39723013694
hawkes,2761.79868578949
hawkes,2762.26073802238
hawkes,2762.36883060267
hawkes,2762.55472421926
hawkes,2762.66700675351
hawkes,2762.87807620647
hawkes,2763.50588883795
hawkes,2763.51944459596
hawkes,2763.96262824163
hawkes,2768.46213441878
hawkes,2773.84325094378
hawkes,2773.92943610284
hawkes,2773.93951847508
hawkes,2773.94063501762
hawkes,2774.43105147101
hawkes,2775.56882726517
hawkes,2775.86325287839
hawkes,2775.95389086857
hawkes,2775.95518007204
hawkes,2776.17023733411
hawkes,2776.31256055301
hawkes,2776.39922039528
hawkes,2776.62187915974
hawkes,2776.71429686286
hawkes,2776.75235796853
hawkes,2776.77685543104
hawkes,2777.1534698229
hawkes,2777.92566504754
hawkes,2777.96521956202
hawkes,2778.08630324873
hawkes,2778.40173805362
hawkes,2778.59424949637
hawkes,2778.74005090861
hawkes,2778.74773016722
hawkes,2779.68259884971
hawkes,2780.24621335553
hawkes,2780.28903083056
hawkes,2780.36922765877
hawkes,2780.8643793364
hawkes,2781.01345095073
hawkes,2782.35953199645
hawkes,2783.55173395986
hawkes,2783.56816864066
hawkes,2783.6283620317
hawkes,2783.76407740091
hawkes,2784.02538029499
hawkes,2784.3008690205
hawkes,2784.52173234243
hawkes,2784.68649586045
hawkes,2785.34582986598
hawkes,2785.49257253097
hawkes,2786.19160459877
hawkes,2786.25668012065
hawkes,2786.5286939125
hawkes,2786.76783908721
hawkes,2786.85931370494
hawkes,2787.20316505088
hawkes,2787.38713034668
hawkes,2787.66797273596
hawkes,2789.46076241161
hawkes,2789.95497363125
hawkes,2790.44620360993
hawkes,2790.49908013774
hawkes,2790.63587315972
hawkes,2791.29683709879
hawkes,2791.38318997165
hawkes,2791.6305015294
hawkes,2792.20408679909
hawkes,2792.2242634718
hawkes,2792.49383718321
hawkes,2793.02880485098
hawkes,2793.96370009392
hawkes,2794.36176040891
hawkes,2795.40102706389
hawkes,2799.28039192522
hawkes,2801.25241999698
hawkes,2805.66578189295
hawkes,2808.95718249232
hawkes,2809.66741431252
hawkes,2810.60014056445
hawkes,2810.88362647492
hawkes,2811.06281602652
hawkes,2811.64930584528
hawkes,2813.45011691304
hawkes,2814.27063659271
hawkes,2814.84475580503
hawkes,2818.17199236837
hawkes,2818.83110278389
hawkes,2819.52395316515
hawkes,2821.07925777986
hawkes,2821.13609250552
hawkes,2821.46475851301
hawkes,2821.50787370525
hawkes,2821.98447466397
hawkes,2822.0236633152
hawkes,2822.20715974342
hawkes,2822.77509472533
hawkes,2823.27326535105
hawkes,2823.30017023316
hawkes,2823.69228044976
hawkes,2823.79059351874
hawkes,2824.64222340962
hawkes,2824.9510659938
hawkes,2826.70909877261
hawkes,2827.47988047688
hawkes,2828.29039098874
hawkes,2831.72729981443
hawkes,2832.2755846912
hawkes,2832.34839734015
hawkes,2832.36194022862
hawkes,2832.59112654683
hawkes,2832.67177212262
hawkes,2832.74495297234
hawkes,2833.02703416579
hawkes,2833.13857339145
hawkes,2833.2000922624
hawkes,2833.53670521566
hawkes,2833.58541707676
hawkes,2833.9223318007
hawkes,2834.0586636402
hawkes,2834.20943608522
hawkes,2834.65711450039
hawkes,2834.7636543277
hawkes,2835.14934467993
hawkes,2835.26608348644
hawkes,2835.28339494918
hawkes,2835.5840781872
hawkes,2839.0637286298
hawkes,2839.07833467504
hawkes,2840.13181999353
hawkes,2849.47549490126
hawkes,2851.37804766904
hawkes,2851.86493322129
hawkes,2853.20066064506
hawkes,2859.10284665054
hawkes,2860.16581688512
hawkes,2861.62887514764
hawkes,2862.1454658725
hawkes,2863.08030011974
hawkes,2866.23292242201
hawkes,2867.48277092459
hawkes,2868.65645197321
hawkes,2869.72560488428
hawkes,2869.83969083011
hawkes,2870.21361523919
hawkes,2870.54531185883
hawkes,2870.57254814185
hawkes,2870.57900232084
hawkes,2870.69456267054
hawkes,2870.74762868751
hawkes,2870.94775305098
hawkes,2871.28733747643
hawkes,2871.4397463728
hawkes,2874.29648476895
hawkes,2875.06692401702
hawkes,2876.17186177799
hawkes,2877.46554724408
hawkes,2878.95248693331
hawkes,2879.28978814612
hawkes,2881.77239366988
hawkes,2881.95422537165
hawkes,2882.28916633847
hawkes,2882.37057422327
hawkes,2882.58424762961
hawkes,2882.68689674311
hawkes,2882.92607991556
hawkes,2882.9424606756
hawkes,2883.19596464128
hawkes,2883.30941026817
hawkes,2883.39850812033
hawkes,2883.63643339421
hawkes,2888.2516971277
hawkes,2888.37669801702
hawkes,2892.13983712989
hawkes,2893.34111581284
hawkes,2893.77275980507
hawkes,2895.34337193127
hawkes,2898.17692326534
hawkes,2899.26851148463
hawkes,2900.01626696398
hawkes,2902.64231092832
hawkes,2902.80412783196
hawkes,2903.01330986411
hawkes,2903.03949209796
hawkes,2903.42756437033
hawkes,2904.2331185564
hawkes,2904.36100729786
hawkes,2904.50083614556
hawkes,2904.78651303205
hawkes,2904.8381530937
hawkes,2904.84679481257
hawkes,2905.25645289416
hawkes,2906.51005956769
hawkes,2908.89994951358
hawkes,2909.08789836358
hawkes,2909.17470634714
hawkes,2910.45420915903
hawkes,2911.0775202124
hawkes,2911.29139412828
hawkes,2911.63659505892
hawkes,2911.71337857605
hawkes,2911.87601184437
hawkes,2911.88291725444
hawkes,2912.48461043645
hawkes,2913.03100607633
hawkes,2913.21991749002
hawkes,2913.76822100223
hawkes,2914.37577309986
hawkes,2914.65415372883
hawkes,2915.20853132499
hawkes,2915.3291821684
hawkes,2915.39508718863
hawkes,2916.05778306033
hawkes,2916.27161875537
hawkes,2916.34872156413
hawkes,2916.87478759735
hawkes,2917.00497534168
hawkes,2919.03827120649
hawkes,2921.22594064014
hawkes,2925.09395871875
hawkes,2925.21149596151
hawkes,2925.25851006718
hawkes,2925.45330176179
hawkes,2928.020376709
hawkes,2930.32610803077
hawkes,2930.53999602623
hawkes,2930.89711587063
hawkes,2930.89832093538
hawkes,2933.51985058483
hawkes,2934.53571638711
hawkes,2935.33501472205
hawkes,2935.76897176099
hawkes,2937.00300596123
hawkes,2938.06234571682
hawkes,2938.95387714417
hawkes,2942.46183865366
hawkes,2944.65459009203
hawkes,2945.33575721527
hawkes,2945.66394351454
hawkes,2945.81615822219
hawkes,2946.09476224473
hawkes,2950.15794265056
hawkes,2951.01715316728
hawkes,2951.16199734142
hawkes,2952.03744314749
hawkes,2952.04083003472
hawkes,2953.2468099836
hawkes,2953.82142262506
hawkes,2955.37087808273
hawkes,2957.56608008074
hawkes,2960.6488391407
hawkes,2964.05930954989
hawkes,2965.82780752555
hawkes,2971.09110771385
hawkes,2975.1571867599
hawkes,2975.40844956391
hawkes,2975.81553372356
hawkes,2976.19359418621
hawkes,2976.25781292164
hawkes,2976.3754428494
hawkes,2976.43727445836
hawkes,2976.44266757131
hawkes,2976.66699201394
hawkes,2976.7220265371
hawkes,2977.25586053739
hawkes,2977.42210093963
hawkes,2977.45908371977
hawkes,2977.45919751037
hawkes,2977.57925057327
hawkes,2979.78250315356
hawkes,2981.18723467495
hawkes,2981.25717332403
hawkes,2981.35300136262
hawkes,2981.73210130471
hawkes,2982.42048592289
hawkes,2986.21513810324
hawkes,2986.56105808336
hawkes,2986.62819254635
hawkes,2986.70940432217
hawkes,2986.89222911721
hawkes,2990.48702205344
hawkes,2990.59138315735
hawkes,2991.07301123269
hawkes,2991.33878155477
hawkes,2991.41776790868
hawkes,2992.03686872006
hawkes,2992.7930727436
hawkes,2998.17391353973
hawkes,3004.65625720944
hawkes,3008.38013023206
hawkes,3009.57961383341
hawkes,3009.6574732898
hawkes,3009.93068815754
hawkes,3010.27439811382
hawkes,3011.05941289305
hawkes,3011.59529860482
hawkes,3013.53251377937
hawkes,3013.58215268178
hawkes,3014.06187829531
hawkes,3014.3595580727
hawkes,3014.61975263594
hawkes,3014.79712527164
hawkes,3020.32214075123
hawkes,3021.86354146329
hawkes,3025.96423306706
hawkes,3027.46451002407
hawkes,3028.29731478912
hawkes,3028.66011246656
hawkes,3029.11435929347
hawkes,3029.51538605777
hawkes,3029.80188481901
hawkes,3030.25058431621
hawkes,3030.54968327378
hawkes,3031.02485001785
hawkes,3031.11971447167
hawkes,3032.38556403435
hawkes,3040.09545822915
hawkes,3040.09621683206
hawkes,3040.4736009445
hawkes,3044.72088301399
hawkes,3045.13658124192
hawkes,3048.22619777999
hawkes,3049.34507767655
hawkes,3050.28014588614
hawkes,3050.6301963564
hawkes,3051.48843439116
hawkes,3052.58299109187
hawkes,3052.75637992291
hawkes,3053.0428093033
hawkes,3059.0434349037
hawkes,3059.07256349721
hawkes,3063.57587410875
hawkes,3064.43469331032
hawkes,3064.9647062876
hawkes,3069.7789553318
hawkes,3075.22323140454
hawkes,3075.33805885473
hawkes,3075.42922342715
hawkes,3077.69170079125
hawkes,3078.61415146691
hawkes,3079.42751664409
hawkes,3080.33031017333
hawkes,3082.19122269504
hawkes,3082.4518108354
hawkes,3084.2797579398
hawkes,3085.08438423443
hawkes,3088.20588041468
hawkes,3088.20897033265
hawkes,3089.35781024939
hawkes,3090.4866885755
hawkes,3093.98538120643
hawkes,3094.1724677755
hawkes,3094.30471239809
hawkes,3094.30516124971
hawkes,3094.47469617204
hawkes,3094.60056135903
hawkes,3094.93033511267
hawkes,3095.9896221191
hawkes,3097.7549068904
hawkes,3098.44435168161
hawkes,3100.84529897736
hawkes,3103.39426343778
hawkes,3106.80777491167
hawkes,3107.78890042863
hawkes,3108.4499960953
hawkes,3111.79040354372
hawkes,3118.48508909487
hawkes,3118.50308407094
hawkes,3120.33917371501
hawkes,3125.85153136891
hawkes,3126.80728899674
hawkes,3126.89225125811
hawkes,3127.50318676692
hawkes,3127.76447108065
hawkes,3127.88616711242
hawkes,3130.39919209565
hawkes,3133.00602015337
hawkes,3137.96835203801
hawkes,3139.23727576854
hawkes,3139.56475568917
hawkes,3139.6770344791
hawkes,3140.08807649668
hawkes,3141.03990192258
hawkes,3141.64974534198
hawkes,3142.02765544425
hawkes,3142.09623949572
hawkes,3142.27142048556
hawkes,3142.91306065623
hawkes,3142.92013613226
hawkes,3143.28020109234
hawkes,3143.40544113822
hawkes,3143.4929187901
hawkes,3143.71415889239
hawkes,3143.73256609912
hawkes,3144.63043326929
hawkes,3145.49054363883
hawkes,3148.61787620956
hawkes,3148.69646125809
hawkes,3148.73438279671
hawkes,3148.74105806029
hawkes,3148.92845822027
hawkes,3149.45370342768
hawkes,3149.49001293468
hawkes,3149.66054936442
hawkes,3149.7748197958
hawkes,3150.17837143375
hawkes,3151.01962291458
hawkes,3151.33614970331
hawkes,3152.20824395476
hawkes,3152.59492088561
hawkes,3152.69197623429
hawkes,3155.4685471668
hawkes,3156.54227491509
hawkes,3156.63176574684
hawkes,3156.72964408355
hawkes,3157.21010870714
hawkes,3157.40052052754
hawkes,3157.82895830141
hawkes,3160.33857656124
hawkes,3166.8538394348
hawkes,3168.32106542659
hawkes,3168.85315459231
hawkes,3169.41682970827
hawkes,3169.8842666008
hawkes,3171.15338038343
hawkes,3171.6369565586
hawkes,3172.74088762784
hawkes,3172.81029714023
hawkes,3173.16677417469
hawkes,3173.52441202483
hawkes,3174.60122935744
hawkes,3174.60184952514
hawkes,3174.89026541702
hawkes,3177.50807370043
hawkes,3180.15854286735
hawkes,3181.10463383254
hawkes,3181.19764512474
hawkes,3181.62328976241
hawkes,3181.78555675015
hawkes,3182.09530598791
hawkes,3182.17347352841
hawkes,3183.38264920395
hawkes,3183.58117679944
hawkes,3183.6174763338
hawkes,3183.76675993845
hawkes,3183.85785909403
hawkes,3183.91431282864
hawkes,3184.39617784979
hawkes,3185.00470700411
hawkes,3185.23792358188
hawkes,3185.37018441102
hawkes,3185.44681527904
hawkes,3185.87457284918
hawkes,3186.10061620147
hawkes,3186.10075933468
hawkes,3186.19614048864
hawkes,3186.22483785768
hawkes,3186.40509635643
hawkes,3188.84661864243
hawkes,3188.84860039842
hawkes,3188.92855183226
hawkes,3189.56415705722
hawkes,3191.18420491802
hawkes,3191.57697581691
hawkes,3191.84667313429
hawkes,3191.88484546443
hawkes,3192.26530243241
hawkes,3200.20090488941
hawkes,3206.60188941434
hawkes,3207.82206939304
hawkes,3207.87332142032
hawkes,3207.95352158994
hawkes,3208.0049387631
hawkes,3208.02887581693
hawkes,3208.14890999549
hawkes,3208.17310419096
hawkes,3209.65824772986
hawkes,3212.74174051162
hawkes,3213.17249006159
hawkes,3213.5996774123
hawkes,3214.13903101477
hawkes,3216.64683969289
hawkes,3218.69982275312
hawkes,3218.82546239652
hawkes,3220.48670301795
hawkes,3221.56250297731
hawkes,3221.65564251322
hawkes,3221.94607740389
hawkes,3223.61134902376
hawkes,3223.78512372402
hawkes,3224.93103970106
hawkes,3226.83161222523
hawkes,3227.00198967059
hawkes,3231.15138465977
hawkes,3231.34403445942
hawkes,3233.60055816016
hawkes,3234.42775296355
hawkes,3235.89259795379
hawkes,3237.39581334219
hawkes,3237.89331670467
hawkes,3239.32409505475
hawkes,3239.35242128607
hawkes,3239.41819462365
hawkes,3240.09604026071
hawkes,3240.24639073517
hawkes,3240.26913083624
hawkes,3240.54664549565
hawkes,3240.88989093973
hawkes,3241.21063620755
hawkes,3241.28790300436
hawkes,3241.34951847807
hawkes,3241.40577292451
hawkes,3241.49191898212
hawkes,3241.61522838145
hawkes,3241.64484802843
hawkes,3241.96629996
hawkes,3242.11889115315
hawkes,3242.47488225744
hawkes,3243.23899110907
hawkes,3244.80562584886
hawkes,3249.44607949475
hawkes,3249.68075700927
hawkes,3249.97167084906
hawkes,3251.71224792158
hawkes,3252.80837158464
hawkes,3252.99045790397
hawkes,3256.39574104595
hawkes,3256.67111232434
hawkes,3256.7145792556
hawkes,3256.73446582326
hawkes,3256.8494496016
hawkes,3256.87847965558
hawkes,3258.06334875585
hawkes,3259.26222127751
hawkes,3260.50895369041
hawkes,3262.19955604576
hawkes,3262.66477501038
hawkes,3262.79026120587
hawkes,3264.02356763589
hawkes,3264.14486271796
hawkes,3264.4261107637
hawkes,3264.70141947859
hawkes,3265.01837395927
hawkes,3265.04446895853
hawkes,3267.67350925402
hawkes,3269.30354187716
hawkes,3277.34559874165
hawkes,3278.37812468383
hawkes,3278.92268550776
hawkes,3279.29679529181
hawkes,3280.08636013082
hawkes,3281.97911056775
hawkes,3282.46118609615
hawkes,3282.74727973184
hawkes,3284.40317699784
hawkes,3284.49307153417
hawkes,3289.11646656436
hawkes,3289.91728067123
hawkes,3290.28890395342
hawkes,3290.84337211482
hawkes,3290.91598927039
hawkes,3291.32783686809
hawkes,3291.42942811068
hawkes,3292.03730002377
hawkes,3292.21321567549
hawkes,3292.39161917685
hawkes,3292.57760230974
hawkes,3292.78359889507
hawkes,3293.07694393783
hawkes,3293.36046166514
hawkes,3293.52432649062
hawkes,3293.58583157501
hawkes,3293.58674392471
hawkes,3293.60640605685
hawkes,3293.9769333119
hawkes,3296.48732708969
hawkes,3298.0436529577
hawkes,3298.40476803434
hawkes,3298.52902115704
hawkes,3300.24358872478
hawkes,3300.59485224358
hawkes,3306.8886535016
hawkes,3306.98042004351
hawkes,3310.38890596181
hawkes,3310.83768977418
hawkes,3310.90205562057
hawkes,3311.30430286235
hawkes,3311.75657141419
hawkes,3312.31729100404
hawkes,3313.48994790684
hawkes,3314.60269719564
hawkes,3314.72911778211
hawkes,3316.41422221981
hawkes,3316.95673636347
hawkes,3317.31182833773
hawkes,3317.35838226193
hawkes,3317.59265278388
hawkes,3318.51274092179
hawkes,3320.69608231148
hawkes,3321.21608943634
hawkes,3321.30924338541
hawkes,3321.3397023161
hawkes,3323.20374556177
hawkes,3323.35354010847
hawkes,3323.46449890933
hawkes,3323.64746174778
hawkes,3323.91653755493
hawkes,3324.58541182376
hawkes,3324.67560394507
hawkes,3325.04123277295
hawkes,3325.07022715325
hawkes,3325.53816465703
hawkes,3325.55218356587
hawkes,3325.55705528017
hawkes,3325.61187821217
hawkes,3326.05600787159
hawkes,3326.22981594086
hawkes,3326.66182786766
hawkes,3327.21490574536
hawkes,3327.29388760233
hawkes,3328.01988516977
hawkes,3328.43143493314
hawkes,3331.53717901234
hawkes,3331.71244806265
hawkes,3334.28042107182
hawkes,3334.96135842041
hawkes,3335.15828873985
hawkes,3335.38397466404
hawkes,3335.59713366036
hawkes,3336.06255168507
hawkes,3336.13302335501
hawkes,3336.82403562149
hawkes,3337.17055965484
hawkes,3337.27527048046
hawkes,3337.28743434876
hawkes,3337.42555764308
hawkes,3337.53118197492
hawkes,3337.54630734652
hawkes,3337.75607529614
hawkes,3338.11676603442
hawkes,3338.14759187436
hawkes,3338.59048602312
hawkes,3338.91345610278
hawkes,3339.00725192423
hawkes,3340.22170858235
hawkes,3340.44286798619
hawkes,3342.29990556999
hawkes,3342.68924072497
hawkes,3343.99572135369
hawkes,3344.2948866256
hawkes,3346.38656512898
hawkes,3347.92792707856
hawkes,3348.51371901205
hawkes,3349.6640808853
hawkes,3349.98429199468
hawkes,3350.1442432361
hawkes,3350.41121114371
hawkes,3350.89547152104
hawkes,3351.17425273859
hawkes,3351.33767749256
hawkes,3351.52804516085
hawkes,3352.12852294561
hawkes,3352.19178624145
hawkes,3361.83340305282
hawkes,3363.46584018006
hawkes,3363.55036055372
hawkes,3364.45850607785
hawkes,3365.32243276178
hawkes,3365.60702251396
hawkes,3366.03107926805
hawkes,3371.07810388188
hawkes,3371.28409980725
hawkes,3373.02937047533
hawkes,3381.11364976766
hawkes,3387.61556034097
hawkes,3395.10356070547
hawkes,3398.94957270888
hawkes,3399.78066429463
hawkes,3402.01883936394
hawkes,3402.11140669746
hawkes,3402.28429479952
hawkes,3402.81308906953
hawkes,3403.05034553263
hawkes,3406.1375152691
hawkes,3406.75106753893
hawkes,3415.13404940708
hawkes,3417.38833321023
hawkes,3418.35513793394
hawkes,3418.76500638414
hawkes,3419.10358365872
hawkes,3419.28228329108
hawkes,3419.32758692694
hawkes,3419.70368876018
hawkes,3419.90056759841
hawkes,3420.48364283988
hawkes,3420.48949976239
hawkes,3420.49074328264
hawkes,3420.9170497466
hawkes,3420.92572827616
hawkes,3421.50152077098
hawkes,3421.67531197314
hawkes,3423.63339970502
hawkes,3425.17245970117
hawkes,3425.31292853506
hawkes,3425.8833073008
hawkes,3428.68762502603
hawkes,3430.79525036448
hawkes,3434.72300478359
hawkes,3434.88545020837
hawkes,3435.00270698026
hawkes,3435.09317452032
hawkes,3437.18481489645
hawkes,3437.33516663832
hawkes,3437.49206844627
hawkes,3437.68943403902
hawkes,3437.89465336112
hawkes,3438.12836747943
hawkes,3438.17350890321
hawkes,3438.32062932999
hawkes,3438.4365447319
hawkes,3438.48880730243
hawkes,3438.50908472376
hawkes,3438.69733833818
hawkes,3439.00107397741
hawkes,3439.27046793212
hawkes,3439.55133047733
hawkes,3439.55951455299
hawkes,3439.81305334843
hawkes,3439.88233929097
hawkes,3439.96314675059
hawkes,3439.99557956449
hawkes,3440.0698338147
hawkes,3440.1811059491
hawkes,3440.23159890904
hawkes,3440.57156248457
hawkes,3440.63221700403
hawkes,3440.64041240696
hawkes,3440.66234749445
hawkes,3441.0297629141
hawkes,3441.15434118641
hawkes,3441.35758697181
hawkes,3441.54849555386
hawkes,3441.64921436372
hawkes,3441.91097675401
hawkes,3446.3035139045
hawkes,3446.88630621029
hawkes,3447.01858995235
hawkes,3448.22152917086
hawkes,3449.01668711752
hawkes,3449.09760468572
hawkes,3449.49001556858
hawkes,3449.63805023597
hawkes,3450.01232501893
hawkes,3452.32768681738
hawkes,3454.09239069933
hawkes,3454.89831463692
hawkes,3455.30235943174
hawkes,3455.41279483394
hawkes,3458.52752779133
hawkes,3458.59790543002
hawkes,3458.97101540214
hawkes,3459.21910813871
hawkes,3459.36021634987
hawkes,3459.53887662157
hawkes,3459.56368719829
hawkes,3459.62845060658
hawkes,3459.69589615785
hawkes,3460.0330569684
hawkes,3460.09785501295
hawkes,3460.33567214067
hawkes,3460.52405466664
hawkes,3461.03663407283
hawkes,3461.38788262825
hawkes,3461.68397195509
hawkes,3461.77349406047
hawkes,3462.27832851797
hawkes,3462.28834977385
hawkes,3462.44058384617
hawkes,3462.74696559439
hawkes,3462.74857405171
hawkes,3462.87807133666
hawkes,3462.9340010824
hawkes,3463.84991996514
hawkes,3463.96106580835
hawkes,3464.35700875937
hawkes,3465.75855848552
hawkes,3465.93894174561
hawkes,3466.13127576641
hawkes,3466.14254603697
hawkes,3466.42227560035
hawkes,3467.14842690133
hawkes,3467.98324192132
hawkes,3469.05468200182
hawkes,3470.27124601052
hawkes,3470.67406140776
hawkes,3471.97577689607
hawkes,3474.08246583469
hawkes,3475.07753580419
hawkes,3475.14002878603
hawkes,3475.70361661089
hawkes,3476.65961981575
hawkes,3477.24781851887
hawkes,3477.9725874196
hawkes,3478.25241175379
hawkes,3479.49813889944
hawkes,3480.46445721598
hawkes,3482.3585211937
hawkes,3483.1172485809
hawkes,3485.13090572979
hawkes,3485.56070073319
hawkes,3486.87365890504
hawkes,3488.59087178741
hawkes,3490.10596872144
hawkes,3493.30091730298
hawkes,3493.53950802356
hawkes,3496.06449251218
hawkes,3496.08493905763
hawkes,3496.12657198189
hawkes,3496.1979765071
hawkes,3496.2850992463
hawkes,3501.4823299897
hawkes,3502.29362554542
hawkes,3505.14648372678
hawkes,3505.30949472275
hawkes,3507.8542137622
hawkes,3514.48212336597
hawkes,3515.86824149225
hawkes,3515.92076037484
hawkes,3516.00916703121
hawkes,3516.51385581245
hawkes,3517.20490415075
hawkes,3519.89064246305
hawkes,3521.64416475995
hawkes,3522.4434054592
hawkes,3523.24066091955
hawkes,3525.67901047251
hawkes,3526.69482590064
hawkes,3527.2898878741
hawkes,3528.15055142277
hawkes,3528.2423450169
hawkes,3529.1472610509
hawkes,3532.00010914378
hawkes,3532.03028626972
hawkes,3532.48678932003
hawkes,3532.57821568227
hawkes,3532.83713169752
hawkes,3534.29605437391
hawkes,3534.7169526763
hawkes,3534.99957707924
hawkes,3535.15758300034
hawkes,3535.3347262765
hawkes,3535.73413542229
hawkes,3535.77466615868
hawkes,3536.0670692932
hawkes,3536.54377818205
hawkes,3536.58539623964
hawkes,3538.57051757886
hawkes,3539.03275463896
hawkes,3542.02997539536
hawkes,3542.69685967076
hawkes,3542.77838242971
hawkes,3542.81975072124
hawkes,3545.76322535916
hawkes,3548.49834593626
hawkes,3548.55823063614
hawkes,3548.74001901008
hawkes,3548.74767580701
hawkes,3548.79889321715
hawkes,3548.82153212514
hawkes,3548.85506227607
hawkes,3548.86102361826
hawkes,3549.03152196889
hawkes,3549.09643428382
hawkes,3549.15610355505
hawkes,3549.30128870053
hawkes,3549.45884153734
hawkes,3552.9457381718
hawkes,3554.75212029315
hawkes,3554.79650267176
hawkes,3555.21403322363
hawkes,3559.99793203354
hawkes,3561.25057386266
hawkes,3562.51315146263
hawkes,3565.70198445842
hawkes,3565.84825829547
hawkes,3565.89421196654
hawkes,3566.52918568013
hawkes,3566.99917809913
hawkes,3567.21461453824
hawkes,3567.66079024664
hawkes,3568.02175916328
hawkes,3568.86617888725
hawkes,3568.87201567735
hawkes,3568.96763342344
hawkes,3569.48857563882
hawkes,3569.71112417486
hawkes,3569.75872966729
hawkes,3569.76532661113
hawkes,3569.94657254183
hawkes,3569.94997962304
hawkes,3570.00178361877
hawkes,3570.14144065149
hawkes,3570.34728766775
hawkes,3570.34822176003
hawkes,3570.3592630735
hawkes,3570.71821440345
hawkes,3570.91663042496
hawkes,3570.99893355392
hawkes,3571.15005347883
hawkes,3571.27367681367
hawkes,3571.29068335905
hawkes,3571.29780868593
hawkes,3571.3234012234
hawkes,3571.64368302238
hawkes,3571.67732456207
hawkes,3571.9627792141
hawkes,3572.01949513803
hawkes,3572.02386989103
hawkes,3572.18838119687
hawkes,3572.2168433744
hawkes,3572.21931626847
hawkes,3572.33498004606
hawkes,3572.46164871731
hawkes,3572.5423456071
hawkes,3572.62365364484
hawkes,3572.68963290137
hawkes,3572.69022312299
hawkes,3572.84833493613
hawkes,3573.2188953408
hawkes,3573.36339669209
hawkes,3573.54558661425
hawkes,3573.73843788183
hawkes,3573.74268242749
hawkes,3573.75877704299
hawkes,3574.1310140923
hawkes,3574.92750021685
hawkes,3575.14643305925
hawkes,3575.24068234845
hawkes,3575.24824731713
hawkes,3576.04360996108
hawkes,3576.49357478074
hawkes,3578.49860886134
hawkes,3583.64811608361
hawkes,3584.21510533288
hawkes,3585.95322991725
hawkes,3586.47908620296
hawkes,3591.83549134064
hawkes,3592.38049837699
hawkes,3592.6497754745
hawkes,3593.85553816562
hawkes,3593.90702531424
hawkes,3599.00268916009
hawkes,3601.7592487379
hawkes,3601.95877545966
hawkes,3605.21897294476
hawkes,3606.03175730463
hawkes,3606.25554996239
hawkes,3606.53618910347
hawkes,3606.57565563281
hawkes,3607.11216721915
hawkes,3607.4273416454
hawkes,3607.47152504028
hawkes,3607.62003380332
hawkes,3607.62604409745
hawkes,3607.81194634609
hawkes,3607.8403870851
hawkes,3608.0615826225
hawkes,3608.13746500643
hawkes,3608.6489710461
hawkes,3609.00980332969
hawkes,3609.08252063468
hawkes,3614.34640946762
hawkes,3615.31295457282
hawkes,3619.37765790121
hawkes,3620.68556718478
hawkes,3621.28631366437
hawkes,3621.46025842073
hawkes,3621.71078514908
hawkes,3622.7804269484
hawkes,3623.94759426826
hawkes,3624.507390712
hawkes,3624.86922165814
hawkes,3626.92954946692
hawkes,3628.28381165187
hawkes,3630.68502097136
hawkes,3631.63518683918
hawkes,3632.4315027281
hawkes,3634.89315911528
hawkes,3635.1836525187
hawkes,3635.20178220516
hawkes,3635.38897939007
hawkes,3635.79206269591
hawkes,3636.88329623591
hawkes,3636.97624765533
hawkes,3637.63468328678
hawkes,3638.00917168233
hawkes,3639.35925474541
hawkes,3639.53763006254
hawkes,3639.81736539785
hawkes,3640.05538012399
hawkes,3640.46178084632
hawkes,3642.17142715899
hawkes,3642.30905643075
hawkes,3650.14504182851
hawkes,3650.14870943482
hawkes,3651.14743150653
hawkes,3651.5306811804
hawkes,3652.21283021809
hawkes,3652.47250220585
hawkes,3653.33734255303
hawkes,3654.1352778014
hawkes,3654.58127812476
hawkes,3654.77067671356
hawkes,3654.80610055675
hawkes,3655.11467412316
hawkes,3655.21413706022
hawkes,3655.24796557659
hawkes,3655.32106581622
hawkes,3655.45253928516
hawkes,3655.53470304987
hawkes,3655.60182076247
hawkes,3655.72029764899
hawkes,3656.01223690134
hawkes,3656.05232274273
hawkes,3656.16288583241
hawkes,3656.55480710202
hawkes,3656.75195989707
hawkes,3657.53572812882
hawkes,3657.96675919826
hawkes,3658.11209552527
hawkes,3658.21069018202
hawkes,3660.02319544191
hawkes,3664.63911955482
hawkes,3664.98639560502
hawkes,3665.62332897458
hawkes,3665.80617436992
hawkes,3669.40573885753
hawkes,3669.53328135076
hawkes,3670.24506983003
hawkes,3670.77631739833
hawkes,3671.12484998862
hawkes,3672.28387474102
hawkes,3672.36376162167
hawkes,3676.06957161045
hawkes,3676.75931309588
hawkes,3677.82279308652
hawkes,3679.93272521949
hawkes,3687.06406587553
hawkes,3687.23084936471
hawkes,3689.32662182401
hawkes,3690.42540785232
hawkes,3691.48826529073
hawkes,3691.50812951493
hawkes,3691.70502058581
hawkes,3692.02545134856
hawkes,3692.05130692435
hawkes,3692.34461032165
hawkes,3692.59166477855
hawkes,3692.99198838342
hawkes,3693.57950022977
hawkes,3693.99284794642
hawkes,3694.12305394575
hawkes,3694.40054113899
hawkes,3694.69815577248
hawkes,3695.68583182685
hawkes,3695.78412335005
hawkes,3696.8901688944
hawkes,3697.14644459922
hawkes,3699.00949777455
hawkes,3699.65260629378
hawkes,3705.29797662759
hawkes,3705.31086142877
hawkes,3706.21380306733
hawkes,3706.54425992039
hawkes,3708.75706805019
hawkes,3710.49053491702
hawkes,3712.02622044949
hawkes,3712.95396925413
hawkes,3714.09294032963
hawkes,3714.16470587412
hawkes,3714.38266519417
hawkes,3715.63055391688
hawkes,3715.76290206616
hawkes,3718.67692817449
hawkes,3719.20680698976
hawkes,3719.69659974628
hawkes,3720.89909310845
hawkes,3721.58278698546
hawkes,3723.17060451062
hawkes,3724.09002489819
hawkes,3724.68263165737
hawkes,3724.69557543571
hawkes,3724.86631044783
hawkes,3724.95973973128
hawkes,3725.0384463832
hawkes,3725.09351984386
hawkes,3725.85595083765
hawkes,3725.96972868629
hawkes,3726.47036138904
hawkes,3726.53669170183
hawkes,3726.67295643357
hawkes,3727.40036268045
hawkes,3727.66271153162
hawkes,3728.58074011211
hawkes,3728.72812777549
hawkes,3729.83216409217
hawkes,3730.06868756167
hawkes,3730.14055330396
hawkes,3730.86941377213
hawkes,3733.10209433726
hawkes,3739.15905398359
hawkes,3747.30600152651
hawkes,3747.94583484803
hawkes,3748.2578639691
hawkes,3748.70177474785
hawkes,3748.86982518235
hawkes,3749.86740790137
hawkes,3749.89127546309
hawkes,3749.99041515563
hawkes,3750.06261475229
hawkes,3751.00365087468
hawkes,3751.04863227559
hawkes,3751.19877781049
hawkes,3751.21865222515
hawkes,3751.40178272041
hawkes,3751.40678101702
hawkes,3752.44675839744
hawkes,3753.0626955229
hawkes,3753.15411645496
hawkes,3754.38906838108
hawkes,3754.82319102308
hawkes,3756.0175421994
hawkes,3758.43302780301
hawkes,3760.00013491251
hawkes,3760.94756844689
hawkes,3761.55149833918
hawkes,3763.24141846411
hawkes,3766.78278642381
hawkes,3767.68961391176
hawkes,3769.48552061929
hawkes,3771.04410296095
hawkes,3771.20452858077
hawkes,3771.24655293067
hawkes,3771.26558720599
hawkes,3772.22168842572
hawkes,3772.30025600514
hawkes,3774.55768286508
hawkes,3775.97763817124
hawkes,3776.97824295158
hawkes,3777.05163866984
hawkes,3777.67138801299
hawkes,3778.99909742542
hawkes,3785.48881416102
hawkes,3785.57062535286
hawkes,3786.66301450664
hawkes,3786.78976017165
hawkes,3787.11991767117
hawkes,3787.47361326975
hawkes,3787.48164145948
hawkes,3787.62391513955
hawkes,3787.73085547073
hawkes,3787.94268717455
hawkes,3787.95172029035
hawkes,3787.97938614693
hawkes,3787.98140784511
hawkes,3788.05909789389
hawkes,3788.19274420095
hawkes,3788.3494292995
hawkes,3788.47506765324
hawkes,3788.51525892875
hawkes,3788.56213065056
hawkes,3788.66597340894
hawkes,3788.71122265497
hawkes,3788.95227871065
hawkes,3789.05429614811
hawkes,3789.38053660413
hawkes,3789.49322271765
hawkes,3790.07295544206
hawkes,3791.15782178934
hawkes,3793.33032456449
hawkes,3793.87908712737
hawkes,3794.73215449636
hawkes,3795.372625526
hawkes,3798.16468774955
hawkes,3798.88911397858
hawkes,3799.16380084149
hawkes,3799.2664295208
hawkes,3799.41368743413
hawkes,3799.70306591283
hawkes,3800.17057869383
hawkes,3800.47556415259
hawkes,3802.02296232292
hawkes,3802.67348287494
hawkes,3802.79540125804
hawkes,3802.8446029324
hawkes,3803.07550839951
hawkes,3803.31656981413
hawkes,3804.02247061581
hawkes,3804.05676277385
hawkes,3805.79917394384
hawkes,3806.89128225815
hawkes,3807.08732435007
hawkes,3807.21600381985
hawkes,3807.51983435354
hawkes,3807.54782480466
hawkes,3808.28809040264
hawkes,3808.66824238393
hawkes,3808.74408832623
hawkes,3809.4045732993
hawkes,3809.90054631452
hawkes,3810.39950890492
hawkes,3811.80415590819
hawkes,3813.3240959073
hawkes,3813.36011052226
hawkes,3813.71845717125
hawkes,3813.82454697531
hawkes,3814.29225519113
hawkes,3814.34066526309
hawkes,3814.51032385434
hawkes,3814.58661827956
hawkes,3814.76515333717
hawkes,3814.94226039446
hawkes,3815.67355857743
hawkes,3815.76085717337
hawkes,3816.00085813961
hawkes,3816.09453677462
hawkes,3817.60553867732
hawkes,3817.93989561381
hawkes,3819.76047297242
hawkes,3819.84909678114
hawkes,3819.87606783589
hawkes,3819.95027318172
hawkes,3821.96946445105
hawkes,3825.10841560794
hawkes,3825.55309812895
hawkes,3829.96626200061
hawkes,3830.15767802696
hawkes,3831.0035985673
hawkes,3831.77862180712
hawkes,3832.55790909967
hawkes,3839.7164745481
hawkes,3840.80509657389
hawkes,3843.08819070448
hawkes,3844.54499667756
hawkes,3844.55528685282
hawkes,3844.64877882937
hawkes,3845.59763190754
hawkes,3846.4815856771
hawkes,3846.59648617674
hawkes,3847.41483797813
hawkes,3848.81849187443
hawkes,3849.27597105073
hawkes,3850.95723405352
hawkes,3851.09343722423
hawkes,3851.12035993473
hawkes,3851.28598640355
hawkes,3851.52301273053
hawkes,3856.48864098847
hawkes,3858.28811639186
hawkes,3858.36039804128
hawkes,3858.74114907998
hawkes,3858.88303982991
hawkes,3859.68216239467
hawkes,3859.71029232331
hawkes,3859.95321585222
hawkes,3860.27764704568
hawkes,3860.91911922604
hawkes,3861.49941742051
hawkes,3862.30914895406
hawkes,3865.44826623243
hawkes,3866.89368564422
hawkes,3866.97333818942
hawkes,3867.09413254805
hawkes,3867.2645172378
hawkes,3868.03747881126
hawkes,3868.05824638933
hawkes,3868.09568113587
hawkes,3868.15205453802
hawkes,3868.44471791753
hawkes,3869.29519471972
hawkes,3869.68470507401
hawkes,3871.64474911426
hawkes,3872.74978735018
hawkes,3873.19648871993
hawkes,3874.22817451462
hawkes,3874.2614003965
hawkes,3874.31841855872
hawkes,3874.88420682209
hawkes,3875.63864470024
hawkes,3875.78806578064
hawkes,3875.79772587989
hawkes,3875.87138494914
hawkes,3875.94385986715
hawkes,3876.43586296616
hawkes,3876.61182301539
hawkes,3876.80658297379
hawkes,3876.84847382919
hawkes,3877.02070580427
hawkes,3877.05647029812
hawkes,3877.13427995602
hawkes,3877.19808135184
hawkes,3877.20223893805
hawkes,3877.23519958862
hawkes,3877.27929394625
hawkes,3877.52987899226
hawkes,3877.88457234824
hawkes,3878.04977563096
hawkes,3878.12004834246
hawkes,3878.17307001626
hawkes,3878.393119624
hawkes,3881.37294969084
hawkes,3881.94976959251
hawkes,3882.24942970521
hawkes,3882.38016648364
hawkes,3882.41284690416
hawkes,3886.40456159362
hawkes,3887.46568551504
hawkes,3890.44838477539
hawkes,3891.30731443628
hawkes,3891.31923065904
hawkes,3891.76592855825
hawkes,3895.87826529869
hawkes,3898.78496715784
hawkes,3899.84377897529
hawkes,3899.87442092012
hawkes,3900.24122240175
hawkes,3900.44717193327
hawkes,3901.26385992134
hawkes,3902.54085321499
hawkes,3902.92760257035
hawkes,3903.06045971958
hawkes,3903.17852445251
hawkes,3903.4831217652
hawkes,3903.95604058509
hawkes,3907.3401341612
hawkes,3907.77705713326
hawkes,3910.2301641537
hawkes,3910.36723712608
hawkes,3912.12426532148
hawkes,3913.15171201634
hawkes,3914.62029200092
hawkes,3916.18905464896
hawkes,3916.24951131079
hawkes,3916.87285674994
hawkes,3918.43411275337
hawkes,3919.51476192481
hawkes,3919.55888093172
hawkes,3919.67262897763
hawkes,3919.92597651877
hawkes,3919.93128440944
hawkes,3919.94993041494
hawkes,3920.12437562177
hawkes,3920.61294232543
hawkes,3920.7838302436
hawkes,3920.78579985882
hawkes,3920.91026432604
hawkes,3921.06383938091
hawkes,3921.23715379756
hawkes,3921.33092983768
hawkes,3921.5771849121
hawkes,3921.57921043789
hawkes,3921.88418353026
hawkes,3922.02526199597
hawkes,3922.25890574699
hawkes,3922.32891408928
hawkes,3923.18665767758
hawkes,3923.20871170915
hawkes,3923.25504192672
hawkes,3923.57088679074
hawkes,3923.70026215689
hawkes,3924.59767734893
hawkes,3924.81844326709
hawkes,3927.08290311936
hawkes,3927.96810881242
hawkes,3928.80709325114
hawkes,3931.31664190302
hawkes,3931.77015996687
hawkes,3932.08296487582
hawkes,3932.17860028309
hawkes,3932.17926676669
hawkes,3932.25678618123
hawkes,3932.32212430535
hawkes,3932.4327709848
hawkes,3932.48324963243
hawkes,3932.73649783946
hawkes,3932.9050481859
hawkes,3933.71772560923
hawkes,3934.86031570791
hawkes,3944.51131216806
hawkes,3948.31322717075
hawkes,3949.30025025776
hawkes,3950.83544302478
hawkes,3952.36229587967
hawkes,3952.77995544856
hawkes,3952.84370569507
hawkes,3953.16185330622
hawkes,3955.7372699263
hawkes,3955.93710405999
hawkes,3957.34075883986
hawkes,3960.06932298654
hawkes,3960.10166674613
hawkes,3961.96718581604
hawkes,3962.24954072722
hawkes,3966.79538041934
hawkes,3966.89531017773
hawkes,3966.90018919601
hawkes,3968.64174047812
hawkes,3969.0686835961
hawkes,3969.30698898446
hawkes,3969.8231350691
hawkes,3970.46210402997
hawkes,3972.15627211834
hawkes,3972.68379533196
hawkes,3975.23098555778
hawkes,3976.18797110603
hawkes,3976.54369363246
hawkes,3980.2256578295
hawkes,3983.41523425432
hawkes,3984.10605448733
hawkes,3984.56157608361
hawkes,3985.28632674203
hawkes,3986.85574019528
hawkes,3986.97845465035
hawkes,3987.11223689682
hawkes,3989.17894069796
hawkes,3992.96172290722
hawkes,3999.65529105879
hawkes,3999.67632793121
poisson,0.562478788197041
poisson,1.17267388850451
poisson,2.42944154888392
poisson,2.58570816367865
poisson,6.10007252544165
poisson,8.29125568270683
poisson,9.06979851424694
poisson,9.4894003123045
poisson,9.53575503081083
poisson,10.4529410600662
poisson,10.8502563089132
poisson,11.5501247346401
poisson,11.6677368059754
poisson,11.8422722443938
poisson,12.2182527557015
poisson,13.6802922934294
poisson,13.9365214854479
poisson,15.0084150955081
poisson,15.1366908103228
poisson,16.4142986759543
poisson,16.4908086881042
poisson,17.9499154910445
poisson,18.1059716269374
poisson,19.449008628726
poisson,21.8112161383033
poisson,22.4522547796369
poisson,23.052591830492
poisson,23.3745584264398
poisson,23.4548849985003
poisson,24.17844068259
poisson,24.7712722048163
poisson,24.9640475958586
poisson,26.2182569131255
poisson,26.3930894434452
poisson,26.7220353707671
poisson,27.6488205417991
poisson,28.1208259984851
poisson,28.2676527276635
poisson,28.9985286071897
poisson,35.0920921191573
poisson,35.7452249154449
poisson,37.6589903607965
poisson,38.5683467611671
poisson,38.9442592859268
poisson,39.5082421600819
poisson,41.1623530089855
poisson,41.5488611906767
poisson,41.5679523721337
poisson,42.81613137573
poisson,43.5880590230227
poisson,45.4604867845774
poisson,46.7736376449466
poisson,47.134967520833
poisson,50.4463193938136
poisson,51.5850186347961
poisson,51.873566582799
poisson,52.5403171777725
poisson,53.3607648685575
poisson,62.7965535968542
poisson,63.062340952456
poisson,63.1532790139318
poisson,63.320828601718
poisson,65.1957066729665
poisson,65.522083081305
poisson,65.9434646368027
poisson,66.7125303298235
poisson,67.0778825879097
poisson,69.2090252414346
poisson,69.8809372261167
poisson,70.8651095628738
poisson,71.4007802307606
poisson,71.5104648843408
poisson,73.6017534509301
poisson,75.7129983976483
poisson,75.9152891114354
poisson,76.4107834547758
poisson,76.8162002786994
poisson,76.8811050802469
poisson,77.9346115887165
poisson,79.4583084061742
poisson,81.951123662293
poisson,82.5005071237683
poisson,84.2639124020934
poisson,84.3030074611306
poisson,84.6721278503537
poisson,84.8322985693812
poisson,86.3149520009756
poisson,86.689923889935
poisson,88.5652899742127
poisson,89.5641008391976
poisson,91.5244054049253
poisson,91.5396995842457
poisson,91.6742365807295
poisson,92.2860205173492
poisson,93.2665420696139
poisson,93.519639223814
poisson,93.8402442261577
poisson,94.5374425500631
poisson,94.7564160451293
poisson,95.4886712133884
poisson,95.7243870943785
poisson,95.8267292007804
poisson,96.0646802559495
poisson,96.5086538344622
poisson,96.6862784698606
poisson,97.6891648024321
poisson,99.6927563101053
poisson,99.8730957508087
poisson,101.039285771549
poisson,102.0269067958
poisson,103.873279877007
poisson,104.119679890573
poisson,104.265400208533
poisson,104.553357698023
poisson,104.613137431443
poisson,104.698682203889
poisson,104.704158380628
poisson,104.989404790103
poisson,105.523874983191
poisson,105.829699896276
poisson,106.229194439948
poisson,106.269298121333
poisson,106.447184458375
poisson,107.986327260733
poisson,108.446983620524
poisson,108.689565211535
poisson,110.106714069843
poisson,111.789543181658
poisson,111.938739195466
poisson,113.290981389582
poisson,114.68980461359
poisson,115.224618464708
poisson,116.985657252371
poisson,117.012755014002
poisson,117.168512195349
poisson,117.286877706647
poisson,122.143930755556
poisson,125.542514957488
poisson,126.106812618673
poisson,126.850800588727
poisson,127.082132734358
poisson,127.10489705205
poisson,127.133483998477
poisson,129.029891453683
poisson,130.676384083927
poisson,131.234154105186
poisson,131.538823246956
poisson,133.033189922571
poisson,133.668566122651
poisson,134.227422066033
poisson,135.552973486483
poisson,137.271887622774
poisson,137.487173080444
poisson,137.552412226796
poisson,140.25282394141
poisson,141.184547916055
poisson,141.324714757502
poisson,141.861917451024
poisson,142.014281824231
poisson,142.991547472775
poisson,144.839032553136
poisson,147.759432904422
poisson,149.17585067451
poisson,149.918920360506
poisson,151.058234274387
poisson,152.767294086516
poisson,154.617816209793
poisson,154.721828177571
poisson,155.052435584366
poisson,155.085419304669
poisson,155.487121082842
poisson,155.704949982464
poisson,156.004925258458
poisson,157.132131978869
poisson,158.368617296219
poisson,159.321084618568
poisson,160.018009133637
poisson,160.296566784382
poisson,160.414315760136
poisson,162.045793607831
poisson,163.374258205295
poisson,163.864312693477
poisson,163.980010896921
poisson,164.617020636797
poisson,164.702044799924
poisson,170.747739262879
poisson,173.968785442412
poisson,175.320859067142
poisson,176.20899900794
poisson,176.603090018034
poisson,177.697653882205
poisson,177.807352505624
poisson,179.215608164668
poisson,179.867326281965
poisson,180.561733432114
poisson,180.59862125665
poisson,181.204573251307
poisson,181.729450821877
poisson,182.406948879361
poisson,184.810767881572
poisson,187.839899212122
poisson,189.631551504135
poisson,193.368312902749
poisson,193.425631150603
poisson,193.580412305892
poisson,193.862087093294
poisson,194.404147565365
poisson,195.130444131792
poisson,196.854304522276
poisson,197.960889898241
poisson,198.340923525393
poisson,198.459472507238
poisson,198.704178445041
poisson,198.760807514191
poisson,202.268440276384
poisson,202.324524521828
poisson,203.601879999042
poisson,205.351394601166
poisson,205.868424847722
poisson,206.287352368236
poisson,206.901878118515
poisson,207.24290702492
poisson,207.936144433916
poisson,208.890907466412
poisson,208.930648863316
poisson,210.123931057751
poisson,210.838438943028
poisson,211.92910335958
poisson,214.083829894662
poisson,214.169373735785
poisson,214.845017530024
poisson,216.140666045249
poisson,217.115559615195
poisson,217.667121440172
poisson,218.189911916852
poisson,218.719592317939
poisson,219.036485999823
poisson,219.659171998501
poisson,221.136863343418
poisson,221.525092609227
poisson,221.555191092193
poisson,221.770704723895
poisson,222.128035500646
poisson,222.39154484123
poisson,223.141524940729
poisson,224.26481358707
poisson,224.761473946273
poisson,225.561455823481
poisson,226.238308474422
poisson,226.931630633771
poisson,228.693332523108
poisson,230.872724205256
poisson,231.061968021095
poisson,232.15452209115
poisson,233.447847887874
poisson,236.401719041169
poisson,236.476793885231
poisson,238.512082956731
poisson,238.754201680422
poisson,239.752341061831
poisson,240.001094527543
poisson,240.098378621042
poisson,240.428066812456
poisson,240.854470059276
poisson,241.509091109037
poisson,242.36795026809
poisson,242.976467125118
poisson,244.279743172228
poisson,245.131571777165
poisson,245.210365392268
poisson,247.921940870583
poisson,248.009259812534
poisson,248.658891767263
poisson,249.622636474669
poisson,250.02860929817
poisson,250.814900733531
poisson,251.097993925214
poisson,251.548136584461
poisson,251.953738741577
poisson,252.404084429145
poisson,253.76761611551
poisson,253.895445726812
poisson,254.231354221702
poisson,254.342515021563
poisson,255.637533962727
poisson,256.168773397803
poisson,256.182264536619
poisson,256.967746652663
poisson,259.300720877945
poisson,259.695215150714
poisson,259.782577864826
poisson,260.115341283381
poisson,261.018731631339
poisson,261.575697921217
poisson,261.708891019225
poisson,262.304490432143
poisson,262.382654473186
poisson,262.865708209574
poisson,263.849541544914
poisson,264.051631093025
poisson,265.358977019787
poisson,268.35456956178
poisson,268.464473076165
poisson,268.905731849372
poisson,269.879918545485
poisson,271.589663811028
poisson,273.79665337503
poisson,273.951609618962
poisson,276.55924949795
poisson,277.077401988208
poisson,277.591919526458
poisson,279.114195145667
poisson,280.562588945031
poisson,282.565806061029
poisson,283.767885528505
poisson,284.283455461264
poisson,285.200805403292
poisson,286.298797465861
poisson,287.048926576972
poisson,288.102145306766
poisson,288.783369585872
poisson,288.916675373912
poisson,289.280652999878
poisson,289.566702209413
poisson,289.578129537404
poisson,289.623335935175
poisson,290.932684205472
poisson,291.125388815999
poisson,292.203215882182
poisson,294.610284268856
poisson,295.334781520069
poisson,296.213139779866
poisson,297.00437001884
poisson,297.595336101949
poisson,298.07629995048
poisson,298.15218411386
poisson,298.775907605886
poisson,299.3842093274
poisson,299.789848737419
poisson,300.473116338253
poisson,301.009619608521
poisson,301.167102530599
poisson,303.775871172547
poisson,303.913850337267
poisson,304.465829394758
poisson,304.863572120667
poisson,307.18166846782
poisson,307.578532025218
poisson,311.039404943585
poisson,311.050397343934
poisson,311.060681007803
poisson,311.498556286097
poisson,313.096135854721
poisson,313.170490786433
poisson,314.280856400728
poisson,314.606917090714
poisson,315.156882628799
poisson,316.453472711146
poisson,316.652467474341
poisson,317.075958475471
poisson,318.279588595033
poisson,319.401174783707
poisson,320.172904059291
poisson,322.622828185558
poisson,322.630358859897
poisson,324.075401760638
poisson,324.739249423146
poisson,325.415534898639
poisson,325.658399611712
poisson,327.416743151844
poisson,327.617566101253
poisson,327.63066701591
poisson,328.084625303745
poisson,328.385311178863
poisson,328.862435184419
poisson,329.04311735183
poisson,329.948320053518
poisson,331.309050321579
poisson,331.694724969566
poisson,332.563870586455
poisson,333.590087480843
poisson,333.971005864441
poisson,335.133972577751
poisson,336.694363504648
poisson,337.8498358652
poisson,338.786436244845
poisson,338.950370438397
poisson,339.128256775439
poisson,339.948249980807
poisson,340.147148817778
poisson,341.311952099204
poisson,342.336004599929
poisson,344.581769779325
poisson,344.832461327314
poisson,344.898296520114
poisson,345.411449670792
poisson,345.458829775453
poisson,346.035196445882
poisson,346.839744597673
poisson,347.76343498379
poisson,348.543224856257
poisson,349.249127320945
poisson,349.411809816957
poisson,350.029753521085
poisson,350.660714320838
poisson,351.509417407215
poisson,352.404085919261
poisson,352.81296633184
poisson,353.470955044031
poisson,354.058822616935
poisson,354.729230515659
poisson,355.063655413687
poisson,355.845273472369
poisson,356.043746694922
poisson,356.444070115685
poisson,356.617880053818
poisson,357.016264460981
poisson,357.482697814703
poisson,359.608238562942
poisson,360.661939717829
poisson,361.090380698442
poisson,361.23457364738
poisson,362.044785171747
poisson,362.222095020115
poisson,362.662548199296
poisson,363.683805800974
poisson,363.854380324483
poisson,365.619624964893
poisson,368.008888326585
poisson,368.058206513524
poisson,369.031487032771
poisson,369.823842309415
poisson,370.820313692093
poisson,372.586595825851
poisson,372.670082375407
poisson,374.063424766064
poisson,374.255320988596
poisson,374.484507367015
poisson,376.657330431044
poisson,377.046908251941
poisson,378.18346451968
poisson,380.141006782651
poisson,381.12432230264
poisson,381.91769272089
poisson,383.222182281315
poisson,384.752971120179
poisson,385.147677734494
poisson,387.760249897838
poisson,388.625891879201
poisson,388.682837598026
poisson,390.246232040226
poisson,391.286401078105
poisson,391.919398680329
poisson,392.035812139511
poisson,392.423917539418
poisson,393.031778745353
poisson,393.954836763442
poisson,393.985448405147
poisson,394.956471398473
poisson,395.465215668082
poisson,395.630882121623
poisson,396.462731063366
poisson,398.855867795646
poisson,399.333574809134
poisson,399.479601532221
poisson,400.250270031393
poisson,401.136267930269
poisson,402.474110946059
poisson,402.827410027385
poisson,402.968489564955
poisson,403.299273923039
poisson,404.698717407882
poisson,406.417525373399
poisson,406.440960243344
poisson,408.233381807804
poisson,408.369808457792
poisson,410.695074126124
poisson,411.288464441896
poisson,411.381006240845
poisson,413.535829633474
poisson,414.223100990057
poisson,414.365419186652
poisson,415.062258951366
poisson,415.234982036054
poisson,415.336962789297
poisson,416.458474472165
poisson,417.162637226284
poisson,418.452206067741
poisson,419.255955144763
poisson,419.311003759503
poisson,420.414514839649
poisson,421.560090966523
poisson,421.757907606661
poisson,423.010407015681
poisson,423.823244869709
poisson,426.049041561782
poisson,426.970990374684
poisson,427.992206066847
poisson,428.195530548692
poisson,428.871607407928
poisson,429.790920577943
poisson,429.857727140188
poisson,430.831889621913
poisson,431.795323267579
poisson,432.318173348904
poisson,433.924672193825
poisson,434.642971493304
poisson,435.354745015502
poisson,435.491070151329
poisson,435.525473207235
poisson,435.61686668545
poisson,436.508544720709
poisson,436.878504231572
poisson,437.92254012078
poisson,438.51862475276
poisson,438.942768611014
poisson,441.088913939893
poisson,441.403117030859
poisson,441.994958557189
poisson,442.119142971933
poisson,443.878562189639
poisson,443.943304941058
poisson,444.6139940992
poisson,446.10273744911
poisson,447.782429866493
poisson,449.574139900506
poisson,452.913173474371
poisson,453.484839759767
poisson,453.566302545369
poisson,453.729930333793
poisson,456.04252256453
poisson,457.846042700112
poisson,459.109497256577
poisson,460.810297168791
poisson,461.218720301986
poisson,463.931727223098
poisson,464.30732589215
poisson,464.740617200732
poisson,464.942148886621
poisson,465.075022540987
poisson,466.020463965833
poisson,466.092240996659
poisson,466.292062774301
poisson,467.657178640366
poisson,467.67801977694
poisson,467.818471603096
poisson,468.024214729667
poisson,468.197057023644
poisson,468.31074450165
poisson,469.671189785004
poisson,469.872947782278
poisson,473.635718226433
poisson,477.472518570721
poisson,478.132887743413
poisson,478.989932686091
poisson,479.354714043438
poisson,479.382952675223
poisson,479.551065713167
poisson,480.198722332716
poisson,480.610772967339
poisson,481.079569086433
poisson,481.229345314205
poisson,481.720651499927
poisson,481.793139129877
poisson,482.347649522126
poisson,482.896507717669
poisson,484.397501684725
poisson,485.273319296539
poisson,486.053479835391
poisson,486.578460782766
poisson,486.973771825433
poisson,488.913149572909
poisson,488.964322023094
poisson,489.244432188571
poisson,490.168637596071
poisson,491.927460767329
poisson,492.165607400239
poisson,492.632661946118
poisson,492.668920196593
poisson,493.36523655802
poisson,493.428565561771
poisson,493.501185439527
poisson,494.017580524087
poisson,495.250491425395
poisson,496.851882897317
poisson,497.311359271407
poisson,497.957214713097
poisson,499.052957631648
poisson,499.622486531735
poisson,503.121187910438
poisson,503.371953032911
poisson,504.554852843285
poisson,506.859338842332
poisson,509.168517775834
poisson,509.259017184377
poisson,511.126648634672
poisson,511.36674080044
poisson,513.254323974252
poisson,513.70557025075
poisson,513.811613433063
poisson,516.016603447497
poisson,516.794370487332
poisson,517.239973880351
poisson,519.343017600477
poisson,520.398141816258
poisson,523.420992307365
poisson,525.191377848387
poisson,525.260145775974
poisson,525.658792816103
poisson,528.254232369363
poisson,528.714888729155
poisson,530.00623639673
poisson,530.269308947027
poisson,530.49738239497
poisson,532.952543348074
poisson,533.051896840334
poisson,533.109941519797
poisson,533.556760288775
poisson,533.788494765759
poisson,536.708763800561
poisson,536.913995631039
poisson,537.402772344649
poisson,539.268356747925
poisson,541.025595739484
poisson,541.810765862465
poisson,543.216546997428
poisson,543.324152007699
poisson,544.54345908016
poisson,544.638589955866
poisson,547.661908902228
poisson,548.362078145146
poisson,549.445888027549
poisson,549.462075345218
poisson,549.75607432425
poisson,551.242810674012
poisson,551.292669028044
poisson,551.724631339312
poisson,552.410404197872
poisson,552.74195689708
poisson,553.188249468803
poisson,553.662015125155
poisson,554.739433340728
poisson,556.251929141581
poisson,556.696739047766
poisson,557.780122384429
poisson,559.704118408263
poisson,560.227658599615
poisson,561.242564581335
poisson,562.062637880445
poisson,562.860709615052
poisson,563.346959650517
poisson,565.38953166455
poisson,566.08025636524
poisson,567.574607208371
poisson,567.664811387658
poisson,567.763158120215
poisson,568.467462435365
poisson,570.368180982769
poisson,570.426962338388
poisson,571.417378261685
poisson,574.499730952084
poisson,575.088552199304
poisson,575.128315016627
poisson,578.596176579595
poisson,580.877936445177
poisson,582.922863774002
poisson,582.990049384534
poisson,583.831150084734
poisson,584.235476329923
poisson,584.734724834561
poisson,587.309749796987
poisson,588.363464921713
poisson,591.073922812939
poisson,592.811966314912
poisson,593.00778247416
poisson,593.063369393349
poisson,593.190126121044
poisson,593.739579431713
poisson,597.304270602763
poisson,598.038362339139
poisson,598.215199075639
poisson,599.131111986935
poisson,604.368471540511
poisson,606.400129385293
poisson,608.574503101409
poisson,609.134624712169
poisson,609.468787908554
poisson,609.908222220838
poisson,611.257179640234
poisson,612.065456807613
poisson,613.929680548608
poisson,614.140924997628
poisson,616.451510228217
poisson,616.747510619462
poisson,619.032569229603
poisson,620.86951546371
poisson,621.169832535088
poisson,624.084124341607
poisson,624.871444888413
poisson,625.761625356972
poisson,627.299692481756
poisson,628.010756336153
poisson,630.157805979252
poisson,630.417436361313
poisson,633.164026774466
poisson,633.870245888829
poisson,635.537927038968
poisson,636.12983096391
poisson,637.707327492535
poisson,638.30309920013
poisson,639.316651970148
poisson,641.390901058912
poisson,641.708567738533
poisson,643.1684801355
poisson,643.664385192096
poisson,643.734841607511
poisson,645.787191577256
poisson,647.282840684056
poisson,647.902480326593
poisson,649.190632626414
poisson,649.319599382579
poisson,650.999278761447
poisson,652.128145098686
poisson,652.152981609106
poisson,652.772295288742
poisson,653.399281203747
poisson,654.234543442726
poisson,655.056910589337
poisson,656.02108463645
poisson,657.71209448576
poisson,657.804112881422
poisson,659.448703750968
poisson,660.826367326081
poisson,660.878895781934
poisson,661.029510200024
poisson,661.648063920438
poisson,661.65966168046
poisson,663.22501283139
poisson,663.318334147334
poisson,663.602315820754
poisson,666.247239336371
poisson,668.615872040391
poisson,669.124336913228
poisson,669.141016900539
poisson,669.569411315024
poisson,669.653131626546
poisson,669.742082245648
poisson,670.267318375409
poisson,673.161767423153
poisson,675.48437230289
poisson,678.467311896384
poisson,679.629141464829
poisson,681.651157326996
poisson,681.8832391873
poisson,682.709846645594
poisson,682.901641353965
poisson,685.350112617016
poisson,685.933571308851
poisson,686.785723082721
poisson,687.573705799878
poisson,687.882863916457
poisson,689.716157503426
poisson,690.275076776743
poisson,690.816661342979
poisson,691.621636040509
poisson,693.26931424439
poisson,694.142654538155
poisson,695.647508837283
poisson,696.205603890121
poisson,697.053319774568
poisson,697.317773476243
poisson,698.168732225895
poisson,698.726097121835
poisson,699.330057948828
poisson,700.166226364672
poisson,700.405799783766
poisson,701.32670737803
poisson,702.067772857845
poisson,703.634084202349
poisson,704.084215685725
poisson,705.118545331061
poisson,705.152002163231
poisson,705.544640310109
poisson,705.706868320704
poisson,705.952763557434
poisson,706.205488182604
poisson,707.742198370397
poisson,708.580255508423
poisson,708.859272301197
poisson,711.230612359941
poisson,711.316644214094
poisson,712.493327446282
poisson,712.980617769063
poisson,715.212107636035
poisson,717.10254997015
poisson,717.276360839605
poisson,718.522487208247
poisson,719.544631429017
poisson,720.185412093997
poisson,722.562660463154
poisson,722.828005440533
poisson,724.323127418757
poisson,725.157928653061
poisson,726.108777336776
poisson,726.462624035776
poisson,726.790162734687
poisson,727.445575408638
poisson,728.989490307868
poisson,729.69922516495
poisson,729.836408980191
poisson,733.496814034879
poisson,735.782408155501
poisson,737.621423788369
poisson,737.937023863196
poisson,738.292419351637
poisson,738.720410503447
poisson,739.069792442024
poisson,739.696251228452
poisson,740.391841158271
poisson,740.496912971139
poisson,740.928268060088
poisson,743.176065385342
poisson,744.559472426772
poisson,746.421489864588
poisson,746.917761862278
poisson,748.482207767665
poisson,749.716262333095
poisson,750.46104285866
poisson,751.495864242315
poisson,752.424302510917
poisson,753.406795673072
poisson,754.514752887189
poisson,756.084647029638
poisson,756.527096964419
poisson,756.960989907384
poisson,757.143380120397
poisson,757.407864555717
poisson,759.728237986565
poisson,760.01422572881
poisson,760.141026228666
poisson,760.647021234036
poisson,761.107381433249
poisson,761.125040240586
poisson,762.604185380042
poisson,763.473206199706
poisson,767.198485322297
poisson,767.54270400852
poisson,767.811223864555
poisson,768.462284468114
poisson,770.111112855375
poisson,771.622081287205
poisson,772.191000171006
poisson,772.535158321261
poisson,773.380563594401
poisson,774.457299150527
poisson,775.549988262355
poisson,776.018306612968
poisson,777.825479395688
poisson,778.629240579903
poisson,778.941281139851
poisson,778.972988016903
poisson,779.18400708586
poisson,779.530934989452
poisson,783.272540196776
poisson,783.622115850449
poisson,783.98176189512
poisson,784.607537090778
poisson,785.238515585661
poisson,785.71570944041
poisson,786.985121667385
poisson,787.05129865557
poisson,789.250209927559
poisson,790.06474185735
poisson,791.096088476479
poisson,791.479339823127
poisson,793.617226183415
poisson,793.998429551721
poisson,797.157449647784
poisson,797.514787875116
poisson,800.775552168489
poisson,800.991762429476
poisson,800.995936617255
poisson,802.623462863267
poisson,803.115513175726
poisson,803.710790351033
poisson,804.316907189786
poisson,806.5469218418
poisson,807.053807191551
poisson,807.405458763242
poisson,809.617973864079
poisson,811.113933101296
poisson,814.003110863268
poisson,815.273727290332
poisson,815.332185477018
poisson,816.441864706576
poisson,817.257181741297
poisson,817.689620889723
poisson,818.172768689692
poisson,819.633879698813
poisson,820.042199455202
poisson,820.384580641985
poisson,821.221244521439
poisson,821.312036365271
poisson,821.48776948452
poisson,821.843298152089
poisson,823.277426883578
poisson,823.733457364142
poisson,825.394130311906
poisson,825.406331568956
poisson,825.723305344582
poisson,826.0816661641
poisson,826.276156120002
poisson,828.373157419264
poisson,828.625126741827
poisson,829.046205617487
poisson,829.544575884938
poisson,831.529875285924
poisson,831.800759769976
poisson,832.812023349106
poisson,833.026772364974
poisson,835.405165329576
poisson,836.200012825429
poisson,836.422423832119
poisson,836.568582803011
poisson,837.040937505662
poisson,837.344761937857
poisson,837.596888653934
poisson,837.929874658585
poisson,837.956025265157
poisson,838.293585926294
poisson,840.144587680697
poisson,842.215408571065
poisson,842.560109682381
poisson,844.034497626126
poisson,845.602898858488
poisson,846.608486957848
poisson,847.183031961322
poisson,847.939209081233
poisson,848.204391077161
poisson,849.725446663797
poisson,849.877861328423
poisson,850.193250924349
poisson,850.306523963809
poisson,850.559651851654
poisson,851.259157992899
poisson,852.522592060268
poisson,853.642581030726
poisson,853.857514448464
poisson,854.027537629008
poisson,854.79089897126
poisson,855.209808796644
poisson,855.361199006438
poisson,855.643299408257
poisson,856.326658278704
poisson,856.631922535598
poisson,856.77591804415
poisson,857.21333976835
poisson,857.450583949685
poisson,857.631601393223
poisson,858.027880080044
poisson,858.167248778045
poisson,858.455684036017
poisson,858.908396214247
poisson,859.381141141057
poisson,859.715106897056
poisson,859.966069459915
poisson,861.12508084625
poisson,861.975098028779
poisson,862.781980074942
poisson,863.091255538166
poisson,864.3879275769
poisson,864.555722102523
poisson,865.508484654129
poisson,866.17966555059
poisson,868.659547530115
poisson,869.223478250206
poisson,870.308616198599
poisson,872.067801654339
poisson,872.095036320388
poisson,872.549568302929
poisson,875.149070285261
poisson,876.015800051391
poisson,877.721349708736
poisson,877.970310859382
poisson,880.960483103991
poisson,881.716365925968
poisson,881.895393133164
poisson,886.025828309357
poisson,886.095502413809
poisson,886.300475336611
poisson,886.857192963362
poisson,888.031659647822
poisson,888.040458783507
poisson,888.16589768976
poisson,889.084205031395
poisson,889.738664031029
poisson,889.891394414008
poisson,889.930415898562
poisson,890.064044855535
poisson,890.989376232028
poisson,891.961693763733
poisson,892.808788456023
poisson,893.030415289104
poisson,893.041923642159
poisson,893.260821700096
poisson,897.396807558835
poisson,898.870135657489
poisson,900.69396328181
poisson,900.799172930419
poisson,902.779792435467
poisson,902.974178083241
poisson,903.064345940948
poisson,904.436292126775
poisson,905.899229459465
poisson,906.564950011671
poisson,906.699634157121
poisson,906.999366357923
poisson,907.011549919844
poisson,907.734625972807
poisson,908.133530057967
poisson,908.581949770451
poisson,909.776821732521
poisson,911.243170499802
poisson,913.007580675185
poisson,915.115056559443
poisson,915.214666165411
poisson,915.273672901094
poisson,915.581599809229
poisson,915.776675567031
poisson,917.364244349301
poisson,917.806981131434
poisson,917.964586056769
poisson,920.790265314281
poisson,921.545072458684
poisson,921.703277155757
poisson,921.83422204107
poisson,922.232836484909
poisson,923.857222311199
poisson,924.334538169205
poisson,924.723918549716
poisson,927.130945958197
poisson,928.331318311393
poisson,928.753444924951
poisson,930.697441101074
poisson,931.008731015027
poisson,931.399726308882
poisson,934.728628955781
poisson,935.11401489377
poisson,935.666460543871
poisson,935.685903765261
poisson,937.03812174499
poisson,938.521733507514
poisson,938.771637156606
poisson,939.913130365312
poisson,944.034812040627
poisson,944.459247402847
poisson,944.716362282634
poisson,945.36005705595
poisson,945.435183122754
poisson,946.634297259152
poisson,948.508946225047
poisson,951.126777566969
poisson,951.264322735369
poisson,954.008185304701
poisson,954.534076154232
poisson,954.848716966808
poisson,954.976380802691
poisson,955.953270196915
poisson,957.699870690703
poisson,958.921848796308
poisson,959.128958173096
poisson,960.246660746634
poisson,960.501561872661
poisson,960.709965787828
poisson,961.586815305054
poisson,962.007052265108
poisson,964.948052540421
poisson,965.483139269054
poisson,965.677633881569
poisson,966.2692155689
poisson,968.064605258405
poisson,969.095123000443
poisson,971.13034222275
poisson,972.181391902268
poisson,972.843422554433
poisson,973.069733008742
poisson,974.338850937784
poisson,974.951036274433
poisson,975.13007838279
poisson,975.849752314389
poisson,976.077764295042
poisson,977.177134715021
poisson,978.12447603792
poisson,979.909219779074
poisson,980.513161979616
poisson,981.101516634226
poisson,982.794540002942
poisson,983.400017954409
poisson,984.222778119147
poisson,984.391254372895
poisson,988.667067140341
poisson,989.465897902846
poisson,989.641971886158
poisson,990.68549182266
poisson,991.229077801108
poisson,991.905894130468
poisson,991.916116327047
poisson,992.053274996579
poisson,992.601765319705
poisson,993.392301723361
poisson,993.39928291738
poisson,994.266433641315
poisson,994.41649671644
poisson,994.523469358683
poisson,997.3119860515
poisson,997.558903880417
poisson,997.82423581928
poisson,997.935249470174
poisson,998.417475260794
poisson,998.844531364739
poisson,998.956705443561
poisson,999.080373905599
poisson,999.95853472501
poisson,1000.13424549252
poisson,1000.25578401983
poisson,1000.49281399697
poisson,1000.61613786966
poisson,1001.22294574976
poisson,1003.81927192211
poisson,1004.20752540231
poisson,1004.20878455043
poisson,1004.7545703128
poisson,1006.41871988773
poisson,1006.53157103807
poisson,1008.97704157978
poisson,1009.74986329675
poisson,1012.69797980785
poisson,1012.93892320246
poisson,1013.56140617281
poisson,1014.39206488431
poisson,1014.96656797826
poisson,1016.30102004856
poisson,1016.71757269651
poisson,1017.37816631794
poisson,1018.28797813505
poisson,1018.97803880274
poisson,1019.44854483008
poisson,1019.93699371815
poisson,1020.19874565303
poisson,1020.51755320281
poisson,1021.03940676898
poisson,1022.10058458149
poisson,1024.32260941714
poisson,1024.50073417276
poisson,1024.61383119226
poisson,1025.13551991433
poisson,1025.31470824033
poisson,1025.84965992719
poisson,1025.9464289993
poisson,1026.26273408532
poisson,1026.31895430386
poisson,1026.62447933108
poisson,1027.85202302039
poisson,1029.26097158343
poisson,1031.0939559713
poisson,1034.44808907807
poisson,1035.99547129124
poisson,1036.16934362799
poisson,1036.26197017729
poisson,1036.93928010762
poisson,1036.95511817932
poisson,1037.17679902911
poisson,1041.79633036256
poisson,1044.92120351642
poisson,1045.1753847301
poisson,1045.52210867405
poisson,1048.0877822265
poisson,1048.75047598034
poisson,1049.27004128695
poisson,1049.94520172477
poisson,1052.06434056163
poisson,1054.02885191143
poisson,1054.8744359985
poisson,1055.30662368983
poisson,1056.47939722985
poisson,1056.5145239234
poisson,1057.63825122267
poisson,1057.79916420579
poisson,1059.45421755314
poisson,1059.89817157388
poisson,1060.63819583505
poisson,1061.14893592894
poisson,1061.57021783292
poisson,1062.42766324431
poisson,1063.16651962698
poisson,1063.43703437597
poisson,1065.72506017983
poisson,1066.0892073065
poisson,1066.85725599527
poisson,1066.97597447783
poisson,1067.24059861153
poisson,1067.44208838791
poisson,1067.64217838645
poisson,1067.89261195809
poisson,1068.61972808838
poisson,1068.87401547283
poisson,1070.34378498793
poisson,1071.48591801524
poisson,1072.88860529661
poisson,1075.42358431965
poisson,1075.47072600573
poisson,1076.49352401495
poisson,1077.76455488056
poisson,1077.95177493244
poisson,1080.28500527143
poisson,1080.6087590754
poisson,1080.74980042875
poisson,1081.10876102
poisson,1081.96986466646
poisson,1082.20071718097
poisson,1083.84208101779
poisson,1085.69871075451
poisson,1085.71199048311
poisson,1086.49250864983
poisson,1088.25874421746
poisson,1088.56219146401
poisson,1089.75869603455
poisson,1092.65625849366
poisson,1095.61510756612
poisson,1096.16695251316
poisson,1097.51934371889
poisson,1097.56916854531
poisson,1097.97788225114
poisson,1098.28065522015
poisson,1098.30571711063
poisson,1098.622511141
poisson,1098.89317769557
poisson,1099.54458940774
poisson,1100.27855541557
poisson,1100.32005421817
poisson,1102.84313373268
poisson,1103.16083207726
poisson,1103.67503203452
poisson,1106.41099419445
poisson,1107.54584800452
poisson,1108.52592531592
poisson,1108.66908542812
poisson,1108.92873443663
poisson,1109.04680844396
poisson,1109.44043751806
poisson,1110.07820814848
poisson,1110.48226896673
poisson,1111.43379472196
poisson,1111.93397454917
poisson,1112.00038529933
poisson,1112.02487256378
poisson,1113.78101445735
poisson,1114.16319850832
poisson,1114.2462240532
poisson,1115.03714229912
poisson,1115.16469623894
poisson,1116.03417526931
poisson,1118.14726144075
poisson,1118.65370720625
poisson,1118.66380181164
poisson,1119.19417884201
poisson,1120.47806568444
poisson,1120.54394371808
poisson,1120.62264699489
poisson,1121.3499289006
poisson,1121.46734911948
poisson,1122.39816226065
poisson,1122.95741029084
poisson,1123.04000835866
poisson,1124.30425640196
poisson,1125.62263291329
poisson,1126.97146274149
poisson,1127.64683179557
poisson,1127.79850699008
poisson,1129.70597948879
poisson,1129.76739462465
poisson,1129.92164865136
poisson,1130.7383980602
poisson,1131.66621513665
poisson,1133.73400643468
poisson,1135.65200380981
poisson,1135.94302721322
poisson,1136.45093049854
poisson,1138.30237742513
poisson,1138.92613258213
poisson,1139.2057640478
poisson,1139.54729307443
poisson,1140.23771043867
poisson,1141.35429263115
poisson,1141.77620131522
poisson,1143.72139796615
poisson,1145.2373387292
poisson,1146.4783931151
poisson,1146.80162072182
poisson,1148.03201612085
poisson,1150.72719939053
poisson,1150.82171745598
poisson,1152.77091413736
poisson,1153.12919951975
poisson,1153.25567685068
poisson,1153.96509412676
poisson,1155.51808010787
poisson,1156.60809632391
poisson,1157.18329884112
poisson,1162.83681150526
poisson,1163.76748681068
poisson,1163.90640754253
poisson,1164.04238436371
poisson,1164.82425946742
poisson,1167.0534228906
poisson,1168.01258549094
poisson,1168.78540348262
poisson,1168.86739991605
poisson,1168.91405358911
poisson,1169.65488437563
poisson,1169.70809269696
poisson,1170.77925428748
poisson,1171.55908513814
poisson,1172.23283369094
poisson,1174.43931754679
poisson,1175.88726431131
poisson,1176.71501357108
poisson,1177.47207451612
poisson,1178.22846677154
poisson,1178.74450888485
poisson,1178.90171613544
poisson,1180.22598139942
poisson,1180.96587248147
poisson,1181.90466053784
poisson,1182.05676600337
poisson,1182.80895520002
poisson,1183.06116573513
poisson,1184.12502575666
poisson,1184.5240900293
poisson,1185.81142276526
poisson,1189.11464698613
poisson,1189.56238590181
poisson,1189.87523578107
poisson,1190.02030044794
poisson,1190.86889084429
poisson,1191.00093189627
poisson,1193.65268480033
poisson,1194.05649602413
poisson,1194.68516390771
poisson,1194.96230967343
poisson,1197.57203664631
poisson,1202.31460407376
poisson,1202.9445739463
poisson,1203.06785497814
poisson,1203.28831020743
poisson,1204.91484738886
poisson,1204.95708566159
poisson,1206.95150736719
poisson,1207.52846822143
poisson,1208.02712067962
poisson,1208.05228129029
poisson,1209.98876541853
poisson,1210.74758842587
poisson,1217.17579104006
poisson,1217.24174078554
poisson,1217.79844351113
poisson,1218.12004502863
poisson,1218.8309719786
poisson,1220.46982683241
poisson,1221.52128536254
poisson,1222.86143433303
poisson,1223.40646758676
poisson,1224.39189068973
poisson,1226.24911554158
poisson,1226.62669420242
poisson,1227.24809404463
poisson,1228.13381813467
poisson,1228.21180243045
poisson,1228.30887325108
poisson,1229.00784015656
poisson,1229.9585826695
poisson,1229.97526917607
poisson,1230.33950291574
poisson,1231.84328433126
poisson,1232.25179035217
poisson,1235.20450666547
poisson,1235.23901961744
poisson,1236.058591865
poisson,1236.47705186158
poisson,1237.045513466
poisson,1237.40664497018
poisson,1239.24657702446
poisson,1240.54425396025
poisson,1240.76406378299
poisson,1242.77179967612
poisson,1242.91547108442
poisson,1243.52597910911
poisson,1245.71037478745
poisson,1246.17752060294
poisson,1247.06178717315
poisson,1248.12368955463
poisson,1249.73678216338
poisson,1250.17353519797
poisson,1250.49731228501
poisson,1250.79541280866
poisson,1251.021576114
poisson,1252.6626624167
poisson,1259.22380108386
poisson,1260.00525988638
poisson,1261.58531196415
poisson,1261.69457752258
poisson,1262.07625772804
poisson,1262.29666452855
poisson,1262.95184064657
poisson,1263.23774922639
poisson,1267.24611315876
poisson,1267.82329566777
poisson,1268.28880794346
poisson,1268.99083983153
poisson,1269.38596181571
poisson,1269.49989143759
poisson,1271.46925590932
poisson,1272.04277645797
poisson,1272.39276468754
poisson,1274.48390796781
poisson,1275.5085080862
poisson,1275.71123931557
poisson,1275.84591694176
poisson,1276.11626219004
poisson,1276.30811557174
poisson,1277.23123598844
poisson,1277.33623702079
poisson,1277.41923555732
poisson,1277.72335149348
poisson,1279.79015000165
poisson,1279.89927120507
poisson,1280.26156499982
poisson,1280.51869664341
poisson,1280.82440420985
poisson,1281.44430182874
poisson,1281.73575457186
poisson,1285.24424787611
poisson,1285.29627900571
poisson,1285.30719690025
poisson,1285.46833060682
poisson,1285.85267718881
poisson,1286.43242362887
poisson,1286.64066828787
poisson,1287.2792892158
poisson,1288.14020752907
poisson,1288.40328659862
poisson,1290.1157643646
poisson,1291.09204374254
poisson,1292.91928466409
poisson,1294.06341630965
poisson,1294.4864295423
poisson,1295.06901837885
poisson,1295.45779060572
poisson,1296.05468455702
poisson,1297.14041389525
poisson,1297.90502320975
poisson,1297.98011668026
poisson,1298.38742129505
poisson,1299.98772963882
poisson,1300.69427844137
poisson,1301.59210972488
poisson,1301.88330542296
poisson,1302.01818514615
poisson,1302.52344999462
poisson,1302.61074658483
poisson,1303.87172382325
poisson,1308.36851894856
poisson,1309.16786007583
poisson,1309.62121114135
poisson,1309.700101614
poisson,1310.098211281
poisson,1310.69177482277
poisson,1311.92336883396
poisson,1311.95184122771
poisson,1312.09245044738
poisson,1313.16309981048
poisson,1313.73176537454
poisson,1314.31337632239
poisson,1316.2067560479
poisson,1316.61710795015
poisson,1317.4447119236
poisson,1317.58304405957
poisson,1319.46390960366
poisson,1319.61919832975
poisson,1320.46182826161
poisson,1320.75143419206
poisson,1320.88384311646
poisson,1320.91361749917
poisson,1321.30734808743
poisson,1321.45123183727
poisson,1322.62380141765
poisson,1322.85982463509
poisson,1323.72430805117
poisson,1325.35311020911
poisson,1325.43561700732
poisson,1325.58262813836
poisson,1325.72457380593
poisson,1328.61649710685
poisson,1330.40939457715
poisson,1331.00834861398
poisson,1332.90058653802
poisson,1333.71972478926
poisson,1336.97067666799
poisson,1338.69926445186
poisson,1338.753124699
poisson,1339.87873978913
poisson,1340.29421862215
poisson,1341.32442437112
poisson,1341.40096139163
poisson,1341.78228490055
poisson,1343.04885473102
poisson,1344.05642095953
poisson,1346.97280544788
poisson,1348.99101406336
poisson,1349.09531287849
poisson,1349.93786178529
poisson,1350.27445200831
poisson,1350.38949083537
poisson,1352.23873425275
poisson,1352.24271193147
poisson,1352.80831996351
poisson,1353.33442222327
poisson,1353.98028418422
poisson,1354.52530346811
poisson,1355.55034317076
poisson,1358.86815097183
poisson,1359.34681724757
poisson,1360.71371752769
poisson,1361.08771897852
poisson,1361.69937066734
poisson,1362.19522636384
poisson,1363.40673547238
poisson,1365.06410129368
poisson,1365.46993162483
poisson,1366.40468426049
poisson,1366.82083178312
poisson,1367.02514067292
poisson,1367.1909570694
poisson,1367.94285383075
poisson,1368.62988583744
poisson,1369.42516546696
poisson,1369.51467208564
poisson,1369.77633181959
poisson,1371.21712230146
poisson,1371.77244294435
poisson,1372.59399238974
poisson,1373.82376100868
poisson,1373.97481873631
poisson,1374.44409355521
poisson,1374.9629156664
poisson,1375.6287554279
poisson,1375.66134147346
poisson,1375.84374472499
poisson,1375.85933599621
poisson,1376.81864947081
poisson,1377.08902172744
poisson,1377.19889637083
poisson,1378.03541123867
poisson,1378.14115732908
poisson,1378.81959229708
poisson,1378.96448746324
poisson,1380.48620149493
poisson,1380.51589112729
poisson,1381.88668433577
poisson,1382.13574700058
poisson,1382.25576840341
poisson,1383.67459084839
poisson,1384.33598261327
poisson,1384.35823004693
poisson,1385.15227194875
poisson,1385.72251237929
poisson,1385.76067145914
poisson,1386.26308273524
poisson,1386.83387171477
poisson,1389.66397382319
poisson,1391.7426392436
poisson,1396.77924104035
poisson,1396.9246968627
poisson,1397.6379390806
poisson,1400.14829207212
poisson,1400.85989609361
poisson,1402.18253526837
poisson,1402.55551785231
poisson,1402.70681492984
poisson,1403.09608262032
poisson,1405.63287865371
poisson,1406.20545111597
poisson,1406.42150584608
poisson,1406.44596517086
poisson,1407.15820901096
poisson,1407.44705684483
poisson,1407.62911178172
poisson,1408.26027933508
poisson,1410.16794741154
poisson,1410.7426321134
poisson,1411.10432427377
poisson,1411.23293060809
poisson,1412.47082129121
poisson,1412.66863513738
poisson,1412.73526847363
poisson,1412.77754027396
poisson,1414.46741577238
poisson,1414.63413089514
poisson,1414.91877287626
poisson,1415.66839348525
poisson,1417.33580641449
poisson,1417.630138807
poisson,1418.19463204592
poisson,1418.7646759674
poisson,1419.88777834922
poisson,1419.91471964866
poisson,1420.77939491719
poisson,1421.31611052901
poisson,1421.63487523794
poisson,1423.34931436926
poisson,1423.8531626761
poisson,1425.35964027047
poisson,1426.96666624397
poisson,1427.11715679616
poisson,1427.30220593512
poisson,1427.59914696217
poisson,1427.60994844139
poisson,1427.70588677377
poisson,1428.19493636489
poisson,1429.16669789702
poisson,1429.74317632616
poisson,1431.40093702823
poisson,1433.32486692816
poisson,1435.3925101459
poisson,1437.86225374788
poisson,1438.7937290594
poisson,1438.86811379343
poisson,1443.89222189784
poisson,1444.3828528747
poisson,1444.5870583877
poisson,1444.59521584213
poisson,1444.97649464756
poisson,1445.96760068089
poisson,1446.21961005032
poisson,1446.32390793413
poisson,1448.35097249597
poisson,1448.41347075999
poisson,1448.81487265229
poisson,1450.90027619153
poisson,1451.0781224817
poisson,1452.02956814319
poisson,1452.46812514961
poisson,1452.63469032943
poisson,1453.68149317801
poisson,1454.6494493261
poisson,1455.13162855059
poisson,1455.34991845489
poisson,1456.63154777139
poisson,1458.82922131568
poisson,1458.95163435489
poisson,1461.2954184413
poisson,1461.55614778399
poisson,1461.8394812569
poisson,1462.87578996271
poisson,1464.8375371471
poisson,1465.02125635743
poisson,1465.35014081746
poisson,1465.87190683931
poisson,1466.01100917906
poisson,1467.21145138145
poisson,1467.73090492934
poisson,1467.74099301547
poisson,1468.16595550627
poisson,1468.26723963022
poisson,1468.49793195724
poisson,1469.23462394625
poisson,1469.95763480663
poisson,1470.45682650059
poisson,1470.60213424265
poisson,1470.66497988999
poisson,1470.67780513316
poisson,1471.43149841577
poisson,1474.08353816718
poisson,1474.40450359136
poisson,1474.49874505401
poisson,1475.85371974856
poisson,1476.49932093918
poisson,1476.55811160803
poisson,1480.52780516446
poisson,1482.5872387737
poisson,1483.0987714231
poisson,1483.35670027882
poisson,1485.23142188787
poisson,1485.9352177009
poisson,1488.03658783436
poisson,1488.33399824798
poisson,1488.97421918809
poisson,1490.75660575181
poisson,1490.84582459182
poisson,1491.04681238532
poisson,1492.65066813678
poisson,1493.83621104062
poisson,1494.19789109379
poisson,1494.32339612395
poisson,1494.90177538246
poisson,1496.4244896546
poisson,1497.19755351543
poisson,1497.60836549103
poisson,1497.69328720868
poisson,1498.6456092447
poisson,1498.66329412907
poisson,1499.03553817421
poisson,1500.90149603784
poisson,1501.22841447592
poisson,1501.87538284808
poisson,1502.32854951173
poisson,1502.40268185735
poisson,1504.09412756562
poisson,1504.15653083473
poisson,1505.57390693575
poisson,1506.88017252833
poisson,1507.13122356683
poisson,1508.30387044698
poisson,1508.32592137158
poisson,1508.95413011312
poisson,1509.20895766467
poisson,1509.78461839259
poisson,1510.18210500479
poisson,1511.37227006257
poisson,1512.06170767546
poisson,1513.24719563127
poisson,1514.70758765936
poisson,1514.76263254881
poisson,1516.44654385746
poisson,1516.6376195848
poisson,1517.8818050772
poisson,1518.12468003482
poisson,1518.27884372324
poisson,1519.2691013217
poisson,1520.47987002879
poisson,1520.74450440705
poisson,1522.51539099962
poisson,1524.00654740632
poisson,1524.30236060172
poisson,1524.56165850163
poisson,1524.69004970044
poisson,1526.00823994726
poisson,1526.56886540353
poisson,1527.78834383935
poisson,1527.83232368529
poisson,1527.99233887345
poisson,1528.0652185902
poisson,1534.14923883975
poisson,1534.64646916837
poisson,1535.03554314375
poisson,1537.35958505422
poisson,1538.2863311097
poisson,1540.87102413178
poisson,1541.58012568951
poisson,1541.88894294202
poisson,1542.02460870147
poisson,1542.32785478234
poisson,1542.98948962241
poisson,1543.42313669622
poisson,1546.58158961684
poisson,1547.1915602684
poisson,1547.42138460279
poisson,1549.12676569074
poisson,1549.64822903276
poisson,1549.93405938149
poisson,1551.49300210178
poisson,1551.70905403793
poisson,1552.26747412235
poisson,1552.55270004272
poisson,1553.43118775636
poisson,1553.97308990359
poisson,1554.29730191827
poisson,1556.71842209995
poisson,1557.20819812268
poisson,1558.09363164008
poisson,1559.33173187077
poisson,1560.08555926383
poisson,1561.7410428822
poisson,1561.99765671045
poisson,1563.42893932015
poisson,1565.34697115421
poisson,1565.35560637712
poisson,1567.93637108058
poisson,1570.13509981334
poisson,1571.68852724135
poisson,1572.58145324886
poisson,1573.05035553873
poisson,1575.10001212358
poisson,1575.76450519264
poisson,1577.36324705184
poisson,1577.99832057208
poisson,1582.85237289965
poisson,1583.34703091532
poisson,1583.58338195831
poisson,1587.72030472755
poisson,1587.87245117128
poisson,1588.79207447171
poisson,1588.97340949625
poisson,1589.11907393485
poisson,1589.45707976818
poisson,1589.54333607107
poisson,1589.97826650739
poisson,1590.83185903728
poisson,1590.99097643048
poisson,1592.96137280762
poisson,1593.19256991148
poisson,1593.94362010062
poisson,1595.13546619564
poisson,1595.51837295294
poisson,1595.82764934748
poisson,1596.51826508343
poisson,1598.12329243869
poisson,1598.31959102303
poisson,1598.3304604888
poisson,1598.59955031425
poisson,1598.76200277358
poisson,1600.20373668522
poisson,1600.45291017741
poisson,1601.08568798751
poisson,1602.06383280456
poisson,1607.62586537749
poisson,1608.40369481593
poisson,1608.83544757962
poisson,1609.60238799453
poisson,1609.67377573252
poisson,1611.23800929636
poisson,1611.41711100936
poisson,1613.22114709765
poisson,1613.3611574769
poisson,1613.92540019006
poisson,1614.3126739189
poisson,1614.66203350574
poisson,1615.27807731181
poisson,1615.98131153733
poisson,1617.94419959188
poisson,1620.39319053292
poisson,1620.63247803599
poisson,1620.92493101954
poisson,1622.08100128919
poisson,1622.10337817669
poisson,1622.38090019673
poisson,1623.2831729576
poisson,1623.78027290106
poisson,1624.61060378701
poisson,1626.96513533592
poisson,1628.6977045238
poisson,1629.34039440006
poisson,1630.09050209075
poisson,1630.48237841576
poisson,1631.248280406
poisson,1633.96380376071
poisson,1635.8059681952
poisson,1635.9753748402
poisson,1636.71928085387
poisson,1637.42161728442
poisson,1638.018514961
poisson,1638.41257989407
poisson,1638.8520123437
poisson,1639.03925381601
poisson,1639.86196182668
poisson,1640.35208616406
poisson,1642.84122455865
poisson,1642.92198233306
poisson,1643.33549980074
poisson,1643.7823753804
poisson,1645.12494578958
poisson,1645.33225912601
poisson,1646.02515194565
poisson,1646.46479673684
poisson,1647.40560203791
poisson,1647.83620275557
poisson,1648.02837371826
poisson,1648.34937918931
poisson,1650.15851240605
poisson,1651.24749112874
poisson,1651.49839501828
poisson,1651.70949231833
poisson,1651.91562287509
poisson,1652.01134048402
poisson,1652.01726742089
poisson,1652.07395981997
poisson,1652.76015736163
poisson,1653.00193242729
poisson,1653.02813239396
poisson,1653.89349870384
poisson,1654.2345834896
poisson,1654.38824426383
poisson,1654.3985158205
poisson,1655.64638376236
poisson,1656.18703793734
poisson,1656.35942760855
poisson,1657.99972508103
poisson,1659.90247670561
poisson,1659.99212488532
poisson,1660.01185029745
poisson,1660.65810061991
poisson,1660.91964859515
poisson,1662.9006927833
poisson,1664.21014908701
poisson,1664.32838886976
poisson,1664.56521768123
poisson,1666.64665285498
poisson,1666.97823628783
poisson,1667.36588813365
poisson,1667.50832460821
poisson,1669.25061680377
poisson,1672.01556824148
poisson,1672.21539281309
poisson,1672.22503572702
poisson,1672.5192591548
poisson,1673.15984982997
poisson,1673.63451421261
poisson,1674.42375514656
poisson,1676.45715083927
poisson,1676.69520992786
poisson,1676.85401439667
poisson,1677.41173133254
poisson,1677.61178594083
poisson,1678.39707154781
poisson,1680.06806913763
poisson,1680.21858949214
poisson,1680.37606123835
poisson,1680.91233633459
poisson,1683.44987742603
poisson,1688.12011461705
poisson,1688.46698570997
poisson,1688.49324993789
poisson,1690.24229329079
poisson,1690.4183421284
poisson,1691.36695284396
poisson,1692.77420081198
poisson,1693.04251112044
poisson,1693.15814040601
poisson,1693.36576573551
poisson,1694.68501489609
poisson,1695.15657611191
poisson,1695.53458318114
poisson,1696.03680633008
poisson,1696.07737194747
poisson,1696.60707004368
poisson,1699.782111682
poisson,1700.9944440797
poisson,1703.29050626606
poisson,1704.16472386569
poisson,1704.65189870447
poisson,1705.40263783187
poisson,1707.0688791573
poisson,1708.80145858973
poisson,1709.95079539716
poisson,1709.96753219515
poisson,1710.086196661
poisson,1710.294932127
poisson,1710.32521594316
poisson,1714.15674313903
poisson,1714.27579037845
poisson,1716.69036056846
poisson,1717.35022868961
poisson,1717.50239748508
poisson,1717.63862296939
poisson,1717.71885734051
poisson,1720.11667583138
poisson,1720.41031718254
poisson,1720.63447721303
poisson,1721.24621737748
poisson,1721.39159310609
poisson,1721.93936444819
poisson,1722.7780604735
poisson,1722.81836904585
poisson,1723.5379293561
poisson,1723.58735837042
poisson,1723.72466512024
poisson,1724.08881783485
poisson,1724.58559088409
poisson,1724.6395200491
poisson,1726.85880679637
poisson,1727.29127388448
poisson,1727.37222444266
poisson,1727.87592001259
poisson,1728.17827761173
poisson,1728.18043455482
poisson,1728.50131150335
poisson,1728.93561609089
poisson,1731.7543271929
poisson,1732.5159823522
poisson,1732.69521258771
poisson,1734.80712994933
poisson,1734.89596508443
poisson,1735.56572943926
poisson,1738.33211604506
poisson,1739.40116725862
poisson,1740.62969628721
poisson,1740.92573672533
poisson,1741.17633514106
poisson,1741.2488264963
poisson,1743.37472487241
poisson,1744.63350791484
poisson,1744.88610960543
poisson,1745.97749393433
poisson,1748.29480238259
poisson,1750.80695562065
poisson,1750.89765992016
poisson,1751.2470819056
poisson,1751.53669621795
poisson,1751.63059215993
poisson,1753.36869060993
poisson,1754.37559001148
poisson,1754.9929106608
poisson,1755.87575417012
poisson,1756.31811190397
poisson,1757.52675626427
poisson,1758.76501761377
poisson,1761.07199024409
poisson,1761.29945553839
poisson,1761.54875662178
poisson,1762.03908119351
poisson,1765.78680612147
poisson,1766.3498679176
poisson,1766.83873124421
poisson,1768.29947158694
poisson,1769.72388196737
poisson,1772.12948258966
poisson,1772.15738967061
poisson,1773.1182044372
poisson,1773.13955314457
poisson,1773.69989734143
poisson,1773.8673100248
poisson,1773.95025081933
poisson,1776.38597879559
poisson,1776.43234282732
poisson,1777.01298240572
poisson,1777.66823768616
poisson,1778.77697069198
poisson,1779.39028851688
poisson,1779.66657932848
poisson,1780.22967278957
poisson,1781.68531134725
poisson,1784.93592143059
poisson,1785.95684282482
poisson,1787.75109630078
poisson,1788.36185019463
poisson,1788.50833699107
poisson,1789.30504433811
poisson,1789.38922937959
poisson,1790.77145922929
poisson,1791.05399176478
poisson,1791.41061753035
poisson,1792.76471398771
poisson,1793.65774802864
poisson,1795.38211692125
poisson,1795.70841509849
poisson,1797.01937269419
poisson,1797.16299660504
poisson,1798.97377733141
poisson,1799.84382446855
poisson,1800.04679691046
poisson,1800.08253827691
poisson,1800.67046638578
poisson,1801.14820320159
poisson,1801.399406977
poisson,1802.31609102339
poisson,1803.41236107051
poisson,1804.93228137493
poisson,1805.61526119709
poisson,1808.06310288608
poisson,1809.55423228443
poisson,1810.08196622133
poisson,1810.53647305816
poisson,1813.1614336744
poisson,1814.25666622818
poisson,1814.43834863603
poisson,1815.07912278175
poisson,1815.46052452177
poisson,1815.73389470577
poisson,1815.74724987149
poisson,1816.55855569989
poisson,1816.8040169403
poisson,1817.99734663218
poisson,1818.22227407247
poisson,1818.68958193809
poisson,1818.78203060478
poisson,1820.00373210758
poisson,1820.39041258395
poisson,1821.55565731227
poisson,1823.13879672438
poisson,1826.49619970471
poisson,1832.32682198286
poisson,1833.68208818138
poisson,1833.73351767659
poisson,1834.4574039802
poisson,1836.69028617442
poisson,1837.60009147227
poisson,1838.60078919679
poisson,1841.91818162799
poisson,1843.15041359514
poisson,1843.21500174701
poisson,1844.97772715986
poisson,1845.90750746429
poisson,1846.58303577453
poisson,1847.55927789956
poisson,1848.56196120381
poisson,1849.65885709971
poisson,1849.68066308647
poisson,1849.71987083554
poisson,1851.66449286044
poisson,1851.97940375656
poisson,1853.88433374465
poisson,1854.81398552656
poisson,1855.11158499867
poisson,1856.39222711325
poisson,1856.54994565994
poisson,1856.62437230349
poisson,1856.83187190443
poisson,1857.72773157805
poisson,1858.5740281269
poisson,1859.79020781815
poisson,1860.7137138024
poisson,1861.16506066173
poisson,1861.60315945745
poisson,1863.19514084607
poisson,1863.50394971669
poisson,1864.02259767056
poisson,1864.3338624388
poisson,1864.50468562543
poisson,1864.80167880654
poisson,1864.8549169302
poisson,1865.53278658539
poisson,1865.98049290478
poisson,1866.05725437403
poisson,1866.94444064051
poisson,1868.02284792066
poisson,1868.38515475392
poisson,1869.61952783167
poisson,1870.72883080691
poisson,1871.5448519215
poisson,1871.5690029785
poisson,1871.81532941759
poisson,1871.995260939
poisson,1873.51804878563
poisson,1874.19990263879
poisson,1874.55804739147
poisson,1876.06734130532
poisson,1876.93109642714
poisson,1878.22508625686
poisson,1878.76238301396
poisson,1879.15648519993
poisson,1879.80814743787
poisson,1879.96775377542
poisson,1880.64846675843
poisson,1881.45547639579
poisson,1881.83025177568
poisson,1882.18309637159
poisson,1883.55070445687
poisson,1883.72218981385
poisson,1883.93011316657
poisson,1884.38348844647
poisson,1885.52649971098
poisson,1885.54089982063
poisson,1886.17124408484
poisson,1887.47921492904
poisson,1888.27822450548
poisson,1888.78109212965
poisson,1888.87737318873
poisson,1889.27152194083
poisson,1889.51493334025
poisson,1890.22301882505
poisson,1890.33138472587
poisson,1893.81754305214
poisson,1894.39993910491
poisson,1894.44683212787
poisson,1895.09089384228
poisson,1895.30719071627
poisson,1895.65319288522
poisson,1895.95480170101
poisson,1896.28864545375
poisson,1896.77332621068
poisson,1897.02055137604
poisson,1897.77030982077
poisson,1897.77922257781
poisson,1901.19669679552
poisson,1901.57817769796
poisson,1902.15271711349
poisson,1902.61547453702
poisson,1903.74640282244
poisson,1903.98405492306
poisson,1904.98393960297
poisson,1907.62452501804
poisson,1908.11041463166
poisson,1908.49530976266
poisson,1909.36928335577
poisson,1910.08509788662
poisson,1910.13932786882
poisson,1913.35784085095
poisson,1915.50664417446
poisson,1916.23206995428
poisson,1917.14718658477
poisson,1917.47655067593
poisson,1918.29420719296
poisson,1918.37142780423
poisson,1920.89445050806
poisson,1920.96244730055
poisson,1921.46780900657
poisson,1923.31951670349
poisson,1925.78644119203
poisson,1926.43614299595
poisson,1926.47595982999
poisson,1929.01618406177
poisson,1929.26770634949
poisson,1930.66627066582
poisson,1931.30720593035
poisson,1932.78693035245
poisson,1933.91660694033
poisson,1934.38001256436
poisson,1934.63039956987
poisson,1936.21588684618
poisson,1936.31222844124
poisson,1937.21749167889
poisson,1937.22020089626
poisson,1938.0859574303
poisson,1938.5805092752
poisson,1938.89406789094
poisson,1939.24099765718
poisson,1939.3924176693
poisson,1939.97302092612
poisson,1940.10909367353
poisson,1940.65770879388
poisson,1941.42748694867
poisson,1941.65765680373
poisson,1943.7295505777
poisson,1944.06859204173
poisson,1945.06039563566
poisson,1945.69450523704
poisson,1947.79604487121
poisson,1947.87558354437
poisson,1947.93807063252
poisson,1948.17478954792
poisson,1948.73172324151
poisson,1949.46884084493
poisson,1950.12039225549
poisson,1950.33813081682
poisson,1952.43158377707
poisson,1952.92786695063
poisson,1953.67667265236
poisson,1953.71260028332
poisson,1954.82436195016
poisson,1955.41658252478
poisson,1955.85281401873
poisson,1956.64589386433
poisson,1958.00365693867
poisson,1960.14834474772
poisson,1960.71854326874
poisson,1963.9187771827
poisson,1964.15166091174
poisson,1965.13693779707
poisson,1966.06486290693
poisson,1966.48380532861
poisson,1967.5517808646
poisson,1971.07929363847
poisson,1972.95470349491
poisson,1973.58299884945
poisson,1973.61058369279
poisson,1973.79553131759
poisson,1975.43044015765
poisson,1976.00697912276
poisson,1977.44079399854
poisson,1978.40140480548
poisson,1978.81590295583
poisson,1979.45844102651
poisson,1981.36391676962
poisson,1982.09747392684
poisson,1982.98934195191
poisson,1983.58273413032
poisson,1983.73578581959
poisson,1984.42404158413
poisson,1984.82282087207
poisson,1987.55310662091
poisson,1988.68384957314
poisson,1990.8900577575
poisson,1992.39733349532
poisson,1995.18405552953
poisson,1995.47681119293
poisson,1996.56572472304
poisson,1996.61367665976
poisson,1996.65815476328
poisson,1997.07066360861
poisson,1997.66608886421
poisson,1998.41924849898
poisson,1998.77629894763
poisson,1998.85017704219
poisson,1999.10991452634
poisson,2001.40571966767
poisson,2003.4757386893
poisson,2003.6290846765
poisson,2003.78205813468
poisson,2003.79692576826
poisson,2004.04167175293
poisson,2004.12186607718
poisson,2006.45886082202
poisson,2007.60899391025
poisson,2008.29697865993
poisson,2009.28165111691
poisson,2009.62593965232
poisson,2011.6616524756
poisson,2012.1051389724
poisson,2013.23879882693
poisson,2013.24453484267
poisson,2014.93682898581
poisson,2017.7243668586
poisson,2018.36741901934
poisson,2018.74650549144
poisson,2019.35678627342
poisson,2020.47928329557
poisson,2020.91044280678
poisson,2021.11908141524
poisson,2021.2795836851
poisson,2021.87277004123
poisson,2022.4897256121
poisson,2022.65932038426
poisson,2024.85157176852
poisson,2026.39407198876
poisson,2027.69122831523
poisson,2027.81125344336
poisson,2028.19820586592
poisson,2028.74471433461
poisson,2029.09898292273
poisson,2029.55446206033
poisson,2029.92916014045
poisson,2032.01392572373
poisson,2032.37063623965
poisson,2034.09129008651
poisson,2034.13145523518
poisson,2034.15211569518
poisson,2034.88627821207
poisson,2036.72980051488
poisson,2037.89888508618
poisson,2038.64588774741
poisson,2042.3433361575
poisson,2042.41717793047
poisson,2043.70531532913
poisson,2043.75254455954
poisson,2045.68364843726
poisson,2045.75574211776
poisson,2047.46778029948
poisson,2047.92695958167
poisson,2048.03426656872
poisson,2048.28801378608
poisson,2049.42208807915
poisson,2050.24769995362
poisson,2050.61058327556
poisson,2050.68412609398
poisson,2051.90824344754
poisson,2052.00111027807
poisson,2052.51592490822
poisson,2053.07721160352
poisson,2056.39784224331
poisson,2056.48588389158
poisson,2057.3704149574
poisson,2057.44071677327
poisson,2057.58466571569
poisson,2058.51888936013
poisson,2059.69934444875
poisson,2060.23019459099
poisson,2062.05879896879
poisson,2063.20714391768
poisson,2064.0007564798
poisson,2068.26253142208
poisson,2069.69003379345
poisson,2070.14567311853
poisson,2070.18362823874
poisson,2070.99943421781
poisson,2072.35883828253
poisson,2073.20313435048
poisson,2074.49459098279
poisson,2075.41490998119
poisson,2075.88171865791
poisson,2076.71294547617
poisson,2076.79660990834
poisson,2077.00388133526
poisson,2078.31020653248
poisson,2078.53378262371
poisson,2079.93539329618
poisson,2081.39767311513
poisson,2081.43815584481
poisson,2081.8610843271
poisson,2082.5156904757
poisson,2083.12067389488
poisson,2083.4168754518
poisson,2083.42901524156
poisson,2085.21206025034
poisson,2085.4137390852
poisson,2086.79850772023
poisson,2086.88985276967
poisson,2087.19325717539
poisson,2089.92955461144
poisson,2090.03857150674
poisson,2090.13573080301
poisson,2090.23099206388
poisson,2092.54605323076
poisson,2093.98418385535
poisson,2094.22476869077
poisson,2095.12086212635
poisson,2097.41655830294
poisson,2097.60150872171
poisson,2098.59351813793
poisson,2100.18361639231
poisson,2101.4948412776
poisson,2101.70569270849
poisson,2102.27340366691
poisson,2102.97383088619
poisson,2103.60549204052
poisson,2105.71408737451
poisson,2106.74698464572
poisson,2108.12538675964
poisson,2108.42050146312
poisson,2109.00796204805
poisson,2111.02507729083
poisson,2112.2194910422
poisson,2112.58484050632
poisson,2112.72204387933
poisson,2112.95045726001
poisson,2113.02363686264
poisson,2113.16357832402
poisson,2114.10092376173
poisson,2114.67675492167
poisson,2114.97977096587
poisson,2116.57737381756
poisson,2117.83593706787
poisson,2118.32897458226
poisson,2119.03300136328
poisson,2119.33647654951
poisson,2119.8459379375
poisson,2120.13061530888
poisson,2120.16521114856
poisson,2120.35067472607
poisson,2122.21631035209
poisson,2123.64105693996
poisson,2123.72084800154
poisson,2124.15198609233
poisson,2125.22796168923
poisson,2128.74430138618
poisson,2130.09546138346
poisson,2130.34987263381
poisson,2130.61754591763
poisson,2131.09012506902
poisson,2131.48983661085
poisson,2131.7576887086
poisson,2132.02842324972
poisson,2133.82418174297
poisson,2134.27790999413
poisson,2134.56012587994
poisson,2135.7103632763
poisson,2136.91735919565
poisson,2137.25521136075
poisson,2137.45234441012
poisson,2138.34876660258
poisson,2138.52854911238
poisson,2138.71202245355
poisson,2141.31633657962
poisson,2142.00651831925
poisson,2142.74059329182
poisson,2145.36857046187
poisson,2149.03856813908
poisson,2150.41308570653
poisson,2150.71702562273
poisson,2150.99286288023
poisson,2151.24028734863
poisson,2151.27718355507
poisson,2151.80610306561
poisson,2153.46955228597
poisson,2153.90758682042
poisson,2155.83714097738
poisson,2156.32442291826
poisson,2161.49999853224
poisson,2161.75372898579
poisson,2164.16663955897
poisson,2165.13343993574
poisson,2165.41626490653
poisson,2165.50661530346
poisson,2166.4417674765
poisson,2167.73011256009
poisson,2169.26805395633
poisson,2172.92024381459
poisson,2173.07443823665
poisson,2173.21878205985
poisson,2173.31027053297
poisson,2175.48442538828
poisson,2177.22900025547
poisson,2179.62728440762
poisson,2180.53730484098
poisson,2180.77203817666
poisson,2181.36457912624
poisson,2183.25587082654
poisson,2183.37364587933
poisson,2184.54975169152
poisson,2184.90425404161
poisson,2185.1666495204
poisson,2186.29518337548
poisson,2186.89829017967
poisson,2188.31161316484
poisson,2190.40551874787
poisson,2190.4130782932
poisson,2191.83948356658
poisson,2191.99989084154
poisson,2192.40221194923
poisson,2192.96802673489
poisson,2193.00024956465
poisson,2194.32521983981
poisson,2197.76067323983
poisson,2198.1706423685
poisson,2199.26462508738
poisson,2202.10181269795
poisson,2202.61981710792
poisson,2204.59389686584
poisson,2205.22751379758
poisson,2205.76633047313
poisson,2205.9516524896
poisson,2206.59068692476
poisson,2206.76947757602
poisson,2206.79064560682
poisson,2207.63846300542
poisson,2210.43397858739
poisson,2211.12479548901
poisson,2212.28373702616
poisson,2212.34852168709
poisson,2212.70513813943
poisson,2213.22108712047
poisson,2213.39626051486
poisson,2214.59636464715
poisson,2215.16972128302
poisson,2216.62950608879
poisson,2217.49408170581
poisson,2219.29028630257
poisson,2220.48506699502
poisson,2220.71904502809
poisson,2221.11050691456
poisson,2221.11285850406
poisson,2221.20807785541
poisson,2224.68438092619
poisson,2224.77769944817
poisson,2224.89850968122
poisson,2225.1180158928
poisson,2225.38847848773
poisson,2225.83187371492
poisson,2225.88946856558
poisson,2226.47561412305
poisson,2230.02104274929
poisson,2230.21050263196
poisson,2230.93183524907
poisson,2232.50138759613
poisson,2232.71272424608
poisson,2236.47692147642
poisson,2237.55710013211
poisson,2237.6182442531
poisson,2238.87720424682
poisson,2239.30261936039
poisson,2239.38457854092
poisson,2240.83345476538
poisson,2242.6002221182
poisson,2243.55045333505
poisson,2247.53168504685
poisson,2247.8288738057
poisson,2249.6835058555
poisson,2251.23339518905
poisson,2255.72987738997
poisson,2256.51910342276
poisson,2258.67395009846
poisson,2259.0340860188
poisson,2259.73369833082
poisson,2259.8816389218
poisson,2261.85299362987
poisson,2262.42426782846
poisson,2262.6849366352
poisson,2263.59513029456
poisson,2263.75167351216
poisson,2265.29458910227
poisson,2265.67684113979
poisson,2266.33631531149
poisson,2266.94803405553
poisson,2267.25143101066
poisson,2267.72907096893
poisson,2269.11917608231
poisson,2269.75711341947
poisson,2270.48336248845
poisson,2271.03355526924
poisson,2271.40003629029
poisson,2272.18761481345
poisson,2272.75596093386
poisson,2273.66753295064
poisson,2275.1394873485
poisson,2275.3597041592
poisson,2275.62773320824
poisson,2277.33959630132
poisson,2277.82803028822
poisson,2278.72656285763
poisson,2279.38687242568
poisson,2279.82497401536
poisson,2279.85194791108
poisson,2280.36184888333
poisson,2280.95078933984
poisson,2283.20553060621
poisson,2283.90771150589
poisson,2284.2424204573
poisson,2286.30324825645
poisson,2286.64774540812
poisson,2287.11034543812
poisson,2287.86330204457
poisson,2288.11501991004
poisson,2292.06435009837
poisson,2294.9491655454
poisson,2295.02593073994
poisson,2295.44929321855
poisson,2296.82375397533
poisson,2296.87207750976
poisson,2297.29356896132
poisson,2297.52278141677
poisson,2298.56448154897
poisson,2299.11918472499
poisson,2299.33510068804
poisson,2299.83284603804
poisson,2300.26455037296
poisson,2301.18923261762
poisson,2301.31643824279
poisson,2301.56711116433
poisson,2302.00561042875
poisson,2302.92161088437
poisson,2303.32862399519
poisson,2303.77393960953
poisson,2305.50320632756
poisson,2306.48277513683
poisson,2307.36702494323
poisson,2307.66623653471
poisson,2308.69019497186
poisson,2308.78350138664
poisson,2310.71933824569
poisson,2311.01562362164
poisson,2313.30564618111
poisson,2313.80322482437
poisson,2314.00252040476
poisson,2314.67077042908
poisson,2315.20861946046
poisson,2315.27693290263
poisson,2316.09495636076
poisson,2318.17175634205
poisson,2318.70590616018
poisson,2321.8772476539
poisson,2322.15507049114
poisson,2323.33428412676
poisson,2324.08331800252
poisson,2324.61026962847
poisson,2325.02844184637
poisson,2326.7907416448
poisson,2328.35401128978
poisson,2328.87490373105
poisson,2329.29499354214
poisson,2329.74850386381
poisson,2330.80816362053
poisson,2330.89565392584
poisson,2331.75258524716
poisson,2331.86535909772
poisson,2332.08903111517
poisson,2334.15658026934
poisson,2334.47510749102
poisson,2334.63366888464
poisson,2337.08680421114
poisson,2337.31583785266
poisson,2338.12130056322
poisson,2338.66294659674
poisson,2339.54237494618
poisson,2339.6860556677
poisson,2340.19579458982
poisson,2340.60907829553
poisson,2341.52714163065
poisson,2342.86213200539
poisson,2343.00718549639
poisson,2345.26025410742
poisson,2345.61685752124
poisson,2345.65057326108
poisson,2346.88042197377
poisson,2348.10853004456
poisson,2350.36564432085
poisson,2350.91217514128
poisson,2352.18283906579
poisson,2353.38725429028
poisson,2354.94344495237
poisson,2355.51101248711
poisson,2355.82908894867
poisson,2358.73212479055
poisson,2358.9695841074
poisson,2359.69609115273
poisson,2360.60987133533
poisson,2360.67418102175
poisson,2361.08712293208
poisson,2365.78872147948
poisson,2366.0376239568
poisson,2366.29189550877
poisson,2368.91179904342
poisson,2370.02263497561
poisson,2370.53520884365
poisson,2371.81447539479
poisson,2373.83941747248
poisson,2375.99595636129
poisson,2376.70442368835
poisson,2376.88971776515
poisson,2378.22735216469
poisson,2379.50829509646
poisson,2379.77463938296
poisson,2379.98618744314
poisson,2380.05840126425
poisson,2380.80275431275
poisson,2381.82053342462
poisson,2383.10790341347
poisson,2383.17756354809
poisson,2383.88082850724
poisson,2384.26951132715
poisson,2384.57861728966
poisson,2384.97564010322
poisson,2385.44333726168
poisson,2388.54202441871
poisson,2388.92102427781
poisson,2393.29071994871
poisson,2394.29410919547
poisson,2395.15412319452
poisson,2396.75465039909
poisson,2396.76765631884
poisson,2398.25062546879
poisson,2399.12156946957
poisson,2401.78917814046
poisson,2402.83024776727
poisson,2403.59998960048
poisson,2404.99378181994
poisson,2406.43477160484
poisson,2406.73942025751
poisson,2408.45255088061
poisson,2410.08798871189
poisson,2410.51991935819
poisson,2410.61123553664
poisson,2411.18772048503
poisson,2411.92559525371
poisson,2412.03974932432
poisson,2413.51457685232
poisson,2416.43179301173
poisson,2416.60802066326
poisson,2416.64362605661
poisson,2417.40396525711
poisson,2417.4952255562
poisson,2418.91209222376
poisson,2420.23289017379
poisson,2420.53576931357
poisson,2421.31257709116
poisson,2421.5484848246
poisson,2421.77972383797
poisson,2422.0857815817
poisson,2422.26846702397
poisson,2425.68181548268
poisson,2426.9818207249
poisson,2428.65559831262
poisson,2429.10291627049
poisson,2430.25221209973
poisson,2430.46190030873
poisson,2430.63117656857
poisson,2430.92896230519
poisson,2432.35342483968
poisson,2433.0584006384
poisson,2433.88573732227
poisson,2433.94304253161
poisson,2434.76447463036
poisson,2434.82010718435
poisson,2436.38877850026
poisson,2436.45571358502
poisson,2438.01042158157
poisson,2438.63464333117
poisson,2439.0881722793
poisson,2440.93570671976
poisson,2441.15637801588
poisson,2441.61403924227
poisson,2442.3678740859
poisson,2443.53592395782
poisson,2443.72508302331
poisson,2443.8755735755
poisson,2444.21289674938
poisson,2445.79871091992
poisson,2447.03152123839
poisson,2447.21403345466
poisson,2447.41421937943
poisson,2448.41597694904
poisson,2448.44109751284
poisson,2449.11368750036
poisson,2449.23868961632
poisson,2450.01626946032
poisson,2450.29059424996
poisson,2450.86517557502
poisson,2451.08588133007
poisson,2451.52403507382
poisson,2452.70558819175
poisson,2454.25664167851
poisson,2455.3032591939
poisson,2456.15098718554
poisson,2458.07018503547
poisson,2459.15188547224
poisson,2459.37447901815
poisson,2460.38713678718
poisson,2461.43594756722
poisson,2461.71633712947
poisson,2462.2047226876
poisson,2462.49530930072
poisson,2467.37951971591
poisson,2467.54720807076
poisson,2469.47553940117
poisson,2469.71342805773
poisson,2471.44732810557
poisson,2472.03388158232
poisson,2472.57622051984
poisson,2474.84684363008
poisson,2476.11103206873
poisson,2477.3031976074
poisson,2477.6314124465
poisson,2479.52428925782
poisson,2480.87953869253
poisson,2480.91471288353
poisson,2481.16550687701
poisson,2481.6700508818
poisson,2482.64749068767
poisson,2483.06675255299
poisson,2484.88844651729
poisson,2485.49162037671
poisson,2485.8308006078
poisson,2486.34673003107
poisson,2487.91704140604
poisson,2488.06767445058
poisson,2488.79063222557
poisson,2493.09996515512
poisson,2495.02112157643
poisson,2495.49946095794
poisson,2496.24983873218
poisson,2496.31667230278
poisson,2496.44688889384
poisson,2496.89396843314
poisson,2498.40231146663
poisson,2499.02986269444
poisson,2499.49439242482
poisson,2499.90448262543
poisson,2501.27742625773
poisson,2504.25179582089
poisson,2507.06544239074
poisson,2507.84909632057
poisson,2508.49397201091
poisson,2509.24041029066
poisson,2509.66195110232
poisson,2510.76988875866
poisson,2510.88687870652
poisson,2511.31473388523
poisson,2512.56365329027
poisson,2515.29141422361
poisson,2518.13126541674
poisson,2518.81714258343
poisson,2519.37993988395
poisson,2519.50219087303
poisson,2521.93426154554
poisson,2522.7653933689
poisson,2523.59718363732
poisson,2523.9704400301
poisson,2525.5238711834
poisson,2526.32194198668
poisson,2529.37535289675
poisson,2529.47380952537
poisson,2529.77363020182
poisson,2529.93883658201
poisson,2530.06428387016
poisson,2530.7249892503
poisson,2530.77440802008
poisson,2530.78194335103
poisson,2531.787420623
poisson,2532.77180623263
poisson,2534.03022419661
poisson,2535.21186951548
poisson,2536.72639280558
poisson,2537.59536705911
poisson,2538.05896174163
poisson,2538.09083811939
poisson,2538.50120771676
poisson,2538.73323183507
poisson,2541.61566216499
poisson,2542.73509979248
poisson,2544.49034016579
poisson,2545.14619708061
poisson,2547.20306675881
poisson,2549.69773627818
poisson,2549.78691320866
poisson,2549.92727097124
poisson,2551.47767439485
poisson,2551.90649442375
poisson,2552.85341944546
poisson,2553.60364448279
poisson,2553.82049642503
poisson,2553.88380587101
poisson,2554.65328320861
poisson,2555.14883901924
poisson,2556.06032721698
poisson,2557.72675666958
poisson,2558.86644963175
poisson,2558.92675183713
poisson,2559.6020091325
poisson,2559.60201844573
poisson,2561.75616383553
poisson,2562.92845308781
poisson,2568.14295332879
poisson,2568.59888229519
poisson,2569.33966092765
poisson,2570.1997205615
poisson,2570.44945750386
poisson,2572.84105196595
poisson,2573.12298286706
poisson,2573.91972653568
poisson,2574.22149553895
poisson,2574.52304475009
poisson,2575.87065547705
poisson,2576.32205914706
poisson,2577.51265540719
poisson,2577.86504551768
poisson,2578.03624309599
poisson,2578.93254701048
poisson,2579.69266362488
poisson,2580.09173348546
poisson,2582.33785163611
poisson,2582.42321014404
poisson,2582.98537693918
poisson,2583.19317363203
poisson,2583.44757836312
poisson,2583.8241558522
poisson,2584.00065544993
poisson,2587.37073279917
poisson,2587.67413068563
poisson,2589.02218751609
poisson,2589.36229627579
poisson,2589.7997058928
poisson,2589.81215488166
poisson,2590.51522891969
poisson,2590.5629536137
poisson,2591.88912250102
poisson,2593.3278594166
poisson,2593.45839731395
poisson,2593.66984851658
poisson,2594.62949633598
poisson,2594.71554681659
poisson,2595.13320401311
poisson,2596.33846860379
poisson,2596.88727557659
poisson,2597.03374374658
poisson,2597.63652645052
poisson,2598.59453793615
poisson,2598.97474385798
poisson,2599.35831651092
poisson,2599.77502841502
poisson,2599.79275148362
poisson,2599.92299415171
poisson,2600.65633896738
poisson,2600.96572805196
poisson,2604.0660450235
poisson,2605.01137841493
poisson,2605.33035360277
poisson,2605.93689326197
poisson,2606.68558813632
poisson,2607.98685625196
poisson,2608.0660354346
poisson,2608.13807230443
poisson,2608.54673665017
poisson,2611.577517353
poisson,2612.08562273532
poisson,2613.66731487215
poisson,2614.30483032018
poisson,2614.3255494535
poisson,2614.47572987527
poisson,2614.58870396018
poisson,2615.54936971515
poisson,2615.61205144972
poisson,2616.13378487527
poisson,2617.53521021456
poisson,2617.70211067051
poisson,2618.53342037648
poisson,2619.36683300883
poisson,2620.41635531932
poisson,2621.82662915438
poisson,2622.30404652655
poisson,2622.72265460342
poisson,2623.1287214905
poisson,2623.72267059982
poisson,2624.94941800833
poisson,2626.96040142328
poisson,2627.2736499086
poisson,2627.84069497138
poisson,2629.03781700879
poisson,2631.73075579107
poisson,2631.75071496516
poisson,2633.47301352769
poisson,2633.82377941161
poisson,2634.39205568284
poisson,2634.66888759285
poisson,2635.14002785087
poisson,2635.6820166111
poisson,2635.92602405697
poisson,2636.3310366869
poisson,2637.85221800208
poisson,2638.48565146327
poisson,2638.86478357017
poisson,2640.54210018367
poisson,2642.99147576094
poisson,2643.12210027128
poisson,2643.36520899087
poisson,2643.94478593022
poisson,2644.82230227441
poisson,2645.1115142554
poisson,2645.47741785646
poisson,2646.24029677361
poisson,2647.48132415116
poisson,2649.57360830158
poisson,2650.04596300423
poisson,2650.46860743314
poisson,2650.86295455694
poisson,2652.04236283898
poisson,2652.40789484233
poisson,2653.2548153773
poisson,2653.58349960297
poisson,2656.4127933234
poisson,2657.16580394655
poisson,2657.5804753229
poisson,2658.59044250101
poisson,2660.3276245296
poisson,2660.43326258659
poisson,2660.77218297869
poisson,2660.95476970077
poisson,2660.9977921471
poisson,2661.10095661134
poisson,2662.0382303372
poisson,2664.31676689535
poisson,2664.82554841787
poisson,2665.3297925368
poisson,2666.29401128739
poisson,2667.19769593328
poisson,2667.57680755109
poisson,2667.59402118623
poisson,2668.97018719465
poisson,2670.77540978789
poisson,2673.26520010829
poisson,2673.77367988229
poisson,2674.01545494795
poisson,2674.62377436459
poisson,2674.8007312417
poisson,2675.49414653331
poisson,2676.99745856226
poisson,2679.24873251468
poisson,2679.26951311529
poisson,2680.24641182274
poisson,2680.46033289284
poisson,2680.60986418277
poisson,2681.40441924334
poisson,2681.58079124987
poisson,2682.51972366124
poisson,2682.67053738236
poisson,2683.09932388365
poisson,2683.69430210441
poisson,2685.81655714661
poisson,2686.12166214734
poisson,2686.31352763623
poisson,2687.67581135035
poisson,2688.97291086614
poisson,2689.08206373453
poisson,2689.12226613611
poisson,2689.32069651783
poisson,2693.00338067114
poisson,2693.16382985562
poisson,2693.49122233689
poisson,2693.52753832936
poisson,2695.13900019228
poisson,2695.77354937792
poisson,2696.31403125823
poisson,2697.75633979589
poisson,2698.43196216971
poisson,2700.44359844178
poisson,2701.25268120319
poisson,2701.50242559612
poisson,2701.86147745699
poisson,2703.49018648267
poisson,2704.53402213752
poisson,2705.66999446601
poisson,2706.42862841487
poisson,2706.90961461514
poisson,2707.75354001671
poisson,2708.09002220631
poisson,2708.30357726663
poisson,2709.20067280531
poisson,2709.23394802958
poisson,2709.38461460173
poisson,2710.54872591049
poisson,2710.83119884133
poisson,2710.93313675374
poisson,2711.75380796194
poisson,2711.94898150861
poisson,2712.35010027885
poisson,2713.07762153447
poisson,2713.84610794485
poisson,2713.92219979316
poisson,2714.08281568438
poisson,2714.46232218295
poisson,2715.30326735228
poisson,2715.4704798013
poisson,2715.74076451361
poisson,2715.92047065496
poisson,2716.00279491395
poisson,2716.28390438855
poisson,2717.46665798128
poisson,2718.36523339152
poisson,2718.37721485645
poisson,2718.85994356126
poisson,2719.04188487679
poisson,2719.67194415629
poisson,2720.1361823827
poisson,2720.9421787411
poisson,2724.43778440356
poisson,2725.46249814332
poisson,2726.53226740658
poisson,2727.36922837794
poisson,2727.673872374
poisson,2728.36965415627
poisson,2728.45394257456
poisson,2729.08006142825
poisson,2729.1907640174
poisson,2729.19602971524
poisson,2732.67826344818
poisson,2733.06188825518
poisson,2735.04346981645
poisson,2735.05541402847
poisson,2736.49402055889
poisson,2738.76110557467
poisson,2739.18924573809
poisson,2739.88319374621
poisson,2740.55866524577
poisson,2740.95389340073
poisson,2741.60237051547
poisson,2742.7513692528
poisson,2743.06091945618
poisson,2747.27545771748
poisson,2747.38691281527
poisson,2749.05242025852
poisson,2749.79138933122
poisson,2750.44796895236
poisson,2752.59368494153
poisson,2754.00548987091
poisson,2754.23033721745
poisson,2754.41972725093
poisson,2755.52402343601
poisson,2755.62996789813
poisson,2756.39238022268
poisson,2757.02055171132
poisson,2757.22413137555
poisson,2757.62107782066
poisson,2759.61385667324
poisson,2759.74953360856
poisson,2760.56467741728
poisson,2761.63377892226
poisson,2761.68847735971
poisson,2761.73465140164
poisson,2762.78254482895
poisson,2764.11580760032
poisson,2764.16310574859
poisson,2767.02247839421
poisson,2767.34075974673
poisson,2767.95236766338
poisson,2768.31716485322
poisson,2768.84966157377
poisson,2770.37989906967
poisson,2770.6045769155
poisson,2771.87810000032
poisson,2771.88117709011
poisson,2775.60206130147
poisson,2777.00592763722
poisson,2777.81275007874
poisson,2779.20915931463
poisson,2779.26202770323
poisson,2779.97672650963
poisson,2780.09574208409
poisson,2780.2019584924
poisson,2780.32223973423
poisson,2781.68319165707
poisson,2782.49586932361
poisson,2783.40796474367
poisson,2784.28887110204
poisson,2784.72309187055
poisson,2785.3980474174
poisson,2787.22728602588
poisson,2788.08449860662
poisson,2788.41190133244
poisson,2788.43198530376
poisson,2789.49685674161
poisson,2791.15928802639
poisson,2791.64927732199
poisson,2793.12167037278
poisson,2793.99696551263
poisson,2795.1604090631
poisson,2798.36124740541
poisson,2798.61167725176
poisson,2800.31058751047
poisson,2800.73953140527
poisson,2801.74454022199
poisson,2803.64562757313
poisson,2804.13071997464
poisson,2804.18660864234
poisson,2805.83884101361
poisson,2806.30514770746
poisson,2806.37041758746
poisson,2806.81791994721
poisson,2808.71189944446
poisson,2808.76038968563
poisson,2810.0473145023
poisson,2810.36506127566
poisson,2811.24572549015
poisson,2811.27532199025
poisson,2813.83492890745
poisson,2814.62561525404
poisson,2816.1074211821
poisson,2816.24228786677
poisson,2817.93925631791
poisson,2818.09778418392
poisson,2818.32159217447
poisson,2818.5636587441
poisson,2818.66920087487
poisson,2818.68869159371
poisson,2819.53567173332
poisson,2820.98473235965
poisson,2821.752701886
poisson,2822.9820728302
poisson,2823.1012141332
poisson,2823.33327550441
poisson,2823.93208052963
poisson,2824.09664709121
poisson,2824.98114462942
poisson,2825.98908897489
poisson,2828.08577921242
poisson,2829.96916398406
poisson,2833.49538035691
poisson,2835.01067571342
poisson,2835.40851250291
poisson,2836.02285012603
poisson,2837.27588690817
poisson,2837.33276184648
poisson,2837.47563324869
poisson,2837.87855599076
poisson,2838.86824548245
poisson,2838.90071325004
poisson,2842.31284353882
poisson,2842.98724867404
poisson,2844.37590744346
poisson,2845.24958953261
poisson,2846.0093177855
poisson,2846.25018574297
poisson,2846.47876117378
poisson,2851.48402675986
poisson,2852.54555754364
poisson,2853.32172457129
poisson,2853.96441631019
poisson,2854.55865878612
poisson,2855.39121273905
poisson,2855.47180660069
poisson,2855.51400482655
poisson,2855.9363828972
poisson,2855.98930623382
poisson,2856.94308299571
poisson,2857.0375777781
poisson,2858.84036682546
poisson,2858.87279454619
poisson,2860.55692099035
poisson,2860.68192590028
poisson,2861.23288236558
poisson,2861.89206317067
poisson,2862.51989752054
poisson,2863.38300164789
poisson,2863.69864270091
poisson,2864.05375413597
poisson,2865.09391665459
poisson,2865.79924169928
poisson,2865.91485887766
poisson,2866.2375016138
poisson,2866.64161272347
poisson,2867.4750700593
poisson,2867.59163253009
poisson,2869.58079319447
poisson,2869.62431110442
poisson,2870.22184766829
poisson,2870.2259734273
poisson,2871.15156371146
poisson,2873.50537627935
poisson,2874.99275524169
poisson,2878.87671776116
poisson,2879.38388995826
poisson,2880.45900128782
poisson,2880.48851024359
poisson,2881.48636929691
poisson,2882.75764975697
poisson,2882.81489349902
poisson,2882.99043755978
poisson,2885.25827135891
poisson,2885.51008794457
poisson,2888.11644911766
poisson,2890.23608248681
poisson,2890.98133519292
poisson,2892.85981003195
poisson,2892.98329222947
poisson,2893.32412742078
poisson,2893.72306410223
poisson,2897.09663856775
poisson,2898.01531285048
poisson,2898.17319344729
poisson,2898.31324573606
poisson,2898.86248484254
poisson,2900.31727030873
poisson,2901.09610091895
poisson,2901.42748411745
poisson,2903.61372474581
poisson,2903.96710671484
poisson,2903.99586036801
poisson,2904.56131473184
poisson,2905.64629249275
poisson,2906.9794928655
poisson,2907.22170751542
poisson,2908.76750834286
poisson,2909.21521931887
poisson,2910.71182861924
poisson,2912.00090106577
poisson,2912.32322342694
poisson,2913.43634296209
poisson,2916.03673901409
poisson,2916.79734364152
poisson,2917.43840277195
poisson,2918.73241588473
poisson,2919.11891102791
poisson,2919.7614043951
poisson,2920.03235500306
poisson,2920.13491969556
poisson,2920.23086454719
poisson,2922.58494254202
poisson,2924.24303758889
poisson,2924.24630280584
poisson,2925.80442596227
poisson,2926.48940812796
poisson,2926.52446776629
poisson,2927.11488623172
poisson,2927.92721278965
poisson,2928.2736228779
poisson,2928.28503064811
poisson,2928.32655273378
poisson,2929.25769556314
poisson,2929.48666308075
poisson,2930.50444684923
poisson,2933.97122062743
poisson,2937.0629992336
poisson,2937.37803585827
poisson,2938.85294720531
poisson,2940.20543154329
poisson,2941.72409269959
poisson,2941.97068922222
poisson,2942.15103704482
poisson,2942.35809054226
poisson,2943.32743901759
poisson,2943.51116754115
poisson,2944.33238916099
poisson,2944.93408501148
poisson,2945.10542508215
poisson,2945.65477501601
poisson,2945.93116361648
poisson,2946.88416458666
poisson,2947.40072451532
poisson,2947.75242544711
poisson,2947.76223413646
poisson,2948.1641408056
poisson,2950.29064454138
poisson,2950.63840318471
poisson,2950.67445002496
poisson,2951.56200602651
poisson,2952.1100204438
poisson,2953.51228863001
poisson,2954.38667852432
poisson,2955.71708772332
poisson,2956.39126375318
poisson,2956.4050603658
poisson,2956.62424340844
poisson,2956.99362736195
poisson,2957.1550777182
poisson,2957.20950886607
poisson,2957.97411445528
poisson,2960.12803167105
poisson,2960.58787219226
poisson,2961.96230500937
poisson,2962.06953655928
poisson,2962.14463375509
poisson,2962.7141430974
poisson,2965.00782947987
poisson,2965.33609367907
poisson,2966.56119450927
poisson,2967.17224083841
poisson,2967.22900681198
poisson,2968.4434030205
poisson,2970.55821772665
poisson,2971.08273021877
poisson,2972.89769630879
poisson,2973.73666614294
poisson,2974.83492642641
poisson,2975.56907124817
poisson,2976.25769209117
poisson,2978.02718635649
poisson,2978.99446263909
poisson,2979.9445271492
poisson,2980.94755690545
poisson,2981.36327881366
poisson,2982.16557968408
poisson,2982.63388872147
poisson,2984.23768393695
poisson,2985.12616381049
poisson,2985.66427454352
poisson,2985.74183788151
poisson,2986.71671189368
poisson,2987.2739603743
poisson,2987.45611403137
poisson,2988.64370491356
poisson,2988.66643197835
poisson,2989.04272075743
poisson,2989.30917587131
poisson,2989.78841677308
poisson,2990.73683936149
poisson,2992.74820182472
poisson,2993.20645350963
poisson,2993.24287101626
poisson,2993.54791734368
poisson,2994.89583913237
poisson,2996.01931776851
poisson,2996.14811595529
poisson,2996.77223432809
poisson,2997.83057719469
poisson,2998.99212084711
poisson,2999.16138127446
poisson,2999.41903352737
poisson,2999.90198295563
poisson,3001.101042144
poisson,3001.65803264827
poisson,3003.49672697485
poisson,3004.63687255979
poisson,3005.3724264726
poisson,3005.6820763275
poisson,3007.62897916138
poisson,3008.55431240052
poisson,3009.2771621421
poisson,3009.43580921739
poisson,3010.96722669899
poisson,3012.16003857553
poisson,3013.00382614136
poisson,3013.68664298207
poisson,3013.85450549424
poisson,3014.52430151403
poisson,3014.72140196711
poisson,3017.53596588969
poisson,3017.98206474632
poisson,3018.06926727295
poisson,3021.48438058794
poisson,3021.78020961583
poisson,3023.12868181616
poisson,3025.19339695573
poisson,3025.53037460893
poisson,3025.8050551638
poisson,3026.34105179459
poisson,3026.44734084606
poisson,3026.89845114946
poisson,3027.02514082193
poisson,3028.28925754875
poisson,3029.36263568699
poisson,3030.03471065313
poisson,3030.81753849983
poisson,3031.15213569254
poisson,3035.37085838616
poisson,3035.51801852882
poisson,3035.74761655182
poisson,3036.69262863696
poisson,3036.70551534742
poisson,3037.30876091868
poisson,3038.52361720055
poisson,3038.96758519113
poisson,3042.57116746157
poisson,3043.74893102795
poisson,3044.82050798833
poisson,3045.86412105709
poisson,3046.62919137627
poisson,3047.72971104831
poisson,3048.35063777864
poisson,3049.16520323604
poisson,3049.23764616251
poisson,3050.1375105232
poisson,3051.09902098775
poisson,3051.22616607696
poisson,3056.08804430813
poisson,3058.31363704056
poisson,3061.26698758453
poisson,3062.42729630321
poisson,3062.65838909894
poisson,3062.69042938948
poisson,3063.54231387377
poisson,3064.08260110766
poisson,3064.53820224851
poisson,3064.79948107153
poisson,3064.93387371302
poisson,3065.47948997468
poisson,3066.06161501259
poisson,3066.33449997753
poisson,3066.49194378406
poisson,3067.70556326956
poisson,3068.10363661498
poisson,3070.25714404881
poisson,3071.20335660875
poisson,3072.29851093143
poisson,3072.66107667238
poisson,3074.19825159013
poisson,3074.32945165783
poisson,3078.61824613065
poisson,3081.27518650144
poisson,3082.87489973009
poisson,3084.11151822656
poisson,3084.27553251386
poisson,3084.60205979645
poisson,3086.87816839665
poisson,3091.00448060781
poisson,3091.25392511487
poisson,3091.64080489427
poisson,3094.76001467556
poisson,3095.60870658606
poisson,3096.06807306409
poisson,3097.13180363178
poisson,3097.33218420297
poisson,3097.42061886936
poisson,3097.54956047982
poisson,3097.82697353512
poisson,3097.95003477484
poisson,3098.5759422183
poisson,3099.75909534842
poisson,3100.6435342133
poisson,3101.75488702953
poisson,3103.05427201092
poisson,3105.58177158237
poisson,3106.32233973593
poisson,3107.09207132459
poisson,3110.14626920223
poisson,3110.32198183239
poisson,3110.58649979532
poisson,3110.67665927112
poisson,3111.09565477818
poisson,3111.452748999
poisson,3113.25536202639
poisson,3114.13383297622
poisson,3114.28160592914
poisson,3116.0658095032
poisson,3118.41378174722
poisson,3119.08206157386
poisson,3119.78102382273
poisson,3119.90221310407
poisson,3121.0438972339
poisson,3122.38437589258
poisson,3122.83821497113
poisson,3123.61013423651
poisson,3123.94708767533
poisson,3125.12236833572
poisson,3125.98394230008
poisson,3126.37684773654
poisson,3126.38533394784
poisson,3128.95639147609
poisson,3129.21226862818
poisson,3129.53196838498
poisson,3129.76250704378
poisson,3130.14600332826
poisson,3130.20523544401
poisson,3131.47793058306
poisson,3132.63306673616
poisson,3133.66323430091
poisson,3133.68823844939
poisson,3133.94703064114
poisson,3134.08416509628
poisson,3135.35479549319
poisson,3136.36970147491
poisson,3136.86864450574
poisson,3137.85531371832
poisson,3138.62100895494
poisson,3139.19331226498
poisson,3139.33662138879
poisson,3140.95871616155
poisson,3141.91951788962
poisson,3142.03777629882
poisson,3144.44846939296
poisson,3144.89752054215
poisson,3145.65897732973
poisson,3147.0479555428
poisson,3147.85648416728
poisson,3148.63097574562
poisson,3149.26229324192
poisson,3149.91172961891
poisson,3150.1516988501
poisson,3150.7143387571
poisson,3151.94983314723
poisson,3153.79728842527
poisson,3154.16174381971
poisson,3156.00237529725
poisson,3157.43388794363
poisson,3157.88576565683
poisson,3158.16833265126
poisson,3159.28093809634
poisson,3160.081169568
poisson,3162.56343759596
poisson,3163.17187063396
poisson,3163.40139880776
poisson,3164.07331638038
poisson,3165.73402937502
poisson,3166.44169203937
poisson,3167.56726801395
poisson,3167.95155126601
poisson,3168.27270574868
poisson,3168.52064616978
poisson,3168.73781383038
poisson,3171.21785320342
poisson,3172.47149720788
poisson,3173.77510108054
poisson,3174.71222672611
poisson,3174.72766991705
poisson,3174.77613221854
poisson,3176.71282589436
poisson,3177.01871786267
poisson,3180.96147011966
poisson,3180.98104279488
poisson,3181.13431986421
poisson,3181.24730139971
poisson,3181.74914922565
poisson,3184.86925959587
poisson,3185.00098679215
poisson,3187.32599262148
poisson,3187.42211721838
poisson,3187.7644341439
poisson,3188.45156859607
poisson,3189.36776742339
poisson,3190.78200589865
poisson,3191.62952248007
poisson,3192.05693528056
poisson,3193.06951574981
poisson,3195.42953930795
poisson,3196.38030976057
poisson,3196.91984634846
poisson,3199.95309691876
poisson,3200.25472529233
poisson,3201.97471044958
poisson,3203.04258633405
poisson,3205.6685751304
poisson,3206.83738496155
poisson,3207.44021516293
poisson,3209.05058737844
poisson,3210.01405268908
poisson,3212.01059035957
poisson,3213.273614645
poisson,3214.25421256572
poisson,3216.66298341006
poisson,3216.92346595228
poisson,3217.72404108197
poisson,3217.98017900437
poisson,3219.47482042015
poisson,3219.93997786194
poisson,3220.64728755504
poisson,3223.69128838182
poisson,3226.90920811147
poisson,3227.38672513515
poisson,3227.67433710396
poisson,3228.47023699433
poisson,3228.85770816356
poisson,3229.42807618529
poisson,3230.35176098347
poisson,3230.42914550751
poisson,3232.1225842461
poisson,3234.16163027287
poisson,3237.0916204527
poisson,3238.72161190957
poisson,3241.27668701112
poisson,3242.85623710603
poisson,3243.44146624208
poisson,3244.99168619514
poisson,3245.63866481185
poisson,3246.21646665037
poisson,3247.77414929122
poisson,3249.13568049669
poisson,3251.01324170828
poisson,3253.1404979527
poisson,3254.36126627028
poisson,3255.07968384773
poisson,3255.15623949468
poisson,3255.38855977356
poisson,3255.63791021705
poisson,3256.35323114693
poisson,3257.79702700675
poisson,3257.96032324433
poisson,3258.62582586706
poisson,3260.46369690448
poisson,3261.81027293205
poisson,3262.72206474096
poisson,3263.99288512766
poisson,3264.04517423362
poisson,3264.04561847448
poisson,3264.37155716121
poisson,3264.42125160247
poisson,3266.64584502578
poisson,3266.66575111449
poisson,3266.69581700116
poisson,3267.99614261836
poisson,3268.43277644366
poisson,3268.97405646741
poisson,3269.26728151739
poisson,3269.50779557228
poisson,3269.6199240163
poisson,3270.03820240498
poisson,3270.36211453378
poisson,3270.82258556038
poisson,3271.50372322649
poisson,3272.01046608388
poisson,3272.07375131547
poisson,3275.5097001791
poisson,3276.06537658721
poisson,3277.75673940778
poisson,3280.16400244087
poisson,3280.46781942248
poisson,3280.5927619338
poisson,3284.91315059364
poisson,3285.77701095492
poisson,3286.06309182942
poisson,3287.13005967438
poisson,3288.20780385286
poisson,3288.93395885825
poisson,3289.25906587392
poisson,3289.5825933665
poisson,3290.43961595744
poisson,3291.50279518217
poisson,3291.75615683198
poisson,3292.13553667069
poisson,3292.5485316664
poisson,3293.00038702786
poisson,3293.86251512915
poisson,3294.67372130603
poisson,3295.40680814534
poisson,3295.95761187375
poisson,3296.66557721794
poisson,3296.96387425065
poisson,3297.72274196148
poisson,3298.20494633168
poisson,3298.5189286992
poisson,3298.56247734278
poisson,3301.26528721303
poisson,3301.47878546268
poisson,3302.10195295513
poisson,3302.4597177282
poisson,3302.47085727751
poisson,3302.89394129068
poisson,3303.03178541362
poisson,3304.31905388832
poisson,3304.55045588315
poisson,3304.87453751266
poisson,3305.68193644285
poisson,3306.246814318
poisson,3308.09768475592
poisson,3308.99168178439
poisson,3310.05759444088
poisson,3310.10288931429
poisson,3310.28593238443
poisson,3311.06147915125
poisson,3311.66287790984
poisson,3312.00097315013
poisson,3312.95407470316
poisson,3314.60055615753
poisson,3315.11507276446
poisson,3315.70823583752
poisson,3317.71355960518
poisson,3318.21149494499
poisson,3319.52667701989
poisson,3321.09332736582
poisson,3321.12839724869
poisson,3321.72528281808
poisson,3321.88809942454
poisson,3322.57100567222
poisson,3322.59612996131
poisson,3323.61160218716
poisson,3323.83278943598
poisson,3324.13222361356
poisson,3325.05246717483
poisson,3325.32226480544
poisson,3326.40966586769
poisson,3327.07634195685
poisson,3327.39982847124
poisson,3328.31048686057
poisson,3328.648628667
poisson,3329.62372805923
poisson,3331.57950360328
poisson,3331.59507531673
poisson,3332.8078109771
poisson,3333.24642665684
poisson,3333.51075835526
poisson,3333.55949819088
poisson,3333.96267518401
poisson,3334.41601879895
poisson,3336.1898791045
poisson,3336.64859645069
poisson,3337.18698099256
poisson,3339.96021002531
poisson,3344.03241984546
poisson,3344.33149266988
poisson,3344.4775948301
poisson,3345.25319561362
poisson,3345.34894768149
poisson,3347.38040901721
poisson,3349.37783330679
poisson,3349.79695826769
poisson,3350.07816273719
poisson,3351.90559271723
poisson,3352.55306679755
poisson,3352.62774955481
poisson,3353.60638611019
poisson,3354.85598165542
poisson,3354.86596822739
poisson,3355.11655174196
poisson,3357.16858599335
poisson,3358.9624222368
poisson,3359.37254689634
poisson,3360.88882945478
poisson,3361.33887805045
poisson,3362.59291879833
poisson,3362.95209079981
poisson,3364.44291379303
poisson,3364.58438821137
poisson,3367.89601296186
poisson,3367.92549025267
poisson,3369.07192133367
poisson,3369.13287080824
poisson,3369.60359849036
poisson,3370.05865946412
poisson,3371.29177898169
poisson,3373.36388137192
poisson,3374.62226022035
poisson,3375.62962342054
poisson,3376.55706517398
poisson,3377.05633696169
poisson,3377.42148432881
poisson,3377.76798382401
poisson,3379.27433848381
poisson,3379.75484319031
poisson,3382.84614309669
poisson,3383.40045977384
poisson,3384.36163868755
poisson,3385.40034648031
poisson,3385.76203864068
poisson,3386.33441086859
poisson,3388.75856343657
poisson,3389.69008531421
poisson,3389.98899236321
poisson,3390.1213593781
poisson,3390.35348128527
poisson,3390.98013099283
poisson,3391.19824208319
poisson,3391.70073345304
poisson,3392.10747089237
poisson,3394.40708141774
poisson,3395.87337616831
poisson,3396.82099875063
poisson,3397.12581783533
poisson,3397.17814419419
poisson,3397.36926089972
poisson,3398.37023057044
poisson,3398.38165603578
poisson,3398.66883866489
poisson,3399.9821478501
poisson,3400.35808086395
poisson,3401.73140913248
poisson,3401.84174384922
poisson,3402.13350765407
poisson,3402.22698636353
poisson,3402.26043667644
poisson,3406.16376791149
poisson,3406.97849169374
poisson,3410.43517552316
poisson,3410.77226866037
poisson,3411.65137290955
poisson,3413.11296541244
poisson,3413.95733319223
poisson,3415.89398868382
poisson,3416.37877374887
poisson,3416.51709377766
poisson,3417.17584989965
poisson,3417.60028526187
poisson,3418.61409600824
poisson,3418.8199704513
poisson,3420.01522798091
poisson,3420.33862881362
poisson,3420.52442021668
poisson,3420.61363905668
poisson,3421.28899879754
poisson,3425.73013808578
poisson,3428.57274599373
poisson,3429.0399486199
poisson,3429.19304035604
poisson,3430.29628135264
poisson,3430.87630532682
poisson,3434.33580547571
poisson,3434.3766560778
poisson,3435.63133757561
poisson,3436.21448799968
poisson,3438.56401182711
poisson,3438.7972233817
poisson,3438.84875997901
poisson,3439.6365005523
poisson,3440.17305318266
poisson,3440.29546715319
poisson,3440.39006065577
poisson,3440.91450143605
poisson,3441.13561138511
poisson,3441.38390943408
poisson,3441.7077191174
poisson,3443.98346170783
poisson,3445.63548639417
poisson,3445.66107355058
poisson,3446.27290964127
poisson,3447.79703579843
poisson,3447.88377918303
poisson,3448.22279457003
poisson,3449.59860481322
poisson,3449.77858383209
poisson,3449.7863939032
poisson,3449.89886321127
poisson,3450.59638191015
poisson,3450.67343581468
poisson,3452.49375794083
poisson,3453.21755856276
poisson,3453.63131910563
poisson,3455.01626562327
poisson,3455.32188378274
poisson,3455.84561116993
poisson,3456.02032076567
poisson,3456.04238286614
poisson,3456.65101334453
poisson,3456.71736262739
poisson,3457.86427427083
poisson,3458.40308256447
poisson,3458.51716585457
poisson,3458.74668844044
poisson,3460.03308240324
poisson,3460.67839767784
poisson,3462.59101480246
poisson,3463.12730200589
poisson,3464.16480839252
poisson,3464.76174052805
poisson,3464.87770508975
poisson,3465.3725232929
poisson,3465.67659731954
poisson,3468.5713769868
poisson,3471.37168236077
poisson,3471.40694502741
poisson,3471.93483170122
poisson,3472.90585655719
poisson,3475.41332431138
poisson,3476.23900789768
poisson,3477.23129857332
poisson,3477.69453190267
poisson,3477.78623737395
poisson,3480.61883915216
poisson,3480.6283954531
poisson,3481.23726062477
poisson,3482.25362971425
poisson,3482.72516950965
poisson,3483.31171087921
poisson,3484.46846194565
poisson,3484.80049520731
poisson,3485.01582629979
poisson,3487.31951415539
poisson,3487.62764967978
poisson,3489.82680030167
poisson,3491.5773421526
poisson,3491.71928595752
poisson,3492.76508577168
poisson,3495.00673078001
poisson,3495.19775994122
poisson,3495.49128208309
poisson,3496.5601451695
poisson,3498.19872528315
poisson,3500.27428381145
poisson,3501.32788345218
poisson,3502.65012402087
poisson,3504.49299253523
poisson,3505.71219809353
poisson,3506.21729250997
poisson,3506.4041512087
poisson,3507.50883109868
poisson,3508.22057016194
poisson,3508.51975101978
poisson,3511.86352595687
poisson,3511.89067587256
poisson,3512.0643498376
poisson,3514.00773599744
poisson,3515.70923253894
poisson,3515.8424358815
poisson,3515.84809552878
poisson,3516.66654180735
poisson,3516.75706636161
poisson,3517.66191236675
poisson,3517.9084436968
poisson,3518.26733443886
poisson,3518.82754545659
poisson,3518.98006163538
poisson,3520.26144508272
poisson,3520.73072176427
poisson,3520.98195441067
poisson,3521.86831925064
poisson,3522.88953680545
poisson,3523.24245404452
poisson,3523.89718871564
poisson,3525.01817513257
poisson,3526.9391965121
poisson,3528.01785711199
poisson,3528.27948424965
poisson,3528.68362702429
poisson,3529.62447423488
poisson,3529.87131290138
poisson,3530.10572027415
poisson,3530.67460376769
poisson,3531.00995719433
poisson,3531.38189017773
poisson,3532.25763794035
poisson,3532.52345509827
poisson,3532.86299761385
poisson,3533.38204417378
poisson,3533.47705397755
poisson,3534.05767958611
poisson,3535.03683581948
poisson,3536.10071633011
poisson,3536.26592177898
poisson,3536.76403779537
poisson,3537.2793674469
poisson,3538.35073579103
poisson,3539.80841580778
poisson,3540.21166265011
poisson,3540.27708712965
poisson,3540.46982713044
poisson,3541.8464737013
poisson,3542.24175401032
poisson,3544.97277736664
poisson,3548.40229731053
poisson,3549.86709263176
poisson,3552.31521371752
poisson,3553.48103027791
poisson,3554.05044555664
poisson,3555.73336035013
poisson,3556.17832671851
poisson,3557.37720802426
poisson,3557.70028568804
poisson,3558.12126398087
poisson,3558.86724032462
poisson,3559.80042088777
poisson,3563.05901426822
poisson,3564.31625876576
poisson,3564.68545179814
poisson,3564.97247796506
poisson,3566.28835666925
poisson,3566.64583459497
poisson,3570.34969329834
poisson,3570.81628404558
poisson,3571.00511528552
poisson,3571.56193908304
poisson,3571.57325185835
poisson,3571.78393565118
poisson,3572.6150739938
poisson,3573.19921627641
poisson,3573.88785574585
poisson,3574.73246287555
poisson,3575.22482518107
poisson,3576.65003836155
poisson,3578.00728362054
poisson,3578.68626154959
poisson,3579.40675970167
poisson,3582.00163766742
poisson,3582.23945647478
poisson,3583.1591412425
poisson,3583.51941872388
poisson,3584.62645951659
poisson,3586.25228889287
poisson,3586.72228083015
poisson,3587.06798497587
poisson,3588.0514672026
poisson,3588.68671581149
poisson,3589.42439779639
poisson,3590.42567014694
poisson,3590.55581502616
poisson,3591.2770954892
poisson,3591.43879078329
poisson,3592.24305581301
poisson,3592.45113935322
poisson,3593.57536956668
poisson,3594.44863069803
poisson,3595.16625292599
poisson,3597.69542049617
poisson,3597.96638041735
poisson,3598.72427303344
poisson,3598.72606676072
poisson,3598.81143737584
poisson,3600.19621718675
poisson,3600.31540691853
poisson,3600.41552968323
poisson,3604.85337395221
poisson,3605.14907259494
poisson,3605.71011342108
poisson,3605.84901273251
poisson,3606.34253360331
poisson,3606.82769864798
poisson,3607.18846134841
poisson,3608.28758683056
poisson,3609.07203983516
poisson,3609.5265429467
poisson,3610.08577048779
poisson,3610.20202282816
poisson,3610.94939056784
poisson,3613.54251299053
poisson,3613.85900713503
poisson,3613.90384286642
poisson,3615.93347229064
poisson,3623.43249749392
poisson,3625.57950057089
poisson,3625.99274795502
poisson,3626.14457774907
poisson,3626.37290544808
poisson,3627.53597088158
poisson,3627.8832135722
poisson,3628.33011336625
poisson,3629.72542736679
poisson,3630.25296293199
poisson,3630.56420069188
poisson,3634.31867025793
poisson,3634.94211807847
poisson,3637.62829452753
poisson,3640.13537205756
poisson,3641.99246838689
poisson,3643.00900697708
poisson,3644.11970507354
poisson,3644.21500358731
poisson,3645.07512655109
poisson,3645.31710091978
poisson,3646.34048938751
poisson,3646.53226360679
poisson,3646.73302508891
poisson,3647.79673051089
poisson,3649.46320280433
poisson,3649.75103735924
poisson,3650.30522830784
poisson,3651.04740019888
poisson,3651.76995005459
poisson,3652.06419955939
poisson,3652.1357037127
poisson,3652.97577530146
poisson,3653.04203610867
poisson,3654.66335229576
poisson,3655.40224406868
poisson,3656.58065583557
poisson,3658.06274209172
poisson,3658.63247029483
poisson,3658.93742255867
poisson,3659.18500348926
poisson,3661.24891117215
poisson,3662.02808916569
poisson,3662.76757232845
poisson,3664.37934804708
poisson,3665.52532836795
poisson,3666.36337619275
poisson,3666.70103743672
poisson,3667.35148709267
poisson,3668.76583080739
poisson,3668.88651903719
poisson,3669.03967596591
poisson,3669.37800124288
poisson,3669.4342084229
poisson,3670.699079521
poisson,3671.45807854831
poisson,3672.60145861655
poisson,3672.702152282
poisson,3672.82893881202
poisson,3673.12062997371
poisson,3673.43081627041
poisson,3673.58944751322
poisson,3674.10446051508
poisson,3674.72350690514
poisson,3674.88856706768
poisson,3675.88510923088
poisson,3676.01786833257
poisson,3676.69501062483
poisson,3677.33252327889
poisson,3678.12259029597
poisson,3680.83013501018
poisson,3681.17610737681
poisson,3683.66360943764
poisson,3684.1792948544
poisson,3684.66775584966
poisson,3685.9844038263
poisson,3686.57640460879
poisson,3686.88734248281
poisson,3688.23971878737
poisson,3688.35516646504
poisson,3689.20522741973
poisson,3691.33455678821
poisson,3691.48675072938
poisson,3691.82373024523
poisson,3693.33478249609
poisson,3693.55670362711
poisson,3694.62814647704
poisson,3695.1684653759
poisson,3695.74605580419
poisson,3695.92082221061
poisson,3696.48547004908
poisson,3696.79304771125
poisson,3697.47023005039
poisson,3699.22629464418
poisson,3699.57977440208
poisson,3699.84677247703
poisson,3700.05629211664
poisson,3701.59080903977
poisson,3701.94332208484
poisson,3702.22174841911
poisson,3702.3068415001
poisson,3704.44994978607
poisson,3704.81428410858
poisson,3708.5232315585
poisson,3711.31805609912
poisson,3714.43914528936
poisson,3715.80945979804
poisson,3716.34907182306
poisson,3716.79575555027
poisson,3716.95785038173
poisson,3717.39065367728
poisson,3718.50121300668
poisson,3719.07699853182
poisson,3721.9275617972
poisson,3722.71148301661
poisson,3723.37430156767
poisson,3723.84950332344
poisson,3728.37426513433
poisson,3728.50817907602
poisson,3729.17861398309
poisson,3730.64088542014
poisson,3730.73011916131
poisson,3733.92779193819
poisson,3734.48435775936
poisson,3734.84179284424
poisson,3734.85765326768
poisson,3736.16980109364
poisson,3736.72562558204
poisson,3736.74324247986
poisson,3739.10153098404
poisson,3739.83418475837
poisson,3741.43259972334
poisson,3742.25812871009
poisson,3742.32921656221
poisson,3743.51592641324
poisson,3744.9661642313
poisson,3745.07496040314
poisson,3745.78283075243
poisson,3747.97144904733
poisson,3748.29814117402
poisson,3749.35630522668
poisson,3749.78985451162
poisson,3751.13145075738
poisson,3751.22248660773
poisson,3751.2922314927
poisson,3751.46940071136
poisson,3752.22246535122
poisson,3752.96764075756
poisson,3752.9705427587
poisson,3753.1013013795
poisson,3755.75179886073
poisson,3756.23570382595
poisson,3756.40661548823
poisson,3756.65947888047
poisson,3757.80152156949
poisson,3758.07958189398
poisson,3759.78293083608
poisson,3760.39759721607
poisson,3761.02584600449
poisson,3762.8385797143
poisson,3764.85866587609
poisson,3765.0080723688
poisson,3765.66029991955
poisson,3766.36491902173
poisson,3767.14150514454
poisson,3768.3441080153
poisson,3769.29070521146
poisson,3770.05304675549
poisson,3770.18811739981
poisson,3771.20804134756
poisson,3771.46740909666
poisson,3773.74050673097
poisson,3773.9819008857
poisson,3774.54004343599
poisson,3774.78458266705
poisson,3775.54005011916
poisson,3775.57241171598
poisson,3776.50585211813
poisson,3777.94966567308
poisson,3778.32626085728
poisson,3779.09137215465
poisson,3779.29966337979
poisson,3782.31888450682
poisson,3782.65658486635
poisson,3784.22796539962
poisson,3785.94886697829
poisson,3786.65823210031
poisson,3787.43803501129
poisson,3788.40805031359
poisson,3788.58465421945
poisson,3789.79501128197
poisson,3790.81713967025
poisson,3791.12628661096
poisson,3793.28222386539
poisson,3794.36613246799
poisson,3794.5186747238
poisson,3794.55014877021
poisson,3795.94096168876
poisson,3798.71977120638
poisson,3799.11947716028
poisson,3800.08972901851
poisson,3800.84500089288
poisson,3800.98755285144
poisson,3801.02598108351
poisson,3801.44094210118
poisson,3801.51510611177
poisson,3801.69655010104
poisson,3801.84668581933
poisson,3801.89495999366
poisson,3802.52404697239
poisson,3803.14401723444
poisson,3805.27507234365
poisson,3806.1966188252
poisson,3807.62506369501
poisson,3808.49504284561
poisson,3810.13798341155
poisson,3811.37336045504
poisson,3811.73344701529
poisson,3813.28687351197
poisson,3815.64900092781
poisson,3816.00146647543
poisson,3817.11238529533
poisson,3818.44764109701
poisson,3818.60398687422
poisson,3820.24155091494
poisson,3821.23305927962
poisson,3822.79873173684
poisson,3822.8633729741
poisson,3822.98522815108
poisson,3824.11160413176
poisson,3825.12452732772
poisson,3825.33434405923
poisson,3826.72107405961
poisson,3826.81125309318
poisson,3828.43992207199
poisson,3828.5709861666
poisson,3828.57276778668
poisson,3829.24696896225
poisson,3829.27343901247
poisson,3829.52566631138
poisson,3829.8290586099
poisson,3831.12050592899
poisson,3831.81381691247
poisson,3831.98116812855
poisson,3833.72684475035
poisson,3834.38665419817
poisson,3834.84058454633
poisson,3836.082293652
poisson,3837.60226797313
poisson,3837.9792207852
poisson,3839.04907014221
poisson,3839.73644580692
poisson,3840.33670183271
poisson,3840.51854442805
poisson,3841.27027634531
poisson,3841.70095250011
poisson,3842.20270533115
poisson,3842.32999011874
poisson,3842.50151831657
poisson,3842.66132023186
poisson,3843.13309937716
poisson,3843.47205981612
poisson,3844.26443558186
poisson,3844.86628882587
poisson,3844.90146953613
poisson,3845.5009078607
poisson,3846.3949104771
poisson,3846.72598447651
poisson,3846.86451032758
poisson,3850.13374686241
poisson,3850.46165809035
poisson,3850.48479959369
poisson,3851.82868875563
poisson,3853.8425071165
poisson,3854.32016011328
poisson,3854.70211226493
poisson,3857.55720827729
poisson,3859.35799311847
poisson,3860.01188401133
poisson,3860.6805857271
poisson,3861.18289176375
poisson,3863.24861366302
poisson,3864.92563784122
poisson,3865.39422068745
poisson,3865.65904971212
poisson,3867.52816941589
poisson,3867.58503504097
poisson,3868.32857131958
poisson,3869.87993866205
poisson,3871.27382215112
poisson,3871.76855560392
poisson,3872.57242016494
poisson,3872.81020265073
poisson,3872.92385101318
poisson,3872.9754621163
poisson,3873.6961549148
poisson,3875.15965197235
poisson,3875.27003418654
poisson,3876.20260193944
poisson,3876.37986429036
poisson,3877.87241861224
poisson,3879.33069095016
poisson,3880.00878784806
poisson,3880.2828034386
poisson,3880.66664431244
poisson,3882.47194793075
poisson,3885.31257770956
poisson,3886.2121347338
poisson,3887.62360718101
poisson,3887.71411776543
poisson,3887.79205735773
poisson,3888.97762726992
poisson,3890.70953056216
poisson,3891.62837900221
poisson,3893.16483959556
poisson,3893.18476896733
poisson,3893.9587874338
poisson,3895.10535914451
poisson,3896.89449872822
poisson,3897.38954883069
poisson,3897.7484581992
poisson,3898.08242116123
poisson,3898.33174832165
poisson,3898.64875655621
poisson,3899.17777944356
poisson,3899.81913380325
poisson,3900.63739381731
poisson,3900.64831916243
poisson,3901.39567479491
poisson,3901.93098690361
poisson,3902.13258937001
poisson,3902.41445507854
poisson,3903.69205828756
poisson,3903.79212331027
poisson,3905.08742630482
poisson,3905.35422135144
poisson,3905.88047355413
poisson,3912.44548745453
poisson,3912.78549656272
poisson,3914.02701567858
poisson,3915.15627969056
poisson,3915.78278969973
poisson,3917.07482375205
poisson,3918.00454817712
poisson,3918.07797085494
poisson,3918.26890315861
poisson,3918.57637465
poisson,3919.43876165897
poisson,3920.19269056618
poisson,3923.882602714
poisson,3924.09687116742
poisson,3925.22518057376
poisson,3925.37498194724
poisson,3925.76807551086
poisson,3926.18674784899
poisson,3927.31210961938
poisson,3927.66033019871
poisson,3928.16936597228
poisson,3929.35536615551
poisson,3929.55965083092
poisson,3930.41528388858
poisson,3930.69688137621
poisson,3931.99217226356
poisson,3932.58259538561
poisson,3933.4439765662
poisson,3933.5007192567
poisson,3934.86631382257
poisson,3934.97636821121
poisson,3935.15715468675
poisson,3935.51168777049
poisson,3935.67499890924
poisson,3935.77360641211
poisson,3936.67394015938
poisson,3937.51593120396
poisson,3937.65433132648
poisson,3939.07046038657
poisson,3939.72365558147
poisson,3941.54885411263
poisson,3942.63803400099
poisson,3943.41671746224
poisson,3944.1893864423
poisson,3945.78830339015
poisson,3947.03008793294
poisson,3950.20558871329
poisson,3950.27162414044
poisson,3950.47626178712
poisson,3950.51935967058
poisson,3951.32118277252
poisson,3952.38373335451
poisson,3952.82866246998
poisson,3954.47668991983
poisson,3954.68108728528
poisson,3955.21734189242
poisson,3956.31587784737
poisson,3957.99854770303
poisson,3958.07780232281
poisson,3958.38989969343
poisson,3958.51319562644
poisson,3958.64175446332
poisson,3960.34717187285
poisson,3960.45642904937
poisson,3960.82400064915
poisson,3965.97697213292
poisson,3966.20648819953
poisson,3966.57459530979
poisson,3967.22675673664
poisson,3967.31419488788
poisson,3968.02708040923
poisson,3969.08096689731
poisson,3969.43483687937
poisson,3969.91103794426
poisson,3970.55099438876
poisson,3971.75389807671
poisson,3972.32590056956
poisson,3972.75358811021
poisson,3972.80641831458
poisson,3973.28706365079
poisson,3974.95364025235
poisson,3975.32119881362
poisson,3975.66235158592
poisson,3977.09429915994
poisson,3978.17173507065
poisson,3978.46771031618
poisson,3978.79409883171
poisson,3979.20822910965
poisson,3980.78633472323
poisson,3982.61365946382
poisson,3982.84737765789
poisson,3984.70464162529
poisson,3986.13346833736
poisson,3986.66628822684
poisson,3986.79735697806
poisson,3986.79987806827
poisson,3987.29849699885
poisson,3987.31309734285
poisson,3987.64616344124
poisson,3987.77348920703
poisson,3987.8617413342
poisson,3988.40150237083
poisson,3988.69223799557
poisson,3989.09017816186
poisson,3990.78110512346
poisson,3992.76095908135
poisson,3993.29228047282
poisson,3994.00938954204
poisson,3996.25146761537
poisson,3996.73622660339
poisson,3997.50910326839
poisson,3999.25030115992
