divipola,municipio,departamento,desercion,vecinos,z,wz,Ii,p_rangos,cuadrante,lisa,lisa_bonferroni,lisa_fdr,gistar_z,gistar_p,gistar
05667,San Rafael,Antioquia,2.95,4,-0.268057687,-0.249661794,0.0669835164,0.32408,Low-Low,1,1,1,-0.5677552314,0.32196,4
05670,San Roque,Antioquia,3.31,7,-0.0642877952,-0.4022870601,0.0258852393,0.14028,Low-Low,1,1,1,-1.0219920919,0.13884,4
05674,San Vicente,Antioquia,2.84,7,-0.3303207095,0.0909654557,-0.0300746022,0.3886,Low-High,1,1,1,0.1087306824,0.38644,4
05679,Santa Bárbara,Antioquia,3.09,7,-0.1888138402,-0.0424553068,0.0080233068,0.47388,Low-Low,1,1,1,-0.1724437198,0.47932,4
05697,El Santuario,Antioquia,3.55,5,0.0715587993,-0.0971173889,-0.0069558087,0.44324,High-Low,1,1,1,-0.1694804514,0.43516,4
05736,Segovia,Antioquia,7.66,6,2.3979317305,0.5989077322,1.4374221226,0.07472,High-High,1,1,1,2.2716316986,0.07412,5
05756,Sonson,Antioquia,3.27,14,-0.0869288943,0.1103721121,-0.0096030922,0.32192,Low-High,1,1,1,0.3790711509,0.32748,4
05761,Sopetrán,Antioquia,3.44,5,0.0092957769,0.3998547361,0.0037202791,0.17776,High-High,1,1,1,0.8221983519,0.17752,4
05789,Támesis,Antioquia,1.41,7,-1.1397400018,-0.5146839449,0.5871296355,0.07644,Low-Low,1,1,1,-1.6827519369,0.07512,3
05790,Tarazá,Antioquia,6.57,5,1.7809617804,1.2002175888,2.1394501732,0.0094,High-High,2,1,1,3.1855450326,0.00988,7
05792,Tarso,Antioquia,1.62,5,-1.0208742316,-0.1412675321,0.1443451479,0.39524,Low-Low,1,1,1,-0.707025971,0.39248,4
05809,Titiribí,Antioquia,2.69,5,-0.415224831,0.0772190741,-0.0320919049,0.40648,Low-High,1,1,1,-0.0119240061,0.41188,4
05842,Uramita,Antioquia,6.73,4,1.8715261768,0.0333519446,0.0624747687,0.44868,High-High,1,1,1,0.8986400662,0.43932,4
05854,Valdivia,Antioquia,3.59,5,0.0941998984,0.4870229676,0.0459184761,0.13588,High-High,1,1,1,1.0353629544,0.13276,4
05856,Valparaíso,Antioquia,1.73,4,-0.9586112091,-0.4449412736,0.4269065188,0.18848,Low-Low,1,1,1,-1.2273794138,0.1864,4
05858,Vegachí,Antioquia,4.44,4,0.575323254,0.7465465659,0.4298890867,0.0706,High-High,1,1,1,1.5963194899,0.07616,5
05861,Venecia,Antioquia,4.24,6,0.4621177586,-0.1124001307,-0.0519884734,0.4124,High-Low,1,1,1,-0.0804871334,0.40576,4
05885,Yalí,Antioquia,3.55,3,0.0715587993,0.6715479252,0.0480980696,0.12316,High-High,1,1,1,1.0449673019,0.11976,4
05887,Yarumal,Antioquia,2.26,8,-0.6586166462,0.1210862036,-0.0798205941,0.35112,Low-High,1,1,1,0.1037750819,0.34768,4
05890,Yolombó,Antioquia,2.86,11,-0.3190001599,0.2496001694,-0.0796935855,0.19804,Low-High,1,1,1,0.7042792749,0.19572,4
05895,Zaragoza,Antioquia,3.38,6,-0.0246658718,1.2696502927,-0.031344993,0.0048,Low-High,5,1,1,2.878976251,0.00396,7
08001,Barranquilla,Atlántico,1.65,5,-1.0038934073,-0.2295678185,0.2306673888,0.31608,Low-Low,1,1,1,-0.8808014622,0.31596,4
08078,Baranoa,Atlántico,2.36,8,-0.6020138985,-0.290698786,0.1751609637,0.20704,Low-Low,1,1,1,-0.9798092103,0.20844,4
08137,Campo de la Cruz,Atlántico,3.32,8,-0.0586275204,-0.1725405502,0.0101246564,0.32408,Low-Low,1,1,1,-0.4815877613,0.32124,4
08141,Candelaria,Atlántico,4.92,4,0.8470164431,-0.3133398851,-0.2656410029,0.2756,High-Low,1,1,1,-0.1821287864,0.27432,4
08296,Galapa,Atlántico,3.26,6,-0.092589169,-0.6189947228,0.0573633786,0.05324,Low-Low,1,1,1,-1.4432567122,0.05268,3
08372,Juan de Acosta,Atlántico,3.78,4,0.2017451191,-0.6911632262,-0.1395633063,0.06912,High-Low,1,1,1,-1.1487319151,0.07036,3
08421,Luruaco,Atlántico,3.28,4,-0.0812686195,-0.7916331034,0.0643923714,0.03944,Low-Low,3,1,1,-1.4557108615,0.04032,2
08433,Malambo,Atlántico,1.97,6,-0.8227646146,-0.1416448837,0.1166444521,0.37664,Low-Low,1,1,1,-0.6341793402,0.38048,4
08436,Manatí,Atlántico,1.86,6,-0.8850276371,-0.4029609024,0.3569499563,0.15672,Low-Low,1,1,1,-1.2522543618,0.15764,4
08520,Palmar de Varela,Atlántico,2.58,4,-0.4774878535,-0.1760782219,0.0841502794,0.37856,Low-Low,1,1,1,-0.5296999901,0.38192,4
08549,Piojó,Atlántico,2.35,5,-0.6076741733,-0.3597541383,0.218808489,0.21528,Low-Low,1,1,1,-0.9850667569,0.21088,4
08558,Polonuevo,Atlántico,3.87,6,0.252687592,-0.5491846673,-0.1388960549,0.07664,High-Low,1,1,1,-1.1535340459,0.0772,3
08560,Ponedera,Atlántico,3.97,9,0.3092903398,-0.2900698666,-0.089795911,0.18892,High-Low,1,1,1,-0.7310149727,0.18896,4
08573,Puerto Colombia,Atlántico,3.03,3,-0.2227754888,-0.5812595577,0.1296059985,0.14836,Low-Low,1,1,1,-0.9850360753,0.1506,4
08606,Repelón,Atlántico,0.69,8,-1.5472797854,-0.594938555,0.9213583072,0.03636,Low-Low,3,1,1,-2.1107529558,0.03312,2
08634,Sabanagrande,Atlántico,3.03,4,-0.2227754888,-0.4194700371,0.0935310779,0.20324,Low-Low,1,1,1,-0.8519010331,0.20052,4
08638,Sabanalarga,Atlántico,2.33,9,-0.6189947228,-0.3579931639,0.2217937327,0.13468,Low-Low,1,1,1,-1.2200637696,0.1326,4
08675,Santa Lucía,Atlántico,1.83,5,-0.9020084614,-0.6823898003,0.6160709465,0.04784,Low-Low,3,1,1,-1.7658979642,0.05088,3
08685,Santo Tomás,Atlántico,1.06,5,-1.3378496188,0.0183522165,-0.0245744277,0.46504,Low-High,1,1,1,-0.5100804142,0.45284,4
08758,Soledad,Atlántico,2.69,4,-0.415224831,-0.4223001745,0.1755060807,0.19704,Low-Low,1,1,1,-0.9432336122,0.19512,4
08770,Suan,Atlántico,0.62,4,-1.5869017088,-0.0218357344,0.0346821028,0.4952,Low-Low,1,1,1,-0.7504203896,0.48804,4
08832,Tubará,Atlántico,2.28,5,-0.6472960967,-0.3439053689,0.2228073606,0.21704,Low-Low,1,1,1,-0.9688477111,0.22308,4
08849,Usiacurí,Atlántico,1.82,4,-0.9076687362,-0.4067344189,0.369509741,0.20856,Low-Low,1,1,1,-1.1360468347,0.2046,4
13006,Achí,Bolívar,3.94,8,0.2923095154,0.391364324,0.1145016583,0.13168,High-High,1,1,1,1.1456830551,0.13448,4
13030,Altos del Rosario,Bolívar,3.91,3,0.2753286911,0.5809835288,0.1601042573,0.15148,High-High,1,1,1,1.010944899,0.14888,4
13042,Arenal,Bolívar,2.43,3,-0.5623919751,0.5470218802,-0.3079153948,0.16216,Low-High,1,1,1,0.5403016579,0.1614,4
13052,Arjona,Bolívar,2.84,6,-0.3303207095,-0.1746631532,0.05774637,0.3588,Low-Low,1,1,1,-0.5225824614,0.3486,4
13062,Arroyohondo,Bolívar,4.87,2,0.8187150692,-0.5425810134,-0.4446158763,0.22692,High-Low,1,1,1,-0.1540394796,0.21908,4
13074,Barranco de Loba,Bolívar,5.76,6,1.3224795239,0.3800437744,0.5030488599,0.17012,High-High,1,1,1,1.3659801045,0.16744,4
15183,Chita,Boyacá,2.83,7,-0.3359809842,-0.3092968317,0.1040106377,0.21512,Low-Low,1,1,1,-0.8874300566,0.20632,4
15185,Chitaraque,Boyacá,5.17,5,0.9885233124,0.1519347011,0.1503250931,0.34308,High-High,1,1,1,0.7156160506,0.34828,4
15187,Chivatá,Boyacá,2.16,6,-0.7152193939,-0.4746577161,0.3397875151,0.10852,Low-Low,1,1,1,-1.3509746777,0.11116,4
15189,Ciénega,Boyacá,1.63,4,-1.0152139568,-0.3458864651,0.3514622925,0.25232,Low-Low,1,1,1,-1.0751584486,0.2528,4
15204,Cómbita,Boyacá,3.24,7,-0.1039097186,-0.6578080355,0.068413677,0.02912,Low-Low,3,1,1,-1.6707016054,0.02908,2
15212,Coper,Boyacá,1.86,6,-0.8850276371,-0.1973042523,0.1747756267,0.32716,Low-Low,1,1,1,-0.784405908,0.32508,4
15215,Corrales,Boyacá,2.72,7,-0.3982440067,-0.6513391501,0.2596235128,0.02984,Low-Low,3,1,1,-1.7590707032,0.03104,2
15218,Covarachía,Boyacá,1.39,5,-1.1510605514,-0.9178572308,1.0574525619,0.0096,Low-Low,3,1,1,-2.3497836147,0.01044,2
15223,Cubará,Boyacá,4.97,7,0.8753178169,-0.557540311,-0.4884607045,0.05844,High-Low,1,1,1,-1.0742101952,0.05948,3
15224,Cucaita,Boyacá,1.4,3,-1.1454002766,-0.9095554944,1.042735298,0.03872,Low-Low,3,1,1,-1.9404985587,0.04016,2
15226,Cuítiva,Boyacá,1.31,5,-1.1963427495,-0.5691843048,0.6815474979,0.08852,Low-Low,1,1,1,-1.6546816498,0.08944,3
15232,Chíquiza,Boyacá,1.41,6,-1.1397400018,-0.8567262632,0.9773170189,0.00948,Low-Low,3,1,1,-2.3810997137,0.0102,2
15236,Chivor,Boyacá,3,6,-0.2397563131,-0.9010650823,0.2162289313,0.00604,Low-Low,3,1,1,-2.1407372053,0.00552,1
15238,Duitama,Boyacá,2.22,6,-0.6812577453,-0.4916385404,0.3352316105,0.1072,Low-Low,1,1,1,-1.3767278036,0.10248,4
15244,El Cocuy,Boyacá,1.21,7,-1.2529454973,-0.7863771339,0.9861674102,0.0108,Low-Low,3,1,1,-2.3977382737,0.00924,1
15248,El Espino,Boyacá,0.69,5,-1.5472797854,-1.2936994756,2.0035022925,0.00012,Low-Low,3,1,3,-3.2812202477,0.00016,1
15272,Firavitoba,Boyacá,1.78,6,-0.9303098353,-0.4567335127,0.4252830572,0.12232,Low-Low,1,1,1,-1.3917504604,0.12368,4
15276,Floresta,Boyacá,3.35,6,-0.0416466961,-0.6906915366,0.0287907036,0.03452,Low-Low,3,1,1,-1.5870449985,0.03008,2
15293,Gachantivá,Boyacá,4.33,4,0.5130602315,-0.466167304,-0.2393854513,0.17752,High-Low,1,1,1,-0.6058104727,0.1784,4
15296,Gameza,Boyacá,1.8,5,-0.9189892857,-0.8669147578,0.7973967003,0.01384,Low-Low,3,1,1,-2.1505210515,0.0154,2
15299,Garagoa,Boyacá,1.66,9,-0.9982331325,-0.8693046516,0.868543499,0.0014,Low-Low,3,1,3,-2.8022804657,0.00148,1
15317,Guacamayas,Boyacá,0.97,4,-1.3887920918,-1.2387948103,1.7219645327,0.00144,Low-Low,3,1,3,-2.8434586605,0.00136,1
15322,Guateque,Boyacá,1.87,7,-0.8793673623,-1.0168311782,0.8949665155,0.00096,Low-Low,3,1,3,-2.8375753742,0.001,1
15325,Guayatá,Boyacá,2.52,7,-0.5114495021,-0.7863771339,0.4025512938,0.01008,Low-Low,3,1,1,-2.1346393689,0.01124,2
15332,Güicán,Boyacá,0.46,8,-1.6774661051,-0.2857460456,0.4797572788,0.20328,Low-Low,1,1,1,-1.3264804087,0.20996,4
15362,Iza,Boyacá,3.59,5,0.0941998984,-1.0627602649,-0.1002012946,0.00224,High-Low,4,1,4,-2.1366190122,0.00328,1
15367,Jenesano,Boyacá,0.86,4,-1.4510551143,-0.7067289818,1.0264183308,0.06288,Low-Low,1,1,1,-1.9174477892,0.06588,3
15368,Jericó,Boyacá,2.1,5,-0.7491810426,-0.4186209959,0.3139029346,0.17036,Low-Low,1,1,1,-1.1634762613,0.17044,4
15377,Labranzagrande,Boyacá,2.49,6,-0.5284303265,-0.5822029368,0.3079283788,0.06464,Low-Low,1,1,1,-1.5248082776,0.06356,3
15380,La Capilla,Boyacá,0.89,6,-1.4340742899,-0.9954029951,1.4287563808,0.00196,Low-Low,3,1,3,-2.8081723848,0.0028,1
15401,La Victoria,Boyacá,0.65,2,-1.5699208845,-0.6048440359,0.9504051028,0.19632,Low-Low,1,1,1,-1.6069596779,0.19944,4
15403,La Uvita,Boyacá,0.51,6,-1.6491647313,-0.6671070584,1.1011517268,0.03768,Low-Low,3,1,1,-2.1428832991,0.0384,2
15407,Villa de Leyva,Boyacá,2.1,6,-0.7491810426,-0.4029609024,0.3021602142,0.15464,Low-Low,1,1,1,-1.20074811,0.15988,4
15425,Macanal,Boyacá,2.51,6,-0.5171097769,-0.8520093676,0.4409757511,0.00928,Low-Low,3,1,1,-2.1342989238,0.00884,1
15442,Maripí,Boyacá,2.04,6,-0.7831426912,-0.6491828549,0.5088567392,0.0424,Low-Low,3,1,1,-1.7737551612,0.04528,2
15455,Miraflores,Boyacá,2.59,7,-0.4718275787,-1.0176397889,0.4805792234,0.00092,Low-Low,3,1,3,-2.6949797846,0.00072,1
15464,Mongua,Boyacá,2.02,8,-0.7944632407,-0.6819652796,0.5422800929,0.01776,Low-Low,3,1,1,-2.0918091744,0.0188,2
15466,Monguí,Boyacá,0.93,3,-1.4114331909,-0.8020102738,1.1329946197,0.06348,Low-Low,1,1,1,-1.9121465562,0.0648,3
15469,Moniquirá,Boyacá,3.67,8,0.1394820966,-0.055797383,-0.0077896848,0.4598,High-Low,1,1,1,-0.1027121346,0.45664,4
15476,Motavita,Boyacá,1.64,5,-1.0095536821,-0.863518593,0.8725467397,0.01612,Low-Low,3,1,1,-2.1806421366,0.0162,2
15480,Muzo,Boyacá,1.56,6,-1.0548358802,-0.6491828549,0.6853927802,0.04496,Low-Low,3,1,1,-1.8767676648,0.04196,2
15494,Nuevo Colón,Boyacá,0.84,6,-1.4623756638,-1.0595527759,1.5508476441,0.00112,Low-Low,3,1,3,-2.964837234,0.00072,1
15500,Oicatá,Boyacá,3.69,4,0.1508026461,-0.4194700371,-0.0633136712,0.20228,High-Low,1,1,1,-0.6844579714,0.20012,4
15507,Otanche,Boyacá,2.51,9,-0.5171097769,-0.5095627439,0.2637351446,0.05496,Low-Low,1,1,1,-1.6210118642,0.05252,3
15511,Pachavita,Boyacá,1.82,5,-0.9076687362,-1.0695525946,0.9716662371,0.00268,Low-Low,3,1,3,-2.5606312108,0.0026,1
15514,Páez,Boyacá,2.13,10,-0.7322002182,-0.2873026212,0.2105508661,0.18236,Low-Low,1,1,1,-1.0923895088,0.18004,4
15516,Paipa,Boyacá,2.94,7,-0.2737179617,-0.5882675169,0.161163153,0.04716,Low-Low,3,1,1,-1.5582318445,0.04628,2
15518,Pajarito,Boyacá,1.54,6,-1.0661564298,0.0847661071,-0.0904546212,0.38968,Low-High,1,1,1,-0.2113988568,0.39312,4
15522,Panqueba,Boyacá,2,5,-0.8057837903,-1.4419986746,1.1629766033,0.00012,Low-Low,3,1,3,-3.2812202477,4e-05,1
15531,Pauna,Boyacá,2.86,7,-0.3190001599,-0.8931137439,0.2851578052,0.00352,Low-Low,3,1,3,-2.3314614504,0.00304,1
15533,Paya,Boyacá,0.47,5,-1.6718058304,-0.0110812123,0.0185421761,0.487,Low-Low,1,1,1,-0.707025971,0.4848,4
15537,Paz de Río,Boyacá,1.86,7,-0.8850276371,-0.7184538367,0.636419226,0.017,Low-Low,3,1,1,-2.0984883743,0.01824,2
15542,Pesca,Boyacá,0.79,9,-1.4906770377,-0.7724510611,1.1525031622,0.00484,Low-Low,3,1,1,-2.68181624,0.00424,1
15550,Pisba,Boyacá,3.2,5,-0.1265508177,-0.589561294,0.0746760794,0.0818,Low-Low,1,1,1,-1.2584735298,0.0828,3
15572,Puerto Boyacá,Boyacá,3.39,9,-0.019005597,-0.2315803607,0.0044052528,0.24948,Low-Low,1,1,1,-0.6680858995,0.2432,4
15580,Quípama,Boyacá,1.59,5,-1.0378550559,-0.6088062282,0.6324167762,0.07636,Low-Low,1,1,1,-1.6709006957,0.07184,3
15599,Ramiriquí,Boyacá,4.34,8,0.5187205063,-0.950120797,-0.493287183,0.00124,High-Low,4,1,4,-2.37028276,0.00116,1
15600,Ráquira,Boyacá,3.18,8,-0.1378713672,-0.6536639058,0.090202002,0.02112,Low-Low,3,1,1,-1.7962861857,0.0224,2
15621,Rondón,Boyacá,2.52,6,-0.5114495021,-0.8642732963,0.4424268187,0.00928,Low-Low,3,1,1,-2.1600520497,0.00812,1
15632,Saboyá,Boyacá,1.39,7,-1.1510605514,-0.6691285851,0.7708952034,0.02796,Low-Low,3,1,1,-2.0703709341,0.0252,2
15638,Sáchica,Boyacá,3.81,6,0.2187259434,-0.8614431589,-0.1885881997,0.0086,High-Low,4,1,1,-1.8767676648,0.00876,1
15646,Samacá,Boyacá,1.89,8,-0.8680468128,-0.6777200736,0.5888180112,0.01756,Low-Low,3,1,1,-2.1050698214,0.01664,2
15660,San Eduardo,Boyacá,0.84,4,-1.4623756638,-0.737860493,1.0799926472,0.0556,Low-Low,1,1,1,-1.9783361752,0.05408,3
15664,San José de Pare,Boyacá,3.21,7,-0.1208905429,0.5259980025,-0.0636449592,0.08688,Low-High,1,1,1,1.2635541197,0.08684,5
15667,San Luis de Gaceno,Boyacá,6,6,1.4583261184,-0.0010813936,-0.0015784325,0.47628,High-Low,1,1,1,0.5504644511,0.4724,4
15673,San Mateo,Boyacá,1.05,6,-1.3435098936,-1.2274742608,1.6505962455,2e-04,Low-Low,3,1,3,-3.3017739645,0.00012,1
15676,San Miguel de Sema,Boyacá,1.36,6,-1.1680413757,-0.4831481283,0.5648408767,0.1086,Low-Low,1,1,1,-1.5419770282,0.1092,4
15681,San Pablo de Borbur,Boyacá,1.76,4,-0.9416303848,-0.6685221271,0.630062802,0.07368,Low-Low,1,1,1,-1.6206169071,0.0746,3
15686,Santana,Boyacá,4.19,4,0.4338163847,-0.0586275204,-0.0254562875,0.4752,High-Low,1,1,1,0.0893319348,0.4788,4
15690,Santa María,Boyacá,1.52,7,-1.0774769793,-0.3537704192,0.3815198215,0.17316,Low-Low,1,1,1,-1.2609903337,0.17208,4
15693,Santa Rosa de Viterbo,Boyacá,2.39,6,-0.5850330742,-0.5774860412,0.3381500843,0.06668,Low-Low,1,1,1,-1.5355387467,0.06712,3
15696,Santa Sofía,Boyacá,3.35,6,-0.0416466961,-0.4925819196,0.0205327259,0.10304,Low-Low,1,1,1,-1.1363652953,0.10244,4
15720,Sativanorte,Boyacá,3.97,7,0.3092903398,-0.6812577453,-0.2108945703,0.02508,High-Low,4,1,1,-1.5823325076,0.0256,2
15723,Sativasur,Boyacá,0,4,-1.9378387446,-0.5142796395,0.9974808245,0.14252,Low-Low,1,1,1,-1.7905969849,0.14024,4
15740,Siachoque,Boyacá,1.76,6,-0.9416303848,-0.8001235155,0.7540933108,0.01468,Low-Low,3,1,1,-2.1772208003,0.01452,2
15753,Soatá,Boyacá,0.89,4,-1.4340742899,-0.3897535946,0.559434659,0.22304,Low-Low,1,1,1,-1.3415451376,0.21832,4
15755,Socotá,Boyacá,1.47,10,-1.1057783532,-0.5012610076,0.5547784675,0.04692,Low-Low,3,1,1,-1.8538817076,0.04548,2
15757,Socha,Boyacá,2.76,4,-0.3756029076,-1.291152352,0.4853935781,6e-04,Low-Low,3,1,3,-2.4832023763,0.00088,1
15759,Sogamoso,Boyacá,1.99,9,-0.8114440651,-0.5403797954,0.438879485,0.042,Low-Low,3,1,1,-1.8026071895,0.0414,2
15761,Somondoco,Boyacá,2.54,5,-0.5001289526,-0.9257816154,0.4634235916,0.01012,Low-Low,3,1,1,-2.0995469074,0.00932,1
15762,Sora,Boyacá,0.74,6,-1.5189784115,-0.7142760148,1.0859385694,0.0276,Low-Low,3,1,1,-2.2008278324,0.02744,2
15763,Sotaquirá,Boyacá,1.71,4,-0.9699317587,-0.3996590754,0.3879881388,0.2206,Low-Low,1,1,1,-1.1512689312,0.21144,4
15764,Soracá,Boyacá,2.53,7,-0.5057892274,-0.5971622344,0.3023079021,0.04608,Low-Low,3,1,1,-1.662668051,0.04532,2
15774,Susacón,Boyacá,4.64,6,0.6885287495,-0.7425773887,-0.5117423861,0.0228,High-Low,4,1,1,-1.4282340554,0.02284,2
15776,Sutamarchán,Boyacá,2.09,6,-0.7548413173,-0.2133416975,0.1611829129,0.31516,Low-Low,1,1,1,-0.771529345,0.31452,4
15778,Sutatenza,Boyacá,0.84,4,-1.4623756638,-0.788802966,1.1545561951,0.04268,Low-Low,3,1,1,-2.0696687543,0.041,2
15790,Tasco,Boyacá,1.24,6,-1.2359646729,-0.7105024983,0.8789400558,0.02972,Low-Low,3,1,1,-2.0849387658,0.02784,2
15798,Tenza,Boyacá,2.05,5,-0.7774824164,-1.136343837,0.8842761802,0.00116,Low-Low,3,1,3,-2.6440434466,0.00116,1
15804,Tibaná,Boyacá,1.51,5,-1.0831372541,-0.9065366812,0.9827803513,0.01136,Low-Low,3,1,1,-2.2988094706,0.01016,2
15808,Tinjacá,Boyacá,4.45,5,0.5809835288,-0.8103120101,-0.4711982685,0.02304,High-Low,4,1,1,-1.4206639883,0.02228,2
15810,Tipacoque,Boyacá,1.1,5,-1.3152085197,-0.9518188794,1.252958014,0.00688,Low-Low,3,1,1,-2.4864870012,0.00724,1
15814,Toca,Boyacá,2.2,4,-0.6925782948,-0.9161591483,0.6350784693,0.01844,Low-Low,3,1,1,-1.9529660144,0.01908,2
15816,Togüí,Boyacá,6.25,4,1.5998329877,0.0758040054,0.1213820286,0.41156,High-High,1,1,1,0.8529737767,0.41192,4
15820,Tópaga,Boyacá,2.01,6,-0.8001235155,-0.7774824164,0.6226373946,0.01796,Low-Low,3,1,1,-2.0720622029,0.01744,2
15822,Tota,Boyacá,1.86,5,-0.8850276371,-0.7435207678,0.6586239608,0.03332,Low-Low,3,1,1,-1.8840652982,0.03352,2
15832,Tununguá,Boyacá,0.73,4,-1.5246386863,-0.8963481866,1.3678273067,0.02264,Low-Low,3,1,1,-2.2903891538,0.01956,2
15835,Turmequé,Boyacá,0.93,4,-1.4114331909,-1.0166290255,1.4361851137,0.00912,Low-Low,3,1,1,-2.4552951994,0.00868,1
15837,Tuta,Boyacá,2.51,8,-0.5171097769,-0.6281926693,0.3251346109,0.02816,Low-Low,3,1,1,-1.8550119078,0.02636,2
15839,Tutazá,Boyacá,1.91,6,-0.8567262632,-0.4822047492,0.4134863277,0.1084,Low-Low,1,1,1,-1.421795774,0.10524,4
15842,Umbita,Boyacá,1.17,7,-1.2755865963,-1.1648069329,1.4871387289,2e-04,Low-Low,3,1,3,-3.3456976866,0.00012,1
15861,Ventaquemada,Boyacá,2.83,8,-0.3359809842,-0.917574217,0.3085627452,0.00148,Low-Low,3,1,3,-2.569192464,0.00176,1
15879,Viracachá,Boyacá,1.86,4,-0.8850276371,-0.7435207678,0.6586239608,0.05164,Low-Low,1,1,1,-1.7297085988,0.05064,3
15897,Zetaquira,Boyacá,1,9,-1.3718112675,-0.6680504375,0.9172573666,0.01352,Low-Low,3,1,1,-2.3455951921,0.01376,2
17001,Manizales,Caldas,3.06,7,-0.2057946645,0.1499940355,-0.0308955329,0.32124,Low-High,1,1,1,0.2995275981,0.33016,4
17013,Aguadas,Caldas,3.24,9,-0.1039097186,-0.2661709287,0.0276824407,0.21508,Low-Low,1,1,1,-0.7939440458,0.2174,4
17042,Anserma,Caldas,3.81,8,0.2187259434,0.3779211714,0.0827349694,0.14108,High-High,1,1,1,1.0850629548,0.14368,4
17050,Aranzazu,Caldas,3.3,5,-0.0699480699,0.0511818102,-0.0035832653,0.42968,Low-High,1,1,1,0.0761222428,0.43068,4
17088,Belalcázar,Caldas,5.08,7,0.9375808394,1.004695526,0.9428243311,0.009,High-High,2,1,1,2.8280888287,0.00812,7
17174,Chinchiná,Caldas,5.53,7,1.1922932042,0.6933804136,0.8274508914,0.04112,High-High,2,1,1,2.1452367092,0.04112,6
17272,Filadelfia,Caldas,4.64,6,0.6885287495,-0.0529672456,-0.0365020334,0.46676,High-Low,1,1,1,0.1405605305,0.47404,4
17380,La Dorada,Caldas,4.41,7,0.5583424297,-0.0990580545,-0.0553576973,0.41432,High-Low,1,1,1,-0.0479236274,0.41492,4
17388,La Merced,Caldas,3.91,6,0.2753286911,-0.0246658718,-0.0067972858,0.4986,High-Low,1,1,1,0.0482784961,0.49876,4
17433,Manzanares,Caldas,2.27,5,-0.6529563714,-0.1412675321,0.0923238937,0.39836,Low-Low,1,1,1,-0.5564205452,0.3994,4
17442,Marmato,Caldas,3.05,4,-0.2114549392,-0.0713631386,0.0151035614,0.46876,Low-Low,1,1,1,-0.2227210437,0.47188,4
17444,Marquetalia,Caldas,3.37,6,-0.0303261465,-0.1284375759,0.0038984944,0.39504,Low-Low,1,1,1,-0.3036808912,0.39488,4
17446,Marulanda,Caldas,2.97,7,-0.2567371374,-0.2559285267,0.0657650237,0.25364,Low-Low,1,1,1,-0.7267589697,0.25796,4
17486,Neira,Caldas,3.8,7,0.2130656686,-0.0125367116,-0.0026735278,0.49148,High-Low,1,1,1,0.0444622476,0.49296,4
17495,Norcasia,Caldas,2.37,5,-0.5963536237,0.1089166128,-0.0650108103,0.3778,Low-High,1,1,1,-0.0211920323,0.37808,4
17513,Pácora,Caldas,3.89,5,0.2640081416,-0.2748500167,-0.0726274302,0.2772,High-Low,1,1,1,-0.4544722571,0.27948,4
17524,Palestina,Caldas,3.87,4,0.252687592,0.7239054668,0.1830852524,0.07784,High-High,1,1,1,1.4111173156,0.07972,5
17541,Pensilvania,Caldas,3.55,8,0.0715587993,-0.1682953441,-0.0120537654,0.33124,High-Low,1,1,1,-0.4266507954,0.3264,4
17616,Risaralda,Caldas,6.41,6,1.6903973841,0.2800455868,0.4738109955,0.22964,High-High,1,1,1,1.2779902577,0.23,4
17653,Salamina,Caldas,2.25,8,-0.664276921,0.0383046851,-0.0254676369,0.43992,Low-High,1,1,1,-0.1197615378,0.44004,4
17662,Samaná,Caldas,2.45,6,-0.5510714256,0.1781606409,-0.0982668984,0.3108,Low-High,1,1,1,0.19635897,0.31372,4
17665,San José,Caldas,1.95,3,-0.8340851641,0.8470164431,-0.7071146381,0.07588,Low-High,1,1,1,0.8550088853,0.08,5
17777,Supía,Caldas,3.15,5,-0.1548521915,-0.1401354771,0.021719661,0.39512,Low-Low,1,1,1,-0.3502069623,0.39176,4
17867,Victoria,Caldas,4.82,6,0.7904136954,-0.1746631532,-0.1381794128,0.34744,High-Low,1,1,1,-0.097655884,0.3458,4
17873,Villamaría,Caldas,3.27,9,-0.0869288943,0.2935673543,-0.0255422708,0.18436,Low-High,1,1,1,0.811646306,0.18684,4
17877,Viterbo,Caldas,3.27,7,-0.0869288943,0.8672317101,-0.0754548039,0.01716,Low-High,5,1,1,2.1231444348,0.01776,6
18001,Florencia,Caquetá,5.93,8,1.418704195,1.4427603628,2.0486777239,4e-04,High-High,2,1,2,4.3377102095,0.00052,7
18029,Albania,Caquetá,6.66,4,1.8319042534,1.7215288953,3.1564918879,0.00252,High-High,2,1,2,3.9075411442,0.0036,7
18094,Belén de los Andaquies,Caquetá,6.12,7,1.5262494157,1.6507754607,2.5217446315,0.00012,High-High,2,1,2,4.6416637224,2e-04,7
18247,El Doncello,Caquetá,5.42,5,1.1300301817,1.4288926896,1.6161335548,0.00344,High-High,2,1,2,3.3871246024,0.00388,7
18256,El Paujil,Caquetá,7.8,7,2.4771755774,1.1761209905,2.9160594957,0.00344,High-High,2,1,2,3.8001489046,0.00356,7
13140,Calamar,Bolívar,2.11,10,-0.7435207678,-0.268057687,0.1994844094,0.1996,Low-Low,1,1,1,-1.0375071882,0.19712,4
13160,Cantagallo,Bolívar,4.09,4,0.377213637,0.4366465221,0.1648560843,0.17876,High-High,1,1,1,0.9519174041,0.18328,4
13188,Cicuco,Bolívar,5.17,3,0.9885233124,-0.0435334543,-0.0430722576,0.49716,High-Low,1,1,1,0.4297288482,0.49508,4
13212,Córdoba,Bolívar,1.47,8,-1.1057783532,-0.2185302827,0.2418618115,0.27072,Low-Low,1,1,1,-0.9551822946,0.274,4
13222,Clemencia,Bolívar,3.13,4,-0.1661727411,-0.6741824018,0.1121307651,0.07216,Low-Low,1,1,1,-1.2831937677,0.07392,3
13244,El Carmen de Bolívar,Bolívar,3.55,8,0.0715587993,-0.3869234572,-0.0277124993,0.13352,High-Low,1,1,1,-1.0120136386,0.13244,4
13248,El Guamo,Bolívar,3.19,5,-0.1322110924,-0.5295623814,0.0700765335,0.10956,Low-Low,1,1,1,-1.1379891892,0.10756,4
13268,El Peñón,Bolívar,3.96,5,0.303630065,0.6172092873,0.1875706204,0.08872,High-High,1,1,1,1.38754795,0.08836,5
13300,Hatillo de Loba,Bolívar,4.12,7,0.3941944613,0.6044332386,0.2384769708,0.0588,High-High,1,1,1,1.641131174,0.06352,5
13430,Magangué,Bolívar,3.94,11,0.2923095154,-0.0411321257,-0.0120340468,0.45708,High-Low,1,1,1,-0.0464789941,0.46472,4
13433,Mahates,Bolívar,2.82,7,-0.341641259,-0.2049860538,0.0700942218,0.30616,Low-Low,1,1,1,-0.6303563175,0.30672,4
13440,Margarita,Bolívar,3.97,5,0.3092903398,0.3217429443,0.0996008345,0.22012,High-High,1,1,1,0.7851262471,0.22384,4
13442,María la Baja,Bolívar,3.39,6,-0.019005597,-0.1274941968,0.0024252668,0.39584,Low-Low,1,1,1,-0.2972426097,0.39364,4
13458,Montecristo,Bolívar,5.83,9,1.3621014473,0.3476544243,0.4739633986,0.14452,High-High,1,1,1,1.4265532493,0.14576,4
13468,Mompós,Bolívar,3.95,7,0.2979697902,0.1402907073,0.0418397162,0.3356,High-High,1,1,1,0.4541735193,0.33352,4
13473,Morales,Bolívar,3.49,8,0.0375971507,0.4012698048,0.0151000715,0.1312,High-High,1,1,1,1.086957333,0.13184,4
13490,Norosi,Bolívar,1.63,2,-1.0152139568,0.0460875629,-0.0468305127,0.43636,Low-High,1,1,1,-0.5336312431,0.44156,4
13549,Pinillos,Bolívar,4.43,9,0.5696629793,0.4621177586,0.263486425,0.08432,High-High,1,1,1,1.502068137,0.08428,5
13580,Regidor,Bolívar,6.29,5,1.6224740868,0.6556991558,1.0648047595,0.07572,High-High,1,1,1,2.0061886988,0.07724,5
13600,Río Viejo,Bolívar,3.85,10,0.2413670425,0.5509840725,0.1331081366,0.04816,High-High,2,1,1,1.7426253663,0.04716,6
13620,San Cristóbal,Bolívar,3.18,5,-0.1378713672,-1.0808731442,0.149154513,0.00264,Low-Low,3,1,3,-2.2686883855,0.00188,1
13647,San Estanislao,Bolívar,3.41,6,-0.0076850475,-0.8642732963,0.0066479116,0.00912,Low-Low,3,1,1,-1.9690496993,0.00808,1
13654,San Jacinto,Bolívar,3.12,4,-0.1718330158,-0.0996645125,0.0171409445,0.44892,Low-Low,1,1,1,-0.2557022529,0.45328,4
13655,San Jacinto del Cauca,Bolívar,4.47,5,0.5923040783,0.8379600034,0.4967702768,0.0392,High-High,2,1,1,1.9575315612,0.03864,6
13657,San Juan Nepomuceno,Bolívar,3.73,7,0.1734437452,-0.4621242506,-0.0802241256,0.10456,High-Low,1,1,1,-1.0862605267,0.09992,3
13667,San Martín de Loba,Bolívar,5.1,7,0.948901389,0.483950247,0.4596310804,0.107,High-High,1,1,1,1.538703356,0.10232,4
13670,San Pablo,Bolívar,2.39,6,-0.5850330742,0.9507881472,-0.5567391578,0.01884,Low-High,5,1,1,1.9411332496,0.01728,6
13673,Santa Catalina,Bolívar,2.73,6,-0.3925837319,-0.627485135,0.2465604029,0.0488,Low-Low,3,1,1,-1.5763145293,0.0484,2
13683,Santa Rosa,Bolívar,1.76,4,-0.9416303848,-0.4647522353,0.4380155626,0.17096,Low-Low,1,1,1,-1.2552865907,0.17788,4
13688,Santa Rosa del Sur,Bolívar,3.95,6,0.2979697902,0.6640008921,0.1980288603,0.06096,High-High,1,1,1,1.6235113635,0.05888,5
13744,Simití,Bolívar,3.6,4,0.0998601732,0.1309916844,0.0130925316,0.36996,High-High,1,1,1,0.2796081413,0.37136,4
13760,Soplaviento,Bolívar,1.08,5,-1.3265290693,-0.5555996454,0.7376771332,0.0968,Low-Low,1,1,1,-1.6801687219,0.09488,3
13780,Talaigua Nuevo,Bolívar,2.15,6,-0.7208796687,-0.0737215865,0.0531918432,0.44716,Low-Low,1,1,1,-0.441030896,0.45468,4
13810,Tiquisio,Bolívar,3.16,8,-0.1491919168,0.499617079,-0.0746053822,0.08344,Low-High,1,1,1,1.2877614151,0.08552,5
13836,Turbaco,Bolívar,2.84,6,-0.3303207095,-0.4708841996,0.1556816804,0.116,Low-Low,1,1,1,-1.1964559224,0.1176,4
13838,Turbaná,Bolívar,3.1,4,-0.1831535654,-0.2199453514,0.040319743,0.34908,Low-Low,1,1,1,-0.4764226523,0.34648,4
13873,Villanueva,Bolívar,1.11,6,-1.309548245,-0.5642787334,0.7396100019,0.0704,Low-Low,1,1,1,-1.7801934427,0.07004,3
13894,Zambrano,Bolívar,2.32,6,-0.6246549976,-0.5642787334,0.3527942447,0.07216,Low-Low,1,1,1,-1.5205160899,0.07128,3
15022,Almeida,Boyacá,2.05,5,-0.7774824164,-0.5533355355,0.4305927641,0.09348,Low-Low,1,1,1,-1.4507850734,0.09416,3
15047,Aquitania,Boyacá,3.86,11,0.2470273173,-0.7352876409,-0.1817983085,0.00328,High-Low,4,1,4,-2.275754642,0.00308,1
15051,Arcabuco,Boyacá,1.28,7,-1.2133235738,-0.4362487088,0.5297834414,0.11624,Low-Low,1,1,1,-1.5140472956,0.11456,4
15087,Belén,Boyacá,2.8,6,-0.3529618085,-0.9935162369,0.3509863889,0.00216,Low-Low,3,1,3,-2.3939762766,0.0026,1
15090,Berbeo,Boyacá,1.49,4,-1.0944578036,-1.0095536821,1.1059004358,0.01032,Low-Low,3,1,1,-2.3005372181,0.00908,1
15092,Betéitiva,Boyacá,2.4,7,-0.5793727994,-0.737860493,0.4278779925,0.01612,Low-Low,3,1,1,-2.0382367167,0.01348,2
15097,Boavita,Boyacá,1.64,7,-1.0095536821,-1.0790942007,1.0903762053,0.00056,Low-Low,3,1,3,-3.0384142329,0.00032,1
15104,Boyacá,Boyacá,2.01,6,-0.8001235155,-0.5963536237,0.4775825905,0.06364,Low-Low,1,1,1,-1.6600121885,0.05956,3
15106,Briceño,Boyacá,0.82,6,-1.4736962134,-0.9095554944,1.3416052813,0.0056,Low-Low,3,1,1,-2.6279005035,0.00516,1
15109,Buenavista,Boyacá,2.94,5,-0.2737179617,-0.6314473273,0.1729927954,0.06804,Low-Low,1,1,1,-1.4044449424,0.06624,3
15114,Busbanzá,Boyacá,2.27,3,-0.6529563714,-0.3397545007,0.2220429418,0.29112,Low-Low,1,1,1,-0.8376056624,0.2904,4
15131,Caldas,Boyacá,2.68,6,-0.4208851058,-0.6623901627,0.2790390735,0.03916,Low-Low,3,1,1,-1.66645047,0.0406,2
15135,Campohermoso,Boyacá,0.69,6,-1.5472797854,-0.3897535946,0.6035963027,0.17136,Low-Low,1,1,1,-1.4733020258,0.16316,4
15162,Cerinza,Boyacá,0.6,5,-1.5982222583,-0.5261662166,0.8416813897,0.10876,Low-Low,1,1,1,-1.731142866,0.11024,4
15172,Chinavita,Boyacá,1.9,7,-0.862386538,-0.7985062941,0.6892359188,0.008,Low-Low,3,1,1,-2.2892852901,0.0086,1
15176,Chiquinquirá,Boyacá,1.94,6,-0.8397454389,-0.6529563714,0.5488067036,0.04268,Low-Low,3,1,1,-1.8038004748,0.04152,2
15180,Chiscas,Boyacá,1.06,6,-1.3378496188,-0.8067271694,1.0802432786,0.01276,Low-Low,3,1,1,-2.3424700248,0.01224,2
05002,Abejorral,Antioquia,2.9,7,-0.2963590608,-0.0376036427,0.0111541304,0.48512,Low-Low,1,1,1,-0.1985527714,0.48056,4
05004,Abriaquí,Antioquia,0,6,-1.9378387446,-0.0859855151,0.166774836,0.43628,Low-Low,1,1,1,-0.9303402881,0.4372,4
05021,Alejandría,Antioquia,1.42,5,-1.134079727,-0.2601333023,0.2952753079,0.29444,Low-Low,1,1,1,-0.9966517897,0.29376,4
05030,Amagá,Antioquia,5.04,5,0.9149397403,-0.2657935771,-0.2434022359,0.29052,High-Low,1,1,1,-0.1694804514,0.27992,4
05034,Andes,Antioquia,4.33,7,0.5130602315,0.018999105,0.0097563885,0.458,High-High,1,1,1,0.2292339976,0.45752,4
05036,Angelópolis,Antioquia,0.98,7,-1.383131817,0.2656253629,-0.3677229221,0.23136,Low-High,1,1,1,0.16898234,0.233,4
05038,Angostura,Antioquia,2.96,5,-0.2623974122,-0.4265453806,0.1120243365,0.16712,Low-Low,1,1,1,-0.9804327438,0.17016,4
05040,Anorí,Antioquia,5.94,8,1.4243644698,0.4253259726,0.6063601134,0.11316,High-High,1,1,1,1.6154888321,0.11324,4
05044,Anza,Antioquia,2.19,6,-0.6982385696,-0.1595690872,0.1115167709,0.36348,Low-Low,1,1,1,-0.6277410588,0.3618,4
05055,Argelia,Antioquia,3.13,4,-0.1661727411,-0.0586275204,0.0097509942,0.48824,Low-Low,1,1,1,-0.1795917703,0.47884,4
05059,Armenia,Antioquia,3.64,7,0.1225012723,-0.2712921297,-0.0332633039,0.24484,High-Low,1,1,1,-0.6303563175,0.23932,4
05091,Betania,Antioquia,2.21,5,-0.6869180201,0.1508026461,-0.1036815453,0.34164,Low-High,1,1,1,0.0274651053,0.34616,4
05093,Betulia,Antioquia,2.72,4,-0.3982440067,-0.0289110779,0.0115239435,0.49788,Low-Low,1,1,1,-0.230332092,0.49316,4
05101,Ciudad Bolívar,Antioquia,7.45,5,2.2790659603,-0.1910779501,-0.4358680725,0.35056,High-Low,1,1,1,0.5418405593,0.34936,4
05107,Briceño,Antioquia,2.8,5,-0.3529618085,-0.0303261465,0.0107135286,0.49988,Low-Low,1,1,1,-0.2065525562,0.49048,4
05113,Buriticá,Antioquia,8.01,6,2.5960413476,-0.6095609315,-1.5838582798,0.0572,High-Low,1,1,1,-0.4024012072,0.057,3
05120,Cáceres,Antioquia,5.8,6,1.345120623,1.0639936427,1.4324776484,0.0094,High-High,2,1,1,2.9304825028,0.01132,6
05125,Caicedo,Antioquia,1.86,4,-0.8850276371,-0.576542662,0.5107117757,0.11588,Low-Low,1,1,1,-1.4303407007,0.11224,4
05134,Campamento,Antioquia,3.74,4,0.17910402,-0.0713631386,-0.012792837,0.47108,High-Low,1,1,1,-0.0476669338,0.47204,4
05142,Caracolí,Antioquia,3.27,5,-0.0869288943,-0.1831535654,0.0159355524,0.35696,Low-Low,1,1,1,-0.4104491326,0.35968,4
05145,Caramanta,Antioquia,2.24,7,-0.6699371958,-0.4411003728,0.2957733946,0.11308,Low-Low,1,1,1,-1.3332923228,0.1106,4
05148,El Carmen de Viboral,Antioquia,3.55,8,0.0715587993,0.0390122194,0.0027941601,0.43772,High-High,1,1,1,0.1284019976,0.43844,4
05150,Carolina,Antioquia,2.4,4,-0.5793727994,-0.1166453368,0.0676414756,0.43244,Low-Low,1,1,1,-0.4688116041,0.43976,4
05172,Chigorodó,Antioquia,5.48,4,1.1639918303,0.9899383811,1.1533090097,0.03044,High-High,2,1,1,2.2965359296,0.03408,6
05190,Cisneros,Antioquia,2.35,2,-0.6076741733,-0.415224831,0.2525466929,0.29656,Low-Low,1,1,1,-0.8314144369,0.29588,4
05197,Cocorná,Antioquia,3.28,6,-0.0812686195,0.3441953675,-0.0279972576,0.19056,Low-High,1,1,1,0.7521972706,0.18952,4
05206,Concepción,Antioquia,1.76,6,-0.9416303848,-0.2340960383,0.2206287569,0.29408,Low-Low,1,1,1,-0.8895645054,0.2964,4
05209,Concordia,Antioquia,3.9,6,0.2696684164,0.0677852828,0.0182958709,0.41016,High-High,1,1,1,0.2564495971,0.411,4
05237,Don Matías,Antioquia,6.31,7,1.6337946364,-0.0845030622,-0.1381839182,0.43204,High-Low,1,1,1,0.3698211986,0.43108,4
05250,El Bagre,Antioquia,4.61,6,0.6715479252,1.0073908949,0.6771152932,0.01368,High-High,2,1,1,2.5463317082,0.01276,6
05264,Entrerrios,Antioquia,1.48,4,-1.1001180784,0.3970245987,-0.4371639154,0.19908,Low-High,1,1,1,0.2187197552,0.20172,4
05282,Fredonia,Antioquia,1.89,8,-0.8680468128,-0.0699480699,0.0607724119,0.4392,Low-Low,1,1,1,-0.477799005,0.4376,4
05284,Frontino,Antioquia,3.37,7,-0.0303261465,-0.1467660847,0.0044548238,0.36936,Low-Low,1,1,1,-0.375290967,0.36668,4
05306,Giraldo,Antioquia,3.99,4,0.3206108893,0.1366519592,0.0438512241,0.3678,High-High,1,1,1,0.388699833,0.36472,4
05313,Granada,Antioquia,2.99,6,-0.2454165879,-0.0529672456,0.013010647,0.47336,Low-Low,1,1,1,-0.2135449506,0.46988,4
05318,Guarne,Antioquia,3.99,5,0.3206108893,0.1349538768,0.0433063143,0.35616,High-High,1,1,1,0.4074541794,0.35472,4
05321,Guatape,Antioquia,4.28,6,0.4847588577,-0.5586184586,-0.2710370273,0.07636,High-Low,1,1,1,-1.0870051373,0.07336,3
05347,Heliconia,Antioquia,4.93,4,0.8526767179,-0.3812631824,-0.3253845017,0.22212,High-Low,1,1,1,-0.3013685424,0.2316,4
05353,Hispania,Antioquia,4.11,4,0.3885341866,0.4890040638,0.1901644344,0.15808,High-High,1,1,1,1.0508610314,0.16112,4
05361,Ituango,Antioquia,3.85,12,0.2413670425,0.6512652739,0.1573343248,0.01812,High-High,2,1,1,2.2475552393,0.01796,6
05368,Jericó,Antioquia,2.37,6,-0.5963536237,-0.4208851058,0.2512204619,0.143,Low-Low,1,1,1,-1.1835793594,0.14088,4
05390,La Pintada,Antioquia,3.66,5,0.1338218218,-0.6518243165,-0.0873062,0.05684,High-Low,1,1,1,-1.2793265888,0.05784,3
05400,La Unión,Antioquia,4.27,3,0.4790985829,-0.209568181,-0.1004934648,0.3826,High-Low,1,1,1,-0.0749367958,0.37884,4
05425,Maceo,Antioquia,3.05,4,-0.2114549392,-0.198719321,0.0420577,0.3616,Low-Low,1,1,1,-0.4510524915,0.36832,4
05440,Marinilla,Antioquia,3.86,5,0.2470273173,-0.0563634105,-0.0139357336,0.46992,High-Low,1,1,1,-0.0142410126,0.47296,4
05467,Montebello,Antioquia,3.37,4,-0.0303261465,-0.2241905575,0.0068049061,0.34584,Low-Low,1,1,1,-0.4155342663,0.34308,4
05483,Nariño,Antioquia,5.19,4,0.9998438619,-0.1831535654,-0.1832884726,0.37792,High-Low,1,1,1,0.1197761279,0.37824,4
05495,Nechí,Antioquia,6.44,5,1.7073782084,0.5719270892,0.9773677201,0.10356,High-High,1,1,1,1.8694853123,0.10632,4
05501,Olaya,Antioquia,2.49,4,-0.5284303265,-0.2326809696,0.1230654626,0.33136,Low-Low,1,1,1,-0.6540137784,0.3398,4
05541,Peñol,Antioquia,2.58,6,-0.4774878535,-0.1190037846,0.0568735964,0.4018,Low-Low,1,1,1,-0.4517613651,0.39828,4
05543,Peque,Antioquia,1.74,6,-0.9529509343,0.7083397112,-0.6756156798,0.05128,Low-High,1,1,1,1.250091038,0.05008,5
05576,Pueblorrico,Antioquia,3.16,6,-0.1491919168,0.3347615762,-0.0499883138,0.19744,Low-High,1,1,1,0.7049832065,0.19832,4
05579,Puerto Berrío,Antioquia,2.85,9,-0.3246604347,0.0791058324,-0.0257054648,0.3836,Low-High,1,1,1,0.1230224485,0.38732,4
05585,Puerto Nare,Antioquia,3.37,6,-0.0303261465,-0.2048512853,0.0062178968,0.3204,Low-Low,1,1,1,-0.477514491,0.31588,4
05591,Puerto Triunfo,Antioquia,2.57,5,-0.4831481283,0.4236278901,-0.2048577678,0.16648,Low-High,1,1,1,0.6692759196,0.16404,4
05604,Remedios,Antioquia,6.53,9,1.7583206813,0.3853895895,0.6782435199,0.12388,High-High,1,1,1,1.6602898067,0.12568,4
05607,Retiro,Antioquia,3.41,6,-0.0076850475,0.1536327835,-0.0011817294,0.32868,Low-High,1,1,1,0.3465855377,0.33496,4
05628,Sabanalarga,Antioquia,0.64,6,-1.5755811592,0.1196711349,-0.1887199351,0.36152,Low-High,1,1,1,-0.3251418295,0.36408,4
05642,Salgar,Antioquia,4.21,7,0.4451369343,0.1540370889,0.0686288186,0.32468,High-High,1,1,1,0.5405342285,0.32624,4
05647,San Andrés,Antioquia,3.9,7,0.2696684164,-0.8122526757,-0.2192344632,0.00732,High-Low,4,1,1,-1.9217501787,0.00808,1
05649,San Carlos,Antioquia,2.92,7,-0.2850385113,-0.0343692,0.0098052925,0.48968,Low-Low,1,1,1,-0.1865024399,0.4834,4
05652,San Francisco,Antioquia,7.46,4,2.2847262351,-0.1704179471,-0.3897059962,0.38804,High-Low,1,1,1,0.7185119241,0.39012,4
05658,San José de la Montaña,Antioquia,0.99,4,-1.3774715422,-0.2737179617,0.3773753446,0.30308,Low-Low,1,1,1,-1.1081396577,0.3022,4
05659,San Juan de Urabá,Antioquia,2.03,2,-0.788802966,0.7055095738,-0.5570049265,0.15272,Low-High,1,1,1,0.3597183383,0.15404,4
05660,San Luis,Antioquia,3.37,7,-0.0303261465,0.1532284782,-0.0046509782,0.3266,Low-High,1,1,1,0.3698211986,0.32644,4
05664,San Pedro,Antioquia,3.39,7,-0.019005597,0.5842179715,-0.0111133251,0.06764,Low-High,1,1,1,1.4443090925,0.06368,5
05665,San Pedro de Uraba,Antioquia,3.19,4,-0.1322110924,0.3361766449,-0.0444859657,0.23484,Low-High,1,1,1,0.5434578142,0.23752,4
25295,Gachancipá,Cundinamarca,4.48,6,0.5979643531,0.1913679487,0.1145333824,0.29968,High-High,1,1,1,0.66206133,0.29816,4
25335,Guayabetal,Cundinamarca,2.27,6,-0.6529563714,-0.1973042523,0.1289460964,0.32728,Low-Low,1,1,1,-0.6964160612,0.3308,4
25339,Gutiérrez,Cundinamarca,0.78,6,-1.4963373124,-0.1897572193,0.2841943261,0.33912,Low-Low,1,1,1,-0.9990152905,0.33228,4
25368,Jerusalén,Cundinamarca,3.32,8,-0.0586275204,0.1960848443,-0.0115062325,0.27516,Low-High,1,1,1,0.5053832461,0.27876,4
25372,Junín,Cundinamarca,2.11,8,-0.7435207678,-0.4187625028,0.3116366163,0.11264,Low-Low,1,1,1,-1.3700511057,0.10688,4
25377,La Calera,Cundinamarca,3.85,7,0.2413670425,-0.3578134726,-0.0864414907,0.17072,High-Low,1,1,1,-0.803077736,0.16608,4
25386,La Mesa,Cundinamarca,3.58,7,0.0885396237,0.3804480797,0.0337148055,0.15168,High-High,1,1,1,0.9763545518,0.15152,4
25394,La Palma,Cundinamarca,2.09,6,-0.7548413173,-0.1491919168,0.1127167732,0.37444,Low-Low,1,1,1,-0.6255949649,0.3744,4
25398,La Peña,Cundinamarca,4.46,4,0.5866438036,-0.8595564006,-0.5047036625,0.02652,High-Low,4,1,1,-1.2781197355,0.027,2
25402,La Vega,Cundinamarca,1.95,6,-0.8340851641,-0.1595690872,0.1332130424,0.3638,Low-Low,1,1,1,-0.6792473106,0.36028,4
25407,Lenguazaque,Cundinamarca,2.64,7,-0.4435262049,-0.430588434,0.1911477694,0.12064,Low-Low,1,1,1,-1.2268477277,0.1174,4
25426,Macheta,Cundinamarca,1.82,6,-0.9076687362,-0.7076723609,0.6429055882,0.0292,Low-Low,3,1,1,-1.9540270425,0.0294,2
25430,Madrid,Cundinamarca,5.4,7,1.1187096321,-0.4265453806,-0.4776064797,0.12368,High-Low,1,1,1,-0.6624905349,0.12556,4
25436,Manta,Cundinamarca,1.14,5,-1.2925674207,-0.7842747461,1.0146331,0.02476,Low-Low,3,1,1,-2.1343020056,0.02704,2
25438,Medina,Cundinamarca,4.86,6,0.8130547944,-0.3105097478,-0.2526868511,0.2324,High-Low,1,1,1,-0.3981090195,0.23144,4
25473,Mosquera,Cundinamarca,2.5,5,-0.5227700517,-0.118626433,0.0620697165,0.4176,Low-Low,1,1,1,-0.4567892636,0.41948,4
25483,Nariño,Cundinamarca,2.14,5,-0.7265399435,0.0579741399,-0.0421581359,0.42212,Low-High,1,1,1,-0.1787484776,0.4224,4
25486,Nemocón,Cundinamarca,4.17,6,0.4224958352,0.1196711349,0.0506056994,0.36116,High-High,1,1,1,0.4324292907,0.35988,4
25488,Nilo,Cundinamarca,3.69,7,0.1508026461,0.49931385,0.0753650801,0.09768,High-High,1,1,1,1.2936799485,0.09928,5
25489,Nimaima,Cundinamarca,2.61,7,-0.4605070292,-0.3359809842,0.1548597492,0.18632,Low-Low,1,1,1,-0.9978914289,0.18908,4
25491,Nocaima,Cundinamarca,2.27,5,-0.6529563714,-0.0008927177,0.0005834262,0.47352,Low-Low,1,1,1,-0.2691117331,0.47144,4
25506,Venecia,Cundinamarca,2.11,4,-0.7435207678,-0.6416358219,0.4774955139,0.084,Low-Low,1,1,1,-1.4836180385,0.08844,3
25513,Pacho,Cundinamarca,2.61,10,-0.4605070292,-0.1378713672,0.0635474219,0.34144,Low-Low,1,1,1,-0.5572868827,0.34376,4
25518,Paime,Cundinamarca,3.9,7,0.2696684164,-0.1871966188,-0.0505260881,0.31736,High-Low,1,1,1,-0.3692658013,0.3246,4
25524,Pandi,Cundinamarca,2.4,4,-0.5793727994,-0.433620724,0.2514523635,0.19372,Low-Low,1,1,1,-1.0371032073,0.18952,4
25530,Paratebueno,Cundinamarca,5,8,0.8922986413,0.4359389878,0.389335077,0.10872,High-High,1,1,1,1.4658329596,0.10876,4
25535,Pasca,Cundinamarca,2.1,5,-0.7491810426,-0.0167414871,0.0125536033,0.49,Low-Low,1,1,1,-0.3409389361,0.49584,4
25572,Puerto Salgar,Cundinamarca,2.63,5,-0.4491864797,0.0081637219,-0.0036703076,0.46544,Low-Low,1,1,1,-0.1671634449,0.46776,4
25580,Pulí,Cundinamarca,4.1,4,0.3828739118,0.1564629209,0.0599590577,0.3534,High-High,1,1,1,0.4521252351,0.35392,4
25592,Quebradanegra,Cundinamarca,4.03,4,0.3432519884,-0.3897535946,-0.133903146,0.22276,High-Low,1,1,1,-0.5449220867,0.22012,4
25594,Quetame,Cundinamarca,1.21,5,-1.2529454973,-0.0790045096,0.099076727,0.44776,Low-Low,1,1,1,-0.6745878793,0.45544,4
25596,Quipile,Cundinamarca,5.19,9,0.9998438619,-0.0699480699,-0.0699995923,0.43012,High-Low,1,1,1,0.117628528,0.4368,4
25599,Apulo,Cundinamarca,3.07,4,-0.2001343897,0.4352314534,-0.0871825534,0.18508,Low-High,1,1,1,0.6906047472,0.18208,4
25612,Ricaurte,Cundinamarca,6.32,8,1.6394549111,0.3092903398,0.5075203054,0.18104,High-High,1,1,1,1.3767971873,0.18348,4
25645,San Antonio del Tequendama,Cundinamarca,3.06,5,-0.2057946645,0.1836322398,-0.0378242767,0.3186,Low-High,1,1,1,0.291603852,0.31996,4
25649,San Bernardo,Cundinamarca,2.92,5,-0.2850385113,-0.6337114372,0.1807934434,0.06288,Low-Low,1,1,1,-1.4137129686,0.063,3
25653,San Cayetano,Cundinamarca,5.97,6,1.4413452941,-0.5010723317,-0.7228630851,0.1012,High-Low,1,1,1,-0.5934035576,0.10136,4
25658,San Francisco,Cundinamarca,2.83,5,-0.3359809842,-0.3235283797,0.1087964365,0.23664,Low-Low,1,1,1,-0.799706233,0.2418,4
25662,San Juan de Río Seco,Cundinamarca,1.9,7,-0.862386538,0.2850320193,-0.2460272476,0.21424,Low-High,1,1,1,0.401955416,0.21088,4
25718,Sasaima,Cundinamarca,6.42,5,1.6960576588,0.2153297785,0.365537802,0.2912,High-High,1,1,1,1.1349942361,0.29756,4
25736,Sesquilé,Cundinamarca,3.38,5,-0.0246658718,-0.2216434338,0.0054719098,0.32412,Low-Low,1,1,1,-0.4637402833,0.3254,4
25740,Sibaté,Cundinamarca,3.53,5,0.0602382498,0.1621231957,0.0097747372,0.33008,High-High,1,1,1,0.3564800354,0.33252,4
25743,Silvania,Cundinamarca,5.48,5,1.1639918303,0.2119336137,0.2469092529,0.30236,High-High,1,1,1,0.9102446007,0.29556,4
25745,Simijaca,Cundinamarca,2.92,6,-0.2850385113,-0.7425773887,0.2118521383,0.02164,Low-Low,3,1,1,-1.7973621933,0.02296,2
25754,Soacha,Cundinamarca,4.04,7,0.3489122632,-0.3853062358,-0.1345581047,0.148,High-Low,1,1,1,-0.8332035648,0.14912,4
25758,Sopó,Cundinamarca,2.78,7,-0.3642823581,0.0084871662,-0.0030944854,0.46844,Low-Low,1,1,1,-0.108175285,0.46788,4
25769,Subachoque,Cundinamarca,2.1,8,-0.7491810426,0.0354745477,-0.0266005879,0.43952,Low-High,1,1,1,-0.1557547224,0.43536,4
25772,Suesca,Cundinamarca,4.32,7,0.5073999568,-0.110378604,-0.0560561044,0.40188,High-Low,1,1,1,-0.0941165649,0.40148,4
25777,Supatá,Cundinamarca,3.05,5,-0.2114549392,-0.6993706246,0.1480174134,0.0424,Low-Low,3,1,1,-1.5179782634,0.04332,2
25779,Susa,Cundinamarca,1.71,6,-0.9699317587,-0.6831445036,0.6631951601,0.03452,Low-Low,3,1,1,-1.9218356351,0.03384,2
25781,Sutatausa,Cundinamarca,2.79,4,-0.3586220833,-0.4166398997,0.1495496762,0.2072,Low-Low,1,1,1,-0.9077153869,0.20072,4
25785,Tabio,Cundinamarca,2.37,5,-0.5963536237,-0.1208905429,0.0721578825,0.41528,Low-Low,1,1,1,-0.4915443618,0.41588,4
25793,Tausa,Cundinamarca,2.31,8,-0.6303152724,0.0758040054,-0.0478230834,0.39804,Low-High,1,1,1,-0.007993228,0.39504,4
25797,Tena,Cundinamarca,4.55,4,0.6375862765,-0.0091001162,-0.0058072896,0.47548,High-Low,1,1,1,0.2694600769,0.48468,4
25799,Tenjo,Cundinamarca,2.79,6,-0.3586220833,-0.2435298296,0.0874131527,0.27952,Low-Low,1,1,1,-0.6899777797,0.28072,4
25805,Tibacuy,Cundinamarca,4.34,5,0.5187205063,0.2798569109,0.1452971324,0.25272,High-High,1,1,1,0.7851262471,0.24944,4
25807,Tibirita,Cundinamarca,1.41,6,-1.1397400018,-1.0708733254,1.2216069133,0.00088,Low-Low,3,1,3,-2.8682630119,0.00088,1
25815,Tocaima,Cundinamarca,6.44,8,1.7073782084,0.2166033404,0.3701540231,0.25516,High-High,1,1,1,1.1513661895,0.25632,4
25817,Tocancipá,Cundinamarca,3.45,6,0.0149560516,0.1187277558,0.0017772839,0.36232,High-High,1,1,1,0.2757644415,0.36548,4
25823,Topaipí,Cundinamarca,5.04,6,0.9149397403,-0.3954138693,-0.3621028807,0.15944,High-Low,1,1,1,-0.5526277749,0.16124,4
25839,Ubalá,Cundinamarca,1.07,8,-1.3321893441,-0.4046118158,0.539500817,0.11772,Low-Low,1,1,1,-1.5291788689,0.11756,4
25841,Ubaque,Cundinamarca,2.03,5,-0.788802966,-0.5216379967,0.4118369826,0.11172,Low-Low,1,1,1,-1.3905429031,0.1142,4
25843,Villa de San Diego de Ubate,Cundinamarca,2.58,7,-0.4774878535,-0.6569994249,0.3139893427,0.02848,Low-Low,3,1,1,-1.8012468635,0.02908,2
25845,Une,Cundinamarca,1.22,5,-1.2472852225,-0.836349274,1.0440974886,0.01748,Low-Low,3,1,1,-2.2223482545,0.0186,2
25851,Útica,Cundinamarca,0.8,6,-1.4850167629,-0.1020229603,0.1516410793,0.4216,Low-Low,1,1,1,-0.7951363771,0.42348,4
25862,Vergara,Cundinamarca,1.45,6,-1.1170989027,-0.5595618377,0.6256440273,0.07288,Low-Low,1,1,1,-1.6964957835,0.07092,3
25867,Vianí,Cundinamarca,2.56,6,-0.4888084031,0.1470291296,-0.0719332429,0.33448,Low-High,1,1,1,0.1491449058,0.34292,4
25871,Villagómez,Cundinamarca,2.51,4,-0.5171097769,0.5413616054,-0.2801933284,0.136,Low-High,1,1,1,0.7388080528,0.13476,4
25873,Villapinzón,Cundinamarca,1.67,7,-0.9925728577,-0.9941900791,0.9876871648,0.00116,Low-Low,3,1,3,-2.8215082655,0.00112,1
25875,Villeta,Cundinamarca,4.68,9,0.7111698486,0.1765883423,0.1256964335,0.27888,High-High,1,1,1,0.7307374977,0.28164,4
25878,Viotá,Cundinamarca,4.19,8,0.4338163847,0.4415992626,0.1917440429,0.10656,High-High,1,1,1,1.3275433559,0.10508,4
25885,Yacopí,Cundinamarca,3.12,9,-0.1718330158,-0.3517039697,0.060488313,0.1416,Low-Low,1,1,1,-1.0600441265,0.14304,4
25898,Zipacón,Cundinamarca,3.85,5,0.2413670425,0.1100486678,0.0265858377,0.37932,High-High,1,1,1,0.3240419437,0.38284,4
25899,Zipaquirá,Cundinamarca,4.51,9,0.6149451774,-0.1774932906,-0.1092460972,0.31244,High-Low,1,1,1,-0.3120871429,0.30676,4
41001,Neiva,Huila,5.75,6,1.3168192491,1.1970100998,1.5776533033,0.00516,High-High,2,1,1,3.222351263,0.00524,7
41006,Acevedo,Huila,4.64,7,0.6885287495,0.8348872829,0.5753571503,0.02256,High-High,2,1,1,2.3179581277,0.02012,6
41013,Agrado,Huila,2.2,5,-0.6925782948,0.2889133506,-0.2002737721,0.24412,Low-High,1,1,1,0.3078228978,0.24072,4
41016,Aipe,Huila,5.32,6,1.073427434,0.5394748471,0.5796041429,0.09696,High-High,1,1,1,1.6342418326,0.09696,5
41020,Algeciras,Huila,3.17,8,-0.143531642,1.1519637464,-0.1654908759,0.00268,Low-High,5,1,5,3.036272432,0.0028,7
41026,Altamira,Huila,4.13,7,0.3998547361,0.1669748598,0.0668253007,0.30644,High-High,1,1,1,0.5566013372,0.31212,4
41078,Baraya,Huila,4.19,6,0.4338163847,0.7064529529,0.3067445007,0.05036,High-High,1,1,1,1.7715918374,0.04988,6
41132,Campoalegre,Huila,3.88,5,0.2583478668,0.17910402,0.046312455,0.32376,High-High,1,1,1,0.4723303628,0.32272,4
41206,Colombia,Huila,4.21,6,0.4451369343,-0.2897554069,-0.129095995,0.24316,High-Low,1,1,1,-0.490391054,0.243,4
41244,Elías,Huila,1.89,5,-0.8680468128,0.5390974955,-0.4683796858,0.11792,Low-High,1,1,1,0.7480541423,0.11372,4
41298,Garzón,Huila,3.96,6,0.303630065,0.6640008921,0.2017906435,0.06008,High-High,1,1,1,1.6256574573,0.06088,5
41306,Gigante,Huila,4.44,9,0.575323254,0.3564592962,0.2052624288,0.13932,High-High,1,1,1,1.2018065595,0.13996,4
41319,Guadalupe,Huila,3.08,4,-0.1944741149,0.7479616346,-0.1455890511,0.07144,Low-High,1,1,1,1.2538223183,0.0772,5
41357,Iquira,Huila,5.2,5,1.0055041367,0.1655193606,0.1665790003,0.33224,High-High,1,1,1,0.7503711488,0.33556,4
41359,Isnos,Huila,4.4,5,0.5526821549,0.526644891,0.2913271147,0.12224,High-High,1,1,1,1.3041357142,0.12104,4
41378,La Argentina,Huila,4.78,7,0.7677725963,0.2534962027,0.1948012122,0.23632,High-High,1,1,1,0.9020441741,0.23832,4
41396,La Plata,Huila,3.21,6,-0.1208905429,0.1074072062,-0.0129961088,0.37632,Low-High,1,1,1,0.1985050638,0.37348,4
41483,Nátaga,Huila,3.18,4,-0.1378713672,0.4776835142,-0.0659176818,0.15844,Low-High,1,1,1,0.7946224067,0.16096,4
41503,Oporapa,Huila,3.27,4,-0.0869288943,0.3800437744,-0.0330662822,0.2138,Low-High,1,1,1,0.6424014416,0.2092,4
41518,Paicol,Huila,4.07,7,0.3658930875,-0.0052592154,-0.0019260287,0.4806,High-Low,1,1,1,0.1167642367,0.48084,4
41524,Palermo,Huila,4.57,7,0.6489068261,0.5898782463,0.3831177849,0.06628,High-High,1,1,1,1.6953576658,0.06532,5
41530,Palestina,Huila,3.93,5,0.2866492407,0.9511654989,0.2728943063,0.02488,High-High,2,1,1,2.0641138625,0.02524,6
41548,Pital,Huila,3.07,6,-0.2001343897,0.2215560808,-0.0443805812,0.27584,Low-High,1,1,1,0.428137103,0.2734,4
41551,Pitalito,Huila,4.64,8,0.6885287495,0.4599951556,0.3170026748,0.09904,High-High,1,1,1,1.4620442033,0.09828,5
41615,Rivera,Huila,4.85,5,0.8073945197,0.9115435755,0.7366324081,0.02952,High-High,2,1,1,2.1961832358,0.02848,6
41660,Saladoblanco,Huila,5.21,6,1.0111644115,0.1772172618,0.1793557844,0.31248,High-High,1,1,1,0.7865347718,0.3112,4
41668,San Agustín,Huila,3.7,7,0.1564629209,0.230046493,0.0360258835,0.25336,High-High,1,1,1,0.6268949377,0.26012,4
41676,Santa María,Huila,3.97,3,0.3092903398,0.9262602899,0.2867391485,0.06332,High-High,1,1,1,1.5467977457,0.06552,5
41770,Suaza,Huila,4.96,6,0.8696575422,0.7187168816,0.625595626,0.04764,High-High,2,1,1,1.9647402816,0.0466,6
41791,Tarqui,Huila,4.5,6,0.6092849027,0.0809925906,0.049391623,0.39884,High-High,1,1,1,0.4152605401,0.39756,4
41797,Tesalia,Huila,3.75,5,0.1847642948,0.2232541632,0.0412862278,0.28568,High-High,1,1,1,0.5325725331,0.29068,4
41799,Tello,Huila,5.48,5,1.1639918303,1.0836159285,1.2624462667,0.0136,High-High,2,1,1,2.694339644,0.01468,6
41801,Teruel,Huila,5.4,6,1.1187096321,0.4394766595,0.4920857424,0.13804,High-High,1,1,1,1.4239246378,0.1346,4
41807,Timaná,Huila,4.26,6,0.4734383081,0.3979679779,0.1885815123,0.15776,High-High,1,1,1,1.0848418134,0.15936,4
41872,Villavieja,Huila,3.63,5,0.1168409975,0.3545725379,0.0414655989,0.1986,High-High,1,1,1,0.7735412143,0.20308,4
41885,Yaguará,Huila,2.2,7,-0.6925782948,0.5809835288,-0.4027358465,0.06908,Low-High,1,1,1,1.1972772963,0.06832,5
44035,Albania,La Guajira,2.58,4,-0.4774878535,-0.0869288943,0.0415445514,0.45428,Low-Low,1,1,1,-0.3698679767,0.4586,4
44078,Barrancas,La Guajira,3.52,4,0.054577975,0.0262766012,0.0014354042,0.45556,High-High,1,1,1,0.0715728222,0.456,4
44090,Dibulla,La Guajira,4.32,5,0.5073999568,0.2006130641,0.1018819449,0.30576,High-High,1,1,1,0.6183017755,0.3034,4
44098,Distracción,La Guajira,4.78,3,0.7677725963,0.2545743503,0.1956297235,0.3046,High-High,1,1,1,0.7671176777,0.3024,4
44110,El Molino,La Guajira,4.05,2,0.3545725379,0.17910402,0.0635620681,0.36816,High-High,1,1,1,0.4120758229,0.36148,4
44279,Fonseca,La Guajira,4.57,4,0.6489068261,0.234291699,0.152169227,0.30072,High-High,1,1,1,0.7109008759,0.2976,4
44378,Hatonuevo,La Guajira,3.08,3,-0.1944741149,-0.0982494438,0.0191240334,0.45912,Low-Low,1,1,1,-0.2450488107,0.4576,4
44420,La Jagua del Pilar,La Guajira,3.03,4,-0.2227754888,0.2880643094,-0.0642309652,0.2638,Low-High,1,1,1,0.4166070099,0.26076,4
44430,Maicao,La Guajira,2.83,4,-0.3359809842,-0.4958837465,0.1667562659,0.15468,Low-Low,1,1,1,-1.0396402234,0.15576,4
44560,Manaure,La Guajira,2.34,3,-0.613334448,-0.4095645563,0.2514243368,0.2484,Low-Low,1,1,1,-0.9226616698,0.24752,4
44650,San Juan del Cesar,La Guajira,3.4,7,-0.0133453222,0.445945545,-0.0059566006,0.11944,Low-High,1,1,1,1.1028830328,0.1194,4
44855,Urumita,La Guajira,1.56,3,-1.0548358802,0.164009954,-0.1731580516,0.36056,Low-High,1,1,1,-0.2819064139,0.36224,4
44874,Villanueva,La Guajira,4.08,4,0.3715533622,-0.092589169,-0.034432533,0.45588,High-Low,1,1,1,0.0005363718,0.4506,4
47030,Algarrobo,Magdalena,2.85,3,-0.3246604347,0.2262729764,-0.0735274739,0.32556,Low-High,1,1,1,0.1773960262,0.32144,4
18410,La Montañita,Caquetá,6.83,5,1.9281289245,1.8998275506,3.666383088,0.00056,High-High,2,1,2,4.6776972506,0.00052,7
18460,Milán,Caquetá,4.75,5,0.750791772,1.990391947,1.4957041556,0.00036,High-High,2,1,2,4.3811204122,0.00036,7
18479,Morelia,Caquetá,10.28,4,3.8809237208,1.147011006,4.4554367409,0.01856,High-High,2,1,1,3.7959124364,0.01716,6
18592,Puerto Rico,Caquetá,5.57,4,1.2149343032,1.6210590181,1.9712386732,0.0042,High-High,2,1,2,3.4508782487,0.00376,7
18610,San José del Fragua,Caquetá,6.91,6,1.9734111227,1.1422941103,2.2562285955,0.00708,High-High,2,1,1,3.3468247048,0.0074,7
18860,Valparaíso,Caquetá,5,7,0.8922986413,1.9200428177,1.7147812863,8e-05,High-High,2,1,2,5.0855176,4e-05,7
19001,Popayán,Cauca,3.38,6,-0.0246658718,-0.0076850475,0.0001897276,0.48192,Low-Low,1,1,1,-0.0268347878,0.48364,4
19022,Almaguer,Cauca,2.24,4,-0.6699371958,-0.2100398706,0.1408391589,0.35676,Low-Low,1,1,1,-0.6768469231,0.36272,4
19050,Argelia,Cauca,4.77,6,0.7621123215,-0.1274941968,-0.0972516527,0.39676,High-Low,1,1,1,-0.0010816619,0.39956,4
19075,Balboa,Cauca,5.29,5,1.0564466096,0.0466535903,0.0493310336,0.43368,High-High,1,1,1,0.52793852,0.43428,4
19100,Bolívar,Cauca,2.35,9,-0.6076741733,-0.0919602496,0.0559317632,0.40932,Low-Low,1,1,1,-0.4559250244,0.41032,4
19110,Buenos Aires,Cauca,1.88,7,-0.8737070875,0.1208840509,-0.1057115532,0.35652,Low-High,1,1,1,-0.0097642442,0.35424,4
19130,Cajibío,Cauca,3,6,-0.2397563131,-0.0369298004,0.0088620583,0.48652,Low-Low,1,1,1,-0.1749152617,0.49192,4
19137,Caldono,Cauca,2.18,6,-0.7038988444,-0.4020175232,0.2832323304,0.15904,Low-Low,1,1,1,-1.1814332656,0.16268,4
19142,Caloto,Cauca,2.74,8,-0.3869234572,-0.2850385113,0.1103865577,0.2092,Low-Low,1,1,1,-0.8926678162,0.20944,4
19212,Corinto,Cauca,3.2,5,-0.1265508177,0.0092957769,-0.0011774385,0.46024,Low-Low,1,1,1,-0.032777065,0.46468,4
19256,El Tambo,Cauca,4.76,10,0.7564520467,-0.1769272631,-0.1339564876,0.29752,High-Low,1,1,1,-0.3068862948,0.29428,4
19290,Florencia,Cauca,5.67,4,1.271537051,-0.6373906158,-0.8111894141,0.08576,High-Low,1,1,1,-0.5728292636,0.08724,3
19300,Guachene,Cauca,1.7,3,-0.9755920334,-0.6152212063,0.6007408049,0.1362,Low-Low,1,1,1,-1.4131513127,0.13464,4
19355,Inzá,Cauca,2.27,5,-0.6529563714,-0.0574954655,0.0375755502,0.47264,Low-Low,1,1,1,-0.3849620606,0.4698,4
19364,Jambaló,Cauca,2.4,6,-0.5793727994,-0.0973060647,0.0564268232,0.42604,Low-Low,1,1,1,-0.441030896,0.42636,4
19392,La Sierra,Cauca,1.77,6,-0.93597011,-0.0378731796,0.0354798142,0.48508,Low-Low,1,1,1,-0.441030896,0.4776,4
19397,La Vega,Cauca,4.14,6,0.4055150109,-0.4746577161,-0.1926526868,0.11496,High-Low,1,1,1,-0.9260481004,0.11216,4
19450,Mercaderes,Cauca,3.85,9,0.2413670425,-0.1592546275,-0.0384731388,0.33012,High-Low,1,1,1,-0.3786121631,0.32784,4
19455,Miranda,Cauca,2.63,7,-0.4491864797,0.4548402625,-0.2044905142,0.11504,Low-High,1,1,1,0.970329386,0.11772,4
19473,Morales,Cauca,3.33,7,-0.0529672456,-0.1702157945,0.0090239117,0.33912,Low-Low,1,1,1,-0.4415677904,0.33884,4
19513,Padilla,Cauca,1.98,5,-0.8171043398,-0.515977722,0.4219840713,0.11196,Low-Low,1,1,1,-1.3905429031,0.115,4
19517,Paez,Cauca,4.05,10,0.3545725379,0.2130656686,0.0756146878,0.23844,High-High,1,1,1,0.7530285224,0.2434,4
19532,Patía,Cauca,3.09,7,-0.1888138402,0.1855729055,-0.0350700175,0.29608,Low-High,1,1,1,0.3939218617,0.29736,4
19533,Piamonte,Cauca,3.47,7,0.0262766012,1.7793445591,0.046796873,8e-05,High-High,2,1,2,4.4287745322,4e-05,7
19548,Piendamó,Cauca,2.77,4,-0.3699426329,-0.3911686632,0.1448391705,0.22172,Low-Low,1,1,1,-0.8671231296,0.22004,4
19573,Puerto Tejada,Cauca,2.29,8,-0.6416358219,0.0510403033,-0.0327785274,0.42212,Low-High,1,1,1,-0.0780852189,0.42284,4
19585,Puracé,Cauca,3.44,9,0.0092957769,0.1074072062,0.0009993249,0.35604,High-High,1,1,1,0.3100116944,0.3586,4
19622,Rosas,Cauca,2.6,4,-0.466167304,-0.1973042523,0.0920589135,0.36704,Low-Low,1,1,1,-0.5626811993,0.36656,4
19693,San Sebastián,Cauca,2.25,5,-0.664276921,0.1326897669,-0.0882214487,0.36292,Low-High,1,1,1,-0.0003389733,0.3656,4
19698,Santander de Quilichao,Cauca,3.48,6,0.0319368759,-0.1680594993,-0.0053720876,0.35664,High-Low,1,1,1,-0.3702097998,0.35772,4
19701,Santa Rosa,Cauca,5.86,9,1.3790822716,-0.1340978507,-0.1850970864,0.3604,High-Low,1,1,1,0.0546994548,0.35624,4
19743,Silvia,Cauca,2.42,7,-0.5680522499,-0.3076796104,0.1749341468,0.20892,Low-Low,1,1,1,-0.9657572115,0.209,4
19760,Sotara,Cauca,2.08,7,-0.7605015921,-0.1006752759,0.076632068,0.4174,Low-Low,1,1,1,-0.5198949452,0.41532,4
19780,Suárez,Cauca,3.82,3,0.2243862182,-0.3039060938,-0.0682532251,0.31808,High-Low,1,1,1,-0.3442808194,0.31532,4
19785,Sucre,Cauca,3.47,5,0.0262766012,-0.3993760617,-0.0105036154,0.1834,High-Low,1,1,1,-0.8066572526,0.18396,4
19807,Timbío,Cauca,3.69,4,0.1508026461,-0.1237206803,-0.0186740644,0.42616,High-Low,1,1,1,-0.1542216094,0.42836,4
19821,Toribio,Cauca,4.64,5,0.6885287495,0.054577975,0.0376120571,0.41892,High-High,1,1,1,0.3935521402,0.42896,4
19824,Totoró,Cauca,3.49,5,0.0375971507,-0.2952270059,-0.0111096047,0.26132,High-Low,1,1,1,-0.5888586369,0.25952,4
19845,Villa Rica,Cauca,3.67,4,0.1394820966,0.0998601732,0.0139411427,0.39028,High-High,1,1,1,0.2415529,0.39436,4
20011,Aguachica,Cesar,4.08,8,0.3715533622,0.787583558,0.2928905952,0.01992,High-High,2,1,1,2.2330561035,0.0208,6
20013,Agustín Codazzi,Cesar,5.71,3,1.29417815,1.528136174,1.9794462327,0.01244,High-High,2,1,1,2.9445514678,0.01188,6
20032,Astrea,Cesar,6.63,5,1.8149234291,0.6602273756,1.1993320094,0.07668,High-High,1,1,1,2.0942349477,0.07348,5
20060,Bosconia,Cesar,7.3,5,2.1941618388,0.5934361333,1.3032575022,0.09732,High-High,1,1,1,2.1127710001,0.09628,5
20175,Chimichagua,Cesar,4.32,9,0.5073999568,0.4457658537,0.2263835227,0.09652,High-High,1,1,1,1.4355431169,0.0918,5
20178,Chiriguaná,Cesar,5.63,5,1.2488959519,1.2488959519,1.5611337246,0.00812,High-High,2,1,1,3.0673776985,0.00788,7
20228,Curumaní,Cesar,5.67,3,1.271537051,0.8130547944,1.0347523575,0.08436,High-High,1,1,1,1.858669773,0.08424,5
20238,El Copey,Cesar,6.98,6,2.0130330461,0.2328766303,0.4692069136,0.26664,High-High,1,1,1,1.2930129145,0.26432,4
20250,El Paso,Cesar,6.65,11,1.8262439786,0.8629681265,1.577397479,0.00516,High-High,2,1,1,3.2851134995,0.00436,7
20295,Gamarra,Cesar,4.53,4,0.626265727,0.4918342011,0.3082939204,0.15676,High-High,1,1,1,1.1624897392,0.15868,4
20310,González,Cesar,5.75,4,1.3168192491,0.9701274194,1.2786230693,0.03464,High-High,2,1,1,2.3295171387,0.03456,6
20383,La Gloria,Cesar,5.75,7,1.3168192491,0.7338109476,0.9671591457,0.03404,High-High,2,1,1,2.2898406875,0.03364,6
20517,Pailitas,Cesar,3.47,4,0.0262766012,0.6956040929,0.0182944311,0.08544,High-High,1,1,1,1.2588963505,0.08504,5
20550,Pelaya,Cesar,5.41,4,1.1243699069,0.6234355896,0.7015980839,0.10704,High-High,1,1,1,1.6216896507,0.1054,4
20614,Río de Oro,Cesar,7.73,4,2.4375536539,0.5286259872,1.2897047014,0.1404,High-High,1,1,1,2.0402973049,0.14,4
20621,La Paz,Cesar,6.3,6,1.6281343616,0.8724876796,1.421795499,0.02528,High-High,2,1,1,2.6021301476,0.026,6
20710,San Alberto,Cesar,5.95,4,1.4300247446,0.7139999859,1.0219492883,0.08172,High-High,1,1,1,1.9210575489,0.0814,5
20750,San Diego,Cesar,6.53,2,1.7583206813,0.985693175,1.7347121635,0.08608,High-High,1,1,1,2.1562345295,0.08792,5
20770,San Martín,Cesar,3.38,8,-0.0246658718,1.0430034571,-0.0257495597,0.0044,Low-High,5,1,5,2.7843201403,0.00412,7
20787,Tamalameque,Cesar,4.25,7,0.4677780334,0.6505240474,0.3045725568,0.05052,High-High,1,1,1,1.781718375,0.04748,6
23001,Montería,Córdoba,2.98,11,-0.2510768626,0.1955702739,-0.0491470129,0.24804,Low-High,1,1,1,0.5514991457,0.25036,4
23068,Ayapel,Córdoba,3.3,10,-0.0699480699,0.5317391383,-0.0372273355,0.05004,Low-High,1,1,1,1.589983912,0.05208,5
23079,Buenavista,Córdoba,3.81,5,0.2187259434,-0.0665519051,-0.0145696252,0.46796,High-Low,1,1,1,-0.0466791043,0.45984,4
23090,Canalete,Córdoba,3.41,3,-0.0076850475,0.318724131,-0.002451597,0.26696,Low-High,1,1,1,0.4750920522,0.26224,4
23162,Cereté,Córdoba,3.17,4,-0.143531642,0.1111807227,-0.0159721999,0.39056,Low-High,1,1,1,0.1349982244,0.38312,4
23168,Chimá,Córdoba,2.87,7,-0.3133398851,-0.1702157945,0.0533830184,0.33476,Low-Low,1,1,1,-0.5339536654,0.34476,4
23182,Chinú,Córdoba,3.15,8,-0.1548521915,-0.1258432833,0.0195045074,0.37672,Low-Low,1,1,1,-0.3887632327,0.37876,4
23189,Ciénaga de Oro,Córdoba,4.28,8,0.4847588577,-0.0855138256,-0.0414905965,0.41964,High-Low,1,1,1,-0.0667189501,0.42072,4
23300,Cotorra,Córdoba,2.53,3,-0.5057892274,-0.0359864213,0.0182177956,0.49108,Low-Low,1,1,1,-0.3074232161,0.49092,4
23350,La Apartada,Córdoba,4.61,4,0.6715479252,0.1140108601,0.0766321171,0.3806,High-High,1,1,1,0.5054025729,0.38048,4
23417,Lorica,Córdoba,4.03,9,0.3432519884,-0.3215158376,-0.1104594871,0.16804,High-Low,1,1,1,-0.8101258075,0.16896,4
23419,Los Córdobas,Córdoba,4.87,4,0.8187150692,0.0475026316,0.0389258445,0.42456,High-High,1,1,1,0.4521252351,0.4354,4
23464,Momil,Córdoba,1.33,5,-1.1850222,-0.0020247727,0.0024015429,0.47472,Low-Low,1,1,1,-0.4892273553,0.47476,4
23466,Montelíbano,Córdoba,3.43,9,0.0036355021,0.7891558565,0.0028715393,0.0158,High-High,2,1,1,2.2572170147,0.01504,6
23500,Moñitos,Córdoba,2.95,3,-0.268057687,-0.0718348282,0.0192730706,0.4812,Low-Low,1,1,1,-0.2422136104,0.47788,4
23555,Planeta Rica,Córdoba,1.67,6,-0.9925728577,0.2847624824,-0.2828998748,0.2278,Low-High,1,1,1,0.2714722538,0.228,4
23570,Pueblo Nuevo,Córdoba,3.52,7,0.054577975,0.0788362955,0.0043065671,0.38716,High-High,1,1,1,0.2151752775,0.39664,4
23574,Puerto Escondido,Córdoba,3.53,5,0.0602382498,0.1009922282,0.0060890268,0.38944,High-High,1,1,1,0.2313616817,0.38568,4
23586,Purísima,Córdoba,4.05,5,0.3545725379,-0.2850385113,-0.1011570666,0.27456,High-Low,1,1,1,-0.4382532112,0.2742,4
23660,Sahagún,Córdoba,2.81,5,-0.3473015338,0.0364650958,-0.0126756912,0.4372,Low-High,1,1,1,-0.0675321632,0.44028,4
23670,San Andrés Sotavento,Córdoba,3.44,6,0.0092957769,-0.1048530977,-0.0009755613,0.41888,High-Low,1,1,1,-0.2350058888,0.42652,4
23672,San Antero,Córdoba,2.93,4,-0.2793782365,-0.0076850475,0.002148952,0.47844,Low-Low,1,1,1,-0.1389995129,0.48048,4
23675,San Bernardo del Viento,Córdoba,2.33,3,-0.6189947228,-0.0680613117,0.0421672085,0.48672,Low-Low,1,1,1,-0.4123256253,0.48604,4
23678,San Carlos,Córdoba,4.04,5,0.3489122632,-0.1695689059,-0.0592174963,0.37752,High-Low,1,1,1,-0.2042355497,0.37412,4
23682,San José de Uré,Córdoba,8.54,5,2.8960359105,0.8911665863,2.5831547669,0.02924,High-High,2,1,1,3.0094525348,0.03216,6
23686,San Pelayo,Córdoba,3.18,7,-0.1378713672,-0.0464983602,0.0064165164,0.47712,Low-Low,1,1,1,-0.1644101654,0.47364,4
23815,Tuchín,Córdoba,3.07,5,-0.2001343897,-0.3823952374,0.0765987682,0.19532,Low-Low,1,1,1,-0.8645824164,0.19684,4
23855,Valencia,Córdoba,4.51,5,0.6149451774,0.4643818685,0.2858243632,0.14512,High-High,1,1,1,1.202187426,0.146,4
25001,Agua de Dios,Cundinamarca,3.67,3,0.1394820966,1.1658785886,0.1627643856,0.03324,High-High,2,1,1,1.8218121698,0.0336,6
25019,Albán,Cundinamarca,7.29,5,2.188501564,0.4926832424,1.079200759,0.13204,High-High,1,1,1,1.9042404106,0.13016,4
25035,Anapoima,Cundinamarca,2.82,6,-0.341641259,0.3243844058,-0.110922046,0.20684,Low-High,1,1,1,0.6084089843,0.20604,4
25040,Anolaima,Cundinamarca,4.05,7,0.3545725379,0.4896105218,0.1737574475,0.09708,High-High,1,1,1,1.3418812746,0.09708,5
25053,Arbeláez,Cundinamarca,3.14,6,-0.1605124663,-0.415224831,0.0667082695,0.14916,Low-Low,1,1,1,-1.0054535719,0.15052,4
25086,Beltrán,Cundinamarca,4.39,7,0.5470218802,-0.4338228767,-0.2375224901,0.11572,High-Low,1,1,1,-0.8834132794,0.11952,4
25095,Bituima,Cundinamarca,2.1,5,-0.7491810426,0.3228749992,-0.2421078034,0.2258,Low-High,1,1,1,0.3541630288,0.22056,4
25099,Bojacá,Cundinamarca,2.36,8,-0.6020138985,0.1713211422,-0.1032297959,0.29412,Low-High,1,1,1,0.2572197107,0.304,4
25120,Cabrera,Cundinamarca,1.38,8,-1.1567208261,-0.2072097332,0.2398978171,0.28644,Low-Low,1,1,1,-0.9419216476,0.28596,4
25123,Cachipay,Cundinamarca,5.27,4,1.0451260601,0.4210807665,0.4404754133,0.18788,High-High,1,1,1,1.2233781252,0.19096,4
25126,Cajicá,Cundinamarca,3.29,4,-0.0756083447,-0.0954193064,0.0072209373,0.45128,Low-Low,1,1,1,-0.2049619311,0.4384,4
25148,Caparrapí,Cundinamarca,3.42,5,-0.0020247727,-0.6371076021,0.0012911499,0.06468,Low-Low,1,1,1,-1.3048136608,0.0644,3
25151,Caqueza,Cundinamarca,2.4,6,-0.5793727994,-0.7633317295,0.4426485103,0.0188,Low-Low,3,1,1,-1.9561731363,0.01952,2
25154,Carmen de Carupa,Cundinamarca,2.04,8,-0.7831426912,-0.304849473,0.238953798,0.19396,Low-Low,1,1,1,-1.0783168732,0.19472,4
25168,Chaguaní,Cundinamarca,5.38,4,1.1073890826,-0.5227700517,-0.5794267317,0.14376,High-Low,1,1,1,-0.4409044271,0.14096,4
25175,Chía,Cundinamarca,3.36,7,-0.0359864213,-0.2785696258,0.0100336746,0.2306,Low-Low,1,1,1,-0.7046666952,0.23496,4
25178,Chipaque,Cundinamarca,1.94,4,-0.8397454389,-0.7859728286,0.6606063989,0.04376,Low-Low,3,1,1,-1.7855229527,0.04496,2
25181,Choachí,Cundinamarca,1.75,4,-0.9472906596,-0.1973042523,0.1870713543,0.36756,Low-Low,1,1,1,-0.7783275666,0.36948,4
25183,Chocontá,Cundinamarca,1.8,7,-0.9189892857,-0.3966267853,0.3648212088,0.14184,Low-Low,1,1,1,-1.3112000484,0.14012,4
25200,Cogua,Cundinamarca,2.74,4,-0.3869234572,-0.0133453222,0.0051682286,0.48544,Low-Low,1,1,1,-0.1973508829,0.48632,4
25214,Cota,Cundinamarca,2.95,4,-0.268057687,-0.4633371666,0.124311983,0.17848,Low-Low,1,1,1,-0.9508446604,0.17532,4
25224,Cucunubá,Cundinamarca,3.82,6,0.2243862182,-0.3869234572,-0.0868978094,0.16808,High-Low,1,1,1,-0.7951363771,0.16716,4
25245,El Colegio,Cundinamarca,4.63,6,0.6828684747,0.0772190741,0.0527775521,0.39984,High-High,1,1,1,0.4345753845,0.40372,4
25258,El Peñón,Cundinamarca,2.12,6,-0.737860493,-0.2152284558,0.1589503678,0.3068,Low-Low,1,1,1,-0.7693832512,0.3174,4
25260,El Rosal,Cundinamarca,4.33,4,0.5130602315,-0.0756083447,-0.0388262702,0.46848,High-Low,1,1,1,0.094405967,0.46356,4
25269,Facatativá,Cundinamarca,2.83,9,-0.3359809842,0.48224318,-0.162169203,0.07792,Low-High,1,1,1,1.2719275267,0.07788,5
25279,Fomeque,Cundinamarca,3.93,8,0.2866492407,-0.3734803046,-0.1071534331,0.14084,High-Low,1,1,1,-0.904034085,0.14028,4
25281,Fosca,Cundinamarca,2.12,5,-0.737860493,-1.0457794406,0.7723282973,0.00352,Low-Low,3,1,3,-2.4424638767,0.00368,1
25286,Funza,Cundinamarca,1.78,5,-0.9303098353,-0.1118341033,0.1041332594,0.42492,Low-Low,1,1,1,-0.6097116959,0.42436,4
25288,Fúquene,Cundinamarca,1.22,5,-1.2472852225,-0.7548413173,0.9423430476,0.03212,Low-Low,3,1,1,-2.0555237829,0.03288,2
25290,Fusagasugá,Cundinamarca,3.77,6,0.1960848443,0.0479743211,0.0094154364,0.42948,High-High,1,1,1,0.183482407,0.43472,4
25293,Gachala,Cundinamarca,1.32,7,-1.1906824748,-0.6036311199,0.7193747215,0.0414,Low-Low,3,1,1,-1.9217501787,0.04292,2
25297,Gachetá,Cundinamarca,2.57,7,-0.4831481283,-0.9448648275,0.4569172708,0.00152,Low-Low,3,1,3,-2.5182415889,0.002,1
25299,Gama,Cundinamarca,0.88,4,-1.4397345647,-0.9373851787,1.3507908296,0.01568,Low-Low,3,1,1,-2.325907379,0.016,2
25307,Girardot,Cundinamarca,4.05,5,0.3545725379,0.5345692757,0.1897128201,0.1146,High-High,1,1,1,1.2392595308,0.11812,4
25312,Granada,Cundinamarca,3.16,6,-0.1491919168,0.414005423,-0.0618214111,0.14968,Low-High,1,1,1,0.8852550877,0.1528,4
25317,Guachetá,Cundinamarca,1.62,6,-1.0208742316,-0.5850330742,0.5977784447,0.06532,Low-Low,1,1,1,-1.7179567218,0.06556,3
25320,Guaduas,Cundinamarca,2.85,10,-0.3246604347,-0.0127792948,0.0041526358,0.49668,Low-Low,1,1,1,-0.1370941153,0.49812,4
25322,Guasca,Cundinamarca,3.12,5,-0.1718330158,-0.2476806978,0.042597721,0.29928,Low-Low,1,1,1,-0.5772736042,0.30516,4
25324,Guataquí,Cundinamarca,2.01,5,-0.8001235155,-0.3801311274,0.3044234182,0.19712,Low-Low,1,1,1,-1.1055510975,0.19768,4
25326,Guatavita,Cundinamarca,2.74,7,-0.3869234572,-0.2454165879,0.0950422181,0.2664,Low-Low,1,1,1,-0.7468428555,0.26888,4
25328,Guayabal de Siquima,Cundinamarca,3.49,4,0.0375971507,0.626265727,0.02356683,0.10576,High-High,1,1,1,1.1396565944,0.10656,4
63190,Circasia,Quindio,3.45,5,0.0149560516,0.4462689892,0.0066803813,0.15564,High-High,1,1,1,0.9195126269,0.15684,4
63212,Córdoba,Quindio,3.47,4,0.0262766012,0.3007999276,0.0079110569,0.25188,High-High,1,1,1,0.5510688625,0.25912,4
63272,Filandia,Quindio,3.95,6,0.2979697902,0.9460712516,0.2821523494,0.01904,High-High,2,1,1,2.2651934171,0.01796,6
63302,Génova,Quindio,5.14,4,0.9715424881,1.0705972966,1.0410594494,0.02804,High-High,2,1,1,2.3548872996,0.0242,6
63401,La Tebaida,Quindio,5.03,7,0.9092794656,1.3815081037,1.2572985367,0.001,High-High,2,1,2,3.7539559671,0.00124,7
63470,Montenegro,Quindio,5.4,6,1.1187096321,0.8177716901,0.9156658961,0.0314,High-High,2,1,1,2.2845082615,0.03248,6
63548,Pijao,Quindio,4.53,7,0.626265727,0.4273474993,0.2678720504,0.1274,High-High,1,1,1,1.2836380055,0.12768,4
63594,Quimbaya,Quindio,4.74,6,0.7451314972,0.8149415527,0.6077807966,0.03244,High-High,2,1,1,2.1364277876,0.03064,6
63690,Salento,Quindio,1.95,9,-0.8340851641,0.377213637,-0.3149092165,0.13128,Low-High,1,1,1,0.8134442795,0.12648,4
66001,Pereira,Risaralda,5.49,13,1.1696521051,0.8735761939,1.022692538,0.00216,High-High,2,1,2,3.3688550903,0.00244,7
66045,Apía,Risaralda,4.58,5,0.6545671008,0.9387128944,0.6149991944,0.02768,High-High,2,1,1,2.1892322162,0.0288,6
66088,Belén de Umbría,Risaralda,5.06,6,0.9262602899,0.5545689132,0.5141338008,0.09212,High-High,1,1,1,1.6127808944,0.08936,5
66318,Guática,Risaralda,3.48,5,0.0319368759,0.6149451774,0.019656963,0.08888,High-High,1,1,1,1.2716976225,0.08748,5
66383,La Celia,Risaralda,3.52,4,0.054577975,1.8021878108,0.0984475826,0.00204,High-High,2,1,2,3.2555280101,0.002,7
66400,La Virginia,Risaralda,6.15,5,1.54323024,1.4730428328,2.2752739268,0.00268,High-High,2,1,2,3.646629336,0.00328,7
66440,Marsella,Risaralda,5.28,6,1.0507863349,1.2366320232,1.300596242,0.004,High-High,2,1,2,3.2116207939,0.0056,7
66572,Pueblo Rico,Risaralda,3.42,7,-0.0020247727,0.7944567488,-0.0016100306,0.02472,Low-High,5,1,1,1.9725152908,0.0258,6
66594,Quinchía,Risaralda,3.78,5,0.2017451191,0.0738229093,0.0149067093,0.4106,High-High,1,1,1,0.2336786882,0.40764,4
66682,Santa Rosa de Cabal,Risaralda,5.57,7,1.2149343032,0.6133279561,0.7458184883,0.06016,High-High,1,1,1,1.9544397935,0.0588,5
66687,Santuario,Risaralda,7.8,9,2.4771755774,0.8702864616,2.1577772361,0.008,High-High,2,1,1,3.2748700261,0.00872,7
68013,Aguada,Santander,0.44,4,-1.6887866547,-0.9161591483,1.5485787695,0.02,Low-Low,3,1,1,-2.3994808455,0.01816,2
68020,Albania,Santander,1.3,6,-1.2020030243,-1.0887975289,1.3099064386,0.00076,Low-Low,3,1,3,-2.9326458266,0.00076,1
68051,Aratoca,Santander,1.39,5,-1.1510605514,0.2991018452,-0.3445917315,0.23716,Low-High,1,1,1,0.1409984262,0.2368,4
68077,Barbosa,Santander,4.26,6,0.4734383081,0.1592930583,0.0754827712,0.32988,High-High,1,1,1,0.5418800758,0.3264,4
68079,Barichara,Santander,1.67,5,-0.9925728577,-0.6767295255,0.6723030942,0.05112,Low-Low,1,1,1,-1.7913850362,0.05272,3
68081,Barrancabermeja,Santander,3.48,8,0.0319368759,0.6163602461,0.0197021963,0.04616,High-High,2,1,1,1.6609539073,0.04516,6
68092,Betulia,Santander,3.53,4,0.0602382498,0.2696684164,0.0162588573,0.2748,High-High,1,1,1,0.5104766051,0.27444,4
68101,Bolívar,Santander,2.4,10,-0.5793727994,0.0064656395,-0.0037493603,0.47224,Low-Low,1,1,1,-0.155959913,0.47212,4
68121,Cabrera,Santander,0.42,6,-1.7001072042,-0.7869162077,1.3390364156,0.01676,Low-Low,3,1,1,-2.4347520593,0.01608,2
68132,California,Santander,1.46,3,-1.111438628,-0.2850385113,0.3170856715,0.32852,Low-Low,1,1,1,-0.9850360753,0.32688,4
68147,Capitanejo,Santander,1.23,7,-1.2416249477,-0.9804436975,1.2184302684,0.00132,Low-Low,3,1,3,-2.8757347574,0.00136,1
68152,Carcasí,Santander,2.25,5,-0.664276921,-0.9529509343,0.6335885119,0.00816,Low-Low,3,1,1,-2.2223482545,0.007,1
68160,Cepitá,Santander,5.59,6,1.2262548528,-0.466167304,-0.5721503115,0.119,High-Low,1,1,1,-0.5955496514,0.121,4
68162,Cerrito,Santander,3.19,4,-0.1322110924,-0.7138043252,0.0944571111,0.06188,Low-Low,1,1,1,-1.3390081216,0.06148,3
68167,Charalá,Santander,2.41,11,-0.5737125246,-0.6081887437,0.3492370402,0.0134,Low-Low,3,1,1,-2.108189339,0.01372,2
68169,Charta,Santander,3.79,6,0.2074053939,-0.2105115601,-0.0437002163,0.31852,High-Low,1,1,1,-0.4002551133,0.31688,4
68176,Chima,Santander,1.18,6,-1.2699263216,-0.5406942551,0.6872549396,0.08248,Low-Low,1,1,1,-1.7115184403,0.07872,3
68179,Chipatá,Santander,0.4,4,-1.7114277538,-0.1463617794,0.250711261,0.4128,Low-Low,1,1,1,-1.0294921591,0.40728,4
68190,Cimitarra,Santander,4.13,5,0.3998547361,0.1315577119,0.052650942,0.3598,High-High,1,1,1,0.4329412515,0.36336,4
68207,Concepción,Santander,2.42,8,-0.5680522499,-0.701068707,0.398599231,0.01548,Low-Low,3,1,1,-2.0671822587,0.01476,2
68209,Confines,Santander,2.21,6,-0.6869180201,-0.3840933198,0.2640761947,0.17176,Low-Low,1,1,1,-1.1342192014,0.16908,4
68211,Contratación,Santander,0.18,4,-1.8359537987,-0.96851669,1.7797395317,0.0134,Low-Low,3,1,1,-2.5593128589,0.01364,2
68217,Coromoro,Santander,1.71,7,-0.9699317587,-0.6165688908,0.5985637037,0.03912,Low-Low,3,1,1,-1.8755572412,0.0404,2
68229,Curití,Santander,3.31,7,-0.0642877952,-0.2818040686,0.0181327377,0.22956,Low-Low,1,1,1,-0.7227421925,0.23108,4
68235,El Carmen de Chucurí,Santander,4.06,4,0.3602328127,-0.1350412298,-0.0486897162,0.41524,High-Low,1,1,1,-0.0806481429,0.41912,4
68245,El Guacamayo,Santander,1.08,5,-1.3265290693,-1.1306835622,1.5012237961,0.00104,Low-Low,3,1,3,-2.8572080491,0.00116,1
68250,El Peñón,Santander,2.84,2,-0.3303207095,-0.6048440359,0.1999708972,0.19228,Low-Low,1,1,1,-0.8903166071,0.19304,4
68255,El Playón,Santander,3.18,4,-0.1378713672,-0.2779631678,0.0383573791,0.299,Low-Low,1,1,1,-0.5601441832,0.30524,4
68264,Encino,Santander,1.53,7,-1.0718167046,-0.8025493476,0.86095382,0.00936,Low-Low,3,1,1,-2.3736376107,0.00968,1
68266,Enciso,Santander,1.54,6,-1.0661564298,-0.7916331034,0.8447582988,0.0174,Low-Low,3,1,1,-2.20512002,0.01548,2
68271,Florián,Santander,2.38,6,-0.590693349,-0.7123892565,0.4211793132,0.02716,Low-Low,3,1,1,-1.8445762575,0.02948,2
68276,Floridablanca,Santander,4.82,4,0.7904136954,0.8625821987,0.6824055304,0.05236,High-High,1,1,1,1.9007614202,0.04816,6
68296,Galán,Santander,1.69,7,-0.9812523082,-0.5268131051,0.5173981259,0.07204,Low-Low,1,1,1,-1.6566428853,0.07308,3
68298,Gambita,Santander,2.18,10,-0.7038988444,-0.1537201366,0.1083000367,0.31888,Low-Low,1,1,1,-0.6790570316,0.32536,4
68318,Guaca,Santander,3.04,7,-0.217115214,-0.1572780236,0.0341779405,0.35628,Low-Low,1,1,1,-0.467676842,0.35432,4
68320,Guadalupe,Santander,1.95,8,-0.8340851641,-1.0286571094,0.8587536943,0.00016,Low-Low,3,1,3,-3.0333151066,0.00032,1
68322,Guapotá,Santander,3.53,5,0.0602382498,-0.8023876254,-0.048377582,0.02212,High-Low,4,1,1,-1.617609545,0.02328,2
68324,Guavatá,Santander,5.14,6,0.9715424881,-0.3850366989,-0.374413512,0.17048,High-Low,1,1,1,-0.5075598046,0.16916,4
68327,Güepsa,Santander,4.66,5,0.699849299,-0.3586220833,-0.2512055042,0.20736,High-Low,1,1,1,-0.4475212374,0.21408,4
68344,Hato,Santander,2.31,4,-0.6303152724,-0.4647522353,0.2932019857,0.17256,Low-Low,1,1,1,-1.115750706,0.1702,4
68368,Jesús María,Santander,1.94,6,-0.8397454389,-0.3793764241,0.3188640679,0.1734,Low-Low,1,1,1,-1.1814332656,0.17344,4
68370,Jordán,Santander,2.58,4,-0.4774878535,-0.4987138839,0.2383424379,0.15136,Low-Low,1,1,1,-1.1081396577,0.1542,4
68377,La Belleza,Santander,3.65,5,0.1281615471,-0.6314473273,-0.0809995228,0.06504,High-Low,1,1,1,-1.2399374774,0.06508,3
68385,Landázuri,Santander,3.72,4,0.1677834705,0.4083451483,0.068574739,0.19252,High-High,1,1,1,0.8073074872,0.19384,4
68397,La Paz,Santander,1.92,6,-0.8510659885,-0.9340833518,0.7956763627,0.00456,Low-Low,3,1,1,-2.4476286222,0.00432,1
68406,Lebríja,Santander,4.82,3,0.7904136954,0.7941872119,0.6282969279,0.08544,High-High,1,1,1,1.5893257495,0.09056,5
68418,Los Santos,Santander,2.2,6,-0.6925782948,-0.0454202126,0.0314851401,0.48372,Low-Low,1,1,1,-0.3659176121,0.47588,4
68425,Macaravita,Santander,1.2,8,-1.258605772,-1.1333721927,1.4277424164,0.00016,Low-Low,3,1,3,-3.4557614303,0.00016,1
47058,Ariguaní,Magdalena,1.78,5,-0.9303098353,0.3704213073,-0.3449142698,0.19232,Low-High,1,1,1,0.3773330943,0.19264,4
47161,Cerro San Antonio,Magdalena,6.28,7,1.616813812,-0.4322056553,-0.6994199983,0.12164,High-Low,1,1,1,-0.4998110594,0.122,4
47170,Chibolo,Magdalena,3.18,6,-0.1378713672,-0.2284357636,0.0315228714,0.30284,Low-Low,1,1,1,-0.5719426193,0.29376,4
47189,Ciénaga,Magdalena,5.29,4,1.0564466096,-0.1194754742,-0.1263321556,0.43152,High-Low,1,1,1,0.2593120126,0.42912,4
47205,Concordia,Magdalena,3.97,3,0.3092903398,0.2470273173,0.07647138,0.31332,High-High,1,1,1,0.5261256566,0.305,4
47245,El Banco,Magdalena,2.81,7,-0.3473015338,0.3998547361,-0.1389941544,0.14056,Low-High,1,1,1,0.8699099567,0.14104,4
47258,El Piñon,Magdalena,3.3,6,-0.0699480699,0.3413652301,-0.0238991585,0.18744,Low-High,1,1,1,0.7500511768,0.19016,4
47268,El Retén,Magdalena,2.15,6,-0.7208796687,0.0008053647,-0.0005810894,0.4764,Low-Low,1,1,1,-0.2714894838,0.47996,4
47288,Fundación,Magdalena,1.57,7,-1.0491756055,0.3424433777,-0.3596040268,0.177,Low-High,1,1,1,0.4782741823,0.1774,4
47318,Guamal,Magdalena,3.19,5,-0.1322110924,0.1145768876,-0.0151618608,0.36936,Low-High,1,1,1,0.1803875376,0.37516,4
47460,Nueva Granada,Magdalena,1.5,4,-1.0887975289,-0.7902180347,0.8611556465,0.04012,Low-Low,3,1,1,-1.9047627087,0.042,2
47541,Pedraza,Magdalena,1.9,5,-0.862386538,0.2074053939,-0.1790233192,0.3002,Low-High,1,1,1,0.0714882297,0.30124,4
47545,Pijiño del Carmen,Magdalena,4.73,5,0.7394712224,0.3149506145,0.2331048596,0.22384,High-High,1,1,1,0.9473167055,0.22552,4
47551,Pivijay,Magdalena,5.81,7,1.3507808978,-0.4111817776,-0.5559123983,0.13588,High-Low,1,1,1,-0.5419872197,0.134,4
47555,Plato,Magdalena,1.39,8,-1.1510605514,-0.7767748821,0.8949132409,0.00668,Low-Low,3,1,1,-2.4650016667,0.00716,1
47570,Puebloviejo,Magdalena,2.6,6,-0.466167304,-0.0086284266,0.0040258817,0.48584,Low-Low,1,1,1,-0.1963762,0.4848,4
47605,Remolino,Magdalena,3.59,7,0.0941998984,-0.0691394593,-0.0065187452,0.44892,High-Low,1,1,1,-0.1383011138,0.45204,4
47660,Sabanas de San Angel,Magdalena,2.92,9,-0.2850385113,0.0973444955,-0.0277717041,0.36496,Low-High,1,1,1,0.1877494952,0.36744,4
47675,Salamina,Magdalena,2.17,5,-0.7095591192,0.3251391091,-0.2309114069,0.22152,Low-High,1,1,1,0.3750160878,0.2186,4
47692,San Sebastián de Buenavista,Magdalena,1.62,7,-1.0208742316,0.5858351929,-0.5985980382,0.06596,Low-High,1,1,1,1.0928410898,0.06872,5
47703,San Zenón,Magdalena,2.98,5,-0.2510768626,-0.2997552257,0.0753287995,0.25804,Low-Low,1,1,1,-0.7162939972,0.25892,4
47707,Santa Ana,Magdalena,2.02,8,-0.7944632407,-0.3190001599,0.2536601811,0.18736,Low-Low,1,1,1,-1.1199931921,0.182,4
47720,Santa Bárbara de Pinto,Magdalena,1.7,5,-0.9755920334,-0.6959744597,0.6795933769,0.04624,Low-Low,3,1,1,-1.8238231279,0.04628,2
47745,Sitionuevo,Magdalena,3.83,9,0.230046493,-0.5969825431,-0.1374563598,0.02684,High-Low,4,1,1,-1.6335976788,0.02452,2
47798,Tenerife,Magdalena,1.3,6,-1.2020030243,-0.3142832643,0.3781067283,0.22164,Low-Low,1,1,1,-1.1707027965,0.22156,4
47960,Zapayán,Magdalena,3.4,7,-0.0133453222,-0.0683308486,0.0009127114,0.45072,Low-Low,1,1,1,-0.1744521083,0.45344,4
47980,Zona Bananera,Magdalena,2.44,3,-0.5567317003,0.1451423714,-0.0808775068,0.36464,Low-High,1,1,1,-0.0607607946,0.36992,4
50006,Acacías,Meta,4.53,6,0.626265727,0.4904191325,0.3074069201,0.11876,High-High,1,1,1,1.3531035416,0.1142,4
50110,Barranca de Upía,Meta,6.95,5,1.9960522218,0.7224903981,1.4434161791,0.06176,High-High,1,1,1,2.2958145175,0.0596,5
50124,Cabuyaro,Meta,4.47,5,0.5923040783,0.7723008161,0.4578453489,0.05112,High-High,1,1,1,1.8231451813,0.05056,5
50150,Castilla la Nueva,Meta,4.57,4,0.6489068261,1.6691713537,1.0841037716,0.00288,High-High,2,1,2,3.283435187,0.00312,7
50223,Cubarral,Meta,4.82,7,0.7904136954,0.3917686293,0.3099357715,0.14532,High-High,1,1,1,1.2535121767,0.14412,4
50226,Cumaral,Meta,4.44,5,0.575323254,0.377213637,0.2172135448,0.1882,High-High,1,1,1,1.0075588758,0.19344,4
50245,El Calvario,Meta,5.7,6,1.2885178753,-0.3397545007,-0.4381706222,0.2038,High-Low,1,1,1,-0.2843660468,0.20368,4
50251,El Castillo,Meta,3.64,5,0.1225012723,0.3670251424,0.0450011907,0.19596,High-High,1,1,1,0.8013452929,0.19348,4
50270,El Dorado,Meta,1.82,3,-0.9076687362,0.9696557298,-0.8809120177,0.0528,Low-High,1,1,1,1.0024392982,0.0548,5
50287,Fuente de Oro,Meta,3.77,4,0.1960848443,1.0507863349,0.2062272421,0.02648,High-High,2,1,1,1.9717978706,0.0276,6
50313,Granada,Meta,2.94,5,-0.2737179617,0.7394712224,-0.2025872759,0.05856,Low-High,1,1,1,1.4014499893,0.05796,5
50318,Guamal,Meta,5.9,6,1.4017233707,0.3394784719,0.4762797783,0.19084,High-High,1,1,1,1.3037433836,0.19196,4
50330,Mesetas,Meta,4.01,4,0.3319314388,0.930505496,0.3091397996,0.03832,High-High,2,1,1,1.8170398894,0.04,6
50370,Uribe,Meta,4.18,9,0.42815611,0.9665111327,0.4141871269,0.006,High-High,2,1,1,2.8990935607,0.00512,7
50400,Lejanías,Meta,3.83,6,0.230046493,0.4253259726,0.0979321097,0.14612,High-High,1,1,1,1.0547964999,0.14408,4
50573,Puerto López,Meta,3.76,10,0.1904245696,0.7943758877,0.1514037478,0.0106,High-High,2,1,1,2.4646708971,0.01204,6
50606,Restrepo,Meta,2.36,6,-0.6020138985,0.5083433359,-0.3063029943,0.10752,Low-High,1,1,1,0.9281769642,0.10848,4
50680,San Carlos de Guaroa,Meta,8.11,5,2.6526440953,0.7700367062,2.0444571016,0.0484,High-High,2,1,1,2.6619015523,0.05044,5
50683,San Juan de Arama,Meta,5.46,6,1.1526712808,0.6206054522,0.7159927904,0.07152,High-High,1,1,1,1.8488512151,0.0702,5
50686,San Juanito,Meta,3.06,6,-0.2057946645,-0.0246658718,0.005080637,0.49772,Low-Low,1,1,1,-0.1341394791,0.4974,4
50689,San Martín,Meta,6.95,12,1.9960522218,0.9555050429,1.9089408548,0.0016,High-High,2,1,2,3.7555579965,0.00168,7
52036,Ancuyá,Nariño,1.05,5,-1.3435098936,-0.7616336471,1.0241759672,0.03032,Low-Low,3,1,1,-2.1088149336,0.02988,2
52051,Arboleda,Nariño,1.27,4,-1.2189838486,-0.5779577307,0.7051501757,0.11316,Low-Low,1,1,1,-1.5825616658,0.11268,4
52083,Belén,Nariño,1.75,5,-0.9472906596,-0.5703163598,0.5407377315,0.09,Low-Low,1,1,1,-1.5550503682,0.09056,3
52110,Buesaco,Nariño,2.16,9,-0.7152193939,-0.4963554361,0.3553200012,0.05532,Low-Low,1,1,1,-1.6461834935,0.05816,3
52203,Colón,Nariño,3.38,4,-0.0246658718,-1.0520057429,0.0259718072,0.00732,Low-Low,3,1,1,-1.8971516605,0.00692,1
52207,Consaca,Nariño,3.29,8,-0.0756083447,-1.2366722073,0.0935862231,8e-05,Low-Low,3,1,3,-3.3364156079,4e-05,1
52210,Contadero,Nariño,1.49,5,-1.0944578036,-0.9303098353,1.0190939526,0.00876,Low-Low,3,1,1,-2.3521006213,0.00896,1
52215,Córdoba,Nariño,1.48,4,-1.1001180784,-0.1690028785,0.1860891247,0.38788,Low-Low,1,1,1,-0.7960866792,0.38536,4
52224,Cuaspud,Nariño,1.48,4,-1.1001180784,-1.1779468565,1.2970376686,0.00248,Low-Low,3,1,3,-2.6049791484,0.00168,1
52227,Cumbal,Nariño,0.86,4,-1.4510551143,-0.8595564006,1.2483773394,0.02732,Low-Low,3,1,1,-2.1914455264,0.02828,2
52233,Cumbitara,Nariño,4.72,5,0.7338109476,-0.3076796104,-0.2259802545,0.25284,High-Low,1,1,1,-0.3293539034,0.25488,4
52240,Chachagüí,Nariño,2.55,6,-0.4944686778,-0.825594752,0.4085952372,0.01136,Low-Low,3,1,1,-2.0656239214,0.0114,2
52254,El Peñol,Nariño,0.41,5,-1.705767479,-0.564656085,0.9640319616,0.09032,Low-Low,1,1,1,-1.8539442131,0.08996,3
52256,El Rosario,Nariño,2.43,6,-0.5623919751,-0.0652311743,0.0367182439,0.45604,Low-Low,1,1,1,-0.3616254245,0.45692,4
52258,El Tablón de Gómez,Nariño,1.52,8,-1.0774769793,-0.1810309623,0.1952308522,0.3164,Low-Low,1,1,1,-0.8453083628,0.31184,4
52287,Funes,Nariño,0.73,8,-1.5246386863,-0.754133783,1.1508081308,0.00888,Low-Low,3,1,1,-2.5294105232,0.00856,1
52320,Guaitarilla,Nariño,0.15,7,-1.8529346231,-0.8373196069,1.5528837566,0.00564,Low-Low,3,1,1,-2.7371559449,0.00596,1
52323,Gualmatán,Nariño,1.73,4,-0.9586112091,-0.8878577745,0.8518703347,0.0232,Low-Low,3,1,1,-2.0214654487,0.02244,2
52352,Iles,Nariño,1.9,7,-0.862386538,-1.3499787791,1.1652429931,4e-05,Low-Low,3,3,3,-3.6590063062,4e-05,1
52354,Imués,Nariño,0.44,6,-1.6887866547,-1.3350194814,2.2565760868,4e-05,Low-Low,3,3,3,-3.6773403839,4e-05,1
52378,La Cruz,Nariño,1.52,7,-1.0774769793,-0.4459520369,0.4809320743,0.114,Low-Low,1,1,1,-1.4899466326,0.10916,4
52385,La Llanada,Nariño,2.58,4,-0.4774878535,-0.2086248019,0.0997047515,0.35464,Low-Low,1,1,1,-0.5880513601,0.3574,4
52399,La Unión,Nariño,1.59,8,-1.0378550559,-0.2418789161,0.2512593947,0.2546,Low-Low,1,1,1,-0.9949642354,0.25084,4
52411,Linares,Nariño,2.37,7,-0.5963536237,-0.8931137439,0.5330871637,0.00376,Low-Low,3,1,3,-2.4298724911,0.00328,1
52418,Los Andes,Nariño,2.61,7,-0.4605070292,-0.145957474,0.0672744556,0.3654,Low-Low,1,1,1,-0.525920111,0.36392,4
52480,Nariño,Nariño,0.65,3,-1.5699208845,-0.598240382,0.9400286322,0.1426,Low-Low,1,1,1,-1.6853305364,0.14172,4
52565,Providencia,Nariño,3.52,4,0.054577975,-0.9529509343,-0.0520565699,0.01448,High-Low,4,1,1,-1.6840423092,0.01436,2
52573,Puerres,Nariño,2.06,5,-0.7718221417,-0.4865442932,0.3758609491,0.1306,Low-Low,1,1,1,-1.3117646805,0.135,4
52585,Pupiales,Nariño,1.55,7,-1.060496155,-1.1720844291,1.2441008438,2e-04,Low-Low,3,1,3,-3.2874544176,8e-05,1
52612,Ricaurte,Nariño,2.55,5,-0.4944686778,-0.3789990725,0.1875704945,0.20112,Low-Low,1,1,1,-0.9781157373,0.19852,4
52685,San Bernardo,Nariño,2.19,6,-0.6982385696,-0.8529527467,0.5960962598,0.00996,Low-Low,3,1,1,-2.20512002,0.00844,1
52687,San Lorenzo,Nariño,2.33,7,-0.6189947228,-0.5939277917,0.3679664171,0.04792,Low-Low,3,1,1,-1.6948022684,0.0474,2
52694,San Pedro de Cartago,Nariño,3.4,6,-0.0133453222,-0.9142723901,0.0122121536,0.0054,Low-Low,3,1,1,-2.0849387658,0.00568,1
52699,Santacruz,Nariño,2.79,6,-0.3586220833,-0.6576732671,0.236066743,0.03972,Low-Low,3,1,1,-1.6321129688,0.04208,2
52720,Sapuyes,Nariño,0.6,7,-1.5982222583,-0.9553767664,1.5282677207,0.00196,Low-Low,3,1,3,-2.9400031921,0.0014,1
52786,Taminango,Nariño,1.8,7,-0.9189892857,-0.5696694712,0.5239875692,0.0542,Low-Low,1,1,1,-1.7409952059,0.05252,3
52788,Tangua,Nariño,0.81,4,-1.4793564881,-0.8892728432,1.3167261498,0.02324,Low-Low,3,1,1,-2.2574079447,0.02116,2
52838,Túquerres,Nariño,1.59,6,-1.0378550559,-1.1614377218,1.2064802653,0.00056,Low-Low,3,1,3,-3.0356583302,0.00044,1
52885,Yacuanquer,Nariño,1.29,5,-1.2076632991,-1.3242649594,1.6006941059,8e-05,Low-Low,3,1,3,-3.2047590316,8e-05,1
54003,Abrego,Norte de Santander,5.12,10,0.9602219385,0.1547648385,0.1487412795,0.29972,High-High,1,1,1,0.7598888125,0.29512,4
54051,Arboledas,Norte de Santander,3.01,6,-0.2340960383,-0.2661709287,0.0623651935,0.2664,Low-Low,1,1,1,-0.6942699673,0.266,4
54125,Cácota,Norte de Santander,1.02,4,-1.3604907179,-0.3713577015,0.505679803,0.23548,Low-Low,1,1,1,-1.2755827194,0.23104,4
54172,Chinácota,Norte de Santander,3.52,6,0.054577975,-0.4312622762,-0.0235584373,0.13844,High-Low,1,1,1,-0.9603856016,0.13932,4
54174,Chitagá,Norte de Santander,2.04,9,-0.7831426912,-0.3699426329,0.2899765457,0.12812,Low-Low,1,1,1,-1.3063664985,0.12728,4
54206,Convención,Norte de Santander,3.97,4,0.3092903398,0.4592876212,0.1421800576,0.17316,High-High,1,1,1,0.9620654684,0.16596,4
54223,Cucutilla,Norte de Santander,1.07,7,-1.3321893441,-0.3295120988,0.4393644465,0.18956,Low-Low,1,1,1,-1.2911161625,0.19288,4
54245,El Carmen,Norte de Santander,4.63,9,0.6828684747,0.7438736583,0.5084214132,0.01836,High-High,2,1,1,2.3435197436,0.01924,6
54250,El Tarra,Norte de Santander,5.16,3,0.9828630376,0.4621177586,0.4546039983,0.20168,High-High,1,1,1,1.1867273143,0.1954,4
54347,Herrán,Norte de Santander,2.6,3,-0.466167304,-0.4831481283,0.2254289567,0.20008,Low-Low,1,1,1,-0.9595192731,0.19972,4
54385,La Esperanza,Norte de Santander,5.49,5,1.1696521051,0.6285298369,0.7358176408,0.08548,High-High,1,1,1,1.7652200176,0.0838,5
54398,La Playa,Norte de Santander,1.74,4,-0.9529509343,0.3984396674,-0.3800324654,0.2034,Low-High,1,1,1,0.2872191895,0.19992,4
54418,Lourdes,Norte de Santander,1.94,4,-0.8397454389,-0.2595672748,0.2181650516,0.31288,Low-Low,1,1,1,-0.8417529687,0.31432,4
54480,Mutiscua,Norte de Santander,1.42,5,-1.134079727,-0.3801311274,0.4314839151,0.19908,Low-Low,1,1,1,-1.242254484,0.19568,4
54520,Pamplonita,Norte de Santander,1.94,6,-0.8397454389,-0.4454129631,0.3743674627,0.12992,Low-Low,1,1,1,-1.3316598333,0.1296,4
54553,Puerto Santander,Norte de Santander,5.43,1,1.1356904564,0.4847588577,0.5510275584,0.2698,High-High,1,1,1,1.1468542188,0.26528,4
54599,Ragonvalia,Norte de Santander,2.27,4,-0.6529563714,0.2456122486,-0.1605172738,0.28548,Low-High,1,1,1,0.1476833048,0.296,4
54660,Salazar,Norte de Santander,3.71,6,0.1621231957,-0.063344416,-0.0102787684,0.46444,High-Low,1,1,1,-0.0826332273,0.46204,4
54670,San Calixto,Norte de Santander,4.23,7,0.4564574838,0.3117161718,0.1424122198,0.1968,High-High,1,1,1,0.9361867801,0.19668,4
54673,San Cayetano,Norte de Santander,5.18,5,0.9941835871,0.7066416287,0.7031587696,0.06712,High-High,1,1,1,1.8532662665,0.06452,5
54680,Santiago,Norte de Santander,4.73,5,0.7394712224,0.5198525613,0.3847592375,0.12128,High-High,1,1,1,1.366694891,0.12288,4
54743,Silos,Norte de Santander,2.67,7,-0.4265453806,-0.5082150594,0.2169703366,0.0784,Low-Low,1,1,1,-1.4136278663,0.07912,3
54800,Teorama,Norte de Santander,2.34,5,-0.613334448,0.7485276621,-0.4595077092,0.0552,Low-High,1,1,1,1.2809656487,0.05608,5
54810,Tibú,Norte de Santander,6.15,5,1.54323024,0.4711741982,0.7277794945,0.14464,High-High,1,1,1,1.5960785395,0.14084,4
54871,Villa Caro,Norte de Santander,1.63,6,-1.0152139568,-0.1265508177,0.1285908672,0.395,Low-Low,1,1,1,-0.6728090291,0.40292,4
63001,Armenia,Quindio,5.02,5,0.9036191908,0.3681571974,0.3329709391,0.19564,High-High,1,1,1,1.1234092033,0.18992,4
63111,Buenavista,Quindio,3.04,3,-0.217115214,0.42815611,-0.0930422047,0.21428,Low-High,1,1,1,0.5346312574,0.21396,4
63130,Calarca,Quindio,4.54,8,0.6319260018,0.4840513233,0.3061577287,0.08912,High-High,1,1,1,1.5075092785,0.09188,5
73563,Prado,Tolima,3.22,5,-0.1152302681,-0.1288149276,0.0148566317,0.40928,Low-Low,1,1,1,-0.310817851,0.40716,4
73585,Purificación,Tolima,2.73,7,-0.3925837319,0.0731760207,-0.028753365,0.39772,Low-High,1,1,1,0.042453859,0.39784,4
73616,Rioblanco,Tolima,5.59,9,1.2262548528,0.7262639146,0.8913798146,0.02176,High-High,2,1,1,2.4657819428,0.02112,6
73622,Roncesvalles,Tolima,1.87,7,-0.8793673623,0.4394766595,-0.3868064857,0.1228,Low-High,1,1,1,0.7795324703,0.12344,4
73624,Rovira,Tolima,4.22,7,0.4507972091,-0.3570048619,-0.161080489,0.17576,High-Low,1,1,1,-0.7267589697,0.16848,4
73671,Saldaña,Tolima,1.51,5,-1.0831372541,0.1564629209,-0.1696221318,0.34044,Low-High,1,1,1,-0.1231403204,0.34048,4
73675,San Antonio,Tolima,1.56,4,-1.0548358802,-0.2114549392,0.223249409,0.35344,Low-Low,1,1,1,-0.8519010331,0.35516,4
73678,San Luis,Tolima,3.95,8,0.2979697902,-0.2001343897,-0.0596872468,0.29568,High-Low,1,1,1,-0.4361226861,0.2928,4
73686,Santa Isabel,Tolima,3.19,8,-0.1322110924,0.0248615325,-0.0032899052,0.45328,Low-High,1,1,1,0.0223168221,0.44984,4
73770,Suárez,Tolima,3.8,7,0.2130656686,0.3561897593,0.0759595698,0.16724,High-High,1,1,1,0.9602874431,0.16992,4
73854,Valle de San Juan,Tolima,1.03,3,-1.3548304431,0.2168391852,-0.2940426332,0.32324,Low-High,1,1,1,-0.3527864201,0.32736,4
73861,Venadillo,Tolima,1.99,8,-0.8114440651,-0.1520220541,0.1234675341,0.34436,Low-Low,1,1,1,-0.6786030871,0.34536,4
73870,Villahermosa,Tolima,3.75,6,0.1847642948,-0.1671161202,-0.0309046609,0.35988,High-Low,1,1,1,-0.3101191727,0.3592,4
73873,Villarrica,Tolima,4.4,6,0.5526821549,-0.4605070292,-0.2547412619,0.12268,High-Low,1,1,1,-0.8380582536,0.12304,4
76020,Alcalá,Valle del Cauca,7.36,4,2.2281234874,1.0974836017,2.4475123195,0.02268,High-High,2,1,1,2.9663081763,0.02264,6
76036,Andalucía,Valle del Cauca,6.42,4,1.6960576588,1.0974836017,1.8630574284,0.02296,High-High,2,1,1,2.7278286642,0.02452,6
76041,Ansermanuevo,Valle del Cauca,7.18,8,2.1262385415,1.5184665379,3.2315047751,0.00016,High-High,2,1,2,4.7772059363,2e-04,7
76054,Argelia,Valle del Cauca,6.35,4,1.6564357354,1.6054932625,2.6617708741,0.00496,High-High,2,1,1,3.6208583265,0.00488,7
76100,Bolívar,Valle del Cauca,8.07,7,2.6300029962,0.2801803552,0.737533098,0.21448,High-High,1,1,1,1.6290808424,0.21928,4
76111,Guadalajara de Buga,Valle del Cauca,4.91,8,0.8413561683,0.7571595811,0.6376096704,0.02336,High-High,2,1,1,2.3088312289,0.02308,6
76113,Bugalagrande,Valle del Cauca,5.56,6,1.2092740285,1.4800238384,1.7913523843,0.0018,High-High,2,1,2,3.8254036278,0.001,7
76122,Caicedonia,Valle del Cauca,7.48,5,2.2960467847,1.0756915439,2.4720433232,0.01384,High-High,2,1,1,3.1415219081,0.01512,6
76126,Calima El Darien,Valle del Cauca,4.76,7,0.7564520467,0.4257302779,0.3223320799,0.13104,High-High,1,1,1,1.3258141659,0.12692,4
76001,Cali,Valle del Cauca,4.41,8,0.5583424297,0.732395879,0.4092928086,0.02804,High-High,2,1,1,2.1478090875,0.02528,6
76243,El Águila,Valle del Cauca,6.29,5,1.6224740868,1.5534187346,2.5226319836,0.00216,High-High,2,1,2,3.8435748927,0.00196,7
76246,El Cairo,Valle del Cauca,7.09,5,2.0752960686,0.9522975538,1.9780639226,0.02464,High-High,2,1,1,2.7986049388,0.02556,6
76248,El Cerrito,Valle del Cauca,4.22,7,0.4507972091,1.042700228,0.4704660369,0.00704,High-High,2,1,1,2.7497616738,0.00784,7
76250,El Dovio,Valle del Cauca,6.59,5,1.79228233,0.8164509593,1.464617155,0.0426,High-High,2,1,1,2.4047138253,0.0406,6
76275,Florida,Valle del Cauca,6.23,4,1.5885124382,1.0069192054,1.6009318103,0.03248,High-High,2,1,1,2.5172563291,0.03268,6
76306,Ginebra,Valle del Cauca,5.05,3,0.9206000151,0.7262639146,0.6691955338,0.10596,High-High,1,1,1,1.5524681462,0.1062,4
76318,Guacarí,Valle del Cauca,4.99,4,0.8866383665,0.6474917574,0.5746036153,0.10008,High-High,1,1,1,1.5582642486,0.10256,4
76364,Jamundí,Valle del Cauca,5.89,6,1.3960630959,-0.1416448837,-0.1979217531,0.38252,High-Low,1,1,1,0.2070894391,0.38292,4
76377,La Cumbre,Valle del Cauca,6.42,6,1.6960576588,0.8960721578,1.5211470015,0.02076,High-High,2,1,1,2.6815356191,0.02224,6
76400,La Unión,Valle del Cauca,6.49,6,1.7356795822,1.0772009505,1.871345049,0.0094,High-High,2,1,1,3.1086082903,0.00932,7
76403,La Victoria,Valle del Cauca,7.13,6,2.0979371676,0.7498483928,1.5745393981,0.0416,High-High,2,1,1,2.5012637378,0.04044,6
76497,Obando,Valle del Cauca,3.84,6,0.2357067677,1.3687051012,0.3229011027,0.00228,High-High,2,1,2,3.2030364186,0.00236,7
76520,Palmira,Valle del Cauca,5.14,7,0.9715424881,1.2472787305,1.2128662314,0.0026,High-High,2,1,2,3.4426557362,0.00228,7
76563,Pradera,Valle del Cauca,7.5,4,2.3073673342,1.1823877233,2.7306387045,0.0172,High-High,2,1,1,3.1540473667,0.01752,6
76606,Restrepo,Valle del Cauca,4.18,4,0.42815611,1.2262548528,0.5254972831,0.01576,High-High,2,1,1,2.3904055248,0.01656,6
76616,Riofrío,Valle del Cauca,5.63,6,1.2488959519,0.6111716609,0.763971322,0.07148,High-High,1,1,1,1.8638738719,0.07256,5
76622,Roldanillo,Valle del Cauca,3.63,5,0.1168409975,1.7277551976,0.2020528842,0.00108,High-High,2,1,2,3.5840701591,0.00076,7
76670,San Pedro,Valle del Cauca,5.61,3,1.2375754023,0.831922377,1.0304859264,0.08188,High-High,1,1,1,1.870010574,0.0788,5
76736,Sevilla,Valle del Cauca,7.38,8,2.2394440369,0.7309808103,1.6384522154,0.0258,High-High,2,1,1,2.7066506368,0.02724,6
76823,Toro,Valle del Cauca,6.11,6,1.5205891409,1.2413489188,1.8892670269,0.00428,High-High,2,1,2,3.4004770504,0.0042,7
76828,Trujillo,Valle del Cauca,4.58,5,0.6545671008,1.1379545663,0.7455326818,0.0122,High-High,2,1,1,2.5970253689,0.01264,6
76834,Tuluá,Valle del Cauca,5.68,8,1.2771973257,1.0663520905,1.3631580579,0.00416,High-High,2,1,2,3.2825415893,0.004,7
76845,Ulloa,Valle del Cauca,7.58,4,2.3526495324,1.1724822425,2.7609026921,0.01772,High-High,2,1,1,3.1565843827,0.0184,6
76863,Versalles,Valle del Cauca,4.66,6,0.699849299,1.2800274631,0.8966261677,0.00388,High-High,2,1,2,3.1772832927,0.00448,7
76869,Vijes,Valle del Cauca,7.09,6,2.0752960686,0.8489032013,1.7632984455,0.02788,High-High,2,1,1,2.7180192141,0.0248,6
76890,Yotoco,Valle del Cauca,4.09,9,0.377213637,1.022484961,0.3860396417,0.00404,High-High,2,1,2,3.0429314422,0.00364,7
76892,Yumbo,Valle del Cauca,5.49,4,1.1696521051,1.3253096613,1.5515352988,0.01012,High-High,2,1,1,2.9003457581,0.0114,6
76895,Zarzal,Valle del Cauca,4.1,6,0.3828739118,1.5337964487,0.5877749772,0.00128,High-High,2,1,2,3.6344012774,0.00072,7
81220,Cravo Norte,Arauca,3.62,5,0.1111807227,0.9206000151,0.1024443616,0.02936,High-High,2,1,1,1.9297274826,0.02784,6
81300,Fortul,Arauca,4.74,5,0.7451314972,0.2651401965,0.1977407083,0.25864,High-High,1,1,1,0.8476854239,0.26592,4
81794,Tame,Arauca,4.25,8,0.4677780334,0.2724985537,0.127582649,0.2058,High-High,1,1,1,0.8861532509,0.20944,4
85015,Chameza,Casanare,3.19,5,-0.1322110924,-0.1582483564,0.0209408686,0.37844,Low-Low,1,1,1,-0.3780110409,0.38064,4
85136,La Salina,Casanare,3.14,4,-0.1605124663,0.1196711349,-0.0192258596,0.37912,Low-High,1,1,1,0.1426092726,0.38036,4
85139,Maní,Casanare,6.9,6,1.9677508479,0.2583478668,0.5088181306,0.24964,High-High,1,1,1,1.3337886971,0.24632,4
85225,Nunchía,Casanare,2.59,5,-0.4718275787,0.1768399101,-0.0835124448,0.32568,Low-High,1,1,1,0.1688025048,0.32232,4
85230,Orocué,Casanare,5.48,5,1.1639918303,0.922864125,1.0751654148,0.02836,High-High,2,1,1,2.365324714,0.02724,6
85250,Paz de Ariporo,Casanare,3.24,7,-0.1039097186,0.8389303363,-0.0872508482,0.021,Low-High,5,1,1,2.0468256685,0.02104,6
85279,Recetor,Casanare,5,5,0.8922986413,-0.1944741149,-0.1736839251,0.34644,High-Low,1,1,1,-0.032777065,0.3474,4
85300,Sabanalarga,Casanare,4.24,6,0.4621177586,0.6036246279,0.2791947187,0.07428,High-High,1,1,1,1.5483980796,0.074,5
85315,Sácama,Casanare,6.25,6,1.5998329877,0.2706117955,0.4333202252,0.23812,High-High,1,1,1,1.2221918182,0.24176,4
85325,San Luis de Palenque,Casanare,4.84,6,0.8017342449,0.6102282818,0.489677733,0.07472,High-High,1,1,1,1.6921863659,0.0746,5
85400,Támara,Casanare,5.46,9,1.1526712808,-0.1032807992,-0.1191551046,0.39356,High-Low,1,1,1,0.0708812165,0.3928,4
85410,Tauramena,Casanare,3.19,8,-0.1322110924,0.2880643094,-0.0381193018,0.20284,Low-High,1,1,1,0.7270254877,0.20056,4
68432,Málaga,Santander,1.28,5,-1.2133235738,-1.0061575172,1.2218846298,0.00428,Low-Low,3,1,3,-2.5559971977,0.00412,1
68444,Matanza,Santander,2.6,5,-0.466167304,-0.0008927177,0.0004165274,0.4746,Low-Low,1,1,1,-0.1926505169,0.48016,4
68464,Mogotes,Santander,3.57,8,0.0828793489,-0.7505961113,-0.0622644607,0.00952,High-Low,4,1,1,-1.9819352427,0.0088,1
68468,Molagavita,Santander,0.63,9,-1.581241434,-0.4976132749,0.7875492702,0.05796,Low-Low,1,1,1,-1.9248693888,0.0526,3
68498,Ocamonte,Santander,2.09,4,-0.7548413173,-0.2652275496,0.2003834671,0.30856,Low-Low,1,1,1,-0.8138457918,0.30896,4
68500,Oiba,Santander,1.54,5,-1.0661564298,-0.4967327877,0.5300677081,0.127,Low-Low,1,1,1,-1.45310208,0.12464,4
68502,Onzaga,Santander,3.56,9,0.0772190741,-0.8812541206,-0.0681103858,0.0016,High-Low,4,1,4,-2.4948269941,0.00096,1
68522,Palmar,Santander,1.3,5,-1.2020030243,-0.7605015921,0.9149413969,0.03308,Low-Low,3,1,1,-2.0485727633,0.03012,2
68524,Palmas del Socorro,Santander,3.15,5,-0.1548521915,-0.4774878535,0.0740060584,0.13616,Low-Low,1,1,1,-1.0406749141,0.1316,4
68533,Páramo,Santander,3.22,7,-0.1152302681,-0.5737125246,0.066168074,0.05336,Low-Low,1,1,1,-1.4658459696,0.04984,2
68547,Piedecuesta,Santander,6.08,8,1.5036083166,0.0128334486,0.019313709,0.45952,High-Low,1,1,1,0.5375876744,0.46088,4
68549,Pinchote,Santander,1.47,4,-1.1057783532,-0.5638070438,0.6240022723,0.11928,Low-Low,1,1,1,-1.5064511832,0.12136,4
68572,Puente Nacional,Santander,1.74,8,-0.9529509343,-0.1789083593,0.1706431122,0.31544,Low-Low,1,1,1,-0.7979489095,0.31428,4
68573,Puerto Parra,Santander,6.24,6,1.594172713,0.0970300358,0.1548207449,0.37688,High-High,1,1,1,0.8251644606,0.37552,4
68575,Puerto Wilches,Santander,4.79,10,0.773432871,0.192122652,0.1487266475,0.25816,High-High,1,1,1,0.8164862056,0.26164,4
68615,Rionegro,Santander,4.75,11,0.750791772,0.5264390628,0.3955990151,0.04824,High-High,2,1,1,1.8985927575,0.04736,6
68655,Sabana de Torres,Santander,5.3,5,1.0621068844,0.5832476387,0.6200244318,0.09704,High-High,1,1,1,1.6285166312,0.09812,5
68669,San Andrés,Santander,1.15,6,-1.2869071459,-0.4142814519,0.5336177803,0.14756,Low-Low,1,1,1,-1.4303801493,0.14452,4
68673,San Benito,Santander,2.27,8,-0.6529563714,-0.5652221125,0.3693949023,0.0444,Low-Low,3,1,1,-1.7318773291,0.0446,2
68679,San Gil,Santander,3.45,8,0.0149560516,-0.5546090973,-0.0083021683,0.04824,High-Low,4,1,1,-1.4799250374,0.04604,2
68682,San Joaquín,Santander,0.56,4,-1.6208633574,-0.5977686924,0.9697664603,0.10636,Low-Low,1,1,1,-1.7982080331,0.10548,4
68684,San José de Miranda,Santander,2.49,5,-0.5284303265,-1.2506813873,0.6614880613,0.00032,Low-Low,3,1,3,-2.7761128199,0.00064,1
68686,San Miguel,Santander,2.48,4,-0.5340906012,-1.0576660176,0.5653938449,0.0066,Low-Low,3,1,1,-2.1356311725,0.0078,1
68689,San Vicente de Chucurí,Santander,5.38,7,1.1073890826,-0.0893547263,-0.099038797,0.42596,High-Low,1,1,1,0.1709907286,0.42828,4
68705,Santa Bárbara,Santander,1.3,4,-1.2020030243,0.409760217,-0.4929727816,0.19468,Low-High,1,1,1,0.1958866104,0.19848,4
68720,Santa Helena del Opón,Santander,2.64,6,-0.4435262049,-0.8501226093,0.3773883079,0.0094,Low-Low,3,1,1,-2.1021075164,0.01052,2
68745,Simacota,Santander,3.36,11,-0.0359864213,-0.0766374856,0.0027603713,0.41272,Low-Low,1,1,1,-0.2551142243,0.41548,4
68755,Socorro,Santander,2.62,7,-0.4548467544,-0.7144107833,0.3252375577,0.01868,Low-Low,3,1,1,-1.9358088988,0.01852,2
68770,Suaita,Santander,2.63,7,-0.4491864797,-0.344067091,0.1546882767,0.1806,Low-Low,1,1,1,-1.0139585376,0.18232,4
68773,Sucre,Santander,2.31,5,-0.6303152724,-0.1299469825,0.0819806994,0.40356,Low-Low,1,1,1,-0.5239824535,0.40396,4
68780,Suratá,Santander,0.91,8,-1.4227537404,-0.3359809842,0.478445004,0.16624,Low-Low,1,1,1,-1.3757342401,0.16784,4
68820,Tona,Santander,4.8,7,0.7790931458,0.2615823095,0.203978946,0.23336,High-High,1,1,1,0.9261448371,0.22972,4
68855,Valle de San José,Santander,2.62,4,-0.4548467544,-0.1930590462,0.0878906844,0.36848,Low-Low,1,1,1,-0.5499961188,0.36916,4
68861,Vélez,Santander,3.81,11,0.2187259434,-0.0606858021,-0.0132854107,0.44128,High-Low,1,1,1,-0.1302616456,0.43488,4
68867,Vetas,Santander,4.06,7,0.3602328127,-0.6343583258,-0.2287207167,0.03652,High-Low,4,1,1,-1.4477704723,0.03548,2
68872,Villanueva,Santander,3.27,6,-0.0869288943,-0.473714337,0.0412162309,0.11528,Low-Low,1,1,1,-1.1106121694,0.11792,4
68895,Zapatoca,Santander,2.31,7,-0.6303152724,-0.1451488633,0.0915712324,0.36936,Low-Low,1,1,1,-0.58416338,0.36536,4
70110,Buenavista,Sucre,5.05,5,0.9206000151,-0.3122078302,-0.2876751569,0.25156,High-Low,1,1,1,-0.2621607134,0.24848,4
70124,Caimito,Sucre,3.98,4,0.3149506145,-0.1237206803,-0.0390006953,0.42596,High-Low,1,1,1,-0.0806481429,0.42816,4
70204,Colosó,Sucre,2.26,7,-0.6586166462,-0.2591629695,0.1708414467,0.249,Low-Low,1,1,1,-0.8773881137,0.24808,4
70215,Corozal,Sucre,2.23,7,-0.6755974705,-0.4055215028,0.274213917,0.13664,Low-Low,1,1,1,-1.2469316136,0.13676,4
70221,Coveñas,Sucre,3.23,4,-0.1095699934,-0.1364562985,0.0149648653,0.41784,Low-Low,1,1,1,-0.2937574941,0.41304,4
70230,Chalán,Sucre,2.66,4,-0.4322056553,-0.1675878098,0.0724970709,0.39412,Low-Low,1,1,1,-0.4941817649,0.38668,4
70233,El Roble,Sucre,3.42,6,-0.0020247727,-0.2614540331,0.0005298577,0.26896,Low-Low,1,1,1,-0.5955496514,0.2662,4
70235,Galeras,Sucre,3.34,5,-0.0473069709,0.1474064813,-0.0069795803,0.34996,Low-High,1,1,1,0.2823358258,0.35368,4
70265,Guaranda,Sucre,5.01,4,0.897958916,0.2286314243,0.2054849309,0.30576,High-High,1,1,1,0.8123815193,0.29892,4
70400,La Unión,Sucre,1.46,4,-1.111438628,0.1805190887,-0.2008150275,0.33796,Low-High,1,1,1,-0.1745177381,0.33652,4
70418,Los Palmitos,Sucre,3,7,-0.2397563131,-0.5381336546,0.1291361383,0.06604,Low-Low,1,1,1,-1.4216614206,0.06332,3
70429,Majagual,Sucre,3.6,5,0.0998601732,0.0896716786,0.0089626246,0.39276,High-High,1,1,1,0.224410662,0.3944,4
70473,Morroa,Sucre,1.65,5,-1.0038934073,-0.3857914022,0.387639243,0.1958,Low-Low,1,1,1,-1.2005483661,0.19224,4
70508,Ovejas,Sucre,3.57,6,0.0828793489,-0.4548467544,-0.0377310612,0.128,High-Low,1,1,1,-1.0033074781,0.131,4
70523,Palmito,Sucre,3.08,6,-0.1944741149,-0.2991891982,0.058236505,0.23436,Low-Low,1,1,1,-0.7543605944,0.23564,4
70670,Sampués,Sucre,3.04,5,-0.217115214,-0.2103228843,0.0457050697,0.3372,Low-Low,1,1,1,-0.5193484404,0.33268,4
70678,San Benito Abad,Sucre,3.18,9,-0.1378713672,0.0897974625,-0.0123915529,0.37484,Low-High,1,1,1,0.2129211244,0.37736,4
70702,San Juan de Betulia,Sucre,1.99,3,-0.8114440651,-0.4171115893,0.3387649225,0.24236,Low-Low,1,1,1,-1.0332344795,0.2396,4
70708,San Marcos,Sucre,5.03,6,0.9092794656,-0.2161718349,-0.196736111,0.31256,High-Low,1,1,1,-0.147016042,0.3136,4
70713,San Onofre,Sucre,3.13,8,-0.1661727411,-0.2631049465,0.0437599066,0.23192,Low-Low,1,1,1,-0.7600613468,0.23104,4
70717,San Pedro,Sucre,2.78,5,-0.3642823581,-0.1356072573,0.049443438,0.3986,Low-Low,1,1,1,-0.4266681785,0.40576,4
70742,Sincé,Sucre,2.83,7,-0.3359809842,-0.1742588479,0.0585999339,0.33488,Low-Low,1,1,1,-0.5520291626,0.33332,4
70771,Sucre,Sucre,2.48,4,-0.5340906012,0.1366519592,-0.0730496918,0.36832,Low-High,1,1,1,0.005610404,0.36116,4
70820,Santiago de Tolú,Sucre,2.67,5,-0.4265453806,-0.1650406861,0.070460197,0.37084,Low-Low,1,1,1,-0.5123974208,0.37328,4
70823,Toluviejo,Sucre,3.2,5,-0.1265508177,-0.4967327877,0.0629180672,0.12528,Low-Low,1,1,1,-1.0684789927,0.1254,4
73024,Alpujarra,Tolima,2.73,5,-0.3925837319,-0.0065529925,0.0025748952,0.47896,Low-Low,1,1,1,-0.1741144645,0.48164,4
73026,Alvarado,Tolima,3.6,4,0.0998601732,-0.3034344043,-0.0303280666,0.281,High-Low,1,1,1,-0.4992557971,0.27764,4
73030,Ambalema,Tolima,3.18,5,-0.1378713672,-0.4389979851,0.0605792928,0.15992,Low-Low,1,1,1,-0.9549456718,0.15976,4
73043,Anzoátegui,Tolima,3.28,5,-0.0812686195,-0.2499448077,0.0203308058,0.30356,Low-Low,1,1,1,-0.5448355125,0.30176,4
73055,Armero,Tolima,2.69,10,-0.415224831,-0.131645065,0.0547111055,0.35032,Low-Low,1,1,1,-0.5247005048,0.34868,4
73067,Ataco,Tolima,3.66,6,0.1338218218,0.4517405882,0.0605067242,0.13812,High-High,1,1,1,1.078403532,0.13216,4
73124,Cajamarca,Tolima,3.71,7,0.1621231957,0.0642813032,0.0104307952,0.40916,High-High,1,1,1,0.217183666,0.41132,4
73148,Carmen de Apicalá,Tolima,2.26,4,-0.6586166462,0.3559876066,-0.2346687023,0.21908,Low-High,1,1,1,0.3430335434,0.2314,4
73152,Casabianca,Tolima,3.36,6,-0.0359864213,-0.1265508177,0.0045581772,0.39152,Low-Low,1,1,1,-0.3015347974,0.39932,4
73168,Chaparral,Tolima,2.86,9,-0.3190001599,0.4344453042,-0.1387118609,0.09936,Low-High,1,1,1,1.1406754599,0.0994,5
73200,Coello,Tolima,1.81,8,-0.9133290109,-0.0013172383,0.0012041462,0.48428,Low-Low,1,1,1,-0.3091993512,0.47912,4
73217,Coyaima,Tolima,3.82,7,0.2243862182,-0.3400240376,-0.07636483,0.1812,High-Low,1,1,1,-0.7649183528,0.182,4
73226,Cunday,Tolima,3.37,7,-0.0303261465,-0.3408326483,0.0103453695,0.18624,Low-Low,1,1,1,-0.8573042278,0.17948,4
73236,Dolores,Tolima,2.5,6,-0.5227700517,-0.1954174941,0.1022496263,0.32036,Low-Low,1,1,1,-0.6427637155,0.32748,4
73268,Espinal,Tolima,3.81,5,0.2187259434,0.2628760866,0.0575491574,0.25732,High-High,1,1,1,0.6275698017,0.26212,4
73270,Falan,Tolima,3.26,6,-0.092589169,-0.1614558454,0.0149624099,0.3558,Low-Low,1,1,1,-0.4024012072,0.36256,4
73275,Flandes,Tolima,5.13,5,0.9658822133,0.30249801,0.2924383202,0.23344,High-High,1,1,1,1.0145098955,0.23136,4
73283,Fresno,Tolima,3.41,7,-0.0076850475,-0.2842299006,0.0021862706,0.22896,Low-Low,1,1,1,-0.7086834724,0.22716,4
73319,Guamo,Tolima,4.75,5,0.750791772,-0.1491919168,-0.1121120743,0.38904,High-Low,1,1,1,0.0019780332,0.3884,4
73347,Herveo,Tolima,2.57,6,-0.4831481283,-0.2076814227,0.1004304808,0.31964,Low-Low,1,1,1,-0.6556402785,0.31944,4
73349,Honda,Tolima,3.41,5,-0.0076850475,0.0375971507,-0.0002891939,0.44332,Low-High,1,1,1,0.0738052363,0.43588,4
73352,Icononzo,Tolima,2.46,10,-0.5454111508,-0.1650406861,0.0900954011,0.3084,Low-Low,1,1,1,-0.6653364514,0.31048,4
73408,Lérida,Tolima,2.27,4,-0.6529563714,-0.3685275642,0.2408472714,0.23792,Low-Low,1,1,1,-0.9533816765,0.23852,4
73411,Líbano,Tolima,3.23,6,-0.1095699934,-0.3482449129,0.0381912617,0.19996,Low-Low,1,1,1,-0.833766066,0.19632,4
73443,Mariquita,Tolima,2.68,6,-0.4208851058,0.039483909,-0.0166330269,0.44048,Low-High,1,1,1,-0.0697566643,0.43192,4
73449,Melgar,Tolima,2.72,5,-0.3982440067,0.1111807227,-0.0443165896,0.3786,Low-High,1,1,1,0.0645372101,0.37676,4
73461,Murillo,Tolima,2.96,6,-0.2623974122,0.3734401205,-0.0980772121,0.17364,Low-High,1,1,1,0.7500511768,0.17332,4
73483,Natagaima,Tolima,2.53,7,-0.5057892274,0.0739846314,-0.0374540408,0.40296,Low-High,1,1,1,0.0042944759,0.40024,4
73504,Ortega,Tolima,3.25,7,-0.0982494438,-0.4055215028,0.0398778356,0.13756,Low-Low,1,1,1,-1.0420759778,0.13512,4
73520,Palocabildo,Tolima,2.94,3,-0.2737179617,-0.0454202126,0.0124434283,0.49644,Low-Low,1,1,1,-0.2053560072,0.49716,4
73547,Piedras,Tolima,2.1,6,-0.7491810426,-0.2416430714,0.181196046,0.28232,Low-Low,1,1,1,-0.833766066,0.28676,4
73555,Planadas,Tolima,5.21,11,1.0111644115,0.5722358314,0.5791411367,0.03524,High-High,2,1,1,2.1203703644,0.03492,6
05266,Envigado,Antioquia,3.93,6,0.2866492407,0.3045734441,0.087383698,0.21256,High-High,1,1,1,0.8015574286,0.21516,4
05360,Itagüí,Antioquia,4.58,4,0.6545671008,-0.0359864213,-0.0235765592,0.49664,High-Low,1,1,1,0.2288678196,0.499,4
27425,Medio Atrato,Chocó,0.47,3,-1.6718058304,-0.656729888,1.0989051457,0.11324,Low-Low,1,1,1,-1.8242553486,0.11496,4
99524,La Primavera,Vichada,5.16,6,0.9828630376,1.0658804009,1.0485498186,0.0104,High-High,2,1,1,2.7974246857,0.01124,6
05364,Jardín,Antioquia,3.67,5,0.1394820966,0.1009922282,0.0140991851,0.38748,High-High,1,1,1,0.2637997734,0.38124,4
27491,Nóvita,Chocó,4.06,4,0.3602328127,-0.1350412298,-0.0486897162,0.42156,High-Low,1,1,1,-0.0806481429,0.41676,4
27450,Medio San Juan,Chocó,1.68,5,-0.986912583,-0.2340960383,0.2312386047,0.31304,Low-Low,1,1,1,-0.8831184688,0.31568,4
27660,San José del Palmar,Chocó,5.86,11,1.3790822716,0.6838976156,0.9439931764,0.01712,High-High,2,1,1,2.5836391431,0.01792,6
27205,Condoto,Chocó,3.72,5,0.1677834705,-0.1446636969,-0.0242938487,0.39632,High-Low,1,1,1,-0.2274056152,0.39052,4
85010,Aguazul,Casanare,3.62,5,0.1111807227,0.3160826695,0.0351736767,0.2232,High-High,1,1,1,0.6924459851,0.22872,4
54874,Villa del Rosario,Norte de Santander,5.68,3,1.2771973257,-0.0171188387,-0.0218836566,0.48128,High-Low,1,1,1,0.6140168643,0.48128,4
27430,Medio Baudó,Chocó,0.68,4,-1.5529400602,-0.8128591337,1.2634485848,0.03772,Low-Low,3,1,1,-2.1533902851,0.03596,2
27810,Unión Panamericana,Chocó,5.93,4,1.418704195,-0.4081494876,-0.5795603932,0.20552,High-Low,1,1,1,-0.0958702394,0.21196,4
27787,Tadó,Chocó,1.81,8,-0.9133290109,0.0906622267,-0.0828783744,0.389,Low-High,1,1,1,-0.0629301938,0.37716,4
27160,Cértegui,Chocó,3.13,7,-0.1661727411,-0.6117172267,0.1017414879,0.03964,Low-Low,3,1,1,-1.5783157304,0.03888,2
27135,El Cantón del San Pablo,Chocó,2.51,6,-0.5171097769,-0.2973024399,0.1538752645,0.24464,Low-Low,1,1,1,-0.8723957548,0.23512,4
99773,Cumaribo,Vichada,5.5,8,1.1753123798,1.6536055981,1.9452384014,0.00016,High-High,2,1,2,4.8207766334,4e-05,7
17614,Riosucio,Caldas,2.04,8,-0.7831426912,0.2010375847,-0.1575816876,0.2768,Low-High,1,1,1,0.276163492,0.26716,4
27077,Bajo Baudó,Chocó,0.51,5,-1.6491647313,-0.7333322732,1.21046553,0.03648,Low-Low,3,1,1,-2.1760081235,0.03512,2
66456,Mistrató,Risaralda,7.86,7,2.511137226,-0.092589169,-0.232711702,0.4206,High-Low,1,1,1,0.6610375437,0.42244,4
27495,Nuquí,Chocó,3.54,3,0.0658985246,-0.2397563131,-0.0158136941,0.3584,High-Low,1,1,1,-0.3272696179,0.3624,4
27245,El Carmen de Atrato,Chocó,1.74,7,-0.9529509343,-0.3044451676,0.2903803438,0.21048,Low-Low,1,1,1,-1.094294081,0.21068,4
27025,Alto Baudo,Chocó,1.57,8,-1.0491756055,-0.6119193793,0.6425841093,0.03088,Low-Low,3,1,1,-1.9895127553,0.03148,2
05376,La Ceja,Antioquia,2.71,6,-0.4039042815,0.0998601732,-0.040369964,0.3826,Low-High,1,1,1,0.074031622,0.37492,4
05129,Caldas,Antioquia,4.97,8,0.8753178169,-0.1923515119,-0.1685190347,0.30264,High-Low,1,1,1,-0.222057957,0.31228,4
99001,Puerto Carreño,Vichada,8.45,2,2.8450934375,1.0790877087,3.0728465241,0.07044,High-High,1,1,1,2.892511657,0.06888,5
27001,Quibdó,Chocó,1.38,9,-1.1567208261,-0.994459616,1.151339213,0.00044,Low-Low,3,1,3,-3.2104204544,0.00028,1
05656,San Jerónimo,Antioquia,7.41,6,2.2564248613,0.0442008046,0.0998248442,0.43036,High-High,1,1,1,0.956076184,0.4278,4
05079,Barbosa,Antioquia,4.42,5,0.5640027045,0.0783511291,0.0442297043,0.40416,High-High,1,1,1,0.3912351336,0.40888,4
05690,Santo Domingo,Antioquia,2.52,8,-0.5114495021,-0.1442391763,0.0738369219,0.3576,Low-Low,1,1,1,-0.5573628866,0.35964,4
05847,Urrao,Antioquia,3.76,11,0.1904245696,-0.7291127956,-0.1389649554,0.00304,High-Low,4,1,4,-2.2724690478,0.00396,1
81591,Puerto Rondón,Arauca,5.6,5,1.2319151276,0.8322997287,1.026238093,0.04076,High-High,2,1,1,2.2077682686,0.03984,6
05042,Santafé de Antioquia,Antioquia,3.67,9,0.1394820966,-0.287554189,-0.0401444725,0.19452,High-Low,1,1,1,-0.7777622841,0.19652,4
05086,Belmira,Antioquia,3.88,8,0.2583478668,-0.2977741295,-0.076997998,0.20032,High-Low,1,1,1,-0.7108075154,0.20288,4
05411,Liborina,Antioquia,1.06,7,-1.3378496188,-0.0311347572,0.0416908138,0.4882,Low-Low,1,1,1,-0.5520291626,0.48488,4
27075,Bahía Solano,Chocó,6.92,6,1.9790713974,-0.9237061814,-1.8297126979,0.00552,High-Low,4,1,1,-1.3509746777,0.0044,1
05873,Vigía del Fuerte,Antioquia,1.65,7,-1.0038934073,-0.8518745991,0.8559548576,0.00544,Low-Low,3,1,1,-2.4720486515,0.00504,1
05310,Gómez Plata,Antioquia,4.96,5,0.8696575422,-0.0993814988,-0.0865050377,0.43736,High-Low,1,1,1,0.152583459,0.43908,4
27099,Bojaya,Chocó,0.48,5,-1.6661455556,-0.3190001599,0.5319752529,0.23804,Low-Low,1,1,1,-1.334934746,0.24356,4
05686,Santa Rosa de Osos,Antioquia,2.92,11,-0.2850385113,-0.1615416072,0.0460866913,0.30024,Low-Low,1,1,1,-0.5984588156,0.31164,4
05315,Guadalupe,Antioquia,2.03,6,-0.788802966,0.5177771272,-0.408788798,0.10304,Low-High,1,1,1,0.8788168063,0.10172,4
05138,Cañasgordas,Antioquia,2.98,6,-0.2510768626,0.311177098,-0.0781991279,0.2184,Low-High,1,1,1,0.612701172,0.21564,4
05475,Murindó,Antioquia,1.19,4,-1.2642660468,-0.0076850475,0.0097246195,0.47868,Low-Low,1,1,1,-0.5804403119,0.47904,4
81065,Arauquita,Arauca,5.35,5,1.0904082583,0.9805989277,1.0702078591,0.02356,High-High,2,1,1,2.4533709629,0.02328,6
81736,Saravena,Arauca,4.43,4,0.5696629793,0.2583478668,0.1473026184,0.27992,High-High,1,1,1,0.7185119241,0.28012,4
05819,Toledo,Antioquia,3.25,5,-0.0982494438,-0.415224831,0.0408320334,0.17268,Low-Low,1,1,1,-0.8900694884,0.17404,4
81001,Arauca,Arauca,6.76,3,1.8885070011,0.8111680362,1.5332642802,0.0822,High-High,1,1,1,2.1648713997,0.08184,5
05234,Dabeiba,Antioquia,5.84,8,1.3677617221,0.0800492115,0.1095860047,0.391,High-High,1,1,1,0.6720885218,0.388,4
68307,Girón,Santander,4.43,11,0.5696629793,0.4883608507,0.278449491,0.05776,High-High,1,1,1,1.7244562663,0.06016,5
68001,Bucaramanga,Santander,4.48,6,0.5979643531,0.4385332804,0.2624614008,0.138,High-High,1,1,1,1.2243379121,0.1386,4
05031,Amalfi,Antioquia,6.03,8,1.4753069427,0.736641085,1.0877420389,0.02428,High-High,2,1,1,2.4660646139,0.02548,6
05893,Yondó,Antioquia,3.07,7,-0.2001343897,0.6586101542,-0.1319282293,0.04716,Low-High,5,1,1,1.5648124077,0.04992,6
27150,Carmen del Darien,Chocó,2.78,6,-0.3642823581,-0.2803216156,0.1022073944,0.24508,Low-Low,1,1,1,-0.7758215327,0.2518,4
54377,Labateca,Norte de Santander,0.76,4,-1.507657862,-0.4039042815,0.6094931703,0.21348,Low-Low,1,1,1,-1.3998965076,0.21016,4
54518,Pamplona,Norte de Santander,4.94,6,0.8583369926,-1.1595509635,-0.9961741346,0.00024,High-Low,4,1,4,-2.3124247113,8e-05,1
54820,Toledo,Norte de Santander,1.92,6,-0.8510659885,-0.444469584,0.3786106896,0.1304,Low-Low,1,1,1,-1.3338059271,0.12944,4
27372,Juradó,Chocó,0.89,2,-1.4340742899,0.4423067969,-0.6348671457,0.24308,Low-High,1,1,1,-0.3176566191,0.24236,4
05480,Mutatá,Antioquia,7.37,6,2.2337837622,0.6007944905,1.3432432317,0.07616,High-High,1,1,1,2.2136871653,0.07512,5
54099,Bochalema,Norte de Santander,3.61,8,0.105520448,0.0135409829,0.0014301263,0.4612,High-Low,1,1,1,0.0715706536,0.46932,4
54239,Durania,Norte de Santander,4.95,5,0.8639972674,0.353440483,0.3056442647,0.20232,High-High,1,1,1,1.0770690723,0.1998,4
54128,Cachirá,Norte de Santander,3.47,8,0.0262766012,0.0291067386,0.000765509,0.44468,High-High,1,1,1,0.0867256787,0.45148,4
54405,Los Patios,Norte de Santander,3.63,5,0.1168409975,0.253819647,0.0296830198,0.26272,High-High,1,1,1,0.5673276314,0.26392,4
05147,Carepa,Antioquia,3.07,4,-0.2001343897,0.967297282,-0.1937622989,0.0368,Low-High,5,1,1,1.6445227955,0.03584,6
27615,Riosucio,Chocó,1.49,7,-1.0944578036,0.9505186103,-1.0412313521,0.01196,Low-High,5,1,1,1.9725152908,0.01224,6
54313,Gramalote,Norte de Santander,2.08,6,-0.7605015921,0.2385369051,-0.1815696673,0.2604,Low-High,1,1,1,0.2543035032,0.26072,4
23580,Puerto Libertador,Córdoba,5.34,3,1.0847479835,1.0470128183,1.1367591015,0.04272,High-High,2,1,1,2.1166729955,0.044,6
05045,Apartadó,Antioquia,4.8,4,0.7790931458,0.5852287349,0.4563547922,0.11808,High-High,1,1,1,1.3984322352,0.1192,4
05154,Caucasia,Antioquia,3.96,7,0.303630065,0.6149451774,0.1868825548,0.05772,High-High,1,1,1,1.6351060082,0.06052,5
54109,Bucarasica,Norte de Santander,2.88,4,-0.3076796104,0.0375971507,-0.0115782051,0.44108,Low-High,1,1,1,-0.0705000786,0.44512,4
54261,El Zulia,Norte de Santander,5.79,5,1.3394603482,0.500607627,0.6711427665,0.12724,High-High,1,1,1,1.572908474,0.13336,4
23807,Tierralta,Córdoba,5.78,9,1.3338000735,0.3992258167,0.5329628588,0.11508,High-High,1,1,1,1.5649972102,0.1136,4
27800,Unguía,Chocó,7.45,3,2.2790659603,0.2357067677,0.537670906,0.31224,High-High,1,1,1,1.4957641413,0.3156,4
54498,Ocaña,Norte de Santander,4.22,10,0.4507972091,0.4943813248,0.2230647087,0.0636,High-High,1,1,1,1.6345757975,0.06476,5
05837,Turbo,Antioquia,4.47,10,0.5923040783,0.7055095738,0.4182493016,0.01804,High-High,2,1,1,2.3171746604,0.01836,6
27006,Acandí,Chocó,5.56,1,1.2092740285,2.2790659603,2.7584760029,0.02544,High-High,2,1,1,2.4688321924,0.02844,6
05490,Necoclí,Antioquia,5.23,3,1.022484961,0.0640117663,0.0655095068,0.42324,High-High,1,1,1,0.6083464638,0.41728,4
05051,Arboletes,Antioquia,4.11,7,0.3885341866,0.17910402,0.0696501669,0.29588,High-High,1,1,1,0.5827103888,0.30416,4
13001,Cartagena,Bolívar,3.33,5,-0.0529672456,-0.4027722265,0.0213527834,0.18084,Low-Low,1,1,1,-0.846046364,0.18252,4
20570,Pueblo Bello,Cesar,4.34,4,0.5187205063,0.2880643094,0.1495582795,0.26248,High-High,1,1,1,0.7489561172,0.26596,4
20001,Valledupar,Cesar,4.03,13,0.3432519884,0.7747390883,0.2661681707,0.0056,High-High,2,1,1,2.8010342555,0.0052,7
47053,Aracataca,Magdalena,3.15,9,-0.1548521915,0.0369682313,-0.0057297229,0.4342,Low-High,1,1,1,0.0564974284,0.44076,4
99624,Santa Rosalía,Vichada,6.3,6,1.6281343616,0.8602237509,1.4018103473,0.02608,High-High,2,1,1,2.5742309279,0.0254,6
54001,Cúcuta,Norte de Santander,4.28,8,0.4847588577,0.9446561829,0.4583393186,0.00936,High-High,2,1,1,2.6914956118,0.00856,7
66170,Dosquebradas,Risaralda,5.83,3,1.3621014473,1.1451242477,1.5611680518,0.03384,High-High,2,1,1,2.4030282205,0.03244,6
15491,Nobsa,Boyacá,2.84,6,-0.3303207095,-0.3963572485,0.1310419048,0.164,Low-Low,1,1,1,-1.0269145102,0.1662,4
15806,Tibasosa,Boyacá,3.88,6,0.2583478668,-0.6020138985,-0.1556678717,0.05812,High-Low,1,1,1,-1.2715692062,0.05648,3
76130,Candelaria,Valle del Cauca,5.09,6,0.9432411142,0.7224903981,0.6820911148,0.04824,High-High,2,1,1,2.0012238767,0.04592,6
76147,Cartago,Valle del Cauca,5.18,7,0.9941835871,1.4825844389,1.4752771524,6e-04,High-High,2,1,2,4.0351303692,0.00072,7
85125,Hato Corozal,Casanare,4.49,6,0.6036246279,0.7432447389,0.4490414011,0.04016,High-High,2,1,1,1.9196723113,0.04088,6
13650,San Fernando,Bolívar,5.41,6,1.1243699069,0.0696720411,0.0784070902,0.40464,High-High,1,1,1,0.5848019523,0.40904,4
85440,Villanueva,Casanare,3.79,6,0.2074053939,0.4847588577,0.1006313711,0.11748,High-High,1,1,1,1.1814160356,0.116,4
86219,Colón,Putumayo,3.56,5,0.0772190741,-0.2997552257,-0.0231674878,0.25876,High-Low,1,1,1,-0.5819076173,0.26172,4
86569,Puerto Caicedo,Putumayo,4.79,5,0.773432871,2.0435985298,1.5819975159,0.00044,High-High,2,1,2,4.4992877463,0.00012,7
86749,Sibundoy,Putumayo,2.52,6,-0.5114495021,0.025333222,-0.0129682323,0.45992,Low-High,1,1,1,-0.1362855729,0.44616,4
86760,Santiago,Putumayo,5.35,6,1.0904082583,-0.1539088124,-0.1679732824,0.3688,High-Low,1,1,1,0.0633011528,0.3702,4
86865,Valle del Guamuez,Putumayo,7.33,4,2.2111426631,1.1413507312,2.5259425893,0.01964,High-High,2,1,1,3.0373446267,0.02148,6
88001,San Andrés,"Archipiélago de San Andrés, Providencia y Santa Catalina",2.01,0,-0.8001235155,0,0,,Low-Low,,,,-0.8004806338,4e-05,
91540,Puerto Nariño,Amazonas,3.62,2,0.1111807227,0.2724985537,0.0303236367,0.32288,High-High,1,1,1,0.379352395,0.32292,4
91001,Leticia,Amazonas,5.61,2,1.2375754023,-0.290698786,-0.3600828829,0.36568,High-Low,1,1,1,0.379352395,0.3664,4
91798,Tarapacá,Amazonas,2.2,4,-0.6925782948,-0.378433045,0.262328526,0.22608,Low-Low,1,1,1,-0.9888999017,0.22668,4
91263,El Encanto,Amazonas,3.09,3,-0.1888138402,1.8432248029,-0.3483370911,0.0048,Low-High,5,1,1,2.6752074443,0.00488,7
91536,Puerto Arica,Amazonas,0,6,-1.9378387446,0.5064565776,-0.9823074565,0.10908,Low-High,1,1,1,0.4174066339,0.1104,4
91530,Puerto Alegría,Amazonas,5.23,4,1.022484961,2.7842454837,2.8493909644,4e-05,High-High,2,2,2,5.4500469244,0.00016,7
91407,La Pedrera,Amazonas,1.79,5,-0.9246495605,-0.4322056553,0.3999955896,0.1662,Low-Low,1,1,1,-1.2631075429,0.162,4
91405,La Chorrera,Amazonas,14.81,6,6.4450281924,0.377213637,2.433323197,0.16456,High-High,1,1,1,3.3017567345,0.16652,4
91669,Puerto Santander,Amazonas,0.75,4,-1.5133181368,1.5630412017,-2.3674905442,0.00508,Low-High,5,1,1,2.1240188358,0.0048,7
97666,Taraira,Vaupés,0,2,-1.9378387446,0.7847534206,-1.5220833741,0.13188,Low-High,1,1,1,-0.2129416498,0.13168,4
91460,Miriti - Paraná,Amazonas,3.27,6,-0.0869288943,-0.3312640886,0.028822132,0.212,Low-Low,1,1,1,-0.7865520018,0.20524,4
91430,La Victoria,Amazonas,0,3,-1.9378387446,1.4130439203,-2.7406961237,0.01528,Low-High,5,1,1,1.1527049113,0.01752,6
86757,San Miguel,Putumayo,6.56,2,1.7753015057,1.8573754898,3.3003456122,0.01216,High-High,2,1,1,3.1739331369,0.01152,6
86568,Puerto Asís,Putumayo,6.08,6,1.5036083166,2.3668002193,3.5619179404,8e-05,High-High,2,1,2,5.954328702,4e-05,7
86573,Leguízamo,Putumayo,8.81,5,3.0488633293,3.0749005933,9.3833221526,4e-05,High-High,2,2,2,7.5415173461,4e-05,7
52560,Potosí,Nariño,1.32,3,-1.1906824748,0.0621250081,-0.074037204,0.42268,Low-High,1,1,1,-0.5030520332,0.42744,4
97511,Pacoa,Vaupés,7.83,8,2.4941564017,-0.0940042377,-0.2346706117,0.41132,High-Low,1,1,1,0.5830527496,0.4136,4
52356,Ipiales,Nariño,2.48,10,-0.5340906012,-0.4435262049,0.2370946803,0.07148,Low-Low,1,1,1,-1.5057219861,0.07108,3
86320,Orito,Putumayo,6.64,10,1.8205837038,-0.0122132673,-0.0222551283,0.4964,High-Low,1,1,1,0.5146334422,0.49316,4
52022,Aldana,Nariño,1.32,4,-1.1906824748,-1.0576660176,1.260468806,0.00644,Low-Low,3,1,1,-2.4299250385,0.00684,1
18785,Solita,Caquetá,5.41,4,1.1243699069,2.4474591348,2.7543064079,0.00024,High-High,2,1,2,4.8919033855,2e-04,7
52317,Guachucal,Nariño,0.71,6,-1.5359592358,-1.1180422819,1.7188006433,0.00068,Low-Low,3,1,3,-3.1257942709,0.00096,1
52506,Ospina,Nariño,0.73,5,-1.5246386863,-1.2495493324,1.9068122448,0.00028,Low-Low,3,1,3,-3.1815889661,0.00044,1
86571,Puerto Guzmán,Putumayo,11.5,8,4.5714772429,1.4830898206,6.7859648562,2e-04,High-High,2,1,2,5.5008583832,0.00016,7
86885,Villagarzón,Putumayo,5.65,6,1.2602165014,0.618718694,0.780415686,0.07084,High-High,1,1,1,1.8853348101,0.06664,5
97889,Yavaraté,Vaupés,8.39,1,2.8111317889,0.9262602899,2.6061646026,0.169,High-High,1,1,1,2.6450959223,0.1684,4
18205,Curillo,Caquetá,7.83,6,2.4941564017,1.7366229614,4.3352766061,0.00036,High-High,2,1,2,4.8963044464,0.00044,7
18756,Solano,Caquetá,6.66,16,1.8319042534,1.5701165452,2.8788713052,4e-05,High-High,2,2,2,6.5873890048,4e-05,7
86755,San Francisco,Putumayo,2.92,5,-0.2850385113,0.5957002432,-0.1699491154,0.09836,Low-High,1,1,1,1.1025561444,0.0994,5
52001,Pasto,Nariño,2.1,10,-0.7491810426,-0.2657935771,0.1993053016,0.1996,Low-Low,1,1,1,-1.0323619706,0.20216,4
52683,Sandoná,Nariño,2.15,5,-0.7208796687,-0.7933311858,0.5724069441,0.02536,Low-Low,3,1,1,-1.9188203965,0.0252,2
52435,Mallama,Nariño,2.88,5,-0.3076796104,-1.0876654739,0.3349512861,0.00276,Low-Low,3,1,3,-2.3521006213,0.00228,1
52381,La Florida,Nariño,1.71,6,-0.9699317587,-0.7652184878,0.7428724008,0.01952,Low-Low,3,1,1,-2.1085457979,0.01928,2
86001,Mocoa,Putumayo,5.3,8,1.0621068844,0.7670650619,0.8154324983,0.0208,High-High,2,1,1,2.4092332699,0.02228,6
52019,Albán,Nariño,1.72,5,-0.9642714839,-0.7446528227,0.7186885962,0.03452,Low-Low,3,1,1,-1.9188203965,0.03372,2
52260,El Tambo,Nariño,1.69,6,-0.9812523082,-0.9010650823,0.8849616313,0.00552,Low-Low,3,1,1,-2.4218754963,0.00516,1
18150,Cartagena del Chairá,Caquetá,8.76,6,3.0205619554,1.8432248029,5.5725457639,2e-04,High-High,2,1,2,5.3383997743,0.00016,7
52678,Samaniego,Nariño,2.43,8,-0.5623919751,-0.5355056699,0.3014329879,0.05228,Low-Low,1,1,1,-1.6220033974,0.05628,3
94885,La Guadalupe,Guainía,1.09,1,-1.3208687945,1.1526712808,-1.5238869247,0.121,Low-High,1,1,1,-0.1190398407,0.1278,4
52693,San Pablo,Nariño,1.4,5,-1.1454002766,-0.2952270059,0.3384550166,0.2652,Low-Low,1,1,1,-1.0731130058,0.25964,4
97161,Caruru,Vaupés,3.54,5,0.0658985246,0.773432871,0.0510135923,0.0524,High-High,1,1,1,1.6099805788,0.04588,6
97001,Mitú,Vaupés,5.06,5,0.9262602899,0.3353276037,0.3108779654,0.21168,High-High,1,1,1,1.0654840396,0.21388,4
52079,Barbacoas,Nariño,4.81,7,0.7847534206,-0.4273539913,-0.3356669417,0.12508,High-Low,1,1,1,-0.7829938501,0.11784,4
52540,Policarpa,Nariño,3.66,5,0.1338218218,-0.5827689643,-0.0780568359,0.08388,High-Low,1,1,1,-1.1379891892,0.08552,3
95200,Miraflores,Guaviare,5.74,5,1.3111589744,1.0077682466,1.3225241524,0.0202,High-High,2,1,1,2.5993423755,0.0198,6
52835,San Andres de Tumaco,Nariño,3.83,4,0.230046493,-0.6883330888,-0.1584899957,0.0716,High-Low,1,1,1,-1.1309728025,0.06912,3
05615,Rionegro,Antioquia,4.1,8,0.3828739118,0.0057581051,0.0022065967,0.472,High-Low,1,1,1,0.1435570227,0.47092,4
20443,Manaure,Cesar,3.84,2,0.2357067677,0.7026794364,0.1657741793,0.149,High-High,1,1,1,0.9487400403,0.15116,4
94001,Inírida,Guainía,5.19,6,0.9998438619,0.42815611,0.428471481,0.14332,High-High,1,1,1,1.3531035416,0.145,4
27580,Río Iro,Chocó,2.43,4,-0.5623919751,-0.4421111362,0.2488617549,0.19172,Low-Low,1,1,1,-1.0447142556,0.18628,4
95025,El Retorno,Guaviare,5.32,6,1.073427434,0.6064547653,0.6515664193,0.07684,High-High,1,1,1,1.7866144942,0.07576,5
94887,Pana Pana,Guainía,0.32,5,-1.7567099519,0.67494409,-1.1867396437,0.07248,Low-High,1,1,1,0.6623248999,0.07196,5
94883,San Felipe,Guainía,5.46,2,1.1526712808,-0.8284248894,-0.9557541689,0.10672,High-Low,1,1,1,-0.2914778767,0.10416,4
27413,Lloró,Chocó,0.37,5,-1.7284085781,-0.8838955821,1.5290967533,0.01168,Low-Low,3,1,1,-2.5166080863,0.0122,2
97777,Papunaua,Vaupés,0,5,-1.9378387446,0.8062624647,-1.5638016484,0.04396,Low-High,5,1,1,0.8569534501,0.04472,6
54344,Hacarí,Norte de Santander,2.94,4,-0.2737179617,0.377213637,-0.1033423355,0.2074,Low-High,1,1,1,0.5536058786,0.20832,4
54720,Sardinata,Norte de Santander,5.27,9,1.0451260601,0.2891649183,0.3024836256,0.18408,High-High,1,1,1,1.1586551951,0.18588,4
66075,Balboa,Risaralda,6.48,6,1.7300193075,1.498891421,2.5954263758,0.00092,High-High,2,1,2,4.0657661361,0.0012,7
85001,Yopal,Casanare,3.28,8,-0.0812686195,0.0383046851,-0.0031157483,0.43292,Low-High,1,1,1,0.0753594099,0.43448,4
85430,Trinidad,Casanare,4.73,5,0.7394712224,0.79833808,0.5908751324,0.04572,High-High,2,1,1,1.9366785023,0.04448,6
15001,Tunja,Boyacá,2.82,10,-0.341641259,-0.6852199376,0.2343084195,0.00892,Low-Low,3,1,1,-2.1797454863,0.00808,1
52427,Magüi,Nariño,3.61,7,0.105520448,-0.2931246181,-0.0309582577,0.22264,High-Low,1,1,1,-0.6906079751,0.22468,4
52405,Leiva,Nariño,3.73,4,0.1734437452,-0.0048549101,-0.0008428056,0.47508,High-Low,1,1,1,0.0690358061,0.47156,4
95015,Calamar,Guaviare,2.67,6,-0.4265453806,1.7007745545,-0.7261052595,0.00056,Low-High,5,1,5,3.7073684674,0.00048,7
52621,Roberto Payán,Nariño,1.07,6,-1.3321893441,-0.3680558746,0.4907579,0.18576,Low-Low,1,1,1,-1.3423903024,0.18284,4
52520,Francisco Pizarro,Nariño,1.72,3,-0.9642714839,-0.7812559329,0.7540154453,0.07452,Low-Low,1,1,1,-1.656978534,0.07212,3
50350,La Macarena,Meta,8.03,5,2.6073618971,1.0587107195,2.7629066705,0.01696,High-High,2,1,1,3.2342021701,0.01748,6
52473,Mosquera,Nariño,1.23,4,-1.2416249477,-0.7972933781,0.9908232233,0.03916,Low-Low,3,1,1,-1.9859472235,0.03792,2
52490,Olaya Herrera,Nariño,1.44,4,-1.1227591775,-0.5921084176,0.6653887271,0.1062,Low-Low,1,1,1,-1.5648025532,0.1044,4
52696,Santa Bárbara,Nariño,1.71,2,-0.9699317587,-0.8001235155,0.7767581239,0.11072,Low-Low,1,1,1,-1.4858829947,0.11152,4
52390,La Tola,Nariño,3.6,3,0.0998601732,-0.590693349,-0.0590394069,0.15116,High-Low,1,1,1,-0.8376056624,0.1462,4
41349,Hobo,Huila,3.91,4,0.2753286911,-0.000609704,-0.0001680189,0.46788,High-Low,1,1,1,0.1223131439,0.46792,4
52250,El Charco,Nariño,2.09,9,-0.7548413173,0.0614960886,-0.0464612348,0.40824,Low-High,1,1,1,-0.0639667974,0.415,4
19318,Guapi,Cauca,1.93,4,-0.8454057137,-0.4378659301,0.370504872,0.18488,Low-Low,1,1,1,-1.1639540116,0.1936,4
94888,Morichal,Guainía,10,6,3.7224360271,-0.0274960092,-0.1024435209,0.49888,High-Low,1,1,1,1.3488113539,0.49512,4
95001,San José del Guaviare,Guaviare,5.02,9,0.9036191908,2.2136583408,2.0020901444,4e-05,High-High,2,2,2,6.615504823,4e-05,7
19809,Timbiquí,Cauca,2.03,4,-0.788802966,0.1720286765,-0.1358178881,0.33772,Low-High,1,1,1,-0.0451299177,0.34356,4
18753,San Vicente del Caguán,Caquetá,7.8,11,2.4771755774,1.1140784982,2.7622321257,0.00068,High-High,2,1,2,4.2757201433,0.00064,7
50450,Puerto Concordia,Meta,8.87,3,3.0828249779,2.5601929407,7.899673734,6e-04,High-High,2,1,2,5.3913292814,0.00064,7
50590,Puerto Rico,Meta,6.53,5,1.7583206813,2.4488742035,4.3097507171,0.00012,High-High,2,1,2,5.7319352307,4e-05,7
94884,Puerto Colombia,Guainía,2.83,4,-0.3359809842,-0.0982494438,0.033039418,0.44728,Low-Low,1,1,1,-0.3267387033,0.44984,4
50711,Vistahermosa,Meta,6.8,7,1.9111481002,1.2157429139,2.3255392824,0.00308,High-High,2,1,2,3.6977210867,0.00256,7
19418,López,Cauca,3.45,6,0.0149560516,-0.1331544716,-0.0019932432,0.38656,High-Low,1,1,1,-0.2972426097,0.39,4
50325,Mapiripán,Meta,12.29,7,5.0186389499,1.5060341487,7.5649900683,0.00052,High-High,2,1,2,5.5213379233,6e-04,7
50577,Puerto Lleras,Meta,5.77,6,1.3281397987,2.005486013,2.6659439734,0.00016,High-High,2,1,2,5.0658458585,4e-05,7
94343,Barranco Minas,Guainía,4.4,3,0.5526821549,1.9658640896,1.0874680889,0.00296,High-High,2,1,2,3.2309066928,0.00388,7
94886,Cacahual,Guainía,2.03,2,-0.788802966,0.3319314388,-0.2620622789,0.29028,Low-High,1,1,1,-0.0722309099,0.28744,4
76233,Dagua,Valle del Cauca,4.11,4,0.3885341866,0.736641085,0.2864657896,0.07648,High-High,1,1,1,1.4948388464,0.07512,5
76109,Buenaventura,Valle del Cauca,3.31,7,-0.0642877952,0.1637404171,-0.0105359091,0.315,Low-High,1,1,1,0.3838799187,0.31268,4
50001,Villavicencio,Meta,4.11,6,0.3885341866,0.5838136662,0.2270340961,0.08004,High-High,1,1,1,1.4754308896,0.07984,5
27250,El Litoral del San Juan,Chocó,1.49,8,-1.0944578036,0.3050451337,-0.3341571154,0.18896,Low-High,1,1,1,0.4504462802,0.1912,4
73001,Ibagué,Tolima,4.18,8,0.42815611,-0.1958891836,-0.0839460358,0.30468,High-Low,1,1,1,-0.3811857202,0.29976,4
27745,Sipí,Chocó,1.48,9,-1.1001180784,0.7577098856,-0.8343146025,0.01708,Low-High,5,1,1,1.8167135027,0.01724,6
11001,"Bogotá, D.C.","Bogotá, D.C.",2.49,20,-0.5284303265,-0.3068305691,0.1622833444,0.07552,Low-Low,1,1,1,-1.4682489127,0.07796,3
47001,Santa Marta,Magdalena,4.66,4,0.699849299,0.4380615908,0.3068508268,0.17856,High-High,1,1,1,1.099064337,0.18008,4
44001,Riohacha,La Guajira,3.65,9,0.1281615471,0.0382260701,0.0049034865,0.42956,High-High,1,1,1,0.1499920513,0.43336,4
44847,Uribia,La Guajira,1.62,2,-1.0208742316,-0.4746577161,0.4849984793,0.26016,Low-Low,1,1,1,-1.1390146591,0.2632,4
88564,Providencia,"Archipiélago de San Andrés, Providencia y Santa Catalina",1.41,0,-1.1397400018,0,0,,Low-Low,,,,-1.1402487008,4e-05,
85162,Monterrey,Casanare,3.07,4,-0.2001343897,-0.0487220396,0.0097596619,0.49212,Low-Low,1,1,1,-0.1770547542,0.48908,4
50568,Puerto Gaitán,Meta,3.95,7,0.2979697902,1.8771864515,0.5598442682,0.00012,High-High,2,1,2,4.7681922034,0.00016,7
20045,Becerril,Cesar,5.42,3,1.1300301817,1.3149324909,1.4872401099,0.02052,High-High,2,1,1,2.5419530326,0.02012,6
27361,Istmina,Chocó,3.36,9,-0.0359864213,-0.7730799805,0.0278452215,0.00436,Low-Low,3,1,3,-2.2215350193,0.00424,1
70001,Sincelejo,Sucre,3.02,8,-0.2284357636,-0.3543768772,0.0810246314,0.1534,Low-Low,1,1,1,-1.0252742855,0.15264,4
05001,Medellín,Antioquia,3.18,11,-0.1378713672,0.3082611989,-0.0425383397,0.1532,Low-High,1,1,1,0.9441276497,0.1526,4
05240,Ebéjico,Antioquia,3.2,7,-0.1265508177,0.3634672554,-0.0460381472,0.16344,Low-High,1,1,1,0.8578596252,0.16416,4
05212,Copacabana,Antioquia,3.81,6,0.2187259434,0.4366465221,0.0955911956,0.13928,High-High,1,1,1,1.0762574381,0.1386,4
05088,Bello,Antioquia,3.92,4,0.2809889659,0.5795684601,0.1629977462,0.12196,High-High,1,1,1,1.1650267553,0.1216,4
05308,Girardota,Antioquia,4.38,6,0.5413616054,0.3979679779,0.2156369446,0.15652,High-High,1,1,1,1.1105949393,0.16284,4
27073,Bagadó,Chocó,0.82,8,-1.4736962134,-0.178200825,0.2628483576,0.32676,Low-Low,1,1,1,-0.9703373196,0.32156,4
27600,Río Quito,Chocó,2.72,5,-0.3982440067,-0.7118232291,0.2837324414,0.04224,Low-Low,3,1,1,-1.6199265516,0.04208,2
27050,Atrato,Chocó,2.24,4,-0.6699371958,-0.862386538,0.5782606625,0.02872,Low-Low,3,1,1,-1.8464113387,0.02776,2
20400,La Jagua de Ibirico,Cesar,4.88,3,0.824375344,1.4017233707,1.1565779236,0.0168,High-High,2,1,1,2.5192714306,0.01676,6
85263,Pore,Casanare,4.63,5,0.6828684747,0.4236278901,0.2895404188,0.16624,High-High,1,1,1,1.1465792688,0.16608,4
05631,Sabaneta,Antioquia,3.53,4,0.0602382498,0.3658930875,0.0220604385,0.21904,High-High,1,1,1,0.6829936989,0.21932,4
05380,La Estrella,Antioquia,2.8,5,-0.3529618085,0.0138239967,-0.0048836994,0.458,Low-Low,1,1,1,-0.1161893008,0.46324,4
