"anillo","agujero","orden","x","y"
1,FALSE,1,626.6901,6984.991
1,FALSE,2,627.5379,6986.729
1,FALSE,3,627.8811,6987.328
1,FALSE,4,628.2525,6987.977
1,FALSE,5,628.7883,6989.661
1,FALSE,6,629.1447,6991.443
1,FALSE,7,629.582,6991.788
1,FALSE,8,629.7846,6992.314
1,FALSE,9,629.9764,6993.217
1,FALSE,10,630.0288,6993.743
1,FALSE,11,629.8561,6994.333
1,FALSE,12,629.8451,6994.786
1,FALSE,13,630.2588,6996.131
1,FALSE,14,631.1253,6997.142
1,FALSE,15,632.1184,6998.5
1,FALSE,16,632.7411,6998.787
1,FALSE,17,633.5829,6999.448
1,FALSE,18,634.7744,6999.919
1,FALSE,19,636.2403,7000.177
1,FALSE,20,637.679,6999.945
1,FALSE,21,638.8301,6999.803
1,FALSE,22,639.0412,6999.759
1,FALSE,23,638.7198,7000.304
1,FALSE,24,638.2878,7001.673
1,FALSE,25,638.1908,7002.35
1,FALSE,26,638.1704,7003.378
1,FALSE,27,639.1689,7003.936
1,FALSE,28,640.0888,7004.559
1,FALSE,29,641.0826,7005.308
1,FALSE,30,641.2719,7005.462
1,FALSE,31,641.659,7005.169
1,FALSE,32,641.6175,7004.304
1,FALSE,33,641.5521,7003.69
1,FALSE,34,641.5744,7003.101
1,FALSE,35,641.4703,7002.236
1,FALSE,36,641.2927,7001.723
1,FALSE,37,641.3169,7001.547
1,FALSE,38,641.5774,7000.972
1,FALSE,39,641.1948,6999.635
1,FALSE,40,641.0353,6999.078
1,FALSE,41,641.0035,6998.962
1,FALSE,42,641.5284,6998.525
1,FALSE,43,642.6414,6998.245
1,FALSE,44,643.6048,6998.128
1,FALSE,45,644.4826,6998.426
1,FALSE,46,646.1214,6998.181
1,FALSE,47,646.9336,6997.826
1,FALSE,48,648.7101,6997.556
1,FALSE,49,649.9995,6997.538
1,FALSE,50,650.8262,6997.622
1,FALSE,51,651.6518,6997.481
1,FALSE,52,653.2649,6997.061
1,FALSE,53,653.7526,6996.959
1,FALSE,54,654.6048,6997.131
1,FALSE,55,656.7759,6998.288
1,FALSE,56,659.1102,6999.532
1,FALSE,57,660.5534,7000.29
1,FALSE,58,661.7715,7001.113
1,FALSE,59,662.7521,7002.011
1,FALSE,60,663.9323,7002.746
1,FALSE,61,665.1369,7003.356
1,FALSE,62,666.3904,7003.689
1,FALSE,63,667.4442,7004.161
1,FALSE,64,668.1983,7004.81
1,FALSE,65,668.2397,7005.65
1,FALSE,66,668.4564,7006.501
1,FALSE,67,668.539,7006.57
1,FALSE,68,668.934,7006.9
1,FALSE,69,669.7368,7007.248
1,FALSE,70,670.1638,7007.535
1,FALSE,71,670.1895,7007.685
1,FALSE,72,670.3634,7007.902
1,FALSE,73,670.5295,7008.11
1,FALSE,74,670.8201,7008.698
1,FALSE,75,671.0735,7009.361
1,FALSE,76,671.3067,7009.594
1,FALSE,77,670.9,7009.738
1,FALSE,78,670.6395,7010.265
1,FALSE,79,670.3289,7010.781
1,FALSE,80,670.2063,7011.358
1,FALSE,81,670.2114,7011.522
1,FALSE,82,670.221,7011.834
1,FALSE,83,669.9462,7012.337
1,FALSE,84,670.2863,7012.411
1,FALSE,85,670.5244,7012.472
1,FALSE,86,670.8993,7012.333
1,FALSE,87,671.1412,7012.243
1,FALSE,88,670.3454,7013.129
1,FALSE,89,669.9058,7013.574
1,FALSE,90,669.608,7014.67
1,FALSE,91,669.4866,7015.498
1,FALSE,92,669.3399,7016.275
1,FALSE,93,669.3057,7016.99
1,FALSE,94,669.1709,7017.63
1,FALSE,95,669.166,7017.819
1,FALSE,96,669.9215,7017.425
1,FALSE,97,670.6176,7016.969
1,FALSE,98,670.4107,7017.713
1,FALSE,99,669.8019,7018.731
1,FALSE,100,669.1671,7019.536
1,FALSE,101,668.6681,7019.926
1,FALSE,102,668.3567,7020.266
1,FALSE,103,668.0678,7020.067
1,FALSE,104,667.8042,7019.905
1,FALSE,105,666.9633,7019.444
1,FALSE,106,666.1149,7019.253
1,FALSE,107,665.8918,7019.393
1,FALSE,108,665.2604,7019.694
1,FALSE,109,664.8383,7020.155
1,FALSE,110,664.7225,7020.293
1,FALSE,111,664.4297,7020.644
1,FALSE,112,664.1379,7021.051
1,FALSE,113,664.0004,7021.258
1,FALSE,114,663.7725,7022.541
1,FALSE,115,663.4019,7023.633
1,FALSE,116,663.0446,7024.901
1,FALSE,117,662.8365,7025.93
1,FALSE,118,662.7129,7026.831
1,FALSE,119,662.8554,7027.321
1,FALSE,120,663.0947,7027.621
1,FALSE,121,663.4079,7027.682
1,FALSE,122,663.6581,7027.631
1,FALSE,123,664.0838,7027.642
1,FALSE,124,664.2608,7027.67
1,FALSE,125,664.0597,7027.855
1,FALSE,126,663.9614,7028.257
1,FALSE,127,664.015,7029.021
1,FALSE,128,664.0678,7029.623
1,FALSE,129,664.038,7031.315
1,FALSE,130,663.9438,7032.619
1,FALSE,131,663.6241,7033.887
1,FALSE,132,663.3275,7034.728
1,FALSE,133,662.7571,7035.934
1,FALSE,134,662.3613,7036.976
1,FALSE,135,661.8283,7038.131
1,FALSE,136,661.4705,7039.299
1,FALSE,137,661.3861,7039.988
1,FALSE,138,661.49,7040.828
1,FALSE,139,661.8843,7042.168
1,FALSE,140,662.1714,7044.001
1,FALSE,141,662.3796,7049.186
1,FALSE,142,661.3114,7053.778
1,FALSE,143,661.3256,7054.129
1,FALSE,144,661.0191,7055.547
1,FALSE,145,660.9647,7057.34
1,FALSE,146,661.2097,7058.906
1,FALSE,147,661.1409,7060.285
1,FALSE,148,660.9726,7061.803
1,FALSE,149,660.9778,7062.943
1,FALSE,150,661.0667,7063.219
1,FALSE,151,661.1424,7063.344
1,FALSE,152,661.1243,7064.873
1,FALSE,153,661.0417,7065.964
1,FALSE,154,661.0254,7067.87
1,FALSE,155,661.1686,7069.085
1,FALSE,156,661.1846,7069.837
1,FALSE,157,661.0878,7070.342
1,FALSE,158,661.0564,7070.506
1,FALSE,159,660.6763,7070.93
1,FALSE,160,660.0916,7071.735
1,FALSE,161,659.8578,7072.613
1,FALSE,162,659.8871,7073.553
1,FALSE,163,659.9653,7074.217
1,FALSE,164,660.3192,7074.955
1,FALSE,165,660.6478,7075.644
1,FALSE,166,660.8003,7076.144
1,FALSE,167,661.0896,7076.432
1,FALSE,168,661.8818,7077.181
1,FALSE,169,662.2093,7077.618
1,FALSE,170,663.0126,7078.091
1,FALSE,171,663.7018,7078.226
1,FALSE,172,664.2522,7078.124
1,FALSE,173,664.7011,7077.721
1,FALSE,174,664.8978,7076.93
1,FALSE,175,665.0819,7076.139
1,FALSE,176,665.2411,7075.362
1,FALSE,177,665.289,7074.885
1,FALSE,178,665.4009,7074.573
1,FALSE,179,666.0056,7075.338
1,FALSE,180,666.4759,7075.914
1,FALSE,181,666.4348,7076.309
1,FALSE,182,666.6626,7076.835
1,FALSE,183,666.9161,7077.523
1,FALSE,184,666.9959,7078.551
1,FALSE,185,667.0637,7079.692
1,FALSE,186,666.8428,7080.658
1,FALSE,187,666.9196,7081.021
1,FALSE,188,667.1371,7082.048
1,FALSE,189,667.2431,7083.326
1,FALSE,190,667.6127,7084.754
1,FALSE,191,667.7939,7086.057
1,FALSE,192,667.4656,7085.431
1,FALSE,193,668.0894,7087.698
1,FALSE,194,668.9394,7090.151
1,FALSE,195,669.3453,7091.291
1,FALSE,196,669.6385,7092.455
1,FALSE,197,669.8606,7094.473
1,FALSE,198,669.9659,7095.613
1,FALSE,199,670.1361,7097.229
1,FALSE,200,670.0921,7098.558
1,FALSE,201,669.9103,7099.875
1,FALSE,202,669.6517,7100.804
1,FALSE,203,669.15,7100.606
1,FALSE,204,668.6863,7100.495
1,FALSE,205,668.2854,7100.446
1,FALSE,206,668.031,7100.428
1,FALSE,207,667.6124,7099.659
1,FALSE,208,666.9843,7098.55
1,FALSE,209,666.5439,7097.405
1,FALSE,210,665.3636,7095.063
1,FALSE,211,664.8758,7093.604
1,FALSE,212,664.3281,7091.844
1,FALSE,213,664.0775,7090.438
1,FALSE,214,663.8017,7089.056
1,FALSE,215,663.7315,7087.012
1,FALSE,216,663.6916,7085.821
1,FALSE,217,663.4526,7084.515
1,FALSE,218,662.5547,7082.777
1,FALSE,219,661.9037,7081.404
1,FALSE,220,661.1787,7079.918
1,FALSE,221,660.0443,7078.053
1,FALSE,222,659.5549,7076.794
1,FALSE,223,658.7924,7075.308
1,FALSE,224,658.1251,7072.908
1,FALSE,225,657.3487,7071.584
1,FALSE,226,656.3216,7070.333
1,FALSE,227,655.0104,7068.679
1,FALSE,228,653.7251,7066.925
1,FALSE,229,652.7366,7065.561
1,FALSE,230,652.0084,7064.439
1,FALSE,231,651.4505,7063.501
1,FALSE,232,652.079,7063.481
1,FALSE,233,652.4164,7063.329
1,FALSE,234,652.8293,7063.29
1,FALSE,235,653.0412,7063.089
1,FALSE,236,653.3149,7062.711
1,FALSE,237,653.3461,7062.341
1,FALSE,238,653.3624,7062.147
1,FALSE,239,653.6863,7061.795
1,FALSE,240,653.559,7061.331
1,FALSE,241,653.3063,7060.819
1,FALSE,242,653.0416,7060.444
1,FALSE,243,652.7453,7060.168
1,FALSE,244,652.3081,7060.078
1,FALSE,245,652.0756,7060.009
1,FALSE,246,651.6754,7060.086
1,FALSE,247,651.113,7060.301
1,FALSE,248,650.9409,7061.004
1,FALSE,249,650.9523,7061.504
1,FALSE,250,650.2892,7060.996
1,FALSE,251,650.0261,7060.794
1,FALSE,252,648.7943,7059.721
1,FALSE,253,647.9268,7058.922
1,FALSE,254,647.0352,7058.324
1,FALSE,255,646.3446,7057.876
1,FALSE,256,645.428,7057.29
1,FALSE,257,645.2585,7057.016
1,FALSE,258,645.1721,7056.912
1,FALSE,259,644.9831,7056.736
1,FALSE,260,644.3712,7056.167
1,FALSE,261,643.7051,7055.605
1,FALSE,262,643.3021,7055.08
1,FALSE,263,643.1246,7054.922
1,FALSE,264,642.1701,7053.919
1,FALSE,265,641.2387,7052.845
1,FALSE,266,640.3073,7051.758
1,FALSE,267,639.9776,7050.832
1,FALSE,268,639.3222,7049.882
1,FALSE,269,638.7041,7048.856
1,FALSE,270,638.0481,7047.781
1,FALSE,271,637.3184,7046.981
1,FALSE,272,636.6014,7046.257
1,FALSE,273,635.4829,7045.322
1,FALSE,274,634.8313,7044.908
1,FALSE,275,634.7523,7044.808
1,FALSE,276,634.5846,7044.676
1,FALSE,277,634.1597,7043.409
1,FALSE,278,633.9174,7042.445
1,FALSE,279,634.0779,7041.968
1,FALSE,280,633.9236,7041.053
1,FALSE,281,633.8454,7040.389
1,FALSE,282,633.642,7039.726
1,FALSE,283,633.1378,7038.963
1,FALSE,284,632.521,7038.238
1,FALSE,285,631.9804,7037.752
1,FALSE,286,631.1512,7037.103
1,FALSE,287,630.2974,7036.555
1,FALSE,288,629.6819,7036.106
1,FALSE,289,628.9784,7035.57
1,FALSE,290,628.6898,7035.421
1,FALSE,291,628.6699,7035.273
1,FALSE,292,628.2301,7035.109
1,FALSE,293,627.6836,7034.41
1,FALSE,294,627.4176,7033.746
1,FALSE,295,627.1399,7033.306
1,FALSE,296,626.9763,7033.046
1,FALSE,297,626.6964,7032.095
1,FALSE,298,626.6918,7031.067
1,FALSE,299,626.6629,7030.227
1,FALSE,300,627.2993,7029.785
1,FALSE,301,628.4751,7029.555
1,FALSE,302,629.6243,7028.986
1,FALSE,303,630.4233,7028.494
1,FALSE,304,631.0973,7028.065
1,FALSE,305,631.3453,7027.842
1,FALSE,306,631.4492,7027.748
1,FALSE,307,631.6833,7027.536
1,FALSE,308,631.9449,7027.259
1,FALSE,309,632.3066,7026.957
1,FALSE,310,632.5672,7026.442
1,FALSE,311,633.0203,7025.978
1,FALSE,312,632.835,7025.55
1,FALSE,313,632.7494,7025.173
1,FALSE,314,632.9575,7024.784
1,FALSE,315,633.1298,7024.106
1,FALSE,316,633.2397,7023.479
1,FALSE,317,633.5658,7022.623
1,FALSE,318,633.5769,7022.097
1,FALSE,319,633.5473,7021.726
1,FALSE,320,633.8435,7021.269
1,FALSE,321,634.1913,7020.641
1,FALSE,322,634.312,7019.612
1,FALSE,323,634.7062,7018.143
1,FALSE,324,634.7483,7016.324
1,FALSE,325,634.6921,7014.933
1,FALSE,326,634.1504,7014.195
1,FALSE,327,633.3084,7013.483
1,FALSE,328,632.7442,7013.297
1,FALSE,329,631.5782,7012.938
1,FALSE,330,630.6739,7012.843
1,FALSE,331,630.287,7011.966
1,FALSE,332,630.1468,7012.015
1,FALSE,333,629.8461,7011.979
1,FALSE,334,629.43,7011.863
1,FALSE,335,628.6074,7012.159
1,FALSE,336,628.1203,7012.425
1,FALSE,337,627.8891,7012.647
1,FALSE,338,627.7698,7012.438
1,FALSE,339,627.5929,7012.088
1,FALSE,340,627.1385,7011.249
1,FALSE,341,626.6586,7010.311
1,FALSE,342,625.9521,7009.109
1,FALSE,343,625.3706,7007.845
1,FALSE,344,624.4994,7006.168
1,FALSE,345,623.8806,7004.979
1,FALSE,346,623.5206,7004.493
1,FALSE,347,623.6279,7004.466
1,FALSE,348,624.3663,7004.387
1,FALSE,349,624.9297,7004.373
1,FALSE,350,625.4418,7004.082
1,FALSE,351,625.5737,7003.855
1,FALSE,352,625.5153,7003.718
1,FALSE,353,625.4514,7003.443
1,FALSE,354,625.3866,7002.941
1,FALSE,355,625.3476,7002.603
1,FALSE,356,624.9804,7001.689
1,FALSE,357,624.8668,7001.451
1,FALSE,358,624.8329,7001.345
1,FALSE,359,624.6153,7001.201
1,FALSE,360,624.3524,7001.227
1,FALSE,361,623.8775,7001.43
1,FALSE,362,623.4278,7001.645
1,FALSE,363,622.8281,7001.96
1,FALSE,364,622.3661,7002.238
1,FALSE,365,622.1422,7002.565
1,FALSE,366,622.1499,7002.828
1,FALSE,367,621.7043,7002.654
1,FALSE,368,621.3019,7002.255
1,FALSE,369,620.8626,7001.993
1,FALSE,370,620.5364,7001.856
1,FALSE,371,620.2726,7001.657
1,FALSE,372,620.2846,7001.531
1,FALSE,373,620.4336,7001.255
1,FALSE,374,620.5691,7000.753
1,FALSE,375,620.7555,7000.426
1,FALSE,376,621.3058,7000.286
1,FALSE,377,621.6949,7000.522
1,FALSE,378,622.3233,7001.047
1,FALSE,379,622.9751,7001.22
1,FALSE,380,623.2629,7001.181
1,FALSE,381,623.4989,7000.754
1,FALSE,382,623.8236,7000.552
1,FALSE,383,624.1991,7000.525
1,FALSE,384,624.2593,7000.38
1,FALSE,385,624.2982,7000.287
1,FALSE,386,624.2463,6999.886
1,FALSE,387,624.4569,6999.371
1,FALSE,388,624.5804,6998.969
1,FALSE,389,624.7253,6998.868
1,FALSE,390,624.8534,6998.416
1,FALSE,391,624.9888,6997.876
1,FALSE,392,625.0008,6997.763
1,FALSE,393,624.9119,6997.488
1,FALSE,394,624.4471,6997.126
1,FALSE,395,624.1341,6997.139
1,FALSE,396,623.7713,6997.204
1,FALSE,397,623.5419,6997.246
1,FALSE,398,623.4077,6997.263
1,FALSE,399,623.0965,6997.507
1,FALSE,400,622.4841,6997.76
1,FALSE,401,621.6841,6998.064
1,FALSE,402,621.2712,6998.116
1,FALSE,403,620.5843,6998.52
1,FALSE,404,619.8843,6998.774
1,FALSE,405,619.4087,6998.813
1,FALSE,406,619.0571,6998.576
1,FALSE,407,618.9431,6998.288
1,FALSE,408,619.2553,6998.086
1,FALSE,409,619.593,6998.022
1,FALSE,410,619.9178,6997.858
1,FALSE,411,620.0891,6997.776
1,FALSE,412,620.4166,6997.38
1,FALSE,413,621.1909,6996.95
1,FALSE,414,621.5896,6996.51
1,FALSE,415,622.052,6996.307
1,FALSE,416,622.6023,6996.167
1,FALSE,417,623.0514,6995.789
1,FALSE,418,623.4267,6995.712
1,FALSE,419,623.8518,6995.585
1,FALSE,420,624.2651,6995.609
1,FALSE,421,624.6909,6995.632
1,FALSE,422,625.0643,6995.707
1,FALSE,423,625.0014,6995.43
1,FALSE,424,624.9336,6994.907
1,FALSE,425,624.9165,6994.775
1,FALSE,426,625.2242,6994.477
1,FALSE,427,625.4363,6994.3
1,FALSE,428,625.7979,6993.96
1,FALSE,429,626.1856,6993.883
1,FALSE,430,626.4751,6994.208
1,FALSE,431,626.8759,6994.244
1,FALSE,432,627.1492,6993.767
1,FALSE,433,627.4096,6993.189
1,FALSE,434,627.5444,6992.524
1,FALSE,435,627.7609,6992.026
1,FALSE,436,627.34,6990.914
1,FALSE,437,626.6189,6988.964
1,FALSE,438,625.8717,6987.605
1,FALSE,439,626.0038,6986.71
1,FALSE,440,626.0631,6985.958
1,FALSE,441,626.2966,6984.941
1,FALSE,442,626.4723,6984.557
2,FALSE,1,601.2969,7065.645
2,FALSE,2,601.6124,7065.944
2,FALSE,3,602.1026,7066.368
2,FALSE,4,602.7177,7066.729
2,FALSE,5,603.2836,7067.278
2,FALSE,6,603.611,7067.691
2,FALSE,7,603.9388,7068.203
2,FALSE,8,604.254,7068.678
2,FALSE,9,604.4606,7068.985
2,FALSE,10,604.3006,7069.004
2,FALSE,11,603.8931,7069.156
2,FALSE,12,604.1948,7069.418
2,FALSE,13,604.5851,7069.893
2,FALSE,14,604.9502,7070.343
2,FALSE,15,605.0344,7070.418
2,FALSE,16,605.3147,7070.667
2,FALSE,17,606.0069,7071.467
2,FALSE,18,606.5352,7072.004
2,FALSE,19,607.1521,7072.766
2,FALSE,20,607.4173,7073.266
2,FALSE,21,607.6272,7073.831
2,FALSE,22,607.2109,7073.745
2,FALSE,23,606.8558,7073.67
2,FALSE,24,607.0581,7074.095
2,FALSE,25,607.2353,7074.52
2,FALSE,26,607.3116,7075.057
2,FALSE,27,606.7652,7074.706
2,FALSE,28,606.5392,7074.628
2,FALSE,29,606.5239,7075.012
2,FALSE,30,606.4769,7075.689
2,FALSE,31,606.8809,7076.415
2,FALSE,32,607.2343,7077.028
2,FALSE,33,607.4371,7077.578
2,FALSE,34,607.3641,7078.055
2,FALSE,35,607.3355,7078.402
2,FALSE,36,607.1793,7078.695
2,FALSE,37,607.0304,7078.997
2,FALSE,38,606.9538,7079.086
2,FALSE,39,606.6292,7078.86
2,FALSE,40,606.4658,7078.711
2,FALSE,41,605.6128,7078.363
2,FALSE,42,604.5339,7077.854
2,FALSE,43,603.3051,7077.457
2,FALSE,44,602.1133,7076.911
2,FALSE,45,600.9851,7076.589
2,FALSE,46,599.8193,7076.268
2,FALSE,47,599.5659,7075.617
2,FALSE,48,599.5061,7075.258
2,FALSE,49,599.8416,7075.239
2,FALSE,50,599.9848,7075.231
2,FALSE,51,600.2801,7075.19
2,FALSE,52,600.4716,7075.163
2,FALSE,53,599.7499,7074.764
2,FALSE,54,599.0967,7074.29
2,FALSE,55,598.3686,7073.855
2,FALSE,56,598.0549,7073.706
2,FALSE,57,597.5554,7073.577
2,FALSE,58,596.7093,7073.759
2,FALSE,59,596.3848,7073.856
2,FALSE,60,595.9853,7074.085
2,FALSE,61,595.6428,7074.427
2,FALSE,62,595.2433,7075.112
2,FALSE,63,594.9008,7075.626
2,FALSE,64,594.5584,7076.425
2,FALSE,65,594.1018,7077.11
2,FALSE,66,593.8734,7078.08
2,FALSE,67,593.5881,7078.765
2,FALSE,68,593.5881,7079.621
2,FALSE,69,593.7023,7080.135
2,FALSE,70,593.7593,7080.306
2,FALSE,71,593.7593,7080.877
2,FALSE,72,593.8164,7081.276
2,FALSE,73,593.8164,7081.561
2,FALSE,74,593.6451,7081.847
2,FALSE,75,593.3027,7082.132
2,FALSE,76,593.0173,7082.303
2,FALSE,77,592.8969,7082.535
2,FALSE,78,592.4979,7082.478
2,FALSE,79,591.4952,7082.723
2,FALSE,80,591.0303,7082.994
2,FALSE,81,590.5168,7083.115
2,FALSE,82,589.9636,7083.473
2,FALSE,83,589.3468,7083.969
2,FALSE,84,588.4804,7084.424
2,FALSE,85,588.2293,7084.578
2,FALSE,86,588.0414,7085.066
2,FALSE,87,587.5803,7085.52
2,FALSE,88,586.9694,7086.099
2,FALSE,89,586.4971,7086.853
2,FALSE,90,585.8183,7087.588
2,FALSE,91,585.7281,7087.678
2,FALSE,92,585.7572,7087.872
2,FALSE,93,585.6916,7088.035
2,FALSE,94,584.7803,7089.217
2,FALSE,95,583.9244,7090.95
2,FALSE,96,582.9541,7092.308
2,FALSE,97,581.9329,7093.478
2,FALSE,98,581.3096,7094.057
2,FALSE,99,580.4485,7094.662
2,FALSE,100,580.2981,7094.828
2,FALSE,101,580.1378,7095.153
2,FALSE,102,579.8268,7095.593
2,FALSE,103,579.0658,7096.172
2,FALSE,104,578.2295,7096.727
2,FALSE,105,577.1916,7096.982
2,FALSE,106,576.003,7097.15
2,FALSE,107,575.1245,7097.021
2,FALSE,108,574.9169,7096.991
2,FALSE,109,574.7783,7097.03
2,FALSE,110,574.5124,7096.968
2,FALSE,111,573.7479,7096.796
2,FALSE,112,573.4688,7096.722
2,FALSE,113,573.2278,7096.658
2,FALSE,114,573.1026,7096.607
2,FALSE,115,572.5316,7096.374
2,FALSE,116,571.5915,7096.128
2,FALSE,117,571.0393,7095.816
2,FALSE,118,569.8408,7095.527
2,FALSE,119,570.1864,7095.494
2,FALSE,120,570.825,7095.504
2,FALSE,121,571.6508,7095.388
2,FALSE,122,572.4016,7095.335
2,FALSE,123,572.6635,7095.108
2,FALSE,124,572.7243,7094.719
2,FALSE,125,572.8093,7094.142
2,FALSE,126,572.7584,7093.942
2,FALSE,127,572.6059,7093.453
2,FALSE,128,572.5076,7093.377
2,FALSE,129,572.1656,7093.004
2,FALSE,130,571.8178,7092.72
2,FALSE,131,571.6631,7092.63
2,FALSE,132,571.5875,7092.517
2,FALSE,133,571.4368,7092.393
2,FALSE,134,571.2231,7092.23
2,FALSE,135,571.0344,7092.031
2,FALSE,136,570.871,7091.881
2,FALSE,137,570.5723,7091.764
2,FALSE,138,570.418,7091.709
2,FALSE,139,570.2466,7091.634
2,FALSE,140,570.0859,7091.58
2,FALSE,141,569.8653,7091.559
2,FALSE,142,569.4674,7091.561
2,FALSE,143,568.9159,7091.438
2,FALSE,144,568.5782,7091.489
2,FALSE,145,568.2146,7091.365
2,FALSE,146,567.9396,7091.454
2,FALSE,147,567.576,7091.355
2,FALSE,148,567.1494,7091.156
2,FALSE,149,566.5591,7090.72
2,FALSE,150,566.3204,7090.558
2,FALSE,151,565.9317,7090.409
2,FALSE,152,565.6679,7090.222
2,FALSE,153,564.7736,7089.626
2,FALSE,154,564.3576,7089.663
2,FALSE,155,563.5258,7089.943
2,FALSE,156,563.0504,7090.007
2,FALSE,157,562.7764,7090.322
2,FALSE,158,562.6029,7090.724
2,FALSE,159,562.4169,7091.113
2,FALSE,160,562.3359,7091.492
2,FALSE,161,562.169,7091.784
2,FALSE,162,561.9976,7092.052
2,FALSE,163,561.8369,7092.234
2,FALSE,164,561.7341,7092.357
2,FALSE,165,561.3828,7092.183
2,FALSE,166,561.1569,7092.071
2,FALSE,167,561.0424,7091.683
2,FALSE,168,560.9392,7091.006
2,FALSE,169,560.9248,7090.605
2,FALSE,170,560.4714,7090.005
2,FALSE,171,559.9691,7089.681
2,FALSE,172,559.5296,7089.395
2,FALSE,173,559.3652,7089.02
2,FALSE,174,559.551,7088.593
2,FALSE,175,559.8496,7088.178
2,FALSE,176,560.0606,7087.776
2,FALSE,177,560.1449,7087.381
2,FALSE,178,561.0034,7087.149
2,FALSE,179,562.0549,7087.086
2,FALSE,180,562.3211,7086.588
2,FALSE,181,562.5699,7086.249
2,FALSE,182,562.7516,7086.018
2,FALSE,183,564.5765,7085.93
2,FALSE,184,565.7275,7085.865
2,FALSE,185,567.1899,7085.904
2,FALSE,186,568.6024,7085.917
2,FALSE,187,570.1294,7085.706
2,FALSE,188,571.206,7085.541
2,FALSE,189,572.1208,7085.286
2,FALSE,190,573.2739,7084.933
2,FALSE,191,573.7017,7084.474
2,FALSE,192,574.7331,7083.869
2,FALSE,193,575.8397,7083.115
2,FALSE,194,577.1327,7082.488
2,FALSE,195,577.9256,7081.856
2,FALSE,196,578.6411,7081.524
2,FALSE,197,579.2948,7081.091
2,FALSE,198,579.9866,7080.596
2,FALSE,199,581.7553,7079.886
2,FALSE,200,582.5693,7079.731
2,FALSE,201,583.4334,7079.551
2,FALSE,202,583.7304,7079.582
2,FALSE,203,583.9092,7079.468
2,FALSE,204,584.6855,7079.016
2,FALSE,205,585.1931,7078.677
2,FALSE,206,585.8588,7078.32
2,FALSE,207,586.0118,7078.15
2,FALSE,208,586.1722,7077.972
2,FALSE,209,586.6514,7077.475
2,FALSE,210,587.5084,7076.669
2,FALSE,211,588.251,7076.074
2,FALSE,212,588.6918,7075.689
2,FALSE,213,589.4873,7074.769
2,FALSE,214,590.3476,7073.561
2,FALSE,215,590.6799,7072.7
2,FALSE,216,591.4631,7071.742
2,FALSE,217,591.8229,7070.592
2,FALSE,218,592.7706,7069.41
2,FALSE,219,593.2755,7068.838
2,FALSE,220,594.1209,7067.918
2,FALSE,221,595.2899,7067.165
2,FALSE,222,596.3319,7066.661
2,FALSE,223,596.6992,7066.545
2,FALSE,224,597.2188,7066.38
2,FALSE,225,597.4099,7066.32
2,FALSE,226,597.8049,7066.216
2,FALSE,227,598.2714,7066.093
2,FALSE,228,598.6503,7065.993
2,FALSE,229,598.8461,7065.964
2,FALSE,230,599.7414,7065.829
2,FALSE,231,599.9021,7065.804
2,FALSE,232,600.006,7065.79
2,FALSE,233,600.4014,7065.736
2,FALSE,234,601.1036,7065.64
3,FALSE,1,625.7047,7045.174
3,FALSE,2,626.8861,7046.172
3,FALSE,3,628.5572,7047.494
3,FALSE,4,629.2368,7048.268
3,FALSE,5,630.6195,7049.491
3,FALSE,6,631.8146,7050.765
3,FALSE,7,632.8076,7051.613
3,FALSE,8,634.0657,7052.962
3,FALSE,9,634.9468,7054.011
3,FALSE,10,636.0911,7055.11
3,FALSE,11,636.9829,7055.758
3,FALSE,12,638.2279,7056.981
3,FALSE,13,639.4728,7058.155
3,FALSE,14,641.2949,7059.664
3,FALSE,15,642.6541,7061.213
3,FALSE,16,642.7553,7061.438
3,FALSE,17,643.2547,7061.903
3,FALSE,18,644.3772,7062.948
3,FALSE,19,644.9186,7063.623
3,FALSE,20,645.9502,7064.71
3,FALSE,21,647.0445,7065.833
3,FALSE,22,647.9884,7066.92
3,FALSE,23,648.4569,7068.072
3,FALSE,24,648.7624,7069.173
3,FALSE,25,648.9799,7070.201
3,FALSE,26,649.0482,7071.429
3,FALSE,27,649.0778,7072.419
3,FALSE,28,649.1081,7073.585
3,FALSE,29,648.6267,7075.078
3,FALSE,30,648.5548,7075.793
3,FALSE,31,648.2196,7076.28
3,FALSE,32,647.9582,7076.723
3,FALSE,33,647.5475,7077.264
3,FALSE,34,646.9391,7078.37
3,FALSE,35,646.6295,7079.111
3,FALSE,36,646.057,7079.84
3,FALSE,37,645.4723,7080.657
3,FALSE,38,645.1135,7081.586
3,FALSE,39,644.7793,7082.415
3,FALSE,40,644.7954,7083.217
3,FALSE,41,644.2479,7083.947
3,FALSE,42,643.6253,7084.664
3,FALSE,43,643.0136,7085.042
3,FALSE,44,642.9658,7085.557
3,FALSE,45,642.9069,7086.347
3,FALSE,46,642.3486,7087.477
3,FALSE,47,642.1301,7088.97
3,FALSE,48,641.5249,7090.752
3,FALSE,49,640.8166,7091.909
3,FALSE,50,640.4539,7092.645
3,FALSE,51,640.1814,7092.638
3,FALSE,52,639.6696,7092.966
3,FALSE,53,639.0718,7093.633
3,FALSE,54,638.775,7094.449
3,FALSE,55,638.2986,7094.313
3,FALSE,56,637.6844,7094.153
3,FALSE,57,637.3978,7094.417
3,FALSE,58,637.0708,7094.093
3,FALSE,59,636.9181,7093.554
3,FALSE,60,636.8833,7093.414
3,FALSE,61,636.7012,7092.678
3,FALSE,62,636.4222,7091.889
3,FALSE,63,635.9921,7090.913
3,FALSE,64,635.3993,7089.95
3,FALSE,65,634.9054,7088.736
3,FALSE,66,634.3623,7087.685
3,FALSE,67,634.0174,7086.182
3,FALSE,68,633.5491,7085.069
3,FALSE,69,632.8793,7083.692
3,FALSE,70,632.6102,7082.34
3,FALSE,71,631.7978,7079.911
3,FALSE,72,631.3753,7077.869
3,FALSE,73,631.0944,7076.667
3,FALSE,74,631.0032,7075.89
3,FALSE,75,631.0887,7075.413
3,FALSE,76,631.1361,7074.849
3,FALSE,77,631.1349,7074.586
3,FALSE,78,630.857,7074.035
3,FALSE,79,630.5771,7073.046
3,FALSE,80,630.3089,7071.894
3,FALSE,81,630.19,7070.541
3,FALSE,82,629.8206,7069.163
3,FALSE,83,629.1334,7066.709
3,FALSE,84,629.1283,7065.614
3,FALSE,85,629.6799,7065.959
3,FALSE,86,630.1281,7066.221
3,FALSE,87,629.9158,7065.339
3,FALSE,88,629.9484,7064.249
3,FALSE,89,629.7405,7062.595
3,FALSE,90,629.7843,7061.215
3,FALSE,91,629.7801,7060.313
3,FALSE,92,629.84,7059.711
3,FALSE,93,629.9126,7059.172
3,FALSE,94,629.9736,7058.808
3,FALSE,95,630.0161,7058.546
3,FALSE,96,629.9579,7058.416
3,FALSE,97,629.9834,7058.231
3,FALSE,98,629.9718,7057.827
3,FALSE,99,629.9353,7057.73
3,FALSE,100,629.9289,7057.615
3,FALSE,101,629.9171,7057.404
3,FALSE,102,629.9284,7057.141
3,FALSE,103,629.9226,7056.903
3,FALSE,104,629.913,7056.514
3,FALSE,105,629.8336,7055.587
3,FALSE,106,629.6167,7054.685
3,FALSE,107,629.2749,7053.859
3,FALSE,108,629.1456,7052.969
3,FALSE,109,628.7411,7052.131
3,FALSE,110,628.3755,7051.569
3,FALSE,111,627.7689,7050.33
3,FALSE,112,627.3161,7049.868
3,FALSE,113,627.0631,7049.305
3,FALSE,114,626.2834,7048.518
3,FALSE,115,625.4911,7047.757
3,FALSE,116,625.064,7047.433
3,FALSE,117,624.7865,7046.983
3,FALSE,118,624.8225,7046.631
3,FALSE,119,624.7724,7046.377
3,FALSE,120,624.6562,7045.855
3,FALSE,121,624.5659,7045.291
3,FALSE,122,624.2499,7044.615
3,FALSE,123,624.1226,7044.152
3,FALSE,124,624.5232,7044.15
4,FALSE,1,673.4084,7079.114
4,FALSE,2,673.6098,7079.364
4,FALSE,3,673.8114,7079.651
4,FALSE,4,673.9513,7080.115
4,FALSE,5,674.5831,7081.403
4,FALSE,6,674.5248,7082.344
4,FALSE,7,674.9059,7083.546
4,FALSE,8,675.1613,7084.635
4,FALSE,9,675.2956,7084.936
4,FALSE,10,675.167,7085.876
4,FALSE,11,675.1816,7086.34
4,FALSE,12,675.2723,7087.017
4,FALSE,13,675.4144,7087.969
4,FALSE,14,675.2258,7087.794
4,FALSE,15,674.9605,7087.269
4,FALSE,16,674.6689,7086.48
4,FALSE,17,674.6287,7085.891
4,FALSE,18,674.2243,7085.065
4,FALSE,19,673.6943,7084.14
4,FALSE,20,673.5921,7083.689
4,FALSE,21,673.6008,7082.862
4,FALSE,22,673.5619,7082.586
4,FALSE,23,673.1296,7081.121
4,FALSE,24,673.0743,7079.968
4,FALSE,25,672.909,7079.43
4,FALSE,26,672.9194,7078.966
5,FALSE,1,567.0849,7079.799
5,FALSE,2,567.5763,7080.462
5,FALSE,3,567.8419,7081.075
5,FALSE,4,568.0333,7081.839
5,FALSE,5,567.8712,7082.14
5,FALSE,6,567.7083,7081.965
5,FALSE,7,567.4568,7081.703
5,FALSE,8,567.1297,7081.366
5,FALSE,9,566.6636,7080.741
5,FALSE,10,566.5115,7080.328
5,FALSE,11,566.359,7079.827
5,FALSE,12,566.3078,7079.589
5,FALSE,13,566.5321,7079.363
6,FALSE,1,680.7231,7060.732
6,FALSE,2,680.9772,7061.533
6,FALSE,3,681.0935,7062.322
6,FALSE,4,681.1588,7062.911
6,FALSE,5,681.1481,7063.312
6,FALSE,6,681.1871,7063.638
6,FALSE,7,681.1921,7063.851
6,FALSE,8,681.2027,7064.302
6,FALSE,9,681.2682,7064.929
6,FALSE,10,681.3458,7065.468
6,FALSE,11,681.3348,7065.806
6,FALSE,12,681.1883,7066.142
6,FALSE,13,680.974,7066.309
6,FALSE,14,680.7496,7066.498
6,FALSE,15,680.6323,7066.811
6,FALSE,16,680.5516,7067.025
6,FALSE,17,680.2922,7067.779
6,FALSE,18,680.2572,7068.343
6,FALSE,19,680.1973,7068.932
6,FALSE,20,680.2903,7069.341
6,FALSE,21,680.4406,7070.122
6,FALSE,22,680.6442,7070.836
6,FALSE,23,680.9237,7071.725
6,FALSE,24,681.0174,7073.041
6,FALSE,25,681.0223,7074.119
6,FALSE,26,680.8908,7075.486
6,FALSE,27,680.6082,7076.653
6,FALSE,28,680.5891,7077.931
6,FALSE,29,680.332,7079.211
6,FALSE,30,680.1074,7079.375
6,FALSE,31,679.8666,7078.749
6,FALSE,32,679.7125,7077.897
6,FALSE,33,679.8332,7076.907
6,FALSE,34,679.5522,7075.692
6,FALSE,35,679.2231,7074.903
6,FALSE,36,679.2926,7073.687
6,FALSE,37,679.2359,7072.616
6,FALSE,38,678.9341,7071.946
6,FALSE,39,678.5292,7071.007
6,FALSE,40,678.2759,7070.357
6,FALSE,41,678.0713,7070.178
6,FALSE,42,677.9853,7070.076
6,FALSE,43,677.9229,7069.844
6,FALSE,44,677.6692,7069.106
6,FALSE,45,677.5275,7068.241
6,FALSE,46,677.4488,7067.439
6,FALSE,47,677.5963,7066.88
6,FALSE,48,677.8935,7066.146
6,FALSE,49,678.2529,7065.355
6,FALSE,50,678.5131,7064.752
6,FALSE,51,678.4458,7063.724
6,FALSE,52,678.4666,7062.797
6,FALSE,53,678.4388,7062.183
6,FALSE,54,679.1723,7061.064
6,FALSE,55,679.7823,7060.322
6,FALSE,56,680.3069,7060.044
7,FALSE,1,562.0074,7075.495
7,FALSE,2,562.3842,7075.744
7,FALSE,3,563.0629,7076.331
7,FALSE,4,563.6801,7077.143
7,FALSE,5,564.0586,7077.793
7,FALSE,6,564.0924,7078.096
7,FALSE,7,563.8089,7077.932
7,FALSE,8,563.545,7077.72
7,FALSE,9,562.9923,7077.309
7,FALSE,10,562.4643,7076.822
7,FALSE,11,561.7976,7076.148
7,FALSE,12,561.5329,7075.748
7,FALSE,13,561.6567,7075.446
8,FALSE,1,559.4166,7072.886
8,FALSE,2,559.9691,7073.247
8,FALSE,3,560.3586,7073.559
8,FALSE,4,560.5984,7073.996
8,FALSE,5,560.5754,7074.423
8,FALSE,6,560.3751,7074.436
8,FALSE,7,560.0366,7074.337
8,FALSE,8,559.6221,7074.026
8,FALSE,9,559.2952,7073.726
8,FALSE,10,558.9792,7073.063
8,FALSE,11,558.9278,7072.775
9,FALSE,1,675.7607,7059.674
9,FALSE,2,676.2515,7060.236
9,FALSE,3,676.4161,7060.649
9,FALSE,4,676.4931,7061.05
9,FALSE,5,676.4966,7061.814
9,FALSE,6,676.0579,7061.703
9,FALSE,7,675.6308,7061.392
9,FALSE,8,675.3797,7061.23
9,FALSE,9,674.778,7061.069
9,FALSE,10,674.428,7061.184
9,FALSE,11,673.9273,7061.198
9,FALSE,12,673.7499,7060.722
9,FALSE,13,673.6977,7060.271
9,FALSE,14,674.1469,7059.944
9,FALSE,15,674.9218,7059.665
9,FALSE,16,675.4091,7059.437
10,FALSE,1,599.5341,7057.716
10,FALSE,2,599.7506,7058.505
10,FALSE,3,599.7909,7059.119
10,FALSE,4,599.8685,7059.359
10,FALSE,5,599.8313,7059.721
10,FALSE,6,599.6051,7059.559
10,FALSE,7,599.4538,7059.321
10,FALSE,8,599.3268,7058.908
10,FALSE,9,599.2879,7058.62
10,FALSE,10,599.2736,7058.244
10,FALSE,11,599.1839,7057.793
10,FALSE,12,599.1821,7057.379
10,FALSE,13,599.3571,7057.341
11,FALSE,1,681.0176,7053.936
11,FALSE,2,680.8599,7055.04
11,FALSE,3,680.8894,7056.03
11,FALSE,4,680.4171,7056.771
11,FALSE,5,680.0161,7057.064
11,FALSE,6,679.9299,7057.012
11,FALSE,7,679.8041,7056.862
11,FALSE,8,679.8776,7056.51
11,FALSE,9,679.8623,7055.909
11,FALSE,10,679.8848,7055.345
11,FALSE,11,680.1808,7054.378
11,FALSE,12,680.4523,7053.525
11,FALSE,13,680.877,7053.31
12,FALSE,1,599.0914,7053.982
12,FALSE,2,599.2441,7054.521
12,FALSE,3,599.2978,7055.323
12,FALSE,4,599.2896,7055.953
12,FALSE,5,599.2136,7056.075
12,FALSE,6,599.0759,7056.063
12,FALSE,7,598.8983,7055.563
12,FALSE,8,598.8594,7055.262
12,FALSE,9,598.8188,7054.598
12,FALSE,10,598.7917,7054.159
12,FALSE,11,598.8027,7053.82
13,FALSE,1,640.2834,7052.009
13,FALSE,2,640.5358,7052.434
13,FALSE,3,640.7254,7053.14
13,FALSE,4,640.5019,7053.249
13,FALSE,5,640.2626,7052.937
13,FALSE,6,640.0862,7052.687
13,FALSE,7,639.9095,7052.374
13,FALSE,8,639.8953,7051.998
14,FALSE,1,597.1426,7029.061
14,FALSE,2,597.6458,7029.585
14,FALSE,3,597.9643,7029.961
14,FALSE,4,597.9809,7030.071
14,FALSE,5,598.0056,7030.235
14,FALSE,6,598.5778,7030.836
14,FALSE,7,598.857,7031.7
14,FALSE,8,599.1985,7032.477
14,FALSE,9,599.4514,7033.052
14,FALSE,10,599.7804,7033.841
14,FALSE,11,600.0336,7034.48
14,FALSE,12,600.1104,7034.856
14,FALSE,13,600.0261,7035.609
14,FALSE,14,599.9044,7036.399
14,FALSE,15,599.8068,7036.989
14,FALSE,16,599.7458,7037.34
14,FALSE,17,599.7103,7037.805
14,FALSE,18,599.588,7038.009
14,FALSE,19,599.4616,7038.219
14,FALSE,20,599.4016,7038.797
14,FALSE,21,599.4155,7039.11
14,FALSE,22,599.4096,7039.374
14,FALSE,23,599.3944,7039.573
14,FALSE,24,599.377,7039.803
14,FALSE,25,599.5179,7040.504
14,FALSE,26,599.6727,7041.494
14,FALSE,27,599.4266,7042.435
14,FALSE,28,599.0971,7044.292
14,FALSE,29,599.1844,7046.949
14,FALSE,30,599.2311,7048.955
14,FALSE,31,599.2758,7050.497
14,FALSE,32,599.1562,7051.738
14,FALSE,33,598.6949,7052.141
14,FALSE,34,598.5927,7051.703
14,FALSE,35,598.4268,7051.001
14,FALSE,36,598.2979,7050.2
14,FALSE,37,597.7386,7049.396
14,FALSE,38,597.8909,7049.29
14,FALSE,39,598.1399,7048.766
14,FALSE,40,598.1899,7048.583
14,FALSE,41,598.3584,7047.951
14,FALSE,42,598.4216,7047.153
14,FALSE,43,598.3826,7047.013
14,FALSE,44,598.2728,7046.619
14,FALSE,45,598.2662,7046.487
14,FALSE,46,598.2231,7046.33
14,FALSE,47,598.1674,7046.063
14,FALSE,48,598.0981,7045.751
14,FALSE,49,598.0588,7045.214
14,FALSE,50,598.0358,7044.898
14,FALSE,51,598.1548,7044.491
14,FALSE,52,598.2083,7044.308
14,FALSE,53,598.3669,7044.011
14,FALSE,54,598.4545,7043.847
14,FALSE,55,598.5303,7043.53
14,FALSE,56,598.7282,7043.015
14,FALSE,57,598.8211,7042.555
14,FALSE,58,598.8233,7041.911
14,FALSE,59,598.758,7041.322
14,FALSE,60,598.4925,7040.759
14,FALSE,61,598.2008,7039.921
14,FALSE,62,598.0164,7039.162
14,FALSE,63,598.0028,7039.057
14,FALSE,64,597.9833,7038.906
14,FALSE,65,598.0206,7038.619
14,FALSE,66,597.6707,7038.469
14,FALSE,67,597.0192,7037.982
14,FALSE,68,596.8681,7037.283
14,FALSE,69,596.6233,7036.667
14,FALSE,70,596.2669,7035.936
14,FALSE,71,596.2136,7035.664
14,FALSE,72,596.5771,7035.392
14,FALSE,73,596.6809,7035.12
14,FALSE,74,596.8671,7034.73
14,FALSE,75,597.0405,7034.316
14,FALSE,76,597.2089,7033.709
14,FALSE,77,597.2857,7033.124
14,FALSE,78,597.2962,7032.659
14,FALSE,79,597.3931,7031.932
14,FALSE,80,597.3134,7030.891
14,FALSE,81,597.3215,7029.888
14,FALSE,82,597.0808,7029.237
14,FALSE,83,596.917,7028.752
15,FALSE,1,679.752,7048.225
15,FALSE,2,679.9676,7048.838
15,FALSE,3,680.2106,7049.953
15,FALSE,4,680.2519,7050.767
15,FALSE,5,680.1255,7051.253
15,FALSE,6,679.8666,7051.371
15,FALSE,7,679.6655,7051.209
15,FALSE,8,679.5264,7050.908
15,FALSE,9,679.4994,7050.47
15,FALSE,10,679.3845,7049.994
15,FALSE,11,679.395,7049.542
15,FALSE,12,679.2908,7048.665
15,FALSE,13,679.1506,7048.114
15,FALSE,14,679.4502,7047.925
16,TRUE,1,638.9246,7017.516
16,TRUE,2,638.4371,7018.104
16,TRUE,3,637.7028,7019.11
16,TRUE,4,637.1706,7020.504
16,TRUE,5,637.0628,7021.621
16,TRUE,6,636.9444,7023.176
16,TRUE,7,636.8251,7024.506
16,TRUE,8,636.6169,7025.573
16,TRUE,9,636.3206,7026.515
16,TRUE,10,636.072,7026.929
16,TRUE,11,635.8359,7027.332
16,TRUE,12,635.4496,7027.734
16,TRUE,13,635.1636,7028.199
16,TRUE,14,635.0276,7028.589
16,TRUE,15,634.9178,7029.254
16,TRUE,16,634.8951,7029.768
16,TRUE,17,635.0163,7030.791
16,TRUE,18,635.4689,7031.443
16,TRUE,19,635.5476,7032.083
16,TRUE,20,635.5277,7033.212
16,TRUE,21,635.5578,7034.315
16,TRUE,22,636.1779,7035.792
16,TRUE,23,636.7594,7036.993
16,TRUE,24,637.2769,7037.931
16,TRUE,25,637.8324,7038.931
16,TRUE,26,638.1849,7039.369
16,TRUE,27,638.7131,7039.893
16,TRUE,28,639.4929,7040.667
16,TRUE,29,640.4488,7041.653
16,TRUE,30,641.4571,7043.129
16,TRUE,31,641.7858,7043.817
16,TRUE,32,641.8288,7043.997
16,TRUE,33,642.0636,7044.33
16,TRUE,34,642.5793,7044.854
16,TRUE,35,643.0953,7045.454
16,TRUE,36,643.4981,7045.928
16,TRUE,37,643.8376,7046.265
16,TRUE,38,644.0009,7046.378
16,TRUE,39,644.152,7046.565
16,TRUE,40,644.2364,7045.85
16,TRUE,41,644.1328,7045.111
16,TRUE,42,644.3272,7043.806
16,TRUE,43,644.4463,7042.49
16,TRUE,44,644.9748,7040.319
16,TRUE,45,645.3036,7038.324
16,TRUE,46,645.8297,7035.652
16,TRUE,47,646.1605,7034.071
16,TRUE,48,646.2538,7032.566
16,TRUE,49,646.4995,7031.55
16,TRUE,50,646.6811,7030.195
16,TRUE,51,646.7271,7029.292
16,TRUE,52,646.7699,7028.627
16,TRUE,53,646.1833,7027.395
16,TRUE,54,645.7568,7025.55
16,TRUE,55,645.7407,7024.722
16,TRUE,56,645.4849,7023.494
16,TRUE,57,645.4314,7022.73
16,TRUE,58,645.3299,7022.184
16,TRUE,59,645.3032,7022.04
16,TRUE,60,644.8109,7021.139
16,TRUE,61,644.2959,7020.752
16,TRUE,62,643.3267,7019.602
16,TRUE,63,642.5095,7018.828
16,TRUE,64,641.7299,7018.091
16,TRUE,65,641.2897,7017.629
16,TRUE,66,640.5224,7017.232
16,TRUE,67,640.4089,7017.022
16,TRUE,68,639.3569,7016.57
16,TRUE,69,638.7298,7016.334
16,TRUE,70,637.7509,7015.811
17,FALSE,1,631.6203,7038.38
17,FALSE,2,631.9233,7038.943
17,FALSE,3,632.2511,7039.43
17,FALSE,4,632.5911,7039.88
17,FALSE,5,632.7929,7040.193
17,FALSE,6,633.0196,7040.505
17,FALSE,7,633.1714,7040.843
17,FALSE,8,633.2771,7041.008
17,FALSE,9,633.3123,7041.532
17,FALSE,10,633.3641,7041.908
17,FALSE,11,633.3865,7042.395
17,FALSE,12,633.0388,7041.96
17,FALSE,13,632.5852,7041.322
17,FALSE,14,632.1954,7040.948
17,FALSE,15,631.8036,7040.147
17,FALSE,16,631.5636,7039.684
17,FALSE,17,631.3111,7039.209
17,FALSE,18,631.0959,7038.708
17,FALSE,19,631.0189,7038.295
17,FALSE,20,631.1922,7037.855
18,FALSE,1,582.1291,6800.956
18,FALSE,2,583.1887,6802.695
18,FALSE,3,583.5048,6803.383
18,FALSE,4,583.6949,6803.871
18,FALSE,5,583.8469,6804.272
18,FALSE,6,584.0373,6804.848
18,FALSE,7,584.3039,6805.649
18,FALSE,8,584.3821,6806.326
18,FALSE,9,584.412,6807.429
18,FALSE,10,584.2781,6808.295
18,FALSE,11,584.0948,6809.298
18,FALSE,12,583.8978,6810.039
18,FALSE,13,583.7001,6810.629
18,FALSE,14,583.4294,6811.708
18,FALSE,15,583.2308,6812.014
18,FALSE,16,583.1743,6812.101
18,FALSE,17,583.0326,6812.575
18,FALSE,18,582.7108,6813.416
18,FALSE,19,582.6124,6813.83
18,FALSE,20,582.3278,6814.583
18,FALSE,21,582.1298,6815.098
18,FALSE,22,582.0199,6815.48
18,FALSE,23,581.8536,6815.174
18,FALSE,24,581.7061,6815.564
18,FALSE,25,581.5942,6815.752
18,FALSE,26,581.4203,6816.066
18,FALSE,27,581.1966,6816.431
18,FALSE,28,580.9846,6816.632
18,FALSE,29,580.7112,6817.11
18,FALSE,30,580.412,6817.399
18,FALSE,31,580.1051,6817.51
18,FALSE,32,580.0724,6817.998
18,FALSE,33,580.0427,6820.029
18,FALSE,34,579.7523,6821.843
18,FALSE,35,579.3252,6823.557
18,FALSE,36,578.8993,6825.132
18,FALSE,37,578.4962,6826.971
18,FALSE,38,578.2185,6828.761
18,FALSE,39,578.1194,6830.126
18,FALSE,40,578.0529,6832.069
18,FALSE,41,577.9888,6833.735
18,FALSE,42,577.9979,6835.616
18,FALSE,43,578.0704,6837.384
18,FALSE,44,578.2174,6839.215
18,FALSE,45,578.602,6841.049
18,FALSE,46,578.6504,6841.593
18,FALSE,47,578.7504,6842.718
18,FALSE,48,578.8847,6844.574
18,FALSE,49,579.1434,6846.507
18,FALSE,50,579.4407,6848.302
18,FALSE,51,579.6666,6849.671
18,FALSE,52,580.1498,6851.668
18,FALSE,53,580.5239,6853.251
18,FALSE,54,580.6529,6854.255
18,FALSE,55,580.5592,6856.473
18,FALSE,56,580.5579,6858.103
18,FALSE,57,580.4036,6860.082
18,FALSE,58,580.2614,6862.111
18,FALSE,59,580.2463,6863.891
18,FALSE,60,580.1213,6865.369
18,FALSE,61,579.9755,6867.824
18,FALSE,62,579.9228,6869.617
18,FALSE,63,579.8203,6871.396
18,FALSE,64,579.8712,6872.762
18,FALSE,65,579.6608,6873.989
18,FALSE,66,579.6085,6874.252
18,FALSE,67,580.2435,6874.558
18,FALSE,68,580.2526,6874.96
18,FALSE,69,580.2573,6875.887
18,FALSE,70,580.2996,6876.79
18,FALSE,71,580.2068,6877.416
18,FALSE,72,580.2999,6878.232
18,FALSE,73,580.3309,6878.997
18,FALSE,74,580.1838,6880.136
18,FALSE,75,580.2522,6880.914
18,FALSE,76,580.2583,6881.679
18,FALSE,77,580.3263,6882.506
18,FALSE,78,581.111,6883.531
18,FALSE,79,580.6848,6883.945
18,FALSE,80,580.2748,6884.686
18,FALSE,81,580.0399,6885.352
18,FALSE,82,579.8305,6886.13
18,FALSE,83,579.7824,6886.569
18,FALSE,84,579.7596,6886.795
18,FALSE,85,579.7869,6887.584
18,FALSE,86,579.7028,6888.362
18,FALSE,87,579.87,6889.364
18,FALSE,88,580.0239,6890.179
18,FALSE,89,580.2653,6890.955
18,FALSE,90,580.4926,6891.368
18,FALSE,91,580.9934,6891.5
18,FALSE,92,581.5711,6891.74
18,FALSE,93,582.4481,6891.837
18,FALSE,94,582.9554,6891.569
18,FALSE,95,582.9566,6891.394
18,FALSE,96,583.1771,6891.298
18,FALSE,97,583.4015,6891.096
18,FALSE,98,583.6766,6891.02
18,FALSE,99,583.9654,6891.195
18,FALSE,100,584.1323,6892.147
18,FALSE,101,584.0971,6892.674
18,FALSE,102,584.3886,6893.475
18,FALSE,103,584.5406,6893.876
18,FALSE,104,584.9301,6894.188
18,FALSE,105,585.3688,6894.287
18,FALSE,106,585.6313,6894.198
18,FALSE,107,585.7439,6894.173
18,FALSE,108,585.956,6894.009
18,FALSE,109,586.2057,6893.845
18,FALSE,110,586.5805,6893.668
18,FALSE,111,587.031,6893.603
18,FALSE,112,587.5198,6893.714
18,FALSE,113,588.0713,6893.85
18,FALSE,114,588.7601,6893.91
18,FALSE,115,589.4974,6893.569
18,FALSE,116,590.2972,6893.227
18,FALSE,117,590.8353,6893.162
18,FALSE,118,591.9489,6893.02
18,FALSE,119,592.5497,6892.955
18,FALSE,120,592.8743,6892.753
18,FALSE,121,593.0471,6892.188
18,FALSE,122,593.1311,6891.347
18,FALSE,123,593.1651,6890.545
18,FALSE,124,593.1758,6890.143
18,FALSE,125,593.174,6889.729
18,FALSE,126,593.3351,6889.353
18,FALSE,127,593.586,6889.511
18,FALSE,128,593.6441,6889.614
18,FALSE,129,593.8512,6889.978
18,FALSE,130,594.092,6890.629
18,FALSE,131,594.3459,6891.418
18,FALSE,132,594.5608,6891.894
18,FALSE,133,594.7252,6892.257
18,FALSE,134,594.9257,6892.479
18,FALSE,135,595.3886,6892.217
18,FALSE,136,596.0999,6891.675
18,FALSE,137,596.5604,6891.046
18,FALSE,138,597.1583,6890.366
18,FALSE,139,597.6066,6889.788
18,FALSE,140,597.9549,6889.297
18,FALSE,141,598.2156,6888.782
18,FALSE,142,598.5269,6888.392
18,FALSE,143,598.6623,6887.865
18,FALSE,144,598.7723,6887.25
18,FALSE,145,598.9826,6886.672
18,FALSE,146,599.2585,6886.771
18,FALSE,147,598.9886,6888.026
18,FALSE,148,598.8169,6888.842
18,FALSE,149,598.3219,6890.161
18,FALSE,150,597.8769,6891.492
18,FALSE,151,597.1821,6892.912
18,FALSE,152,596.5994,6894.219
18,FALSE,153,595.6024,6895.288
18,FALSE,154,594.5558,6896.434
18,FALSE,155,593.5956,6897.328
18,FALSE,156,592.8498,6898.547
18,FALSE,157,591.9909,6899.717
18,FALSE,158,591.5058,6900.421
18,FALSE,159,590.6586,6901.39
18,FALSE,160,589.6616,6902.447
18,FALSE,161,589.0388,6903.165
18,FALSE,162,588.7799,6904.081
18,FALSE,163,588.398,6905.512
18,FALSE,164,587.7008,6906.393
18,FALSE,165,587.2399,6906.934
18,FALSE,166,587.1157,6907.16
18,FALSE,167,585.7184,6908.294
18,FALSE,168,584.3139,6910.657
18,FALSE,169,583.8084,6912.428
18,FALSE,170,583.7528,6914.021
18,FALSE,171,583.7728,6915.714
18,FALSE,172,584.1484,6918.559
18,FALSE,173,584.6954,6920.513
18,FALSE,174,585.0685,6922.794
18,FALSE,175,585.4896,6924.586
18,FALSE,176,585.6688,6925.476
18,FALSE,177,585.7684,6926.349
18,FALSE,178,586.1481,6927.262
18,FALSE,179,586.4979,6927.904
18,FALSE,180,586.7513,6928.37
18,FALSE,181,587.5759,6929.907
18,FALSE,182,588.6363,6931.66
18,FALSE,183,589.4494,6933.071
18,FALSE,184,590.3378,6934.459
18,FALSE,185,590.5936,6934.976
18,FALSE,186,591.5489,6936.112
18,FALSE,187,592.5136,6937.35
18,FALSE,188,593.5517,6938.776
18,FALSE,189,594.9004,6940.418
18,FALSE,190,595.9769,6941.744
18,FALSE,191,597.0666,6942.983
18,FALSE,192,597.9085,6944.077
18,FALSE,193,597.3688,6943.892
18,FALSE,194,596.9431,6943.881
18,FALSE,195,596.2052,6944.072
18,FALSE,196,595.2294,6944.239
18,FALSE,197,594.4154,6944.217
18,FALSE,198,593.5508,6944.044
18,FALSE,199,592.9963,6943.694
18,FALSE,200,593.3651,6944.578
18,FALSE,201,594.1015,6946.189
18,FALSE,202,595.0489,6947.991
18,FALSE,203,595.8083,6949.019
18,FALSE,204,595.4139,6949.179
18,FALSE,205,594.8639,6949.407
18,FALSE,206,594.16,6949.586
18,FALSE,207,593.8014,6949.8
18,FALSE,208,593.277,6950.128
18,FALSE,209,592.6525,6950.469
18,FALSE,210,592.2954,6950.822
18,FALSE,211,592.1291,6951.035
18,FALSE,212,591.9678,6951.35
18,FALSE,213,591.6325,6951.99
18,FALSE,214,591.3979,6952.744
18,FALSE,215,590.9382,6953.536
18,FALSE,216,590.1291,6954.63
18,FALSE,217,589.5561,6955.284
18,FALSE,218,588.896,6956.077
18,FALSE,219,588.0722,6956.657
18,FALSE,220,587.3232,6957.174
18,FALSE,221,587.3724,6956.973
18,FALSE,222,587.4833,6956.546
18,FALSE,223,587.6566,6956.107
18,FALSE,224,587.7426,6955.743
18,FALSE,225,587.9178,6955.299
18,FALSE,226,587.8634,6954.751
18,FALSE,227,587.9239,6954.262
18,FALSE,228,587.9728,6953.973
18,FALSE,229,588.3956,6953.332
18,FALSE,230,588.8705,6953.13
18,FALSE,231,589.358,6952.952
18,FALSE,232,589.9841,6952.962
18,FALSE,233,590.4087,6952.71
18,FALSE,234,590.6947,6952.27
18,FALSE,235,591.0186,6951.892
18,FALSE,236,591.1784,6951.227
18,FALSE,237,591.1707,6950.808
18,FALSE,238,591.162,6950.337
18,FALSE,239,591.0093,6949.773
18,FALSE,240,590.6194,6949.398
18,FALSE,241,590.2546,6948.998
18,FALSE,242,590.0151,6948.636
18,FALSE,243,589.8256,6948.248
18,FALSE,244,589.6636,6947.667
18,FALSE,245,589.3828,6947.196
18,FALSE,246,589.0434,6946.896
18,FALSE,247,588.6663,6946.559
18,FALSE,248,588.1636,6946.122
18,FALSE,249,587.4107,6945.749
18,FALSE,250,586.8835,6945.45
18,FALSE,251,586.4675,6944.812
18,FALSE,252,586.1266,6944.148
18,FALSE,253,585.8599,6943.322
18,FALSE,254,585.4675,6942.332
18,FALSE,255,585.264,6941.618
18,FALSE,256,584.9969,6940.679
18,FALSE,257,584.4414,6939.627
18,FALSE,258,584.0122,6938.826
18,FALSE,259,583.4578,6938.026
18,FALSE,260,582.8413,6937.351
18,FALSE,261,582.1003,6936.814
18,FALSE,262,581.4586,6936.127
18,FALSE,263,580.7326,6936.155
18,FALSE,264,580.5574,6936.168
18,FALSE,265,580.5904,6936.937
18,FALSE,266,580.553,6939.121
18,FALSE,267,580.541,6939.819
18,FALSE,268,580.4127,6941.686
18,FALSE,269,580.4391,6943.002
18,FALSE,270,580.3511,6944.531
18,FALSE,271,580.2922,6945.583
18,FALSE,272,580.318,6946.962
18,FALSE,273,580.2325,6948.202
18,FALSE,274,580.2191,6949.782
18,FALSE,275,580.0086,6951.021
18,FALSE,276,579.9901,6951.25
18,FALSE,277,580.1301,6951.41
18,FALSE,278,580.293,6951.596
18,FALSE,279,580.4572,6951.783
18,FALSE,280,580.8295,6952.483
18,FALSE,281,581.4348,6953.459
18,FALSE,282,581.8131,6954.085
18,FALSE,283,582.3056,6955.024
18,FALSE,284,582.7355,6955.988
18,FALSE,285,583.1271,6956.789
18,FALSE,286,583.5307,6957.439
18,FALSE,287,584.4858,6958.238
18,FALSE,288,585.1135,6958.625
18,FALSE,289,586.0028,6958.697
18,FALSE,290,586.3896,6958.407
18,FALSE,291,586.3798,6959.034
18,FALSE,292,586.6453,6959.61
18,FALSE,293,587.4255,6960.497
18,FALSE,294,588.1806,6961.372
18,FALSE,295,588.7338,6961.897
18,FALSE,296,589.0479,6962.159
18,FALSE,297,589.1684,6962.153
18,FALSE,298,589.3359,6962.145
18,FALSE,299,590.001,6962.494
18,FALSE,300,592.3844,6963.538
18,FALSE,301,593.3372,6963.798
18,FALSE,302,594.4401,6964.057
18,FALSE,303,595.1164,6964.092
18,FALSE,304,596.0431,6964.139
18,FALSE,305,597.07,6964.185
18,FALSE,306,597.8334,6964.107
18,FALSE,307,598.4976,6964.254
18,FALSE,308,598.8997,6964.579
18,FALSE,309,599.0398,6965.105
18,FALSE,310,599.0411,6965.419
18,FALSE,311,599.2063,6965.957
18,FALSE,312,599.3457,6966.346
18,FALSE,313,599.6601,6966.645
18,FALSE,314,600.3735,6966.592
18,FALSE,315,601.3867,6966.375
18,FALSE,316,602.3254,6966.309
18,FALSE,317,603.3401,6966.418
18,FALSE,318,604.0037,6966.428
18,FALSE,319,604.4675,6966.552
18,FALSE,320,605.4194,6966.623
18,FALSE,321,605.7821,6966.534
18,FALSE,322,605.8707,6966.747
18,FALSE,323,605.9345,6967.035
18,FALSE,324,605.9984,6967.336
18,FALSE,325,606.1381,6967.774
18,FALSE,326,606.2653,6968.225
18,FALSE,327,606.5938,6968.788
18,FALSE,328,606.2288,6968.476
18,FALSE,329,605.9151,6968.314
18,FALSE,330,605.4013,6968.191
18,FALSE,331,604.6869,6968.056
18,FALSE,332,604.0731,6967.983
18,FALSE,333,602.0463,6968.304
18,FALSE,334,599.9155,6967.798
18,FALSE,335,598.6122,6967.527
18,FALSE,336,597.2478,6967.608
18,FALSE,337,595.9838,6967.738
18,FALSE,338,595.4084,6967.853
18,FALSE,339,594.5705,6968.082
18,FALSE,340,593.7688,6967.997
18,FALSE,341,592.4778,6967.676
18,FALSE,342,590.2341,6967.096
18,FALSE,343,589.3819,6966.911
18,FALSE,344,589.1415,6966.347
18,FALSE,345,588.5258,6965.835
18,FALSE,346,588.1877,6965.837
18,FALSE,347,588.187,6965.687
18,FALSE,348,587.9118,6965.725
18,FALSE,349,587.4863,6965.764
18,FALSE,350,586.8595,6965.604
18,FALSE,351,586.1956,6965.543
18,FALSE,352,585.5566,6965.42
18,FALSE,353,584.9306,6965.423
18,FALSE,354,583.8792,6965.502
18,FALSE,355,583.165,6965.392
18,FALSE,356,582.9307,6965.463
18,FALSE,357,582.6649,6965.544
18,FALSE,358,582.5654,6965.72
18,FALSE,359,582.4543,6966.072
18,FALSE,360,582.7216,6967.062
18,FALSE,361,582.9516,6968.114
18,FALSE,362,583.2736,6969.165
18,FALSE,363,583.3243,6969.31
18,FALSE,364,583.3703,6969.442
18,FALSE,365,583.5355,6969.918
18,FALSE,366,583.7132,6970.469
18,FALSE,367,584.2838,6972.085
18,FALSE,368,584.7653,6973.387
18,FALSE,369,585.2199,6974.263
18,FALSE,370,585.2685,6974.374
18,FALSE,371,585.5866,6975.102
18,FALSE,372,586.0034,6975.928
18,FALSE,373,586.6853,6977.243
18,FALSE,374,587.4039,6978.343
18,FALSE,375,587.5224,6978.511
18,FALSE,376,587.8196,6978.931
18,FALSE,377,588.3613,6979.682
18,FALSE,378,588.7299,6980.402
18,FALSE,379,589.0924,6980.795
18,FALSE,380,589.9622,6982.134
18,FALSE,381,591.3948,6983.32
18,FALSE,382,592.7135,6984.255
18,FALSE,383,594.0204,6985.341
18,FALSE,384,595.0513,6986.29
18,FALSE,385,596.207,6987.164
18,FALSE,386,597.5386,6988.174
18,FALSE,387,598.5434,6988.898
18,FALSE,388,599.6833,6988.994
18,FALSE,389,600.5835,6988.715
18,FALSE,390,601.0953,6988.349
18,FALSE,391,601.5808,6987.733
18,FALSE,392,601.52,6986.678
18,FALSE,393,601.7413,6987.205
18,FALSE,394,601.9831,6988.095
18,FALSE,395,602.3881,6989.084
18,FALSE,396,603.4567,6990.071
18,FALSE,397,604.0604,6990.695
18,FALSE,398,604.8778,6991.495
18,FALSE,399,605.4306,6991.932
18,FALSE,400,605.7961,6992.469
18,FALSE,401,606.2001,6993.245
18,FALSE,402,606.4794,6994.135
18,FALSE,403,606.77,6994.723
18,FALSE,404,607.1468,6994.985
18,FALSE,405,607.5199,6994.407
18,FALSE,406,607.4556,6994.031
18,FALSE,407,607.5421,6993.754
18,FALSE,408,607.7928,6993.829
18,FALSE,409,607.9944,6994.129
18,FALSE,410,608.1718,6994.592
18,FALSE,411,608.2231,6994.868
18,FALSE,412,608.2967,6995.118
18,FALSE,413,608.44,6995.27
18,FALSE,414,608.6389,6995.481
18,FALSE,415,608.9784,6995.806
18,FALSE,416,609.2548,6996.03
18,FALSE,417,609.4811,6996.23
18,FALSE,418,609.7838,6996.485
18,FALSE,419,609.9849,6996.918
18,FALSE,420,610.4139,6997.656
18,FALSE,421,610.9929,6998.356
18,FALSE,422,611.7581,6998.692
18,FALSE,423,612.3711,6998.577
18,FALSE,424,612.8468,6998.55
18,FALSE,425,613.4101,6998.535
18,FALSE,426,614.1752,6998.833
18,FALSE,427,614.6776,6999.195
18,FALSE,428,614.9919,6999.482
18,FALSE,429,615.1053,6999.586
18,FALSE,430,615.2936,6999.757
18,FALSE,431,615.7208,7000.107
18,FALSE,432,616.1606,7000.443
18,FALSE,433,616.3866,7000.606
18,FALSE,434,616.5931,7000.81
18,FALSE,435,615.9619,7000.833
18,FALSE,436,615.1483,7000.874
18,FALSE,437,614.2345,7000.927
18,FALSE,438,613.4714,7001.081
18,FALSE,439,612.8341,7001.359
18,FALSE,440,612.5601,7001.686
18,FALSE,441,612.4518,7002.665
18,FALSE,442,612.9828,7003.854
18,FALSE,443,613.2611,7004.505
18,FALSE,444,614.1207,7006.358
18,FALSE,445,614.6119,7007.034
18,FALSE,446,615.3173,7007.971
18,FALSE,447,615.6446,7008.397
18,FALSE,448,615.9218,7008.772
18,FALSE,449,616.1245,7008.933
18,FALSE,450,616.3641,7008.548
18,FALSE,451,616.4269,7008.438
18,FALSE,452,616.7864,7008.944
18,FALSE,453,617.6923,7009.931
18,FALSE,454,618.1463,7010.695
18,FALSE,455,618.8137,7011.545
18,FALSE,456,619.4554,7012.282
18,FALSE,457,620.2218,7012.869
18,FALSE,458,620.7879,7013.494
18,FALSE,459,621.6686,7014.456
18,FALSE,460,622.1861,7015.407
18,FALSE,461,622.5649,7016.133
18,FALSE,462,622.8559,7016.797
18,FALSE,463,623.1216,7017.448
18,FALSE,464,623.5248,7017.998
18,FALSE,465,623.6128,7018.098
18,FALSE,466,622.6125,7018.403
18,FALSE,467,621.949,7018.418
18,FALSE,468,621.3364,7018.621
18,FALSE,469,620.6989,7018.862
18,FALSE,470,620.3888,7018.98
18,FALSE,471,619.9866,7019.178
18,FALSE,472,619.5999,7019.493
18,FALSE,473,619.3738,7019.732
18,FALSE,474,619.176,7019.909
18,FALSE,475,619.1169,7020.023
18,FALSE,476,619.027,7020.198
18,FALSE,477,618.6781,7020.407
18,FALSE,478,618.6178,7021.102
18,FALSE,479,618.7099,7022.105
18,FALSE,480,618.9021,7023.108
18,FALSE,481,618.9319,7024.199
18,FALSE,482,618.8345,7024.813
18,FALSE,483,618.499,7025.392
18,FALSE,484,618.2386,7025.97
18,FALSE,485,617.9899,7026.359
18,FALSE,486,617.8938,7026.568
18,FALSE,487,617.6773,7026.461
18,FALSE,488,617.4509,7026.223
18,FALSE,489,617.2225,7025.942
18,FALSE,490,617.1764,7025.847
18,FALSE,491,617.0563,7025.58
18,FALSE,492,617.029,7025.441
18,FALSE,493,617.1318,7024.82
18,FALSE,494,616.9411,7024.181
18,FALSE,495,616.5723,7022.878
18,FALSE,496,616.204,7021.701
18,FALSE,497,615.7587,7020.085
18,FALSE,498,615.1394,7018.783
18,FALSE,499,614.4839,7017.769
18,FALSE,500,613.6528,7016.694
18,FALSE,501,612.7121,7016.296
18,FALSE,502,612.0971,7015.96
18,FALSE,503,611.7207,7015.786
18,FALSE,504,610.8691,7015.739
18,FALSE,505,610.4182,7015.703
18,FALSE,506,609.3806,7016.083
18,FALSE,507,608.9441,7016.461
18,FALSE,508,608.9472,7017.164
18,FALSE,509,609.0511,7018.004
18,FALSE,510,609.1938,7019.157
18,FALSE,511,609.1843,7019.834
18,FALSE,512,608.6358,7020.388
18,FALSE,513,607.9996,7020.905
18,FALSE,514,607.2746,7021.183
18,FALSE,515,606.8111,7021.135
18,FALSE,516,606.3734,7021.25
18,FALSE,517,606.3876,7021.626
18,FALSE,518,606.3885,7021.839
18,FALSE,519,606.4531,7022.278
18,FALSE,520,606.7684,7022.803
18,FALSE,521,607.0593,7023.467
18,FALSE,522,607.4004,7024.155
18,FALSE,523,607.7799,7025.044
18,FALSE,524,607.8582,7025.771
18,FALSE,525,607.9013,7026.277
18,FALSE,526,607.5215,7026.074
18,FALSE,527,606.4876,7024.435
18,FALSE,528,606.1183,7023.019
18,FALSE,529,605.3345,7021.316
18,FALSE,530,604.7644,7019.813
18,FALSE,531,604.1068,7018.324
18,FALSE,532,603.1966,7016.333
18,FALSE,533,601.8974,7014.156
18,FALSE,534,600.7475,7011.765
18,FALSE,535,599.0562,7008.674
18,FALSE,536,597.491,7005.808
18,FALSE,537,596.1908,7003.392
18,FALSE,538,595.1428,7001.402
18,FALSE,539,593.7418,6998.849
18,FALSE,540,592.9198,6996.984
18,FALSE,541,592.2366,6995.381
18,FALSE,542,591.6178,6994.179
18,FALSE,543,591.1511,6993.404
18,FALSE,544,590.4731,6992.955
18,FALSE,545,589.9864,6993.32
18,FALSE,546,589.8524,6994.186
18,FALSE,547,589.7554,6994.889
18,FALSE,548,589.6484,6995.524
18,FALSE,549,589.5968,6995.83
18,FALSE,550,589.4984,6996.244
18,FALSE,551,589.4687,6996.907
18,FALSE,552,589.4805,6997.862
18,FALSE,553,589.5601,6998.865
18,FALSE,554,589.3005,6999.644
18,FALSE,555,589.278,7000.208
18,FALSE,556,589.1889,7000.505
18,FALSE,557,589.1423,7000.66
18,FALSE,558,589.1688,7001.011
18,FALSE,559,589.1499,7001.566
18,FALSE,560,589.1246,7002.353
18,FALSE,561,589.0044,7003.483
18,FALSE,562,589.1715,7004.46
18,FALSE,563,589.4011,7005.412
18,FALSE,564,589.9448,7006.639
18,FALSE,565,590.3233,7007.278
18,FALSE,566,590.8413,7008.342
18,FALSE,567,590.9556,7008.73
18,FALSE,568,591.307,7008.977
18,FALSE,569,591.9915,7009.347
18,FALSE,570,592.1066,7009.438
18,FALSE,571,592.2499,7009.778
18,FALSE,572,592.7927,7010.78
18,FALSE,573,593.1218,7011.606
18,FALSE,574,593.4,7012.22
18,FALSE,575,593.6661,7012.946
18,FALSE,576,593.7816,7013.573
18,FALSE,577,593.8091,7014.137
18,FALSE,578,593.7371,7014.852
18,FALSE,579,593.7252,7014.99
18,FALSE,580,593.8548,7015.993
18,FALSE,581,594.009,7016.895
18,FALSE,582,594.1013,7017.948
18,FALSE,583,594.0685,7019.027
18,FALSE,584,594.3479,7019.929
18,FALSE,585,594.5779,7020.969
18,FALSE,586,594.9713,7022.159
18,FALSE,587,595.1248,7022.898
18,FALSE,588,595.1535,7023.751
18,FALSE,589,595.1963,7024.93
18,FALSE,590,595.3866,7025.506
18,FALSE,591,595.4519,7026.12
18,FALSE,592,595.5518,7026.752
18,FALSE,593,595.4163,7026.572
18,FALSE,594,595.2268,7026.171
18,FALSE,595,595.1358,7025.406
18,FALSE,596,594.8568,7024.605
18,FALSE,597,594.6284,7023.928
18,FALSE,598,594.2748,7023.215
18,FALSE,599,594.0218,7022.652
18,FALSE,600,593.9414,7022.58
18,FALSE,601,593.6448,7022.314
18,FALSE,602,593.3565,7022.253
18,FALSE,603,592.9671,7021.966
18,FALSE,604,592.7469,7021.955
18,FALSE,605,592.3909,7021.905
18,FALSE,606,592.2329,7021.9
18,FALSE,607,591.9402,7021.92
18,FALSE,608,591.4773,7021.984
18,FALSE,609,591.0394,7022.061
18,FALSE,610,590.3829,7022.104
18,FALSE,611,589.937,7021.94
18,FALSE,612,589.3363,7021.992
18,FALSE,613,588.6724,7021.945
18,FALSE,614,588.1839,7021.896
18,FALSE,615,587.9078,7021.809
18,FALSE,616,587.5069,7021.673
18,FALSE,617,586.6317,7021.953
18,FALSE,618,585.9198,7022.369
18,FALSE,619,585.4712,7022.848
18,FALSE,620,585.1116,7023.652
18,FALSE,621,584.9406,7024.605
18,FALSE,622,585.0073,7025.546
18,FALSE,623,585.076,7026.081
18,FALSE,624,585.2366,7026.448
18,FALSE,625,585.4266,7026.936
18,FALSE,626,585.5034,7027.312
18,FALSE,627,585.6403,7027.753
18,FALSE,628,586.2077,7028.007
18,FALSE,629,587.5399,7028.659
18,FALSE,630,588.0213,7029.166
18,FALSE,631,588.3081,7029.469
18,FALSE,632,588.7539,7029.974
18,FALSE,633,589.0966,7030.842
18,FALSE,634,589.4976,7032.2
18,FALSE,635,589.774,7033.519
18,FALSE,636,589.8406,7033.818
18,FALSE,637,590.0028,7034.549
18,FALSE,638,590.234,7035.303
18,FALSE,639,590.4523,7036.095
18,FALSE,640,590.5328,7036.882
18,FALSE,641,590.5678,7037.224
18,FALSE,642,590.7344,7038.216
18,FALSE,643,590.9239,7039.057
18,FALSE,644,590.9226,7039.398
18,FALSE,645,590.7624,7039.512
18,FALSE,646,590.0754,7039.853
18,FALSE,647,588.8998,7040.109
18,FALSE,648,588.2514,7040.701
18,FALSE,649,587.5415,7041.493
18,FALSE,650,587.3651,7041.243
18,FALSE,651,587.3366,7040.491
18,FALSE,652,587.522,7039.964
18,FALSE,653,588.0291,7038.621
18,FALSE,654,588.1469,7036.991
18,FALSE,655,587.9667,7035.926
18,FALSE,656,587.5489,7034.9
18,FALSE,657,586.6059,7034.026
18,FALSE,658,585.9384,7033.164
18,FALSE,659,585.0121,7032.403
18,FALSE,660,584.9081,7032.376
18,FALSE,661,584.7947,7032.266
18,FALSE,662,583.7191,7032.408
18,FALSE,663,583.082,7032.711
18,FALSE,664,581.5065,7033.132
18,FALSE,665,580.5312,7033.399
18,FALSE,666,579.1935,7033.805
18,FALSE,667,577.8197,7034.538
18,FALSE,668,576.0566,7034.997
18,FALSE,669,574.656,7035.341
18,FALSE,670,573.0395,7035.009
18,FALSE,671,572.3996,7034.711
18,FALSE,672,571.9976,7034.386
18,FALSE,673,571.5068,7033.849
18,FALSE,674,570.8268,7032.987
18,FALSE,675,570.2714,7031.987
18,FALSE,676,569.7911,7030.998
18,FALSE,677,569.2344,7029.709
18,FALSE,678,568.7796,7028.821
18,FALSE,679,568.4359,7027.581
18,FALSE,680,568.0304,7026.518
18,FALSE,681,567.1239,7025.393
18,FALSE,682,566.4433,7024.393
18,FALSE,683,565.698,7022.942
18,FALSE,684,565.1353,7022.348
18,FALSE,685,564.9243,7022.125
18,FALSE,686,564.5289,7021.881
18,FALSE,687,562.6193,7020.435
18,FALSE,688,560.6233,7019.252
18,FALSE,689,559.0678,7018.556
18,FALSE,690,556.9726,7017.6
18,FALSE,691,555.6851,7017.202
18,FALSE,692,555.5658,7017.185
18,FALSE,693,555.1176,7017.118
18,FALSE,694,554.454,7017.108
18,FALSE,695,554.1707,7017.172
18,FALSE,696,554.0038,7017.21
18,FALSE,697,552.0263,7017.331
18,FALSE,698,550.4116,7017.388
18,FALSE,699,549.3485,7017.631
18,FALSE,700,548.7988,7017.859
18,FALSE,701,548.2994,7018.187
18,FALSE,702,547.9774,7018.94
18,FALSE,703,548.03,7019.491
18,FALSE,704,547.8193,7019.944
18,FALSE,705,547.3566,7020.071
18,FALSE,706,546.6533,7019.585
18,FALSE,707,546.3738,7018.683
18,FALSE,708,545.9186,7017.695
18,FALSE,709,545.0775,7017.209
18,FALSE,710,544.4637,7017.124
18,FALSE,711,543.8013,7017.378
18,FALSE,712,542.8025,7017.971
18,FALSE,713,541.7426,7018.89
18,FALSE,714,540.9928,7019.182
18,FALSE,715,540.6945,7019.472
18,FALSE,716,540.6189,7019.559
18,FALSE,717,540.4816,7019.648
18,FALSE,718,540.7951,7019.884
18,FALSE,719,541.489,7020.617
18,FALSE,720,542.4251,7021.398
18,FALSE,721,543.2151,7021.987
18,FALSE,722,544.11,7022.61
18,FALSE,723,545.0313,7023.212
18,FALSE,724,544.9431,7023.39
18,FALSE,725,544.7446,7023.792
18,FALSE,726,544.5831,7024.081
18,FALSE,727,544.4348,7024.495
18,FALSE,728,544.3493,7024.96
18,FALSE,729,544.1755,7025.274
18,FALSE,730,544.1401,7025.763
18,FALSE,731,544.0091,7026.059
18,FALSE,732,543.7372,7025.813
18,FALSE,733,543.3505,7025.469
18,FALSE,734,543.0068,7025.254
18,FALSE,735,542.6201,7025.168
18,FALSE,736,542.4483,7025.125
18,FALSE,737,542.2335,7025.168
18,FALSE,738,542.0187,7025.211
18,FALSE,739,541.5031,7025.168
18,FALSE,740,541.2454,7024.868
18,FALSE,741,541.0306,7024.352
18,FALSE,742,540.6868,7023.665
18,FALSE,743,540.3431,7022.977
18,FALSE,744,539.9135,7022.548
18,FALSE,745,539.4409,7022.118
18,FALSE,746,538.8824,7021.817
18,FALSE,747,538.6375,7021.573
18,FALSE,748,538.4098,7021.474
18,FALSE,749,538.0661,7021.173
18,FALSE,750,537.8084,7020.7
18,FALSE,751,537.3358,7019.798
18,FALSE,752,537.078,7018.939
18,FALSE,753,536.8632,7017.693
18,FALSE,754,536.8203,7016.963
18,FALSE,755,536.7286,7015.859
18,FALSE,756,536.4206,7015.348
18,FALSE,757,536.4206,7015.15
18,FALSE,758,536.4537,7014.918
18,FALSE,759,536.3894,7014.537
18,FALSE,760,536.4139,7014.412
18,FALSE,761,536.3873,7014.086
18,FALSE,762,536.3603,7013.647
18,FALSE,763,536.2823,7013.021
18,FALSE,764,536.3063,7012.782
18,FALSE,765,536.2924,7012.482
18,FALSE,766,536.2682,7012.34
18,FALSE,767,536.1385,7011.692
18,FALSE,768,536.0684,7011.49
18,FALSE,769,535.8605,7011.129
18,FALSE,770,535.5448,7010.516
18,FALSE,771,535.3423,7010.053
18,FALSE,772,535.2144,7009.452
18,FALSE,773,535.2754,7009.126
18,FALSE,774,535.4114,7008.737
18,FALSE,775,535.6114,7008.661
18,FALSE,776,535.6851,7008.372
18,FALSE,777,535.8211,7007.983
18,FALSE,778,535.9566,7007.494
18,FALSE,779,536.0718,7007.114
18,FALSE,780,535.9797,7007.065
18,FALSE,781,535.8531,7006.767
18,FALSE,782,535.8141,7006.466
18,FALSE,783,535.8875,7006.09
18,FALSE,784,536.1822,7005.731
18,FALSE,785,536.8494,7006.02
18,FALSE,786,538.1701,7006.559
18,FALSE,787,538.8301,7006.866
18,FALSE,788,540.2001,7007.481
18,FALSE,789,540.8828,7007.749
18,FALSE,790,541.073,7007.823
18,FALSE,791,541.3782,7007.66
18,FALSE,792,541.8662,7007.607
18,FALSE,793,543.0908,7007.101
18,FALSE,794,543.816,7006.91
18,FALSE,795,543.8964,7006.825
18,FALSE,796,544.0901,7006.621
18,FALSE,797,544.9522,7006.241
18,FALSE,798,545.7131,7005.636
18,FALSE,799,547.1603,7004.54
18,FALSE,800,548.4628,7004.647
18,FALSE,801,549.7409,7004.893
18,FALSE,802,550.7451,7005.478
18,FALSE,803,551.762,7006.088
18,FALSE,804,552.841,7006.597
18,FALSE,805,553.9568,7006.944
18,FALSE,806,554.1102,7007.033
18,FALSE,807,553.8286,7007.283
18,FALSE,808,553.5299,7007.427
18,FALSE,809,554.0219,7007.495
18,FALSE,810,554.3354,7007.594
18,FALSE,811,555.2479,7007.289
18,FALSE,812,556.2855,7006.972
18,FALSE,813,557.3236,7006.754
18,FALSE,814,558.5244,7006.511
18,FALSE,815,559.5386,7006.545
18,FALSE,816,560.6549,7006.992
18,FALSE,817,561.6461,7007.476
18,FALSE,818,562.3996,7007.975
18,FALSE,819,564.0416,7008.419
18,FALSE,820,565.2851,7008.58
18,FALSE,821,565.9857,7008.124
18,FALSE,822,567.0549,7007.345
18,FALSE,823,567.9337,7006.914
18,FALSE,824,569.4509,7006.39
18,FALSE,825,570.4296,7005.973
18,FALSE,826,571.7939,7005.772
18,FALSE,827,572.7461,7005.531
18,FALSE,828,573.5121,7005.124
18,FALSE,829,574.2023,7004.83
18,FALSE,830,574.8181,7004.447
18,FALSE,831,575.5218,7004.015
18,FALSE,832,575.4178,7003.011
18,FALSE,833,575.2103,7002.42
18,FALSE,834,574.9415,7001.678
18,FALSE,835,574.6243,7000.76
18,FALSE,836,574.1648,6998.925
18,FALSE,837,573.8368,6997.794
18,FALSE,838,573.6589,6996.838
18,FALSE,839,573.2211,6996.106
18,FALSE,840,573.0071,6995.831
18,FALSE,841,572.8306,6995.544
18,FALSE,842,572.4388,6994.73
18,FALSE,843,571.9598,6993.979
18,FALSE,844,571.5563,6993.341
18,FALSE,845,571.0152,6992.729
18,FALSE,846,570.8513,6992.479
18,FALSE,847,570.5862,6991.978
18,FALSE,848,570.2199,6991.264
18,FALSE,849,569.6903,6990.389
18,FALSE,850,569.3112,6989.6
18,FALSE,851,569.0834,6989.062
18,FALSE,852,568.9736,6988.823
18,FALSE,853,568.7548,6988.348
18,FALSE,854,568.5516,6987.709
18,FALSE,855,568.2349,6986.883
18,FALSE,856,567.8032,6985.505
18,FALSE,857,567.4855,6984.44
18,FALSE,858,567.0179,6983.451
18,FALSE,859,566.4499,6982.425
18,FALSE,860,565.7556,6981.123
18,FALSE,861,564.9608,6979.759
18,FALSE,862,564.2165,6978.495
18,FALSE,863,563.6871,6977.682
18,FALSE,864,562.9821,6976.807
18,FALSE,865,562.7679,6976.095
18,FALSE,866,562.7383,6975.996
18,FALSE,867,562.5394,6975.78
18,FALSE,868,562.1864,6975.23
18,FALSE,869,561.9588,6974.729
18,FALSE,870,561.5045,6973.928
18,FALSE,871,561.2895,6973.44
18,FALSE,872,560.8995,6973.015
18,FALSE,873,560.6672,6972.66
18,FALSE,874,560.3964,6972.503
18,FALSE,875,560.1066,6972.078
18,FALSE,876,559.6538,6971.615
18,FALSE,877,558.9875,6970.991
18,FALSE,878,558.1689,6969.903
18,FALSE,879,557.6269,6969.102
18,FALSE,880,557.287,6968.665
18,FALSE,881,556.6446,6967.777
18,FALSE,882,555.9893,6966.826
18,FALSE,883,555.2323,6965.5
18,FALSE,884,554.6776,6964.661
18,FALSE,885,554.1857,6963.836
18,FALSE,886,553.6677,6962.772
18,FALSE,887,553.4778,6962.308
18,FALSE,888,553.2483,6961.331
18,FALSE,889,554.0581,6962.459
18,FALSE,890,555.2705,6963.975
18,FALSE,891,555.5908,6964.542
18,FALSE,892,556.3186,6965.69
18,FALSE,893,556.6558,6966.041
18,FALSE,894,557.5331,6966.955
18,FALSE,895,558.2993,6968.002
18,FALSE,896,559.0767,6969.213
18,FALSE,897,559.7043,6970.397
18,FALSE,898,560.5551,6971.784
18,FALSE,899,561.2339,6972.783
18,FALSE,900,561.4812,6973.147
18,FALSE,901,562.0464,6974.318
18,FALSE,902,562.402,6974.866
18,FALSE,903,562.8483,6974.864
18,FALSE,904,563.1871,6975.013
18,FALSE,905,563.5509,6975.187
18,FALSE,906,563.8778,6975.487
18,FALSE,907,564.5056,6975.911
18,FALSE,908,565.0839,6976.435
18,FALSE,909,565.4986,6976.785
18,FALSE,910,565.8129,6977.072
18,FALSE,911,566.1654,6977.522
18,FALSE,912,566.2808,6977.604
18,FALSE,913,566.5171,6977.772
18,FALSE,914,566.7182,6977.947
18,FALSE,915,567.0829,6978.309
18,FALSE,916,567.4607,6978.796
18,FALSE,917,567.6874,6979.122
18,FALSE,918,567.8359,6979.445
18,FALSE,919,567.9403,6979.673
18,FALSE,920,568.0924,6980.086
18,FALSE,921,568.3711,6980.837
18,FALSE,922,568.864,6981.876
18,FALSE,923,569.571,6983.203
18,FALSE,924,570.3402,6984.442
18,FALSE,925,570.8452,6985.393
18,FALSE,926,571.8024,6986.681
18,FALSE,927,573.4981,6987.903
18,FALSE,928,574.2358,6987.687
18,FALSE,929,574.4836,6987.084
18,FALSE,930,574.9661,6985.766
18,FALSE,931,575.1883,6985.037
18,FALSE,932,575.4217,6984.033
18,FALSE,933,575.641,6982.653
18,FALSE,934,576.0195,6980.457
18,FALSE,935,576.1157,6979.553
18,FALSE,936,576.3838,6977.884
18,FALSE,937,576.6041,6976.524
18,FALSE,938,576.3972,6975.932
18,FALSE,939,576.1575,6975.319
18,FALSE,940,575.9689,6974.837
18,FALSE,941,575.6303,6974.134
18,FALSE,942,575.4775,6973.817
18,FALSE,943,574.9576,6972.564
18,FALSE,944,575.0689,6972.158
18,FALSE,945,575.1299,6971.769
18,FALSE,946,575.2892,6970.991
18,FALSE,947,575.3489,6970.326
18,FALSE,948,575.4829,6969.472
18,FALSE,949,575.5908,6968.381
18,FALSE,950,575.761,6967.239
18,FALSE,951,575.8428,6965.922
18,FALSE,952,575.6489,6964.531
18,FALSE,953,575.5958,6963.841
18,FALSE,954,575.4281,6962.725
18,FALSE,955,575.2334,6961.146
18,FALSE,956,575.2534,6960.005
18,FALSE,957,575.3369,6959.076
18,FALSE,958,575.6208,6958.135
18,FALSE,959,575.9788,6956.992
18,FALSE,960,576.0624,6956.076
18,FALSE,961,576.5088,6955.071
18,FALSE,962,576.9679,6954.129
18,FALSE,963,577.3888,6953.036
18,FALSE,964,577.7216,6951.843
18,FALSE,965,578.0788,6950.5
18,FALSE,966,578.3241,6949.345
18,FALSE,967,578.5682,6947.915
18,FALSE,968,578.6633,6946.76
18,FALSE,969,578.9968,6945.718
18,FALSE,970,579.0665,6944.501
18,FALSE,971,579.3962,6942.594
18,FALSE,972,579.3266,6941.014
18,FALSE,973,579.2815,6939.296
18,FALSE,974,579.1899,6938.406
18,FALSE,975,578.9474,6937.341
18,FALSE,976,578.6052,6936.402
18,FALSE,977,578.2224,6934.773
18,FALSE,978,577.9181,6933.896
18,FALSE,979,577.3356,6932.406
18,FALSE,980,576.8925,6931.304
18,FALSE,981,576.6248,6930.214
18,FALSE,982,576.1044,6928.61
18,FALSE,983,575.9146,6927.983
18,FALSE,984,576.3692,6927.643
18,FALSE,985,576.2851,6926.992
18,FALSE,986,576.2325,6926.428
18,FALSE,987,576.1432,6926.052
18,FALSE,988,576.1417,6925.713
18,FALSE,989,576.1277,6925.375
18,FALSE,990,575.9504,6924.924
18,FALSE,991,575.8871,6924.749
18,FALSE,992,575.7982,6924.473
18,FALSE,993,575.7624,6924.244
18,FALSE,994,576.1232,6924.359
18,FALSE,995,577.4776,6924.855
18,FALSE,996,577.9548,6925.167
18,FALSE,997,578.4674,6925.015
18,FALSE,998,579.1039,6924.548
18,FALSE,999,579.5271,6923.982
18,FALSE,1000,579.5879,6923.568
18,FALSE,1001,579.76,6922.84
18,FALSE,1002,579.8965,6922.564
18,FALSE,1003,580.245,6922.086
18,FALSE,1004,580.6753,6921.614
18,FALSE,1005,580.6894,6920.817
18,FALSE,1006,580.6804,6920.348
18,FALSE,1007,580.9844,6920.114
18,FALSE,1008,581.2442,6919.411
18,FALSE,1009,581.4166,6918.758
18,FALSE,1010,581.5013,6918.093
18,FALSE,1011,581.5238,6917.529
18,FALSE,1012,581.3937,6916.439
18,FALSE,1013,581.2148,6915.65
18,FALSE,1014,581.0211,6914.321
18,FALSE,1015,580.8043,6913.445
18,FALSE,1016,580.2501,6912.72
18,FALSE,1017,579.81,6912.333
18,FALSE,1018,579.3572,6911.871
18,FALSE,1019,578.9034,6911.195
18,FALSE,1020,578.4491,6910.432
18,FALSE,1021,578.0288,6908.842
18,FALSE,1022,577.8491,6907.877
18,FALSE,1023,577.5573,6907.013
18,FALSE,1024,577.1658,6906.287
18,FALSE,1025,576.7244,6905.575
18,FALSE,1026,576.1953,6904.862
18,FALSE,1027,575.8534,6904.011
18,FALSE,1028,575.6739,6903.084
18,FALSE,1029,575.6089,6902.545
18,FALSE,1030,575.3809,6901.969
18,FALSE,1031,574.9781,6901.494
18,FALSE,1032,574.55,6900.982
18,FALSE,1033,573.9079,6900.22
18,FALSE,1034,573.683,6899.669
18,FALSE,1035,573.6421,6899.569
18,FALSE,1036,573.5286,6899.394
18,FALSE,1037,573.5397,6899.068
18,FALSE,1038,573.4746,6898.516
18,FALSE,1039,573.3476,6898.128
18,FALSE,1040,573.1457,6897.778
18,FALSE,1041,573.0194,6897.54
18,FALSE,1042,572.8546,6897.089
18,FALSE,1043,572.6641,6896.488
18,FALSE,1044,572.6001,6896.188
18,FALSE,1045,572.5536,6895.905
18,FALSE,1046,572.5349,6895.611
18,FALSE,1047,572.5214,6895.213
18,FALSE,1048,572.5556,6894.633
18,FALSE,1049,572.5656,6894.057
18,FALSE,1050,572.5804,6893.764
18,FALSE,1051,572.2933,6892.936
18,FALSE,1052,572.2483,6892.806
18,FALSE,1053,572.2014,6892.684
18,FALSE,1054,571.5208,6891.427
18,FALSE,1055,571.5756,6891.089
18,FALSE,1056,571.6244,6890.813
18,FALSE,1057,571.7356,6890.474
18,FALSE,1058,571.871,6889.96
18,FALSE,1059,571.8948,6889.671
18,FALSE,1060,571.9436,6889.383
18,FALSE,1061,572.0553,6889.169
18,FALSE,1062,572.3914,6888.729
18,FALSE,1063,572.8663,6888.501
18,FALSE,1064,573.3879,6888.359
18,FALSE,1065,573.7043,6888.285
18,FALSE,1066,574.1422,6888.196
18,FALSE,1067,574.9058,6888.13
18,FALSE,1068,575.3193,6888.204
18,FALSE,1069,575.9942,6887.913
18,FALSE,1070,576.5516,6887.486
18,FALSE,1071,577.0657,6888.129
18,FALSE,1072,577.2068,6888.354
18,FALSE,1073,577.3984,6888.308
18,FALSE,1074,577.9614,6888.193
18,FALSE,1075,578.3365,6888.066
18,FALSE,1076,578.498,6887.778
18,FALSE,1077,578.6835,6887.25
18,FALSE,1078,578.7958,6887.175
18,FALSE,1079,579.165,6886.837
18,FALSE,1080,579.2318,6886.659
18,FALSE,1081,579.2053,6886.333
18,FALSE,1082,578.902,6885.707
18,FALSE,1083,578.6504,6885.445
18,FALSE,1084,578.274,6885.296
18,FALSE,1085,577.9098,6885.059
18,FALSE,1086,577.4213,6885.024
18,FALSE,1087,576.9338,6885.213
18,FALSE,1088,576.6219,6885.465
18,FALSE,1089,576.423,6885.805
18,FALSE,1090,576.2741,6886.106
18,FALSE,1091,576.0494,6886.27
18,FALSE,1092,575.8484,6886.133
18,FALSE,1093,575.6109,6885.994
18,FALSE,1094,575.1289,6885.065
18,FALSE,1095,575.0006,6884.85
18,FALSE,1096,574.9883,6884.206
18,FALSE,1097,575.0861,6883.653
18,FALSE,1098,575.4086,6882.975
18,FALSE,1099,575.8444,6882.434
18,FALSE,1100,576.7554,6881.741
18,FALSE,1101,577.3925,6881.388
18,FALSE,1102,577.8792,6881.01
18,FALSE,1103,578.2271,6880.394
18,FALSE,1104,578.6958,6879.676
18,FALSE,1105,579.0673,6880.346
18,FALSE,1106,579.139,6879.914
18,FALSE,1107,579.2476,6878.999
18,FALSE,1108,579.2434,6878.046
18,FALSE,1109,579.1641,6877.131
18,FALSE,1110,579.1336,6875.915
18,FALSE,1111,578.9789,6874.925
18,FALSE,1112,578.7346,6873.776
18,FALSE,1113,578.1283,6873.373
18,FALSE,1114,577.7709,6873.159
18,FALSE,1115,577.7049,6872.836
18,FALSE,1116,577.714,6872.084
18,FALSE,1117,577.7479,6871.256
18,FALSE,1118,577.7559,6870.253
18,FALSE,1119,577.786,6868.586
18,FALSE,1120,577.9676,6867.181
18,FALSE,1121,578.2929,6864.321
18,FALSE,1122,578.8611,6862.589
18,FALSE,1123,579.0574,6861.686
18,FALSE,1124,579.3021,6860.381
18,FALSE,1125,579.3206,6858.926
18,FALSE,1126,579.2278,6857.786
18,FALSE,1127,579.0342,6856.495
18,FALSE,1128,578.7149,6855.105
18,FALSE,1129,578.5213,6853.814
18,FALSE,1130,578.6656,6852.485
18,FALSE,1131,578.6474,6851.219
18,FALSE,1132,578.7933,6850.228
18,FALSE,1133,578.5522,6849.527
18,FALSE,1134,578.5668,6849.32
18,FALSE,1135,578.425,6849.088
18,FALSE,1136,578.1219,6848.513
18,FALSE,1137,577.4918,6847.6
18,FALSE,1138,577.3141,6847.074
18,FALSE,1139,577.4234,6846.334
18,FALSE,1140,577.2581,6845.77
18,FALSE,1141,576.6022,6844.695
18,FALSE,1142,576.0082,6843.481
18,FALSE,1143,575.5891,6842.179
18,FALSE,1144,575.197,6841.303
18,FALSE,1145,574.7163,6840.214
18,FALSE,1146,574.1848,6838.95
18,FALSE,1147,573.7048,6838.024
18,FALSE,1148,573.0363,6836.961
18,FALSE,1149,572.7747,6836.465
18,FALSE,1150,572.774,6835.404
18,FALSE,1151,572.7713,6834.816
18,FALSE,1152,572.7696,6834.451
18,FALSE,1153,572.9691,6833.024
18,FALSE,1154,573.2406,6832.276
18,FALSE,1155,573.2837,6832.158
18,FALSE,1156,573.2156,6831.93
18,FALSE,1157,573.3111,6831.021
18,FALSE,1158,573.5479,6829.632
18,FALSE,1159,573.8604,6828.168
18,FALSE,1160,574.2576,6827.031
18,FALSE,1161,574.4543,6826.233
18,FALSE,1162,574.6459,6825.456
18,FALSE,1163,574.9781,6824.619
18,FALSE,1164,575.3112,6823.669
18,FALSE,1165,575.7613,6822.182
18,FALSE,1166,576.0708,6821.069
18,FALSE,1167,576.4828,6819.657
18,FALSE,1168,576.7419,6818.581
18,FALSE,1169,576.8639,6817.467
18,FALSE,1170,577.0664,6815.701
18,FALSE,1171,577.3623,6814.161
18,FALSE,1172,577.1104,6812.773
18,FALSE,1173,577.0327,6812.184
18,FALSE,1174,576.9558,6811.796
18,FALSE,1175,576.9159,6811.282
18,FALSE,1176,576.8762,6810.793
18,FALSE,1177,576.6724,6810.2
18,FALSE,1178,576.8318,6809.251
18,FALSE,1179,576.8666,6808.65
18,FALSE,1180,577.0903,6808.273
18,FALSE,1181,577.5484,6807.305
18,FALSE,1182,577.4682,6806.974
18,FALSE,1183,577.5465,6806.679
18,FALSE,1184,577.6325,6806.302
18,FALSE,1185,577.7069,6806.139
18,FALSE,1186,577.8443,6806.051
18,FALSE,1187,578.0814,6805.874
18,FALSE,1188,578.0045,6805.486
18,FALSE,1189,577.8034,6805.336
18,FALSE,1190,577.6884,6804.81
18,FALSE,1191,577.8233,6804.183
18,FALSE,1192,577.9334,6803.605
18,FALSE,1193,578.0572,6803.266
18,FALSE,1194,578.3441,6803.015
18,FALSE,1195,578.7191,6802.888
18,FALSE,1196,578.9568,6802.812
18,FALSE,1197,579.2698,6802.81
18,FALSE,1198,579.5955,6802.847
18,FALSE,1199,580.0577,6802.594
18,FALSE,1200,580.5198,6802.304
18,FALSE,1201,580.9572,6802.127
18,FALSE,1202,581.1566,6801.9
18,FALSE,1203,581.3933,6801.636
18,FALSE,1204,581.599,6801.188
18,FALSE,1205,581.8661,6800.957
18,FALSE,1206,581.8788,6800.665
19,TRUE,1,656.8704,7037.324
19,TRUE,2,656.6903,7037.504
19,TRUE,3,656.9904,7037.924
19,TRUE,4,657.3507,7037.984
19,TRUE,5,657.4708,7037.804
19,TRUE,6,657.4708,7037.564
19,TRUE,7,657.3507,7037.384
19,TRUE,8,657.1706,7037.143
20,FALSE,1,600.8132,7035.229
20,FALSE,2,600.8399,7035.593
20,FALSE,3,600.8165,7035.969
20,FALSE,4,600.6304,7036.371
20,FALSE,5,600.4864,7036.372
20,FALSE,6,600.3546,7036.297
20,FALSE,7,600.3908,7035.984
20,FALSE,8,600.4527,7035.808
20,FALSE,9,600.4509,7035.419
20,FALSE,10,600.4623,7035.156
20,FALSE,11,600.5869,7035.03
21,FALSE,1,681.5266,7031.131
21,FALSE,2,681.4796,7031.783
21,FALSE,3,681.4954,7032.51
21,FALSE,4,681.6996,7033.349
21,FALSE,5,681.6159,7034.227
21,FALSE,6,681.4653,7034.152
21,FALSE,7,681.2021,7034.078
21,FALSE,8,681.1014,7033.953
21,FALSE,9,681.1251,7033.677
21,FALSE,10,680.9855,7033.252
21,FALSE,11,680.8581,7032.763
21,FALSE,12,680.8184,7032.312
21,FALSE,13,680.7661,7031.811
21,FALSE,14,681.0119,7030.807
21,FALSE,15,681.4369,7030.68
22,TRUE,1,652.5464,7023.352
22,TRUE,2,652.2953,7023.202
22,TRUE,3,652.0829,7023.303
22,TRUE,4,651.7676,7023.515
22,TRUE,5,652.2256,7024.381
22,TRUE,6,652.5508,7024.317
22,TRUE,7,652.7071,7024.234
22,TRUE,8,653.3888,7024.151
22,TRUE,9,653.7511,7023.986
22,TRUE,10,653.8871,7023.609
22,TRUE,11,653.5592,7023.072
22,TRUE,12,653.1333,7023.036
23,TRUE,1,648.429,7007.26
23,TRUE,2,648.2203,7008.151
23,TRUE,3,647.9883,7009.43
23,TRUE,4,648.3084,7010.996
23,TRUE,5,648.6651,7012.348
23,TRUE,6,649.3721,7013.637
23,TRUE,7,650.002,7014.499
23,TRUE,8,650.9831,7015.498
23,TRUE,9,651.8764,7016.472
23,TRUE,10,652.6193,7017.384
23,TRUE,11,653.7262,7018.533
23,TRUE,12,654.5081,7019.771
23,TRUE,13,654.9874,7020.571
23,TRUE,14,656.0929,7021.407
23,TRUE,15,656.8584,7021.805
23,TRUE,16,657.6324,7021.325
23,TRUE,17,658.3786,7020.219
23,TRUE,18,659.1984,7018.812
23,TRUE,19,659.5708,7018.108
23,TRUE,20,660.5534,7016.713
23,TRUE,21,661.1112,7015.494
23,TRUE,22,661.45,7014.684
23,TRUE,23,660.7918,7014.079
23,TRUE,24,660.3634,7013.492
23,TRUE,25,659.3966,7012.881
23,TRUE,26,658.0794,7012.297
23,TRUE,27,656.9998,7011.663
23,TRUE,28,656.008,7011.052
23,TRUE,29,654.7525,7010.268
23,TRUE,30,653.9871,7009.882
23,TRUE,31,652.9079,7009.335
23,TRUE,32,652.1664,7008.711
23,TRUE,33,651.3509,7008.326
23,TRUE,34,650.6599,7007.802
23,TRUE,35,650.3936,7007.573
23,TRUE,36,650.3434,7007.467
23,TRUE,37,649.6805,7007.167
23,TRUE,38,649.0159,7006.931
24,TRUE,1,609.8904,7001.057
24,TRUE,2,609.5799,7001.623
24,TRUE,3,609.3576,7002.313
24,TRUE,4,609.1969,7002.79
24,TRUE,5,608.9484,7003.205
24,TRUE,6,608.5998,7003.646
24,TRUE,7,608.5507,7003.884
24,TRUE,8,608.491,7004.549
24,TRUE,9,608.4302,7004.95
24,TRUE,10,608.4457,7005.628
24,TRUE,11,608.3864,7006.38
24,TRUE,12,608.2266,7007.058
24,TRUE,13,608.1924,7007.823
24,TRUE,14,608.3211,7008.6
24,TRUE,15,608.6124,7009.364
24,TRUE,16,608.7899,7009.89
24,TRUE,17,609.4471,7011.28
24,TRUE,18,610.1424,7012.782
24,TRUE,19,610.7221,7013.633
24,TRUE,20,611.4748,7013.981
24,TRUE,21,611.9671,7013.958
24,TRUE,22,612.4628,7013.714
24,TRUE,23,612.9251,7013.511
24,TRUE,24,613.2148,7013.409
24,TRUE,25,613.3493,7013.159
24,TRUE,26,613.6366,7013.007
24,TRUE,27,613.9079,7012.795
24,TRUE,28,614.1098,7012.416
24,TRUE,29,614.3083,7011.989
24,TRUE,30,614.4094,7011.753
24,TRUE,31,614.4444,7011.637
24,TRUE,32,614.5048,7011.122
24,TRUE,33,614.5958,7010.599
24,TRUE,34,614.3951,7010.761
24,TRUE,35,614.2913,7010.845
24,TRUE,36,614.2881,7010.258
24,TRUE,37,614.2735,7009.781
24,TRUE,38,614.2078,7009.067
24,TRUE,39,614.1806,7008.59
24,TRUE,40,614.2529,7007.963
24,TRUE,41,614.0246,7007.274
24,TRUE,42,613.7095,7006.811
24,TRUE,43,613.1928,7006.048
24,TRUE,44,612.6114,7004.821
24,TRUE,45,612.0287,7003.269
24,TRUE,46,611.7511,7002.793
24,TRUE,47,611.7093,7002.692
24,TRUE,48,611.6673,7002.59
24,TRUE,49,611.498,7002.18
24,TRUE,50,611.3334,7001.766
24,TRUE,51,610.9047,7001.066
24,TRUE,52,610.2397,7000.755
25,TRUE,1,604.5093,7001.655
25,TRUE,2,604.2341,7001.706
25,TRUE,3,602.5818,7001.8
25,TRUE,4,602.1326,7002.165
25,TRUE,5,601.6586,7002.556
25,TRUE,6,601.1852,7003.097
25,TRUE,7,600.8745,7003.625
25,TRUE,8,600.6779,7004.491
25,TRUE,9,600.6965,7005.858
25,TRUE,10,600.8277,7007.212
25,TRUE,11,600.7557,7007.927
25,TRUE,12,601.1215,7008.54
25,TRUE,13,601.4234,7008.865
25,TRUE,14,601.6245,7009.04
25,TRUE,15,602.2761,7009.175
25,TRUE,16,603.6028,7009.058
25,TRUE,17,603.7308,7009.046
25,TRUE,18,604.166,7009.005
25,TRUE,19,604.7538,7008.84
25,TRUE,20,605.4911,7008.536
25,TRUE,21,606.3532,7008.119
25,TRUE,22,607.0512,7007.401
25,TRUE,23,607.3723,7006.384
25,TRUE,24,607.5426,7005.267
25,TRUE,25,607.5878,7004.151
25,TRUE,26,607.6455,7003.047
25,TRUE,27,607.5609,7002.725
25,TRUE,28,607.0253,7002.644
25,TRUE,29,606.2915,7002.198
25,TRUE,30,605.3948,7001.801
25,TRUE,31,605.0733,7001.624
26,TRUE,1,628.9939,7000.407
26,TRUE,2,628.4211,7001.124
26,TRUE,3,628.0989,7001.877
26,TRUE,4,627.8269,7002.669
26,TRUE,5,627.5059,7003.342
26,TRUE,6,627.5436,7003.508
26,TRUE,7,627.5809,7003.673
26,TRUE,8,627.7096,7004.462
26,TRUE,9,627.8117,7004.901
26,TRUE,10,628.0277,7005.615
26,TRUE,11,628.1267,7006.116
26,TRUE,12,628.3454,7006.7
26,TRUE,13,629.2123,7007.354
26,TRUE,14,630.0783,7007.827
26,TRUE,15,631.0576,7008.45
26,TRUE,16,631.5971,7008.686
26,TRUE,17,632.4865,7008.796
26,TRUE,18,633.1377,7008.831
26,TRUE,19,634.0625,7008.439
26,TRUE,20,634.5606,7007.835
26,TRUE,21,634.744,7007.327
26,TRUE,22,634.4094,7006.449
26,TRUE,23,633.4073,7003.732
26,TRUE,24,633.2214,7003.213
26,TRUE,25,632.6108,7002.888
26,TRUE,26,631.8185,7002.101
26,TRUE,27,631.3899,7001.451
26,TRUE,28,630.6227,7000.664
26,TRUE,29,630.1951,7000.226
26,TRUE,30,629.6561,7000.091
27,FALSE,1,595.2294,7006.845
27,FALSE,2,595.794,7007.119
27,FALSE,3,596.0212,7007.532
27,FALSE,4,596.1355,7007.907
27,FALSE,5,595.8858,7008.059
27,FALSE,6,595.5095,7007.91
27,FALSE,7,594.9068,7007.511
27,FALSE,8,594.5979,7007.086
27,FALSE,9,594.6036,7006.897
27,FALSE,10,594.7281,7006.746
27,FALSE,11,594.9534,7006.733
28,FALSE,1,590.954,7005.507
28,FALSE,2,591.2801,7005.644
28,FALSE,3,591.5813,7005.78
28,FALSE,4,591.7326,7006.043
28,FALSE,5,591.9219,7006.381
28,FALSE,6,591.8353,7006.607
28,FALSE,7,591.4094,7006.571
28,FALSE,8,591.0325,7006.272
28,FALSE,9,590.7052,7005.871
28,FALSE,10,590.7041,7005.621
28,FALSE,11,590.7534,7005.445
29,FALSE,1,591.0349,7003.976
29,FALSE,2,591.2605,7004.026
29,FALSE,3,591.6118,7004.187
29,FALSE,4,591.9257,7004.399
29,FALSE,5,592.4906,7004.723
29,FALSE,6,593.0681,7005.097
29,FALSE,7,593.5206,7005.497
29,FALSE,8,593.6477,7005.91
29,FALSE,9,593.1982,7006.188
29,FALSE,10,592.6336,7005.939
29,FALSE,11,592.0306,7005.465
29,FALSE,12,591.4018,7004.84
29,FALSE,13,590.9613,7004.328
29,FALSE,14,590.9408,7004.175
29,FALSE,15,590.8219,7003.94
30,FALSE,1,545.5314,6997.392
30,FALSE,2,545.446,6997.894
30,FALSE,3,545.5109,6998.188
30,FALSE,4,544.7736,6998.749
30,FALSE,5,544.3244,6999.102
30,FALSE,6,544.0653,6999.373
30,FALSE,7,543.9631,6999.48
30,FALSE,8,543.5286,7000.334
30,FALSE,9,543.4672,7000.61
30,FALSE,10,543.6823,7001.111
30,FALSE,11,543.7516,7001.333
30,FALSE,12,543.9346,7001.549
30,FALSE,13,544.1607,7001.711
30,FALSE,14,544.3727,7001.83
30,FALSE,15,544.1619,7001.987
30,FALSE,16,543.8377,7002.289
30,FALSE,17,543.5016,7002.742
30,FALSE,18,543.2913,7003.32
30,FALSE,19,543.0943,7004.061
30,FALSE,20,542.8476,7004.914
30,FALSE,21,542.637,7005.429
30,FALSE,22,542.2242,7005.506
30,FALSE,23,542.0583,7004.792
30,FALSE,24,542.1181,7004.165
30,FALSE,25,542.3277,7003.424
30,FALSE,26,542.4227,7003.3
30,FALSE,27,542.4742,7002.571
30,FALSE,28,542.5596,7002.069
30,FALSE,29,542.5578,7001.642
30,FALSE,30,542.3683,7001.267
30,FALSE,31,541.9791,7001.017
30,FALSE,32,541.6793,7001.182
30,FALSE,33,541.3671,7001.371
30,FALSE,34,541.1666,7001.334
30,FALSE,35,541.1588,7001.217
30,FALSE,36,541.1399,7000.945
30,FALSE,37,541.2994,7000.23
30,FALSE,38,541.4356,6999.866
30,FALSE,39,541.6712,6999.351
30,FALSE,40,541.9446,6998.886
30,FALSE,41,542.3789,6997.981
30,FALSE,42,542.8396,6997.402
30,FALSE,43,543.2158,6997.526
30,FALSE,44,543.6066,6998.152
30,FALSE,45,543.9701,6998.251
30,FALSE,46,544.4708,6998.211
30,FALSE,47,544.7696,6997.834
30,FALSE,48,545.1429,6997.293
30,FALSE,49,545.5176,6997.091
31,TRUE,1,642.1414,7001.168
31,TRUE,2,641.8054,7001.735
31,TRUE,3,642.2146,7003.012
31,TRUE,4,642.4798,7003.765
31,TRUE,5,642.6027,7003.473
31,TRUE,6,642.8139,7003.108
31,TRUE,7,642.9251,7002.782
31,TRUE,8,643.1733,7002.305
31,TRUE,9,643.0832,7001.778
31,TRUE,10,642.8684,7001.34
31,TRUE,11,642.5164,7001.041
32,FALSE,1,557.1465,6999.341
32,FALSE,2,557.4229,6999.566
32,FALSE,3,557.7378,6999.966
32,FALSE,4,558.0528,7000.416
32,FALSE,5,558.3933,7000.979
32,FALSE,6,558.634,7001.631
32,FALSE,7,559.0025,7002.402
32,FALSE,8,558.7634,7002.571
32,FALSE,9,558.2141,7002.732
32,FALSE,10,558.0621,7002.548
32,FALSE,11,557.6726,7002.249
32,FALSE,12,557.4079,7001.848
32,FALSE,13,557.0808,7001.474
32,FALSE,14,556.9978,7001.36
32,FALSE,15,556.8386,7001.27
32,FALSE,16,556.6283,7001.086
32,FALSE,17,556.3271,7000.925
32,FALSE,18,556.2655,7001.151
32,FALSE,19,556.342,7001.451
32,FALSE,20,556.5697,7001.99
32,FALSE,21,556.8722,7002.44
32,FALSE,22,557.0841,7002.891
32,FALSE,23,556.6736,7002.83
32,FALSE,24,556.1097,7002.719
32,FALSE,25,555.608,7002.533
32,FALSE,26,555.3686,7002.17
32,FALSE,27,555.2187,7002.149
32,FALSE,28,555.1674,7001.983
32,FALSE,29,554.9383,7001.143
32,FALSE,30,554.9235,7000.616
32,FALSE,31,555.1104,7000.415
32,FALSE,32,555.3097,7000.176
32,FALSE,33,555.6718,6999.961
32,FALSE,34,555.9963,6999.722
32,FALSE,35,556.2833,6999.596
32,FALSE,36,556.2458,6999.495
32,FALSE,37,556.4203,6999.331
32,FALSE,38,556.7704,6999.217
33,FALSE,1,551.8398,6999.788
33,FALSE,2,552.3414,6999.974
33,FALSE,3,552.5428,7000.212
33,FALSE,4,552.457,7000.626
33,FALSE,5,552.7579,7000.738
33,FALSE,6,552.8468,7001.001
33,FALSE,7,552.842,7001.175
33,FALSE,8,552.9114,7001.452
33,FALSE,9,552.953,7001.848
33,FALSE,10,552.7378,7001.854
33,FALSE,11,552.6388,7002.093
33,FALSE,12,552.4771,7002.344
33,FALSE,13,552.1033,7002.772
33,FALSE,14,551.7021,7002.648
33,FALSE,15,551.3126,7002.336
33,FALSE,16,551.1484,7001.998
33,FALSE,17,551.0112,7002.001
33,FALSE,18,550.9219,7001.813
33,FALSE,19,550.8713,7001.635
33,FALSE,20,550.7702,7001.423
33,FALSE,21,550.7321,7001.297
33,FALSE,22,550.6621,7001.209
33,FALSE,23,550.5433,7001.06
33,FALSE,24,550.3914,7000.697
33,FALSE,25,550.4394,7000.232
33,FALSE,26,550.6634,6999.918
33,FALSE,27,551.2513,6999.765
34,FALSE,1,564.1424,6995.79
34,FALSE,2,564.3691,6996.103
34,FALSE,3,564.6725,6996.754
34,FALSE,4,564.7889,6997.594
34,FALSE,5,564.9808,6998.534
34,FALSE,6,565.2353,6999.448
34,FALSE,7,565.1638,7000.276
34,FALSE,8,564.8896,7000.578
34,FALSE,9,564.7771,7000.604
34,FALSE,10,564.4881,7000.366
34,FALSE,11,564.1739,7000.117
34,FALSE,12,564.0324,6999.95
34,FALSE,13,563.8216,6999.704
34,FALSE,14,563.6454,6999.517
34,FALSE,15,563.5064,6999.229
34,FALSE,16,563.3287,6998.665
34,FALSE,17,563.2639,6998.164
34,FALSE,18,563.2989,6997.587
34,FALSE,19,563.3422,6997.419
34,FALSE,20,563.3624,6997.048
34,FALSE,21,563.3828,6996.734
34,FALSE,22,563.5311,6996.294
34,FALSE,23,563.8045,6995.829
34,FALSE,24,564.054,6995.627
35,FALSE,1,527.8665,6998.727
35,FALSE,2,528.3941,6999.088
35,FALSE,3,528.8209,6999.337
35,FALSE,4,529.4853,6999.498
35,FALSE,5,530.1249,6999.709
35,FALSE,6,530.2398,7000.197
35,FALSE,7,529.9016,7000.173
35,FALSE,8,529.6507,7000.074
35,FALSE,9,529.3625,7000.025
35,FALSE,10,529.0242,6999.989
35,FALSE,11,528.4606,6999.953
35,FALSE,12,528.1469,6999.816
35,FALSE,13,527.8701,6999.517
35,FALSE,14,527.5681,6999.204
35,FALSE,15,527.2788,6998.905
35,FALSE,16,527.2401,6998.642
36,TRUE,1,599.7451,6991.665
36,TRUE,2,599.1337,6992.144
36,TRUE,3,598.7733,6992.747
36,TRUE,4,598.5638,6993.526
36,TRUE,5,598.5175,6994.379
36,TRUE,6,598.6086,6995.168
36,TRUE,7,598.6628,6996.084
36,TRUE,8,598.6778,6996.661
36,TRUE,9,598.6815,6997.501
36,TRUE,10,598.8829,6997.763
36,TRUE,11,599.0969,6998.026
36,TRUE,12,599.3374,6998.602
36,TRUE,13,599.4015,6998.94
36,TRUE,14,599.4138,6999.408
36,TRUE,15,599.5804,6999.78
36,TRUE,16,600.3334,7000.178
36,TRUE,17,601.6223,7000.01
36,TRUE,18,603.2241,6999.803
36,TRUE,19,604.5364,6999.284
36,TRUE,20,605.3985,6998.867
36,TRUE,21,605.6334,6998.201
36,TRUE,22,605.8676,6997.348
36,TRUE,23,605.8626,6996.207
36,TRUE,24,605.3443,6995.08
36,TRUE,25,604.6136,6994.067
36,TRUE,26,602.8404,6992.293
36,TRUE,27,601.5723,6991.495
36,TRUE,28,600.7583,6991.435
37,FALSE,1,559.1757,6996.687
37,FALSE,2,559.5396,6996.874
37,FALSE,3,560.0161,6997.023
37,FALSE,4,560.5583,6997.898
37,FALSE,5,560.3343,6998.225
37,FALSE,6,559.8098,6998.516
37,FALSE,7,558.8584,6998.57
37,FALSE,8,558.5839,6998.784
37,FALSE,9,558.4896,6998.654
37,FALSE,10,558.4202,6998.559
37,FALSE,11,558.3438,6998.283
37,FALSE,12,558.017,6997.983
37,FALSE,13,557.788,6997.697
37,FALSE,14,557.9899,6997.519
37,FALSE,15,558.1646,6997.381
37,FALSE,16,558.3511,6997.079
37,FALSE,17,558.5991,6996.539
38,FALSE,1,504.8959,6994.829
38,FALSE,2,505.0842,6994.929
38,FALSE,3,505.1972,6994.991
38,FALSE,4,505.3984,6995.191
38,FALSE,5,505.6371,6995.353
38,FALSE,6,505.7759,6995.59
38,FALSE,7,505.8022,6995.866
38,FALSE,8,505.7283,6996.142
38,FALSE,9,505.4666,6996.419
38,FALSE,10,505.1663,6996.483
38,FALSE,11,505.1269,6996.082
38,FALSE,12,505.0999,6995.643
38,FALSE,13,504.8105,6995.318
38,FALSE,14,504.7743,6995.171
38,FALSE,15,504.6089,6995.043
38,FALSE,16,504.595,6994.743
39,FALSE,1,431.6248,6985.56
39,FALSE,2,431.7378,6985.635
39,FALSE,3,431.8372,6985.734
39,FALSE,4,431.9139,6985.81
39,FALSE,5,432.1028,6986.047
39,FALSE,6,432.2543,6986.31
39,FALSE,7,432.3053,6986.535
39,FALSE,8,432.2945,6986.899
39,FALSE,9,432.2372,6987.299
39,FALSE,10,432.3466,6987.363
39,FALSE,11,432.4585,6988.529
39,FALSE,12,432.5746,6988.655
39,FALSE,13,432.7541,6988.865
39,FALSE,14,432.9929,6989.065
39,FALSE,15,432.908,6989.68
39,FALSE,16,432.7984,6989.973
39,FALSE,17,432.7348,6990.144
39,FALSE,18,432.6497,6990.734
39,FALSE,19,432.628,6991.017
39,FALSE,20,432.552,6991.273
39,FALSE,21,432.7434,6992.075
39,FALSE,22,432.8976,6992.952
39,FALSE,23,433.1007,6993.566
39,FALSE,24,433.0646,6993.892
39,FALSE,25,432.9455,6994.165
39,FALSE,26,432.8409,6994.281
39,FALSE,27,432.6839,6994.508
39,FALSE,28,432.6168,6994.583
39,FALSE,29,432.4923,6994.734
39,FALSE,30,432.2042,6994.71
39,FALSE,31,431.8306,6995.175
39,FALSE,32,431.7071,6995.552
39,FALSE,33,431.5463,6996.004
39,FALSE,34,431.2585,6996.043
39,FALSE,35,430.9941,6995.73
39,FALSE,36,430.8302,6995.467
39,FALSE,37,430.7037,6995.192
39,FALSE,38,430.5267,6994.804
39,FALSE,39,430.3995,6994.378
39,FALSE,40,430.3232,6994.115
39,FALSE,41,430.3098,6993.915
39,FALSE,42,430.1708,6993.627
39,FALSE,43,430.1195,6993.364
39,FALSE,44,430.0618,6993.235
39,FALSE,45,429.9183,6993.189
39,FALSE,46,429.8041,6992.839
39,FALSE,47,429.9028,6992.525
39,FALSE,48,430.0013,6992.136
39,FALSE,49,429.9118,6991.735
39,FALSE,50,429.7352,6991.435
39,FALSE,51,429.6223,6991.283
39,FALSE,52,429.5588,6991.197
39,FALSE,53,429.1079,6991.174
39,FALSE,54,428.7811,6990.899
39,FALSE,55,428.5917,6990.549
39,FALSE,56,428.7783,6990.273
39,FALSE,57,428.9775,6990.008
39,FALSE,58,429.039,6989.757
39,FALSE,59,428.9752,6989.494
39,FALSE,60,428.7865,6989.307
39,FALSE,61,428.5106,6989.22
39,FALSE,62,428.4211,6988.807
39,FALSE,63,428.782,6988.292
39,FALSE,64,429.0434,6987.952
39,FALSE,65,429.5796,6987.449
39,FALSE,66,429.6555,6987.611
39,FALSE,67,429.7564,6987.774
39,FALSE,68,429.9686,6987.623
39,FALSE,69,430.204,6987.057
39,FALSE,70,430.4143,6986.48
39,FALSE,71,430.6503,6986.053
39,FALSE,72,430.974,6985.65
39,FALSE,73,431.3238,6985.448
40,FALSE,1,428.9443,6993.782
40,FALSE,2,428.921,6994.184
40,FALSE,3,428.7597,6994.498
40,FALSE,4,428.5089,6994.436
40,FALSE,5,428.4577,6994.185
40,FALSE,6,428.5318,6993.959
40,FALSE,7,428.7562,6993.72
41,FALSE,1,564.3976,6991.199
41,FALSE,2,564.624,6991.424
41,FALSE,3,564.9013,6991.837
41,FALSE,4,565.0046,6992.564
41,FALSE,5,564.8809,6992.903
41,FALSE,6,564.8701,6993.304
41,FALSE,7,564.872,6993.718
41,FALSE,8,564.8357,6994.007
41,FALSE,9,564.6853,6993.982
41,FALSE,10,564.496,6993.632
41,FALSE,11,564.3204,6993.557
41,FALSE,12,564.173,6993.604
41,FALSE,13,564.182,6993.407
41,FALSE,14,564.1289,6992.718
41,FALSE,15,564.1515,6992.166
41,FALSE,16,564.1238,6991.551
41,FALSE,17,564.1219,6991.15
41,FALSE,18,564.1442,6990.971
42,FALSE,1,448.672,6986.572
42,FALSE,2,448.7873,6987.161
42,FALSE,3,448.65,6987.249
42,FALSE,4,448.8151,6987.763
42,FALSE,5,449.2818,6988.526
42,FALSE,6,450.0123,6989.476
42,FALSE,7,450.8927,6990.325
42,FALSE,8,451.459,6990.949
42,FALSE,9,452.1893,6991.849
42,FALSE,10,452.5798,6992.362
42,FALSE,11,452.6062,6992.675
42,FALSE,12,452.3565,6992.839
42,FALSE,13,451.9544,6992.527
42,FALSE,14,451.792,6992.42
42,FALSE,15,451.3373,6991.752
42,FALSE,16,450.921,6991.052
42,FALSE,17,449.9282,6990.266
42,FALSE,18,449.2118,6989.679
42,FALSE,19,448.7837,6989.154
42,FALSE,20,448.4033,6988.078
42,FALSE,21,447.9988,6987.239
42,FALSE,22,447.8576,6986.475
42,FALSE,23,448.2072,6986.235
43,FALSE,1,399.4348,6969.775
43,FALSE,2,399.9374,6970.175
43,FALSE,3,400.5278,6970.586
43,FALSE,4,401.1062,6971.11
43,FALSE,5,401.5597,6971.71
43,FALSE,6,402.4018,6972.409
43,FALSE,7,403.1559,6973.194
43,FALSE,8,403.146,6973.341
43,FALSE,9,403.1168,6973.644
43,FALSE,10,403.2716,6973.697
43,FALSE,11,403.7375,6974.285
43,FALSE,12,404.3423,6975.097
43,FALSE,13,404.9551,6975.603
43,FALSE,14,405.0337,6975.709
43,FALSE,15,405.5615,6976.12
43,FALSE,16,405.7678,6976.386
43,FALSE,17,405.8894,6976.646
43,FALSE,18,406.3036,6976.857
43,FALSE,19,406.893,6977.056
43,FALSE,20,407.4588,6977.58
43,FALSE,21,407.9003,6978.28
43,FALSE,22,408.4931,6979.243
43,FALSE,23,408.9211,6980.256
43,FALSE,24,408.9488,6980.514
43,FALSE,25,408.8868,6981.116
43,FALSE,26,408.8115,6981.917
43,FALSE,27,408.8077,6982.36
43,FALSE,28,409.6014,6983.464
43,FALSE,29,410.0301,6984.114
43,FALSE,30,410.2707,6984.715
43,FALSE,31,411.0116,6985.176
43,FALSE,32,411.6023,6985.65
43,FALSE,33,412.1943,6986.438
43,FALSE,34,412.8111,6987.15
43,FALSE,35,413.465,6987.774
43,FALSE,36,414.0058,6988.286
43,FALSE,37,414.02,6988.675
43,FALSE,38,413.5323,6988.815
43,FALSE,39,413.294,6988.74
43,FALSE,40,413.2034,6988.864
43,FALSE,41,413.0479,6988.755
43,FALSE,42,412.8663,6988.629
43,FALSE,43,412.7659,6988.5
43,FALSE,44,412.5658,6988.339
43,FALSE,45,412.4573,6988.187
43,FALSE,46,411.6875,6987.907
43,FALSE,47,411.1349,6987.545
43,FALSE,48,410.6204,6987.309
43,FALSE,49,410.0806,6986.998
43,FALSE,50,410.0151,6987.285
43,FALSE,51,409.9862,6987.411
43,FALSE,52,409.908,6987.613
43,FALSE,53,410.0223,6987.963
43,FALSE,54,410.464,6988.726
43,FALSE,55,410.841,6989.026
43,FALSE,56,411.4566,6989.475
43,FALSE,57,411.845,6989.536
43,FALSE,58,412.3468,6989.722
43,FALSE,59,412.5761,6989.813
43,FALSE,60,412.5354,6989.909
43,FALSE,61,412.4025,6990.194
43,FALSE,62,412.2621,6990.387
43,FALSE,63,412.1156,6990.69
43,FALSE,64,411.9641,6990.952
43,FALSE,65,411.7644,6991.103
43,FALSE,66,411.202,6991.344
43,FALSE,67,410.4634,6991.409
43,FALSE,68,409.9737,6991.098
43,FALSE,69,409.5082,6990.611
43,FALSE,70,409.0045,6989.986
43,FALSE,71,408.7513,6989.372
43,FALSE,72,408.4481,6988.772
43,FALSE,73,408.3616,6988.535
43,FALSE,74,408.095,6988.221
43,FALSE,75,408.0695,6988.109
43,FALSE,76,407.8985,6988.041
43,FALSE,77,407.5289,6987.634
43,FALSE,78,407.1891,6987.26
43,FALSE,79,406.9985,6986.633
43,FALSE,80,406.7075,6985.97
43,FALSE,81,406.3535,6985.207
43,FALSE,82,406.0007,6984.719
43,FALSE,83,405.7484,6984.319
43,FALSE,84,405.5338,6983.919
43,FALSE,85,405.4429,6983.204
43,FALSE,86,405.5662,6982.778
43,FALSE,87,405.2377,6982.127
43,FALSE,88,404.9365,6981.965
43,FALSE,89,404.572,6981.911
43,FALSE,90,404.3104,6981.968
43,FALSE,91,403.9854,6982.094
43,FALSE,92,403.4988,6982.485
43,FALSE,93,403.1364,6982.674
43,FALSE,94,402.6492,6982.914
43,FALSE,95,402.3527,6982.895
43,FALSE,96,402.1973,6982.665
43,FALSE,97,401.8823,6982.253
43,FALSE,98,401.5293,6981.703
43,FALSE,99,401.1009,6981.115
43,FALSE,100,400.7612,6980.765
43,FALSE,101,400.3594,6980.529
43,FALSE,102,400.2064,6980.539
43,FALSE,103,400.0461,6980.411
43,FALSE,104,399.8538,6980.235
43,FALSE,105,399.6774,6980.058
43,FALSE,106,399.3568,6979.834
43,FALSE,107,399.0842,6979.593
43,FALSE,108,398.6353,6979.225
43,FALSE,109,398.2665,6979.032
43,FALSE,110,397.9619,6978.856
43,FALSE,111,397.3848,6978.279
43,FALSE,112,396.9358,6977.798
43,FALSE,113,396.2946,6977.188
43,FALSE,114,395.9418,6976.772
43,FALSE,115,395.7976,6976.595
43,FALSE,116,395.778,6976.212
43,FALSE,117,395.7557,6975.908
43,FALSE,118,395.7543,6975.607
43,FALSE,119,395.7782,6975.343
43,FALSE,120,395.9181,6975.185
43,FALSE,121,395.9015,6974.917
43,FALSE,122,395.9251,6974.591
43,FALSE,123,395.974,6974.34
43,FALSE,124,396.0357,6974.14
43,FALSE,125,396.1968,6973.762
43,FALSE,126,396.2963,6973.599
43,FALSE,127,396.3961,6973.511
43,FALSE,128,396.6568,6973.008
43,FALSE,129,396.7938,6972.845
43,FALSE,130,397.0792,6972.267
43,FALSE,131,397.2411,6972.066
43,FALSE,132,397.3656,6971.89
43,FALSE,133,397.5765,6971.463
43,FALSE,134,397.6513,6971.196
43,FALSE,135,397.524,6970.924
43,FALSE,136,397.672,6970.409
43,FALSE,137,397.8332,6970.057
43,FALSE,138,398.1452,6969.83
43,FALSE,139,398.4449,6969.641
43,FALSE,140,398.9834,6969.639
44,FALSE,1,505.5383,6990.075
44,FALSE,2,505.8524,6990.3
44,FALSE,3,506.354,6990.461
44,FALSE,4,506.6548,6990.522
44,FALSE,5,506.9315,6990.784
44,FALSE,6,506.9073,6990.972
44,FALSE,7,506.7071,6991.011
44,FALSE,8,506.3194,6991.125
44,FALSE,9,506.1689,6991.076
44,FALSE,10,505.7808,6991.09
44,FALSE,11,505.5048,6990.978
44,FALSE,12,505.0283,6990.817
44,FALSE,13,504.7763,6990.479
44,FALSE,14,504.762,6990.091
44,FALSE,15,505.1119,6989.914
45,FALSE,1,503.2776,6988.567
45,FALSE,2,503.5039,6988.767
45,FALSE,3,503.7806,6989.041
45,FALSE,4,504.0443,6989.216
45,FALSE,5,504.284,6989.591
45,FALSE,6,504.1349,6989.867
45,FALSE,7,503.7845,6989.919
45,FALSE,8,503.4958,6989.744
45,FALSE,9,503.0062,6989.471
45,FALSE,10,502.4669,6989.285
45,FALSE,11,502.1908,6989.16
45,FALSE,12,502.4028,6988.959
45,FALSE,13,502.5651,6988.845
45,FALSE,14,502.8396,6988.619
45,FALSE,15,502.9643,6988.518
46,FALSE,1,497.6379,6987.523
46,FALSE,2,497.8263,6987.635
46,FALSE,3,498.1403,6987.86
46,FALSE,4,498.0789,6988.123
46,FALSE,5,497.716,6988.175
46,FALSE,6,497.3651,6988.113
46,FALSE,7,497.1013,6987.914
46,FALSE,8,496.8625,6987.739
46,FALSE,9,496.9743,6987.538
46,FALSE,10,497.3373,6987.499
47,FALSE,1,625.3263,6982.158
47,FALSE,2,625.8132,6983.213
47,FALSE,3,625.6512,6983.388
47,FALSE,4,625.4398,6983.715
47,FALSE,5,625.1379,6983.415
47,FALSE,6,624.7732,6983.041
47,FALSE,7,624.5335,6982.628
47,FALSE,8,624.2555,6982.052
47,FALSE,9,624.0264,6981.2
47,FALSE,10,624.1127,6980.899
47,FALSE,11,624.5579,6980.655
48,FALSE,1,636.8463,6980.95
48,FALSE,2,637.7269,6981.887
48,FALSE,3,637.7933,6982.765
48,FALSE,4,637.5623,6982.989
48,FALSE,5,637.5076,6983.28
48,FALSE,6,637.1306,6982.968
48,FALSE,7,635.9616,6981.906
48,FALSE,8,635.8218,6981.43
48,FALSE,9,636.3693,6980.676
49,FALSE,1,463.9663,6979.34
49,FALSE,2,464.1451,6979.455
49,FALSE,3,464.3112,6979.569
49,FALSE,4,464.4904,6979.785
49,FALSE,5,464.6822,6979.95
49,FALSE,6,464.7846,6980.09
49,FALSE,7,464.9127,6980.28
49,FALSE,8,465.0154,6980.497
49,FALSE,9,465.0926,6980.688
49,FALSE,10,465.1825,6980.904
49,FALSE,11,465.2341,6981.082
49,FALSE,12,465.1586,6981.35
49,FALSE,13,465.0952,6981.44
49,FALSE,14,464.9678,6981.466
49,FALSE,15,464.8273,6981.377
49,FALSE,16,464.661,6981.212
49,FALSE,17,464.52,6980.97
49,FALSE,18,464.3409,6980.792
49,FALSE,19,464.2255,6980.589
49,FALSE,20,464.0976,6980.436
49,FALSE,21,463.982,6980.207
49,FALSE,22,463.8666,6980.004
49,FALSE,23,463.7383,6979.736
49,FALSE,24,463.6737,6979.495
49,FALSE,25,463.6476,6979.316
49,FALSE,26,463.8164,6979.298
50,FALSE,1,594.9379,6909.312
50,FALSE,2,594.8903,6909.852
50,FALSE,3,594.7681,6910.554
50,FALSE,4,594.6459,6911.245
50,FALSE,5,594.6031,6912.875
50,FALSE,6,594.9686,6913.426
50,FALSE,7,595.4333,6913.75
50,FALSE,8,596.4778,6914.95
50,FALSE,9,597.0569,6915.675
50,FALSE,10,597.1603,6916.415
50,FALSE,11,596.8768,6917.419
50,FALSE,12,596.4533,6917.922
50,FALSE,13,595.993,6918.614
50,FALSE,14,595.6568,6919.016
50,FALSE,15,595.2463,6919.645
50,FALSE,16,594.8501,6920.662
50,FALSE,17,594.5846,6921.505
50,FALSE,18,594.314,6921.096
50,FALSE,19,594.0783,6920.77
50,FALSE,20,593.8901,6921.569
50,FALSE,21,593.7689,6922.498
50,FALSE,22,593.7223,6923.275
50,FALSE,23,593.6008,6924.116
50,FALSE,24,593.5521,6924.442
50,FALSE,25,593.5294,6924.957
50,FALSE,26,593.5166,6925.125
50,FALSE,27,593.1834,6924.683
50,FALSE,28,592.8785,6924.298
50,FALSE,29,592.7541,6925.198
50,FALSE,30,592.5688,6925.75
50,FALSE,31,592.4592,6926.453
50,FALSE,32,592.5244,6927.042
50,FALSE,33,592.5143,6927.594
50,FALSE,34,592.4911,6928.008
50,FALSE,35,592.4888,6928.514
50,FALSE,36,592.9099,6928.93
50,FALSE,37,594.7505,6930.075
50,FALSE,38,596.1958,6930.665
50,FALSE,39,597.5015,6931.48
50,FALSE,40,598.5334,6932.154
50,FALSE,41,599.5403,6932.84
50,FALSE,42,599.7624,6933.181
50,FALSE,43,601.0424,6934.095
50,FALSE,44,602.5693,6935.376
50,FALSE,45,603.7446,6936.322
50,FALSE,46,603.8068,6936.444
50,FALSE,47,604.8227,6937.954
50,FALSE,48,605.8368,6939.267
50,FALSE,49,607.1954,6941.223
50,FALSE,50,607.8584,6942.646
50,FALSE,51,608.5084,6944.131
50,FALSE,52,609.6891,6946.436
50,FALSE,53,610.2013,6947.958
50,FALSE,54,611.0728,6949.859
50,FALSE,55,611.5759,6950.979
50,FALSE,56,612.3999,6952.591
50,FALSE,57,613.2758,6953.978
50,FALSE,58,614.0177,6954.938
50,FALSE,59,614.7321,6956.198
50,FALSE,60,615.7044,6958.013
50,FALSE,61,616.5129,6959.976
50,FALSE,62,617.0092,6961.898
50,FALSE,63,617.3765,6962.817
50,FALSE,64,617.7148,6964.199
50,FALSE,65,618.1796,6965.419
50,FALSE,66,618.4194,6966.625
50,FALSE,67,618.4641,6967.252
50,FALSE,68,619.5769,6968.704
50,FALSE,69,620.5124,6970.43
50,FALSE,70,621.4833,6972.42
50,FALSE,71,621.8621,6973.451
50,FALSE,72,622.5329,6975.425
50,FALSE,73,622.9904,6976.587
50,FALSE,74,622.8931,6976.877
50,FALSE,75,622.7941,6977.166
50,FALSE,76,622.7585,6977.593
50,FALSE,77,622.3308,6978.067
50,FALSE,78,621.8838,6977.998
50,FALSE,79,621.3824,6977.862
50,FALSE,80,620.6179,6977.689
50,FALSE,81,619.7801,6977.943
50,FALSE,82,619.2559,6978.309
50,FALSE,83,618.6063,6978.637
50,FALSE,84,617.8823,6979.129
50,FALSE,85,617.1431,6979.044
50,FALSE,86,616.5918,6978.946
50,FALSE,87,615.9895,6978.647
50,FALSE,88,615.4379,6978.499
50,FALSE,89,614.8878,6978.652
50,FALSE,90,614.386,6978.453
50,FALSE,91,613.834,6978.192
50,FALSE,92,613.7132,6977.874
50,FALSE,93,613.4439,6977.754
50,FALSE,94,613.1808,6977.705
50,FALSE,95,612.8046,6977.581
50,FALSE,96,612.4415,6977.582
50,FALSE,97,612.0844,6977.917
50,FALSE,98,611.9176,6978.023
50,FALSE,99,611.6058,6978.3
50,FALSE,100,611.1938,6978.553
50,FALSE,101,610.5939,6978.806
50,FALSE,102,610.1923,6978.582
50,FALSE,103,609.8014,6978.217
50,FALSE,104,609.7893,6978.057
50,FALSE,105,609.7757,6977.818
50,FALSE,106,609.8111,6977.329
50,FALSE,107,609.8469,6976.928
50,FALSE,108,609.8451,6976.526
50,FALSE,109,609.8665,6976.283
50,FALSE,110,609.8396,6976.179
50,FALSE,111,609.9661,6975.573
50,FALSE,112,610.0636,6974.958
50,FALSE,113,610.2099,6974.054
50,FALSE,114,610.1563,6973.252
50,FALSE,115,610.2781,6972.499
50,FALSE,116,610.4741,6971.507
50,FALSE,117,610.4439,6970.341
50,FALSE,118,610.3242,6969.993
50,FALSE,119,610.2283,6969.715
50,FALSE,120,609.9379,6969.152
50,FALSE,121,609.2703,6968.251
50,FALSE,122,608.7799,6967.764
50,FALSE,123,608.4267,6967.163
50,FALSE,124,607.7976,6966.464
50,FALSE,125,607.1811,6965.776
50,FALSE,126,606.7907,6965.276
50,FALSE,127,607.1153,6965.049
50,FALSE,128,607.5648,6964.784
50,FALSE,129,607.8143,6964.57
50,FALSE,130,608.1014,6964.368
50,FALSE,131,608.2759,6964.204
50,FALSE,132,608.3884,6964.104
50,FALSE,133,608.4879,6964.015
50,FALSE,134,608.8248,6963.751
50,FALSE,135,609.1366,6963.461
50,FALSE,136,609.2488,6963.348
50,FALSE,137,609.3983,6963.197
50,FALSE,138,609.5855,6963.045
50,FALSE,139,609.6711,6962.594
50,FALSE,140,609.7256,6962.215
50,FALSE,141,609.6728,6962.125
50,FALSE,142,609.6934,6961.954
50,FALSE,143,609.6288,6961.49
50,FALSE,144,609.6524,6961.189
50,FALSE,145,609.7089,6960.668
50,FALSE,146,609.2603,6960.171
50,FALSE,147,608.2219,6958.769
50,FALSE,148,607.4805,6957.987
50,FALSE,149,606.7226,6957.188
50,FALSE,150,605.0869,6955.67
50,FALSE,151,603.7681,6954.729
50,FALSE,152,602.5004,6953.84
50,FALSE,153,601.8229,6953.475
50,FALSE,154,601.6289,6953.143
50,FALSE,155,601.3263,6952.643
50,FALSE,156,601.1491,6952.217
50,FALSE,157,600.9209,6951.566
50,FALSE,158,600.7938,6951.14
50,FALSE,159,601.0183,6950.938
50,FALSE,160,601.1304,6950.825
50,FALSE,161,600.9779,6950.312
50,FALSE,162,600.8754,6949.785
50,FALSE,163,600.8478,6949.196
50,FALSE,164,600.8579,6948.631
50,FALSE,165,600.8289,6947.741
50,FALSE,166,600.8426,6947.408
50,FALSE,167,602.3421,6948.912
50,FALSE,168,603.5841,6950.097
50,FALSE,169,603.8675,6950.368
50,FALSE,170,605.069,6951.683
50,FALSE,171,605.4194,6952.141
50,FALSE,172,605.0141,6951.337
50,FALSE,173,604.7491,6950.861
50,FALSE,174,604.2306,6949.697
50,FALSE,175,603.6752,6948.683
50,FALSE,176,602.9675,6947.194
50,FALSE,177,601.7174,6944.803
50,FALSE,178,600.4546,6942.337
50,FALSE,179,599.7985,6941.199
50,FALSE,180,599.257,6940.498
50,FALSE,181,598.2368,6939.123
50,FALSE,182,596.5917,6938
50,FALSE,183,595.8868,6937.163
50,FALSE,184,594.1896,6935.589
50,FALSE,185,593.6749,6935.278
50,FALSE,186,592.8044,6933.776
50,FALSE,187,592.2261,6933.239
50,FALSE,188,591.5663,6931.247
50,FALSE,189,591.1957,6929.543
50,FALSE,190,591.0407,6928.465
50,FALSE,191,591.019,6926.845
50,FALSE,192,590.768,6926.465
50,FALSE,193,590.5604,6926.175
50,FALSE,194,590.5544,6926.072
50,FALSE,195,590.5526,6925.658
50,FALSE,196,590.5118,6924.931
50,FALSE,197,590.3328,6924.091
50,FALSE,198,590.4911,6923.062
50,FALSE,199,590.6016,6922.572
50,FALSE,200,590.7933,6921.559
50,FALSE,201,591.0939,6921.943
50,FALSE,202,591.4401,6922.417
50,FALSE,203,591.7489,6922.839
50,FALSE,204,591.8564,6922.983
50,FALSE,205,591.9049,6922.843
50,FALSE,206,591.9278,6922.354
50,FALSE,207,592.0256,6921.815
50,FALSE,208,592.0341,6920.899
50,FALSE,209,592.0817,6920.334
50,FALSE,210,592.1782,6919.506
50,FALSE,211,592.2123,6918.716
50,FALSE,212,592.2929,6918.002
50,FALSE,213,592.6583,6918.542
50,FALSE,214,592.7118,6918.426
50,FALSE,215,592.7341,6917.786
50,FALSE,216,592.8068,6917.234
50,FALSE,217,592.765,6916.281
50,FALSE,218,592.8487,6915.378
50,FALSE,219,592.8271,6914.569
50,FALSE,220,593.0121,6914.848
50,FALSE,221,593.1943,6914.26
50,FALSE,222,593.3049,6913.771
50,FALSE,223,593.5019,6913.017
50,FALSE,224,593.5464,6911.763
50,FALSE,225,593.7052,6910.859
50,FALSE,226,593.8771,6910.094
50,FALSE,227,594.2618,6909.302
50,FALSE,228,594.8367,6909.062
51,TRUE,1,613.5248,6970.53
51,TRUE,2,613.4886,6970.844
51,TRUE,3,613.44,6971.17
51,TRUE,4,613.3927,6971.797
51,TRUE,5,613.1947,6972.325
51,TRUE,6,612.9968,6972.877
51,TRUE,7,612.9763,6973.918
51,TRUE,8,613.0301,6974.771
51,TRUE,9,613.0702,6975.335
51,TRUE,10,613.3228,6975.823
51,TRUE,11,613.6848,6975.584
51,TRUE,12,614.1096,6975.381
51,TRUE,13,614.573,6975.417
51,TRUE,14,615.1612,6975.352
51,TRUE,15,615.8744,6975.249
51,TRUE,16,615.9732,6974.935
51,TRUE,17,615.7843,6974.698
51,TRUE,18,615.4321,6974.335
51,TRUE,19,615.0921,6973.885
51,TRUE,20,615.153,6973.496
51,TRUE,21,615.3149,6973.295
51,TRUE,22,615.6898,6973.118
51,TRUE,23,616.3264,6972.701
51,TRUE,24,616.5384,6972.487
51,TRUE,25,616.599,6972.048
51,TRUE,26,616.3973,6971.735
51,TRUE,27,615.6319,6971.35
51,TRUE,28,615.0556,6971.264
51,TRUE,29,614.6667,6971.103
51,TRUE,30,614.0636,6970.628
51,TRUE,31,613.7499,6970.466
52,FALSE,1,564.6464,6970.919
52,FALSE,2,564.8243,6971.495
52,FALSE,3,564.9896,6972.071
52,FALSE,4,565.1542,6972.485
52,FALSE,5,565.319,6972.96
52,FALSE,6,565.6571,6972.972
52,FALSE,7,566.0696,6972.807
52,FALSE,8,566.2091,6973.22
52,FALSE,9,566.1239,6973.76
52,FALSE,10,565.8706,6973.914
52,FALSE,11,565.5904,6973.933
52,FALSE,12,565.2732,6973.926
52,FALSE,13,565.1677,6973.905
52,FALSE,14,565.0351,6973.877
52,FALSE,15,564.7979,6974.041
52,FALSE,16,564.4854,6974.168
52,FALSE,17,564.2464,6973.918
52,FALSE,18,564.1568,6973.454
52,FALSE,19,564.1164,6972.827
52,FALSE,20,564.1371,6971.811
52,FALSE,21,564.2469,6971.159
52,FALSE,22,564.4209,6970.882
53,FALSE,1,449.3332,6972.027
53,FALSE,2,449.7475,6972.263
53,FALSE,3,449.9867,6972.551
53,FALSE,4,450.1001,6972.701
53,FALSE,5,450.1016,6973.052
53,FALSE,6,449.9143,6973.153
53,FALSE,7,449.5757,6973.041
53,FALSE,8,449.3116,6972.804
53,FALSE,9,448.8592,6972.43
53,FALSE,10,448.4557,6971.817
53,FALSE,11,448.58,6971.603
53,FALSE,12,448.8929,6971.589
54,TRUE,1,398.6642,6971.07
54,TRUE,2,398.6782,6971.396
54,TRUE,3,398.6673,6971.834
54,TRUE,4,398.6353,6972.09
54,TRUE,5,398.6032,6972.283
54,TRUE,6,398.5391,6972.539
54,TRUE,7,398.491,6972.731
54,TRUE,8,398.491,6972.86
54,TRUE,9,398.6193,6972.844
54,TRUE,10,398.7475,6972.635
54,TRUE,11,398.7956,6972.411
54,TRUE,12,398.9559,6972.186
54,TRUE,13,399.0842,6971.946
54,TRUE,14,399.1643,6971.802
54,TRUE,15,399.2926,6971.818
54,TRUE,16,399.469,6971.898
54,TRUE,17,399.5812,6971.978
54,TRUE,18,399.7575,6972.122
54,TRUE,19,400.0782,6972.202
54,TRUE,20,400.1897,6972.175
54,TRUE,21,399.9442,6971.692
54,TRUE,22,399.5301,6971.48
54,TRUE,23,399.0897,6971.018
54,TRUE,24,398.6882,6970.844
55,FALSE,1,485.338,6970.019
55,FALSE,2,485.3531,6970.595
55,FALSE,3,485.2427,6971.11
55,FALSE,4,485.0115,6971.452
55,FALSE,5,484.9384,6971.561
55,FALSE,6,484.8443,6971.638
55,FALSE,7,484.5554,6971.439
55,FALSE,8,484.5158,6970.987
55,FALSE,9,484.514,6970.574
55,FALSE,10,484.6725,6969.62
55,FALSE,11,485.2607,6969.543
56,FALSE,1,590.4913,6968.637
56,FALSE,2,590.9179,6968.849
56,FALSE,3,591.1698,6969.174
56,FALSE,4,591.0454,6969.362
56,FALSE,5,590.6338,6969.728
56,FALSE,6,590.2966,6969.704
56,FALSE,7,590.1357,6969.729
56,FALSE,8,589.9578,6969.743
56,FALSE,9,589.5198,6969.807
56,FALSE,10,588.9431,6969.634
56,FALSE,11,588.6921,6969.497
56,FALSE,12,588.7786,6969.233
56,FALSE,13,589.0279,6968.981
56,FALSE,14,589.4908,6968.904
56,FALSE,15,589.8275,6968.602
56,FALSE,16,590.3903,6968.462
57,FALSE,1,446.9728,6967.836
57,FALSE,2,447.2744,6968.073
57,FALSE,3,447.7143,6968.447
57,FALSE,4,448.1291,6968.797
57,FALSE,5,448.318,6969.034
57,FALSE,6,448.369,6969.264
57,FALSE,7,448.069,6969.348
57,FALSE,8,447.5798,6969.175
57,FALSE,9,447.127,6968.713
57,FALSE,10,446.7869,6968.275
57,FALSE,11,446.5848,6967.887
57,FALSE,12,446.6718,6967.737
58,FALSE,1,448.1407,6967.734
58,FALSE,2,448.2673,6967.876
58,FALSE,3,448.4185,6968.05
58,FALSE,4,448.5849,6968.186
58,FALSE,5,448.6454,6968.33
58,FALSE,6,448.5658,6968.481
58,FALSE,7,448.2781,6968.569
58,FALSE,8,447.9136,6968.208
58,FALSE,9,447.687,6967.946
58,FALSE,10,447.5485,6967.758
58,FALSE,11,447.5351,6967.57
59,FALSE,1,512.3747,6933.957
59,FALSE,2,512.3422,6935.073
59,FALSE,3,512.436,6936.452
59,FALSE,4,512.6157,6937.429
59,FALSE,5,512.6472,6938.884
59,FALSE,6,512.8895,6939.86
59,FALSE,7,513.022,6941.49
59,FALSE,8,513.193,6943.32
59,FALSE,9,513.3504,6944.911
59,FALSE,10,513.4298,6945.851
59,FALSE,11,513.5614,6947.292
59,FALSE,12,513.4395,6948.033
59,FALSE,13,513.4315,6949.048
59,FALSE,14,513.5364,6950.101
59,FALSE,15,513.6787,6951.103
59,FALSE,16,513.9961,6952.08
59,FALSE,17,514.186,6952.543
59,FALSE,18,514.4775,6953.332
59,FALSE,19,514.9308,6953.882
59,FALSE,20,515.2474,6954.683
59,FALSE,21,515.3129,6955.322
59,FALSE,22,515.3932,6956.475
59,FALSE,23,515.4078,6956.951
59,FALSE,24,515.5515,6958.267
59,FALSE,25,515.7432,6959.144
59,FALSE,26,515.8729,6960.146
59,FALSE,27,515.9411,6961.387
59,FALSE,28,516.0352,6962.829
59,FALSE,29,516.1646,6963.756
59,FALSE,30,515.9808,6964.659
59,FALSE,31,515.7798,6964.51
59,FALSE,32,515.5281,6964.247
59,FALSE,33,515.4464,6964.032
59,FALSE,34,515.4842,6963.878
59,FALSE,35,515.1873,6963.634
59,FALSE,36,515.0234,6963.397
59,FALSE,37,514.7338,6963.022
59,FALSE,38,514.4203,6962.923
59,FALSE,39,513.8938,6962.812
59,FALSE,40,513.4926,6962.701
59,FALSE,41,513.083,6962.641
59,FALSE,42,512.9907,6961.964
59,FALSE,43,513.0383,6961.423
59,FALSE,44,512.9677,6961.205
59,FALSE,45,512.8075,6960.71
59,FALSE,46,512.6907,6959.795
59,FALSE,47,512.626,6959.319
59,FALSE,48,512.4591,6958.405
59,FALSE,49,512.2686,6957.803
59,FALSE,50,512.1261,6956.738
59,FALSE,51,511.9969,6955.861
59,FALSE,52,512.0118,6955.046
59,FALSE,53,511.9149,6954.835
59,FALSE,54,511.7912,6954.416
59,FALSE,55,511.8768,6954.194
59,FALSE,56,512.0131,6953.88
59,FALSE,57,512.1609,6953.341
59,FALSE,58,512.2458,6952.701
59,FALSE,59,512.1917,6951.811
59,FALSE,60,511.9402,6951.574
59,FALSE,61,511.6948,6951.285
59,FALSE,62,511.5501,6951.162
59,FALSE,63,511.2859,6950.887
59,FALSE,64,510.8956,6950.399
59,FALSE,65,510.6052,6949.861
59,FALSE,66,510.427,6949.235
59,FALSE,67,510.5992,6948.532
59,FALSE,68,510.9225,6948.03
59,FALSE,69,511.2213,6947.64
59,FALSE,70,511.4322,6947.2
59,FALSE,71,511.3934,6946.912
59,FALSE,72,511.7042,6946.422
59,FALSE,73,512.1204,6945.841
59,FALSE,74,512.087,6945.217
59,FALSE,75,512.1217,6944.565
59,FALSE,76,512.0171,6943.587
59,FALSE,77,511.9486,6942.271
59,FALSE,78,511.9311,6941.156
59,FALSE,79,511.8746,6939.726
59,FALSE,80,511.8324,6938.686
59,FALSE,81,511.7874,6937.031
59,FALSE,82,511.959,6936.203
59,FALSE,83,511.9269,6934.624
59,FALSE,84,511.8465,6933.433
59,FALSE,85,512.196,6933.193
60,FALSE,1,448.4953,6963.881
60,FALSE,2,448.9731,6964.318
60,FALSE,3,449.0622,6964.643
60,FALSE,4,448.8116,6964.607
60,FALSE,5,448.6489,6964.632
60,FALSE,6,448.2595,6964.345
60,FALSE,7,448.0194,6963.87
60,FALSE,8,448.0685,6963.644
61,FALSE,1,500.5635,6961.309
61,FALSE,2,500.6909,6961.785
61,FALSE,3,500.7307,6962.299
61,FALSE,4,500.9348,6963.126
61,FALSE,5,500.8871,6963.652
61,FALSE,6,500.8543,6963.797
61,FALSE,7,500.7887,6964.054
61,FALSE,8,500.6266,6964.205
61,FALSE,9,500.4627,6963.967
61,FALSE,10,500.3598,6963.353
61,FALSE,11,500.2572,6962.802
61,FALSE,12,500.1406,6961.938
61,FALSE,13,500.2008,6961.411
61,FALSE,14,500.3623,6961.122
62,FALSE,1,500.9927,6959.276
62,FALSE,2,501.2956,6959.814
62,FALSE,3,501.4355,6960.29
62,FALSE,4,501.6636,6960.891
62,FALSE,5,501.8158,6961.317
62,FALSE,6,501.9938,6961.918
62,FALSE,7,501.5058,6961.995
62,FALSE,8,501.3773,6961.268
62,FALSE,9,501.1992,6960.655
62,FALSE,10,500.9584,6960.004
62,FALSE,11,500.7429,6959.415
62,FALSE,12,500.8166,6959.102
63,FALSE,1,620.8651,6954.211
63,FALSE,2,621.1691,6954.987
63,FALSE,3,621.6865,6955.913
63,FALSE,4,622.2533,6956.688
63,FALSE,5,622.7571,6957.351
63,FALSE,6,623.2349,6957.826
63,FALSE,7,623.7,6958.238
63,FALSE,8,624.1406,6958.788
63,FALSE,9,624.4811,6959.326
63,FALSE,10,624.6833,6959.764
63,FALSE,11,624.7506,6959.964
63,FALSE,12,624.4079,6959.778
63,FALSE,13,624.0804,6959.328
63,FALSE,14,623.5393,6958.703
63,FALSE,15,622.9359,6958.166
63,FALSE,16,622.3825,6957.591
63,FALSE,17,621.7794,6957.104
63,FALSE,18,621.1498,6956.304
63,FALSE,19,620.8331,6955.465
63,FALSE,20,620.3554,6955.015
63,FALSE,21,620.1313,6954.855
63,FALSE,22,620.2404,6954.489
63,FALSE,23,620.3638,6954.075
63,FALSE,24,620.4857,6953.869
63,FALSE,25,620.5588,6953.746
64,FALSE,1,627.3589,6950.36
64,FALSE,2,627.1866,6951.051
64,FALSE,3,627.0276,6951.904
64,FALSE,4,626.8547,6952.444
64,FALSE,5,626.8838,6953.372
64,FALSE,6,626.9635,6954.4
64,FALSE,7,627.0053,6955.366
64,FALSE,8,627.0843,6956.256
64,FALSE,9,627.1127,6956.495
64,FALSE,10,627.2241,6956.732
64,FALSE,11,627.2376,6956.933
64,FALSE,12,627.3141,6957.246
64,FALSE,13,627.491,6957.621
64,FALSE,14,627.4798,6957.922
64,FALSE,15,627.2299,6958.036
64,FALSE,16,626.9039,6957.937
64,FALSE,17,626.7148,6957.637
64,FALSE,18,626.4871,6957.124
64,FALSE,19,626.2971,6956.61
64,FALSE,20,626.2199,6956.146
64,FALSE,21,626.1411,6955.294
64,FALSE,22,626.0627,6954.554
64,FALSE,23,626.0093,6953.815
64,FALSE,24,625.9803,6952.912
64,FALSE,25,626.0531,6952.385
64,FALSE,26,626.2636,6951.832
64,FALSE,27,626.4104,6951.066
64,FALSE,28,626.5206,6950.502
64,FALSE,29,626.7569,6950.137
64,FALSE,30,627.1695,6950.01
65,FALSE,1,500.3902,6956.157
65,FALSE,2,500.4667,6956.47
65,FALSE,3,500.506,6956.846
65,FALSE,4,500.4572,6957.147
65,FALSE,5,500.4304,6957.306
65,FALSE,6,500.1832,6957.462
65,FALSE,7,499.9942,6957.212
65,FALSE,8,499.9296,6956.773
65,FALSE,9,500.0278,6956.334
65,FALSE,10,500.1144,6956.083
66,FALSE,1,383.332,6950.355
66,FALSE,2,383.7086,6950.554
66,FALSE,3,383.9226,6950.804
66,FALSE,4,383.9243,6951.205
66,FALSE,5,383.5878,6951.558
66,FALSE,6,383.2008,6951.81
66,FALSE,7,382.6387,6952.126
66,FALSE,8,382.2502,6952.052
66,FALSE,9,382.0612,6951.802
66,FALSE,10,382.1971,6951.388
66,FALSE,11,382.3097,6951.362
66,FALSE,12,382.6826,6950.746
66,FALSE,13,382.7815,6950.458
66,FALSE,14,382.8936,6950.319
67,FALSE,1,445.3757,6946.729
67,FALSE,2,445.5021,6947.005
67,FALSE,3,445.6165,6947.38
67,FALSE,4,445.7812,6947.806
67,FALSE,5,445.9201,6948.069
67,FALSE,6,445.9603,6948.645
67,FALSE,7,445.7868,6949.047
67,FALSE,8,445.4611,6949.036
67,FALSE,9,445.0956,6948.498
67,FALSE,10,444.8926,6947.922
67,FALSE,11,444.7135,6947.07
67,FALSE,12,444.9249,6946.731
67,FALSE,13,445.1624,6946.655
68,FALSE,1,541.5307,6932.127
68,FALSE,2,541.885,6932.953
68,FALSE,3,542.1651,6933.98
68,FALSE,4,542.4363,6935.809
68,FALSE,5,542.5292,6936.987
68,FALSE,6,542.7105,6938.328
68,FALSE,7,542.6407,6939.519
68,FALSE,8,542.8208,6940.584
68,FALSE,9,543.1402,6942.012
68,FALSE,10,543.6966,6943.226
68,FALSE,11,544.1389,6944.115
68,FALSE,12,544.6072,6945.229
68,FALSE,13,544.6979,6945.93
68,FALSE,14,544.5631,6946.583
68,FALSE,15,544.1373,6946.547
68,FALSE,16,543.7851,6946.21
68,FALSE,17,543.1057,6945.498
68,FALSE,18,542.6018,6944.81
68,FALSE,19,542.1976,6944.047
68,FALSE,20,541.6053,6943.209
68,FALSE,21,541.1506,6942.321
68,FALSE,22,540.659,6941.608
68,FALSE,23,540.3684,6941.02
68,FALSE,24,540.1158,6940.545
68,FALSE,25,539.9727,6940.204
68,FALSE,26,540.1371,6939.717
68,FALSE,27,540.3601,6939.152
68,FALSE,28,540.2951,6938.651
68,FALSE,29,540.2538,6937.799
68,FALSE,30,540.2753,6937.021
68,FALSE,31,540.1961,6936.106
68,FALSE,32,539.9165,6935.192
68,FALSE,33,539.7587,6933.5
68,FALSE,34,539.8937,6932.885
68,FALSE,35,540.4556,6932.52
68,FALSE,36,540.7681,6932.418
68,FALSE,37,541.0147,6932.372
68,FALSE,38,541.1806,6932.254
68,FALSE,39,541.4267,6931.936
69,FALSE,1,389.6651,6944.062
69,FALSE,2,390.2425,6944.373
69,FALSE,3,390.8455,6944.81
69,FALSE,4,391.5236,6945.221
69,FALSE,5,391.7505,6945.571
69,FALSE,6,392.1164,6945.921
69,FALSE,7,391.9024,6945.934
69,FALSE,8,391.8409,6946.172
69,FALSE,9,391.3904,6946.249
69,FALSE,10,390.863,6945.913
69,FALSE,11,390.2479,6945.577
69,FALSE,12,389.8075,6945.102
69,FALSE,13,389.3801,6944.728
69,FALSE,14,388.9402,6944.366
69,FALSE,15,388.7383,6944.015
69,FALSE,16,388.7618,6943.677
69,FALSE,17,389.0118,6943.588
70,FALSE,1,467.6566,6939.221
70,FALSE,2,468.0713,6939.545
70,FALSE,3,468.424,6940.02
70,FALSE,4,468.6887,6940.408
70,FALSE,5,468.5722,6940.581
70,FALSE,6,468.3143,6940.685
70,FALSE,7,467.9889,6940.724
70,FALSE,8,467.6376,6940.588
70,FALSE,9,467.2474,6940.125
70,FALSE,10,466.9702,6939.738
70,FALSE,11,466.6671,6939.175
70,FALSE,12,467.0293,6938.973
71,FALSE,1,639.4457,6931.464
71,FALSE,2,639.4489,6932.204
71,FALSE,3,639.428,6933.145
71,FALSE,4,639.344,6933.973
71,FALSE,5,639.2864,6935.115
71,FALSE,6,639.1931,6936.657
71,FALSE,7,638.9839,6937.486
71,FALSE,8,638.8127,6938.415
71,FALSE,9,638.3833,6939.254
71,FALSE,10,638.5232,6938.077
71,FALSE,11,638.6678,6936.785
71,FALSE,12,638.7894,6935.982
71,FALSE,13,638.8721,6934.853
71,FALSE,14,638.9057,6933.95
71,FALSE,15,638.9655,6933.31
71,FALSE,16,639.0129,6932.708
71,FALSE,17,639.0968,6931.854
71,FALSE,18,639.1198,6931.39
71,FALSE,19,639.219,6931.164
71,FALSE,20,639.3236,6931.023
72,FALSE,1,518.2083,6911.193
72,FALSE,2,518.8241,6911.679
72,FALSE,3,519.5905,6912.253
72,FALSE,4,520.7194,6912.662
72,FALSE,5,521.9749,6913.397
72,FALSE,6,522.7919,6914.083
72,FALSE,7,524.0234,6915.044
72,FALSE,8,524.9921,6916.056
72,FALSE,9,525.5715,6916.818
72,FALSE,10,526.2513,6917.605
72,FALSE,11,526.7934,6918.443
72,FALSE,12,527.1852,6919.232
72,FALSE,13,527.275,6919.72
72,FALSE,14,527.4535,6920.434
72,FALSE,15,526.7764,6920.236
72,FALSE,16,525.7739,6920.065
72,FALSE,17,524.7838,6919.88
72,FALSE,18,523.9805,6919.457
72,FALSE,19,523.2398,6919.034
72,FALSE,20,522.1855,6918.486
72,FALSE,21,520.881,6917.99
72,FALSE,22,520.167,6917.942
72,FALSE,23,519.1768,6917.733
72,FALSE,24,518.71,6917.623
72,FALSE,25,518.729,6917.861
72,FALSE,26,518.9427,6919.167
72,FALSE,27,519.0603,6920.02
72,FALSE,28,519.0226,6921.474
72,FALSE,29,519.1536,6923.656
72,FALSE,30,519.2171,6924.973
72,FALSE,31,519.1852,6925.762
72,FALSE,32,519.1943,6926.03
72,FALSE,33,519.4649,6926.144
72,FALSE,34,520.243,6926.53
72,FALSE,35,520.9068,6926.565
72,FALSE,36,521.4443,6926.35
72,FALSE,37,522.1944,6926.071
72,FALSE,38,522.8705,6926.056
72,FALSE,39,523.9986,6926.29
72,FALSE,40,524.8893,6926.662
72,FALSE,41,526.0048,6926.896
72,FALSE,42,526.3558,6926.983
72,FALSE,43,526.3208,6926.785
72,FALSE,44,526.8938,6926.88
72,FALSE,45,527.9219,6927.152
72,FALSE,46,528.6489,6927.325
72,FALSE,47,529.3383,6927.473
72,FALSE,48,530.4923,6927.907
72,FALSE,49,531.2952,6928.242
72,FALSE,50,532.0478,6928.528
72,FALSE,51,532.4623,6928.802
72,FALSE,52,532.532,6928.977
72,FALSE,53,532.5846,6929.109
72,FALSE,54,532.3509,6929.103
72,FALSE,55,531.8374,6929.068
72,FALSE,56,531.2858,6928.944
72,FALSE,57,530.3579,6928.647
72,FALSE,58,529.7189,6928.574
72,FALSE,59,528.5284,6928.378
72,FALSE,60,527.8263,6928.168
72,FALSE,61,526.8628,6928.347
72,FALSE,62,526.4117,6928.274
72,FALSE,63,526.4521,6929.013
72,FALSE,64,526.4594,6929.151
72,FALSE,65,526.5128,6930.204
72,FALSE,66,526.506,6930.364
72,FALSE,67,526.6092,6930.429
72,FALSE,68,527.0116,6930.804
72,FALSE,69,527.4409,6931.617
72,FALSE,70,527.6559,6932.08
72,FALSE,71,527.8081,6932.519
72,FALSE,72,528.0354,6932.944
72,FALSE,73,528.2244,6933.194
72,FALSE,74,528.551,6933.431
72,FALSE,75,528.9654,6933.68
72,FALSE,76,529.2919,6933.904
72,FALSE,77,529.243,6934.155
72,FALSE,78,529.269,6934.368
72,FALSE,79,529.2196,6934.519
72,FALSE,80,529.2204,6934.695
72,FALSE,81,529.3598,6935.058
72,FALSE,82,529.7118,6935.382
72,FALSE,83,530.2778,6935.932
72,FALSE,84,530.3799,6936.383
72,FALSE,85,529.9801,6936.572
72,FALSE,86,529.5159,6936.373
72,FALSE,87,528.763,6936.025
72,FALSE,88,528.2363,6935.852
72,FALSE,89,527.8356,6935.866
72,FALSE,90,527.3851,6935.93
72,FALSE,91,526.9346,6935.982
72,FALSE,92,526.7714,6936.009
72,FALSE,93,526.4843,6936.097
72,FALSE,94,525.8842,6936.312
72,FALSE,95,525.3339,6936.477
72,FALSE,96,524.9087,6936.592
72,FALSE,97,524.8121,6936.682
72,FALSE,98,524.7341,6936.755
72,FALSE,99,524.2468,6936.996
72,FALSE,100,524.0813,6937.063
72,FALSE,101,523.9,6936.93
72,FALSE,102,523.7588,6937.073
72,FALSE,103,523.6462,6937.086
72,FALSE,104,523.2588,6937.275
72,FALSE,105,522.9337,6937.377
72,FALSE,106,522.3194,6937.216
72,FALSE,107,521.9054,6937.055
72,FALSE,108,521.6225,6936.774
72,FALSE,109,521.716,6936.692
72,FALSE,110,521.4145,6936.48
72,FALSE,111,521.1758,6936.305
72,FALSE,112,520.735,6935.73
72,FALSE,113,520.3571,6935.243
72,FALSE,114,520.0173,6934.868
72,FALSE,115,519.7151,6934.481
72,FALSE,116,519.3499,6934.031
72,FALSE,117,519.1735,6933.793
72,FALSE,118,519.0127,6933.603
72,FALSE,119,519.007,6933.268
72,FALSE,120,519.0761,6932.516
72,FALSE,121,519.0054,6932.027
72,FALSE,122,519.0119,6931.53
72,FALSE,123,518.265,6930.88
72,FALSE,124,517.2949,6930.256
72,FALSE,125,516.3618,6929.696
72,FALSE,126,515.4417,6929.086
72,FALSE,127,514.3086,6928.512
72,FALSE,128,512.7175,6927.394
72,FALSE,129,511.1138,6926.289
72,FALSE,130,510.272,6925.303
72,FALSE,131,509.5165,6924.456
72,FALSE,132,508.4815,6923.326
72,FALSE,133,507.745,6922.522
72,FALSE,134,505.4313,6921.085
72,FALSE,135,503.5278,6919.939
72,FALSE,136,501.2877,6918.677
72,FALSE,137,499.7192,6917.836
72,FALSE,138,497.7278,6916.727
72,FALSE,139,496.2337,6915.961
72,FALSE,140,495.4952,6915.683
72,FALSE,141,495.688,6915.568
72,FALSE,142,495.8997,6915.291
72,FALSE,143,496.046,6915.18
72,FALSE,144,495.7477,6914.903
72,FALSE,145,495.7957,6914.451
72,FALSE,146,496.0686,6913.861
72,FALSE,147,496.3553,6913.559
72,FALSE,148,496.8795,6913.193
72,FALSE,149,497.3546,6913.016
72,FALSE,150,497.9176,6912.901
72,FALSE,151,498.4053,6912.749
72,FALSE,152,498.8679,6912.596
72,FALSE,153,499.1845,6912.449
72,FALSE,154,499.4693,6912.669
72,FALSE,155,499.4341,6913.209
72,FALSE,156,499.047,6913.448
72,FALSE,157,498.8863,6913.913
72,FALSE,158,498.9395,6914.602
72,FALSE,159,499.1144,6914.514
72,FALSE,160,499.915,6914.335
72,FALSE,161,501.3273,6913.74
72,FALSE,162,502.8523,6913.12
72,FALSE,163,504.3407,6912.726
72,FALSE,164,505.3174,6912.734
72,FALSE,165,506.2833,6913.094
72,FALSE,166,507.4251,6913.616
72,FALSE,167,508.8793,6913.974
72,FALSE,168,510.343,6913.668
72,FALSE,169,511.919,6913.26
72,FALSE,170,513.382,6912.803
72,FALSE,171,515.0698,6912.195
72,FALSE,172,516.2208,6911.978
72,FALSE,173,517.1454,6911.523
72,FALSE,174,517.7509,6911.207
72,FALSE,175,517.6289,6910.645
73,FALSE,1,637.9973,6929.567
73,FALSE,2,637.8991,6929.978
73,FALSE,3,637.6147,6930.782
73,FALSE,4,637.3916,6931.297
73,FALSE,5,637.0686,6931.887
73,FALSE,6,636.6716,6932.704
73,FALSE,7,636.162,6933.559
73,FALSE,8,635.7528,6934.463
73,FALSE,9,635.3062,6935.406
73,FALSE,10,634.5977,6936.575
73,FALSE,11,634.1603,6936.752
73,FALSE,12,634.1205,6936.263
73,FALSE,13,634.3563,6935.773
73,FALSE,14,634.7158,6934.969
73,FALSE,15,635.088,6934.19
73,FALSE,16,635.6356,6933.448
73,FALSE,17,636.2322,6932.442
73,FALSE,18,636.7661,6931.437
73,FALSE,19,637.2008,6930.633
73,FALSE,20,637.3481,6929.955
73,FALSE,21,637.5346,6929.653
73,FALSE,22,637.8341,6929.426
74,FALSE,1,638.3779,6933.513
74,FALSE,2,638.3917,6933.801
74,FALSE,3,638.3684,6934.19
74,FALSE,4,638.3081,6934.704
74,FALSE,5,638.1221,6935.132
74,FALSE,6,637.9489,6935.596
74,FALSE,7,637.9264,6936.186
74,FALSE,8,637.7031,6936.651
74,FALSE,9,637.4397,6936.539
74,FALSE,10,637.4997,6935.949
74,FALSE,11,637.5592,6935.247
74,FALSE,12,637.6943,6934.644
74,FALSE,13,637.8173,6934.154
74,FALSE,14,638.0032,6933.715
74,FALSE,15,638.0778,6933.589
74,FALSE,16,638.2276,6933.501
75,FALSE,1,436.9077,6934.865
75,FALSE,2,437.059,6935.115
75,FALSE,3,436.9981,6935.478
75,FALSE,4,436.7621,6935.918
75,FALSE,5,436.4629,6936.22
75,FALSE,6,436.3593,6936.29
75,FALSE,7,436.1633,6936.422
75,FALSE,8,435.9873,6936.26
75,FALSE,9,435.949,6936.097
75,FALSE,10,435.9974,6935.733
75,FALSE,11,436.1338,6935.432
75,FALSE,12,436.42,6935.029
75,FALSE,13,436.6822,6934.853
76,FALSE,1,431.2385,6932.818
76,FALSE,2,431.7035,6933.205
76,FALSE,3,431.806,6933.602
76,FALSE,4,431.5314,6933.92
76,FALSE,5,431.142,6933.646
76,FALSE,6,430.6523,6933.347
76,FALSE,7,430.3635,6933.172
76,FALSE,8,430.1605,6932.584
76,FALSE,9,430.6113,6932.57
77,FALSE,1,512.6682,6929.581
77,FALSE,2,513.446,6929.904
77,FALSE,3,514.0608,6930.177
77,FALSE,4,514.952,6930.638
77,FALSE,5,515.6924,6930.998
77,FALSE,6,515.9815,6931.235
77,FALSE,7,515.9456,6931.624
77,FALSE,8,515.7842,6931.926
77,FALSE,9,515.6258,6932.027
77,FALSE,10,515.3836,6931.952
77,FALSE,11,514.619,6931.78
77,FALSE,12,514.3054,6931.668
77,FALSE,13,513.2523,6931.384
77,FALSE,14,512.7763,6931.348
77,FALSE,15,512.2167,6931.442
77,FALSE,16,512.1978,6930.786
77,FALSE,17,512.0577,6930.273
77,FALSE,18,511.8048,6929.722
77,FALSE,19,511.8411,6929.434
78,FALSE,1,541.0526,6931.627
78,FALSE,2,541.0784,6931.803
78,FALSE,3,541.004,6931.966
78,FALSE,4,540.854,6932.017
78,FALSE,5,540.7908,6931.891
78,FALSE,6,540.8526,6931.703
78,FALSE,7,540.9273,6931.603
79,FALSE,1,531.9931,6921.908
79,FALSE,2,532.8701,6922.005
79,FALSE,3,533.9481,6922.239
79,FALSE,4,535.0767,6922.599
79,FALSE,5,535.717,6922.972
79,FALSE,6,536.308,6923.522
79,FALSE,7,536.812,6924.222
79,FALSE,8,537.3789,6924.984
79,FALSE,9,537.8959,6925.772
79,FALSE,10,538.4133,6926.66
79,FALSE,11,538.9301,6927.435
79,FALSE,12,539.5341,6928.085
79,FALSE,13,540.1129,6928.71
79,FALSE,14,540.6417,6929.347
79,FALSE,15,541.0074,6929.922
79,FALSE,16,540.7701,6930.049
79,FALSE,17,540.7205,6930.174
79,FALSE,18,540.5844,6930.538
79,FALSE,19,540.523,6930.802
79,FALSE,20,540.2627,6931.405
79,FALSE,21,540.0008,6931.644
79,FALSE,22,539.6623,6931.545
79,FALSE,23,539.097,6931.146
79,FALSE,24,538.4687,6930.659
79,FALSE,25,537.8659,6930.26
79,FALSE,26,537.1006,6929.937
79,FALSE,27,536.5366,6929.827
79,FALSE,28,536.1207,6929.59
79,FALSE,29,536.0293,6929.538
79,FALSE,30,535.7627,6929.469
79,FALSE,31,535.4491,6929.387
79,FALSE,32,535.0805,6929.043
79,FALSE,33,534.6028,6928.631
79,FALSE,34,534.2006,6928.306
79,FALSE,35,533.7479,6927.882
79,FALSE,36,533.1573,6927.408
79,FALSE,37,532.5674,6927.122
79,FALSE,38,532.3369,6926.876
79,FALSE,39,532.9926,6926.982
79,FALSE,40,533.594,6927.068
79,FALSE,41,533.6174,6926.704
79,FALSE,42,533.5912,6926.428
79,FALSE,43,533.364,6926.04
79,FALSE,44,532.7724,6925.341
79,FALSE,45,532.1929,6924.566
79,FALSE,46,531.3869,6923.553
79,FALSE,47,530.6191,6922.653
79,FALSE,48,530.2036,6922.154
79,FALSE,49,531.1416,6921.899
80,FALSE,1,506.4593,6927.261
80,FALSE,2,506.8735,6927.472
80,FALSE,3,507.5511,6927.77
80,FALSE,4,507.8167,6928.359
80,FALSE,5,507.7061,6928.848
80,FALSE,6,507.5063,6928.962
80,FALSE,7,507.2807,6928.912
80,FALSE,8,507.0423,6928.813
80,FALSE,9,506.7164,6928.739
80,FALSE,10,506.1647,6928.578
80,FALSE,11,505.7255,6928.379
80,FALSE,12,505.2103,6927.98
80,FALSE,13,504.8575,6927.48
80,FALSE,14,504.9183,6927.091
80,FALSE,15,505.2185,6927.015
80,FALSE,16,505.7315,6926.912
81,FALSE,1,408.6809,6923.277
81,FALSE,2,408.8198,6923.527
81,FALSE,3,408.8986,6923.952
81,FALSE,4,408.8051,6924.25
81,FALSE,5,408.5795,6924.489
81,FALSE,6,408.0486,6924.621
81,FALSE,7,407.6503,6924.688
81,FALSE,8,407.4778,6924.714
81,FALSE,9,407.26,6924.656
81,FALSE,10,407.0503,6924.572
81,FALSE,11,406.8978,6924.482
81,FALSE,12,407.0955,6924.374
81,FALSE,13,407.4594,6924.535
81,FALSE,14,407.7468,6924.396
81,FALSE,15,407.4702,6924.147
81,FALSE,16,407.4303,6923.645
81,FALSE,17,407.6286,6923.181
81,FALSE,18,408.0787,6923.016
81,FALSE,19,408.4667,6922.977
82,FALSE,1,373.4985,6901.987
82,FALSE,2,374.5133,6902.096
82,FALSE,3,375.4031,6902.256
82,FALSE,4,375.8286,6902.204
82,FALSE,5,376.1164,6902.165
82,FALSE,6,376.9555,6902.187
82,FALSE,7,377.7073,6902.285
82,FALSE,8,378.4602,6902.633
82,FALSE,9,379.1273,6903.395
82,FALSE,10,379.468,6903.983
82,FALSE,11,379.7707,6904.471
82,FALSE,12,379.8996,6905.297
82,FALSE,13,379.7538,6906.301
82,FALSE,14,379.7553,6906.614
82,FALSE,15,379.7557,6906.715
82,FALSE,16,379.9201,6907.078
82,FALSE,17,380.1714,6907.277
82,FALSE,18,380.799,6907.601
82,FALSE,19,381.2508,6907.837
82,FALSE,20,381.8785,6908.173
82,FALSE,21,381.8539,6908.274
82,FALSE,22,382.9697,6908.57
82,FALSE,23,383.5465,6908.756
82,FALSE,24,384.0995,6909.193
82,FALSE,25,384.9027,6909.591
82,FALSE,26,385.229,6909.765
82,FALSE,27,386.0053,6909.75
82,FALSE,28,386.218,6909.765
82,FALSE,29,386.669,6909.797
82,FALSE,30,387.1163,6910.689
82,FALSE,31,387.3454,6911.344
82,FALSE,32,387.398,6911.543
82,FALSE,33,387.4607,6911.807
82,FALSE,34,387.5455,6912.04
82,FALSE,35,387.766,6912.646
82,FALSE,36,387.8614,6912.876
82,FALSE,37,387.9108,6913.027
82,FALSE,38,388.1634,6913.502
82,FALSE,39,388.3396,6913.69
82,FALSE,40,388.5774,6913.989
82,FALSE,41,388.7026,6913.57
82,FALSE,42,389.0931,6914.176
82,FALSE,43,389.5344,6914.864
82,FALSE,44,390.3132,6915.4
82,FALSE,45,390.9033,6915.736
82,FALSE,46,391.6063,6916.134
82,FALSE,47,392.247,6916.608
82,FALSE,48,393.1132,6917.081
82,FALSE,49,393.7528,6917.304
82,FALSE,50,394.3683,6917.728
82,FALSE,51,394.4861,6917.511
82,FALSE,52,394.8311,6917.626
82,FALSE,53,395.2453,6917.838
82,FALSE,54,395.697,6918.037
82,FALSE,55,396.2238,6918.223
82,FALSE,56,396.8009,6918.471
82,FALSE,57,397.1894,6918.532
82,FALSE,58,397.4459,6918.652
82,FALSE,59,397.1528,6918.758
82,FALSE,60,396.5895,6918.81
82,FALSE,61,396.2138,6918.799
82,FALSE,62,395.8387,6918.914
82,FALSE,63,395.5133,6918.953
82,FALSE,64,395.2142,6919.28
82,FALSE,65,395.1026,6919.531
82,FALSE,66,395.0913,6919.794
82,FALSE,67,395.1544,6920.032
82,FALSE,68,394.8161,6919.858
82,FALSE,69,394.302,6919.709
82,FALSE,70,393.8383,6919.623
82,FALSE,71,393.5627,6919.587
82,FALSE,72,393.2153,6919.365
82,FALSE,73,392.9846,6919.719
82,FALSE,74,392.6037,6920.302
82,FALSE,75,392.46,6920.464
82,FALSE,76,392.3177,6920.624
82,FALSE,77,391.6877,6920.346
82,FALSE,78,391.2364,6920.223
82,FALSE,79,390.7723,6920.049
82,FALSE,80,390.2078,6919.826
82,FALSE,81,389.7049,6919.389
82,FALSE,82,389.2769,6918.889
82,FALSE,83,389.1836,6918.335
82,FALSE,84,388.8718,6917.9
82,FALSE,85,388.7095,6916.975
82,FALSE,86,388.5993,6916.877
82,FALSE,87,388.39,6916.56
82,FALSE,88,388.044,6916.203
82,FALSE,89,387.9948,6916.492
82,FALSE,90,387.7875,6916.237
82,FALSE,91,387.4598,6915.849
82,FALSE,92,387.2213,6915.637
82,FALSE,93,386.6926,6915.012
82,FALSE,94,386.1903,6914.701
82,FALSE,95,385.776,6914.477
82,FALSE,96,385.4491,6914.165
82,FALSE,97,385.184,6913.702
82,FALSE,98,384.9327,6913.502
82,FALSE,99,384.5685,6913.265
82,FALSE,100,383.9405,6912.842
82,FALSE,101,383.6889,6912.579
82,FALSE,102,383.335,6911.854
82,FALSE,103,383.2571,6911.24
82,FALSE,104,383.0658,6910.45
82,FALSE,105,382.8758,6909.975
82,FALSE,106,382.371,6909.112
82,FALSE,107,382.1689,6908.724
82,FALSE,108,381.72,6908.389
82,FALSE,109,381.6169,6908.488
82,FALSE,110,381.4501,6908.592
82,FALSE,111,381.2651,6908.748
82,FALSE,112,380.9209,6909.039
82,FALSE,113,380.2892,6909.772
82,FALSE,114,380.0171,6909.983
82,FALSE,115,379.7062,6909.649
82,FALSE,116,379.2534,6909.199
82,FALSE,117,378.5244,6908.6
82,FALSE,118,378.1971,6908.213
82,FALSE,119,377.9704,6907.925
82,FALSE,120,377.9687,6907.537
82,FALSE,121,377.9419,6907.148
82,FALSE,122,377.9143,6906.584
82,FALSE,123,377.9377,6906.195
82,FALSE,124,377.8602,6905.681
82,FALSE,125,377.7331,6905.256
82,FALSE,126,377.5187,6904.918
82,FALSE,127,377.2425,6904.756
82,FALSE,128,377.0042,6904.669
82,FALSE,129,376.7406,6904.52
82,FALSE,130,376.7648,6904.332
82,FALSE,131,376.9518,6904.168
82,FALSE,132,377.2893,6904.029
82,FALSE,133,377.3261,6903.853
82,FALSE,134,377.0992,6903.503
82,FALSE,135,376.8725,6903.216
82,FALSE,136,376.5717,6903.167
82,FALSE,137,376.1213,6903.256
82,FALSE,138,375.7594,6903.533
82,FALSE,139,375.7103,6903.747
82,FALSE,140,375.6225,6903.824
82,FALSE,141,375.6739,6904.01
82,FALSE,142,375.7012,6904.524
82,FALSE,143,375.3275,6904.952
82,FALSE,144,375.0404,6905.153
82,FALSE,145,374.5773,6905.218
82,FALSE,146,374.1628,6904.931
82,FALSE,147,373.4593,6904.42
82,FALSE,148,372.6677,6903.809
82,FALSE,149,371.8895,6903.41
82,FALSE,150,371.615,6903.233
82,FALSE,151,371.7805,6903.101
82,FALSE,152,372.1214,6902.728
82,FALSE,153,372.2877,6902.603
82,FALSE,154,372.7005,6902.295
82,FALSE,155,372.8178,6902.15
82,FALSE,156,373.0545,6901.859
82,FALSE,157,373.148,6901.767
83,FALSE,1,400.497,6916.137
83,FALSE,2,401.0863,6916.311
83,FALSE,3,401.4877,6916.46
83,FALSE,4,402.1777,6916.733
83,FALSE,5,402.5198,6916.817
83,FALSE,6,402.6284,6916.847
83,FALSE,7,402.9548,6916.893
83,FALSE,8,403.482,6917.191
83,FALSE,9,404.0598,6917.59
83,FALSE,10,404.6254,6918.052
83,FALSE,11,405.3415,6918.576
83,FALSE,12,405.5553,6918.788
83,FALSE,13,405.9829,6919.2
83,FALSE,14,406.272,6919.45
83,FALSE,15,406.9383,6920.024
83,FALSE,16,407.0394,6920.237
83,FALSE,17,406.664,6920.288
83,FALSE,18,405.8243,6920.129
83,FALSE,19,405.4118,6920.293
83,FALSE,20,404.5958,6919.832
83,FALSE,21,404.1686,6919.508
83,FALSE,22,403.6421,6919.385
83,FALSE,23,403.1285,6919.337
83,FALSE,24,402.3769,6919.289
83,FALSE,25,401.9238,6918.777
83,FALSE,26,401.6593,6918.415
83,FALSE,27,401.3316,6917.952
83,FALSE,28,400.9672,6917.665
83,FALSE,29,400.0893,6917.368
83,FALSE,30,399.5263,6917.483
83,FALSE,31,398.9136,6917.794
83,FALSE,32,399.1433,6917.229
83,FALSE,33,399.2613,6916.967
83,FALSE,34,399.3668,6916.646
83,FALSE,35,399.4541,6916.38
83,FALSE,36,399.6858,6915.91
84,FALSE,1,527.3181,6915.345
84,FALSE,2,527.6324,6915.632
84,FALSE,3,527.7966,6915.957
84,FALSE,4,527.9233,6916.27
84,FALSE,5,528.0636,6916.859
84,FALSE,6,527.7268,6917.136
84,FALSE,7,527.5134,6917.024
84,FALSE,8,527.3243,6916.749
84,FALSE,9,527.0971,6916.336
84,FALSE,10,526.7188,6915.748
84,FALSE,11,526.4791,6915.348
84,FALSE,12,526.8917,6915.208
85,FALSE,1,406.2429,6907.352
85,FALSE,2,406.8816,6907.349
85,FALSE,3,407.6207,6907.422
85,FALSE,4,408.2977,6907.594
85,FALSE,5,409.3507,6907.854
85,FALSE,6,410.2897,6907.825
85,FALSE,7,411.0413,6907.885
85,FALSE,8,411.7682,6908.007
85,FALSE,9,411.8735,6907.992
85,FALSE,10,411.9581,6907.901
85,FALSE,11,412.5451,6908.142
85,FALSE,12,412.959,6908.278
85,FALSE,13,413.3979,6908.427
85,FALSE,14,413.8119,6908.601
85,FALSE,15,414.0884,6908.813
85,FALSE,16,414.4772,6908.95
85,FALSE,17,414.9283,6909.023
85,FALSE,18,415.4791,6908.983
85,FALSE,19,415.9677,6909.044
85,FALSE,20,416.5059,6908.979
85,FALSE,21,416.6145,6909.029
85,FALSE,22,416.8321,6909.118
85,FALSE,23,417.1955,6909.177
85,FALSE,24,417.5078,6909.167
85,FALSE,25,417.9796,6909.229
85,FALSE,26,418.3495,6909.304
85,FALSE,27,418.6938,6909.366
85,FALSE,28,418.8852,6909.404
85,FALSE,29,419.1786,6909.505
85,FALSE,30,419.328,6909.612
85,FALSE,31,419.4761,6909.519
85,FALSE,32,419.9263,6909.405
85,FALSE,33,420.6886,6909.038
85,FALSE,34,421.1511,6908.861
85,FALSE,35,421.5297,6908.714
85,FALSE,36,421.8276,6908.921
85,FALSE,37,422.1667,6909.158
85,FALSE,38,422.3676,6909.27
85,FALSE,39,422.644,6909.482
85,FALSE,40,422.9713,6909.857
85,FALSE,41,423.3611,6910.231
85,FALSE,42,423.5913,6910.451
85,FALSE,43,423.6755,6910.531
85,FALSE,44,423.8637,6910.606
85,FALSE,45,423.9852,6910.718
85,FALSE,46,424.2662,6911.005
85,FALSE,47,424.5182,6911.355
85,FALSE,48,424.8706,6911.755
85,FALSE,49,425.1725,6912.067
85,FALSE,50,425.2494,6912.456
85,FALSE,51,424.8141,6913.122
85,FALSE,52,424.3273,6913.462
85,FALSE,53,424.1502,6913.355
85,FALSE,54,423.7372,6913.114
85,FALSE,55,423.3351,6912.814
85,FALSE,56,422.9084,6912.603
85,FALSE,57,422.5188,6912.278
85,FALSE,58,422.255,6912.104
85,FALSE,59,422.3167,6911.89
85,FALSE,60,422.2031,6911.69
85,FALSE,61,421.877,6911.579
85,FALSE,62,421.6379,6911.316
85,FALSE,63,421.5901,6911.192
85,FALSE,64,421.5366,6911.053
85,FALSE,65,421.3605,6910.879
85,FALSE,66,421.1226,6910.892
85,FALSE,67,420.7975,6910.994
85,FALSE,68,420.6729,6911.132
85,FALSE,69,420.7115,6911.358
85,FALSE,70,420.5369,6911.534
85,FALSE,71,420.3115,6911.522
85,FALSE,72,420.0106,6911.448
85,FALSE,73,419.5593,6911.324
85,FALSE,74,419.1205,6911.213
85,FALSE,75,418.7571,6911.165
85,FALSE,76,418.5301,6910.802
85,FALSE,77,418.3665,6910.627
85,FALSE,78,417.9356,6910.485
85,FALSE,79,415.4948,6909.685
85,FALSE,80,414.9933,6909.562
85,FALSE,81,410.6598,6909.366
85,FALSE,82,410.1463,6909.355
85,FALSE,83,409.4325,6909.345
85,FALSE,84,408.7489,6909.357
85,FALSE,85,408.4934,6909.361
85,FALSE,86,405.6857,6908.745
85,FALSE,87,405.4271,6908.642
85,FALSE,88,405.3966,6908.496
85,FALSE,89,405.0687,6907.983
85,FALSE,90,404.6401,6907.367
85,FALSE,91,405.0033,6907.356
85,FALSE,92,405.4194,6907.374
85,FALSE,93,405.5,6907.435
85,FALSE,94,405.8171,6907.341
86,FALSE,1,524.8711,6911.392
86,FALSE,2,525.2601,6911.591
86,FALSE,3,525.5997,6911.916
86,FALSE,4,525.8018,6912.316
86,FALSE,5,525.8781,6912.567
86,FALSE,6,526.3119,6912.94
86,FALSE,7,526.3946,6913.254
86,FALSE,8,526.0068,6913.356
86,FALSE,9,525.8815,6913.332
86,FALSE,10,525.2411,6912.933
86,FALSE,11,524.9388,6912.545
86,FALSE,12,524.6238,6912.108
86,FALSE,13,524.4093,6911.733
86,FALSE,14,524.3824,6911.319
87,FALSE,1,464.25,6909.906
87,FALSE,2,464.7652,6910.317
87,FALSE,3,465.1434,6910.893
87,FALSE,4,465.1209,6911.444
87,FALSE,5,464.9707,6911.445
87,FALSE,6,464.4308,6911.096
87,FALSE,7,464.1541,6910.821
87,FALSE,8,463.7887,6910.309
87,FALSE,9,463.5606,6909.721
87,FALSE,10,463.76,6909.519
88,FALSE,1,425.9072,6908.341
88,FALSE,2,426.3838,6908.515
88,FALSE,3,426.9616,6908.914
88,FALSE,4,427.1513,6909.466
88,FALSE,5,427.1656,6909.715
88,FALSE,6,427.1797,6910.079
88,FALSE,7,427.3439,6910.392
88,FALSE,8,427.3834,6910.83
88,FALSE,9,426.9838,6911.07
88,FALSE,10,426.4696,6910.896
88,FALSE,11,426.1423,6910.509
88,FALSE,12,425.9642,6909.883
88,FALSE,13,425.8358,6909.169
88,FALSE,14,425.4581,6908.719
88,FALSE,15,425.431,6908.268
89,FALSE,1,357.6367,6905.635
89,FALSE,2,358.0141,6906.022
89,FALSE,3,358.4438,6906.898
89,FALSE,4,358.6224,6907.649
89,FALSE,5,358.5912,6907.755
89,FALSE,6,358.3858,6907.926
89,FALSE,7,358.0837,6907.576
89,FALSE,8,357.7055,6907.013
89,FALSE,9,357.4023,6906.425
89,FALSE,10,357.1228,6905.536
90,TRUE,1,584.4439,6897.514
90,TRUE,2,584.2006,6897.827
90,TRUE,3,584.0829,6897.979
90,TRUE,4,583.5231,6898.809
90,TRUE,5,583.0276,6900.015
90,TRUE,6,582.6808,6900.869
90,TRUE,7,582.5094,6901.76
90,TRUE,8,582.3143,6902.94
90,TRUE,9,582.3448,6904.181
90,TRUE,10,582.3373,6905.322
90,TRUE,11,582.5436,6906.689
90,TRUE,12,582.9703,6906.9
90,TRUE,13,583.5583,6906.798
90,TRUE,14,583.9589,6906.796
90,TRUE,15,584.3914,6906.765
90,TRUE,16,584.6974,6906.743
90,TRUE,17,585.5465,6906.226
90,TRUE,18,586.282,6905.495
90,TRUE,19,587.0546,6904.665
90,TRUE,20,587.589,6903.76
90,TRUE,21,587.8839,6903.106
90,TRUE,22,587.9725,6902.877
90,TRUE,23,588.0354,6902.629
90,TRUE,24,588.1102,6902.106
90,TRUE,25,587.8934,6901.814
90,TRUE,26,587.6404,6901.226
90,TRUE,27,587.2996,6900.588
90,TRUE,28,586.6941,6899.549
90,TRUE,29,586.1393,6898.661
90,TRUE,30,585.4599,6897.936
90,TRUE,31,584.8693,6897.449
91,FALSE,1,356.4003,6878.384
91,FALSE,2,357.0168,6879.033
91,FALSE,3,357.3826,6879.634
91,FALSE,4,357.9739,6880.246
91,FALSE,5,358.2767,6880.746
91,FALSE,6,359.069,6881.52
91,FALSE,7,359.5598,6882.07
91,FALSE,8,359.9875,6882.507
91,FALSE,9,360.6293,6883.194
91,FALSE,10,360.9314,6883.569
91,FALSE,11,361.4757,6882.989
91,FALSE,12,362.1072,6883.264
91,FALSE,13,363.0111,6883.787
91,FALSE,14,363.6513,6884.123
91,FALSE,15,364.1785,6884.421
91,FALSE,16,364.8189,6884.808
91,FALSE,17,366.0242,6885.518
91,FALSE,18,366.7148,6885.954
91,FALSE,19,367.0643,6886.19
91,FALSE,20,367.1524,6886
91,FALSE,21,367.5159,6885.428
91,FALSE,22,367.9158,6885.686
91,FALSE,23,368.4565,6886.185
91,FALSE,24,369.2099,6886.659
91,FALSE,25,370.4034,6887.519
91,FALSE,26,371.6837,6888.191
91,FALSE,27,372.6519,6889.09
91,FALSE,28,373.4185,6889.701
91,FALSE,29,374.0468,6890.2
91,FALSE,30,374.6121,6890.599
91,FALSE,31,375.0197,6890.808
91,FALSE,32,375.1158,6890.673
91,FALSE,33,375.3746,6890.216
91,FALSE,34,376.2772,6890.518
91,FALSE,35,377.0811,6891.079
91,FALSE,36,377.7842,6891.49
91,FALSE,37,378.7875,6891.837
91,FALSE,38,380.0308,6892.634
91,FALSE,39,381.2108,6893.294
91,FALSE,40,382.1527,6893.892
91,FALSE,41,382.9314,6894.416
91,FALSE,42,383.5847,6894.89
91,FALSE,43,384.614,6895.463
91,FALSE,44,385.6322,6896.324
91,FALSE,45,385.9991,6896.582
91,FALSE,46,386.3403,6896.24
91,FALSE,47,386.5248,6896.056
91,FALSE,48,387.0805,6895.434
91,FALSE,49,387.1771,6895.314
91,FALSE,50,387.6955,6895.689
91,FALSE,51,388.2982,6896.063
91,FALSE,52,388.9135,6896.436
91,FALSE,53,389.6927,6897.06
91,FALSE,54,390.145,6897.397
91,FALSE,55,390.2774,6897.193
91,FALSE,56,390.8218,6897.532
91,FALSE,57,391.2859,6897.718
91,FALSE,58,391.7128,6897.968
91,FALSE,59,392.4321,6898.523
91,FALSE,60,392.5431,6898.009
91,FALSE,61,393.3674,6898.35
91,FALSE,62,394.1597,6899.111
91,FALSE,63,394.7558,6899.622
91,FALSE,64,394.8888,6899.736
91,FALSE,65,395.4168,6900.197
91,FALSE,66,395.8829,6900.81
91,FALSE,67,396.3611,6901.335
91,FALSE,68,396.9152,6902.034
91,FALSE,69,397.1238,6902.387
91,FALSE,70,397.0738,6902.533
91,FALSE,71,396.8806,6903.171
91,FALSE,72,396.8018,6903.475
91,FALSE,73,397.3868,6903.901
91,FALSE,74,397.9403,6904.45
91,FALSE,75,398.4803,6904.787
91,FALSE,76,398.7475,6904.943
91,FALSE,77,398.1931,6904.976
91,FALSE,78,397.4163,6904.878
91,FALSE,79,396.8519,6904.693
91,FALSE,80,396.4677,6904.56
91,FALSE,81,396.3127,6904.507
91,FALSE,82,395.7358,6904.321
91,FALSE,83,395.084,6904.173
91,FALSE,84,394.5073,6904.037
91,FALSE,85,393.7181,6903.953
91,FALSE,86,392.7286,6903.894
91,FALSE,87,392.0387,6903.633
91,FALSE,88,391.5208,6903.404
91,FALSE,89,391.4616,6903.584
91,FALSE,90,391.2402,6904.179
91,FALSE,91,390.3837,6903.176
91,FALSE,92,389.7675,6902.601
91,FALSE,93,389.1506,6901.839
91,FALSE,94,388.3833,6901.09
91,FALSE,95,387.604,6900.428
91,FALSE,96,387.0648,6900.267
91,FALSE,97,386.1606,6899.669
91,FALSE,98,385.5708,6899.408
91,FALSE,99,384.7548,6898.947
91,FALSE,100,384.2889,6898.809
91,FALSE,101,383.9393,6898.574
91,FALSE,102,383.2482,6898.051
91,FALSE,103,382.6206,6897.727
91,FALSE,104,382.3817,6897.502
91,FALSE,105,381.7662,6897.066
91,FALSE,106,380.7263,6896.957
91,FALSE,107,379.8997,6896.91
91,FALSE,108,379.3119,6897.088
91,FALSE,109,378.3496,6897.505
91,FALSE,110,377.775,6897.834
91,FALSE,111,377.2492,6897.861
91,FALSE,112,376.485,6897.776
91,FALSE,113,375.507,6897.504
91,FALSE,114,374.8188,6897.619
91,FALSE,115,374.2559,6897.747
91,FALSE,116,373.6948,6898.288
91,FALSE,117,373.0959,6898.767
91,FALSE,118,372.2706,6899.033
91,FALSE,119,370.6672,6898.902
91,FALSE,120,370.0529,6898.754
91,FALSE,121,369.4776,6898.906
91,FALSE,122,368.9678,6899.723
91,FALSE,123,368.8698,6900.187
91,FALSE,124,368.8642,6900.728
91,FALSE,125,368.8624,6900.896
91,FALSE,126,368.861,6901.028
91,FALSE,127,369.0898,6901.779
91,FALSE,128,369.3553,6902.342
91,FALSE,129,369.8587,6902.917
91,FALSE,130,370.5755,6903.604
91,FALSE,131,370.8612,6903.903
91,FALSE,132,370.3827,6904.191
91,FALSE,133,369.9026,6904.696
91,FALSE,134,369.5606,6904.925
91,FALSE,135,369.4538,6904.786
91,FALSE,136,368.9635,6904.337
91,FALSE,137,368.4725,6903.75
91,FALSE,138,367.9187,6903.112
91,FALSE,139,367.4647,6902.412
91,FALSE,140,366.7985,6901.838
91,FALSE,141,366.2207,6901.451
91,FALSE,142,365.6167,6900.789
91,FALSE,143,364.6877,6900.254
91,FALSE,144,363.6972,6899.982
91,FALSE,145,363.1452,6899.758
91,FALSE,146,362.2679,6899.599
91,FALSE,147,361.6286,6899.438
91,FALSE,148,360.9006,6899.052
91,FALSE,149,361.0101,6898.35
91,FALSE,150,361.0709,6897.949
91,FALSE,151,360.9308,6897.423
91,FALSE,152,360.7141,6896.546
91,FALSE,153,360.0721,6895.796
91,FALSE,154,359.6683,6895.108
91,FALSE,155,359.4023,6894.445
91,FALSE,156,359.5498,6893.805
91,FALSE,157,359.7602,6893.265
91,FALSE,158,359.5455,6892.852
91,FALSE,159,359.2554,6892.389
91,FALSE,160,359.154,6892.114
91,FALSE,161,359.2146,6891.675
91,FALSE,162,359.1873,6891.173
91,FALSE,163,359.1373,6890.526
91,FALSE,164,359.0161,6890.442
91,FALSE,165,358.7689,6890.009
91,FALSE,166,358.5904,6889.295
91,FALSE,167,358.7169,6888.999
91,FALSE,168,358.8505,6888.655
91,FALSE,169,359.0992,6888.265
91,FALSE,170,359.4098,6887.725
91,FALSE,171,359.7814,6886.808
91,FALSE,172,359.8167,6886.294
91,FALSE,173,359.5255,6885.58
91,FALSE,174,359.2856,6885.155
91,FALSE,175,358.9571,6884.492
91,FALSE,176,358.3273,6883.679
91,FALSE,177,357.7239,6883.143
91,FALSE,178,357.2961,6882.68
91,FALSE,179,356.7302,6882.144
91,FALSE,180,356.2521,6881.656
91,FALSE,181,355.836,6881.006
91,FALSE,182,355.7333,6880.455
91,FALSE,183,355.6174,6879.741
91,FALSE,184,355.6013,6878.938
91,FALSE,185,355.9227,6877.997
92,TRUE,1,589.0673,6895.426
92,TRUE,2,588.6298,6895.591
92,TRUE,3,588.105,6895.831
92,TRUE,4,587.343,6896.223
92,TRUE,5,586.9068,6896.689
92,TRUE,6,586.7851,6897.492
92,TRUE,7,587.2287,6898.694
92,TRUE,8,587.7545,6898.692
92,TRUE,9,588.2792,6898.427
92,TRUE,10,588.4723,6898.232
92,TRUE,11,588.6086,6898.094
92,TRUE,12,588.6529,6897.986
92,TRUE,13,588.7898,6897.785
92,TRUE,14,589.1467,6897.371
92,TRUE,15,589.2498,6897.044
92,TRUE,16,589.4354,6896.554
92,TRUE,17,589.5834,6896.039
92,TRUE,18,589.6063,6895.55
92,TRUE,19,589.4177,6895.375
93,TRUE,1,366.489,6891.446
93,TRUE,2,366.2013,6891.51
93,TRUE,3,365.8509,6891.574
93,TRUE,4,365.6141,6891.825
93,TRUE,5,365.3649,6892.102
93,TRUE,6,365.1533,6892.366
93,TRUE,7,364.8907,6892.468
93,TRUE,8,364.5031,6892.594
93,TRUE,9,364.0401,6892.659
93,TRUE,10,363.5899,6892.799
93,TRUE,11,363.3033,6893.126
93,TRUE,12,363.1553,6893.628
93,TRUE,13,363.1576,6894.129
93,TRUE,14,363.2109,6894.844
93,TRUE,15,363.3018,6895.238
93,TRUE,16,363.3543,6895.465
93,TRUE,17,363.5035,6895.883
93,TRUE,18,363.7435,6896.346
93,TRUE,19,364.0081,6896.696
93,TRUE,20,364.4238,6897.259
93,TRUE,21,364.8008,6897.545
93,TRUE,22,365.4663,6897.969
93,TRUE,23,365.9929,6898.105
93,TRUE,24,366.4692,6898.216
93,TRUE,25,366.9581,6898.339
93,TRUE,26,367.6844,6898.349
93,TRUE,27,368.2606,6898.385
93,TRUE,28,368.7113,6898.345
93,TRUE,29,369.1974,6897.854
93,TRUE,30,369.3951,6897.252
93,TRUE,31,369.4804,6896.725
93,TRUE,32,369.4523,6896.035
93,TRUE,33,369.2876,6895.61
93,TRUE,34,369.1478,6895.159
93,TRUE,35,368.9339,6894.934
93,TRUE,36,368.7318,6894.546
93,TRUE,37,368.5925,6894.196
93,TRUE,38,368.4905,6893.782
93,TRUE,39,368.388,6893.269
93,TRUE,40,368.2608,6892.831
93,TRUE,41,368.1087,6892.405
93,TRUE,42,367.8058,6891.88
93,TRUE,43,367.6043,6891.642
93,TRUE,44,367.153,6891.518
93,TRUE,45,366.8141,6891.332
94,TRUE,1,577.9902,6891.829
94,TRUE,2,577.3278,6892.12
94,TRUE,3,576.9027,6892.259
94,TRUE,4,576.6211,6892.315
94,TRUE,5,576.4653,6892.38
94,TRUE,6,576.3275,6892.437
94,TRUE,7,576.1656,6892.626
94,TRUE,8,575.9289,6892.928
94,TRUE,9,575.8929,6893.254
94,TRUE,10,575.8063,6893.505
94,TRUE,11,575.6454,6893.919
94,TRUE,12,575.4962,6894.158
94,TRUE,13,575.3102,6894.56
94,TRUE,14,574.987,6895.1
94,TRUE,15,574.55,6895.39
94,TRUE,16,574.1994,6895.404
94,TRUE,17,573.9741,6895.473
94,TRUE,18,573.8243,6895.519
94,TRUE,19,573.7362,6895.419
94,TRUE,20,573.5884,6895.971
94,TRUE,21,573.5736,6896.137
94,TRUE,22,573.6351,6896.234
94,TRUE,23,573.9058,6896.947
94,TRUE,24,574.1329,6897.31
94,TRUE,25,574.5601,6897.647
94,TRUE,26,574.8626,6898.085
94,TRUE,27,575.2139,6898.246
94,TRUE,28,575.6776,6898.307
94,TRUE,29,576.0159,6898.368
94,TRUE,30,576.4543,6898.379
94,TRUE,31,576.8424,6898.378
94,TRUE,32,576.9925,6898.327
94,TRUE,33,577.2771,6897.998
94,TRUE,34,577.3538,6897.912
94,TRUE,35,577.5282,6897.711
94,TRUE,36,577.8024,6897.421
94,TRUE,37,578.189,6897.192
94,TRUE,38,578.2636,6896.956
94,TRUE,39,578.3625,6896.667
94,TRUE,40,578.4863,6896.353
94,TRUE,41,578.616,6895.891
94,TRUE,42,578.6588,6895.725
94,TRUE,43,578.7951,6895.399
94,TRUE,44,578.9552,6894.797
94,TRUE,45,579.2285,6894.319
94,TRUE,46,579.4781,6894.117
94,TRUE,47,579.7639,6893.64
94,TRUE,48,580.1105,6893.244
94,TRUE,49,579.9754,6892.932
94,TRUE,50,579.5128,6891.984
94,TRUE,51,579.1423,6891.85
94,TRUE,52,578.7791,6891.813
94,TRUE,53,578.3406,6891.79
95,FALSE,1,490.4204,6752.558
95,FALSE,2,490.5973,6753.788
95,FALSE,3,490.7633,6754.34
95,FALSE,4,490.8768,6754.718
95,FALSE,5,490.9243,6755.669
95,FALSE,6,490.93,6755.783
95,FALSE,7,491.071,6756.745
95,FALSE,8,491.2201,6757.796
95,FALSE,9,490.5531,6758.319
95,FALSE,10,490.3185,6758.649
95,FALSE,11,489.8774,6759.271
95,FALSE,12,489.3894,6760.148
95,FALSE,13,489.1017,6760.938
95,FALSE,14,488.9165,6761.933
95,FALSE,15,489.0018,6762.719
95,FALSE,16,489.152,6763.747
95,FALSE,17,489.5149,6764.437
95,FALSE,18,489.9029,6764.926
95,FALSE,19,490.4035,6765.503
95,FALSE,20,490.4852,6765.763
95,FALSE,21,490.5351,6765.921
95,FALSE,22,490.7169,6766.083
95,FALSE,23,490.802,6765.717
95,FALSE,24,490.8708,6765.421
95,FALSE,25,490.9568,6764.738
95,FALSE,26,491.0959,6764.738
95,FALSE,27,491.2919,6764.739
95,FALSE,28,491.5297,6764.702
95,FALSE,29,491.83,6764.677
95,FALSE,30,492.0302,6764.501
95,FALSE,31,492.2429,6764.289
95,FALSE,32,492.4932,6764.038
95,FALSE,33,492.8686,6763.65
95,FALSE,34,493.0813,6763.549
95,FALSE,35,493.707,6763.6
95,FALSE,36,494.4954,6763.851
95,FALSE,37,495.1837,6764.429
95,FALSE,38,495.7594,6765.006
95,FALSE,39,496.4352,6765.659
95,FALSE,40,497.1235,6766.336
95,FALSE,41,497.8994,6766.675
95,FALSE,42,498.6127,6767.015
95,FALSE,43,499.4136,6767.304
95,FALSE,44,499.9517,6767.467
95,FALSE,45,500.4773,6767.656
95,FALSE,46,500.7151,6768.358
95,FALSE,47,501.1031,6768.785
95,FALSE,48,501.8664,6769.249
95,FALSE,49,502.2294,6769.663
95,FALSE,50,502.8301,6769.965
95,FALSE,51,503.2806,6770.592
95,FALSE,52,503.4058,6771.532
95,FALSE,53,503.3308,6772.222
95,FALSE,54,503.2933,6773.125
95,FALSE,55,503.3435,6773.701
95,FALSE,56,503.4436,6773.965
95,FALSE,57,503.6063,6774.329
95,FALSE,58,503.7315,6774.68
95,FALSE,59,504.0694,6775.019
95,FALSE,60,504.5574,6775.245
95,FALSE,61,505.083,6775.571
95,FALSE,62,505.5461,6775.659
95,FALSE,63,505.7463,6775.973
95,FALSE,64,505.9341,6776.6
95,FALSE,65,506.2595,6777.302
95,FALSE,66,506.418,6777.613
95,FALSE,67,506.8937,6776.867
95,FALSE,68,507.4608,6777.504
95,FALSE,69,507.9239,6777.855
95,FALSE,70,508.3583,6778.088
95,FALSE,71,508.487,6778.157
95,FALSE,72,508.8374,6778.358
95,FALSE,73,509.1628,6778.508
95,FALSE,74,509.3647,6778.639
95,FALSE,75,509.5883,6778.785
95,FALSE,76,510.1389,6778.986
95,FALSE,77,510.5644,6779.212
95,FALSE,78,511.115,6779.488
95,FALSE,79,511.5378,6779.738
95,FALSE,80,512.2288,6779.978
95,FALSE,81,513.2925,6780.468
95,FALSE,82,514.1184,6780.807
95,FALSE,83,514.7817,6780.87
95,FALSE,84,515.6701,6780.67
95,FALSE,85,516.4334,6780.307
95,FALSE,86,517.4219,6779.481
95,FALSE,87,517.7973,6778.929
95,FALSE,88,517.96,6778.591
95,FALSE,89,518.0976,6778.19
95,FALSE,90,518.7233,6778.178
95,FALSE,91,519.1613,6778.228
95,FALSE,92,519.4915,6778.309
95,FALSE,93,520.7755,6778.555
95,FALSE,94,521.4888,6778.631
95,FALSE,95,522.1145,6778.506
95,FALSE,96,523.0781,6778.244
95,FALSE,97,523.5911,6778.106
95,FALSE,98,524.0541,6777.881
95,FALSE,99,524.467,6777.693
95,FALSE,100,524.5791,6777.575
95,FALSE,101,524.637,6778.442
95,FALSE,102,525.01,6780.163
95,FALSE,103,525.2728,6781.607
95,FALSE,104,525.4879,6782.775
95,FALSE,105,525.6118,6783.29
95,FALSE,106,525.814,6784.132
95,FALSE,107,526.0023,6784.681
95,FALSE,108,526.1068,6784.987
95,FALSE,109,526.2923,6785.227
95,FALSE,110,526.8856,6784.556
95,FALSE,111,527.7157,6783.962
95,FALSE,112,527.8231,6783.864
95,FALSE,113,527.9088,6783.301
95,FALSE,114,527.8712,6782.523
95,FALSE,115,528.0338,6781.859
95,FALSE,116,528.234,6781.282
95,FALSE,117,528.4091,6780.881
95,FALSE,118,528.8346,6780.393
95,FALSE,119,529.5103,6780.28
95,FALSE,120,530.4113,6780.331
95,FALSE,121,530.9119,6780.432
95,FALSE,122,531.2623,6780.721
95,FALSE,123,531.4985,6780.899
95,FALSE,124,532.0382,6781.398
95,FALSE,125,532.6514,6782.126
95,FALSE,126,533.1771,6782.691
95,FALSE,127,533.8278,6782.817
95,FALSE,128,534.3033,6782.717
95,FALSE,129,534.6787,6782.617
95,FALSE,130,534.9054,6782.291
95,FALSE,131,534.5641,6781.318
95,FALSE,132,534.1481,6780.237
95,FALSE,133,533.8335,6779.005
95,FALSE,134,533.6366,6778.119
95,FALSE,135,534.5156,6778.529
95,FALSE,136,535.3291,6779.056
95,FALSE,137,536.3928,6779.584
95,FALSE,138,537.6943,6780.137
95,FALSE,139,538.3826,6780.751
95,FALSE,140,539.0083,6781.304
95,FALSE,141,539.4588,6781.329
95,FALSE,142,540.2598,6781.869
95,FALSE,143,541.0231,6782.434
95,FALSE,144,541.6739,6782.973
95,FALSE,145,542.3998,6783.601
95,FALSE,146,543.2132,6784.304
95,FALSE,147,543.7889,6785.044
95,FALSE,148,544.2895,6785.822
95,FALSE,149,544.6775,6786.575
95,FALSE,150,544.7889,6786.854
95,FALSE,151,544.9779,6787.327
95,FALSE,152,545.2783,6788.117
95,FALSE,153,545.5537,6788.707
95,FALSE,154,545.9044,6789.254
95,FALSE,155,546.0388,6789.328
95,FALSE,156,546.2169,6789.522
95,FALSE,157,546.6424,6789.761
95,FALSE,158,547.0179,6790.037
95,FALSE,159,547.0805,6790.413
95,FALSE,160,546.7802,6790.965
95,FALSE,161,546.7177,6791.466
95,FALSE,162,546.8179,6792.131
95,FALSE,163,546.6052,6792.808
95,FALSE,164,546.1673,6793.209
95,FALSE,165,545.7293,6793.647
95,FALSE,166,545.3039,6794.061
95,FALSE,167,544.0651,6794.599
95,FALSE,168,543.577,6794.084
95,FALSE,169,543.4268,6793.733
95,FALSE,170,543.1639,6793.181
95,FALSE,171,542.9512,6792.817
95,FALSE,172,542.8009,6792.303
95,FALSE,173,542.8259,6791.902
95,FALSE,174,542.6507,6791.325
95,FALSE,175,542.3629,6790.898
95,FALSE,176,542.0124,6790.334
95,FALSE,177,541.7246,6789.932
95,FALSE,178,541.1739,6789.092
95,FALSE,179,540.9236,6788.866
95,FALSE,180,540.5857,6788.515
95,FALSE,181,540.3978,6788.326
95,FALSE,182,540.1978,6788.126
95,FALSE,183,539.7096,6787.536
95,FALSE,184,539.1965,6786.909
95,FALSE,185,538.7335,6786.545
95,FALSE,186,538.308,6786.206
95,FALSE,187,537.8324,6785.817
95,FALSE,188,537.4319,6785.578
95,FALSE,189,536.9814,6785.239
95,FALSE,190,536.6185,6785.013
95,FALSE,191,536.2681,6784.837
95,FALSE,192,535.8053,6784.693
95,FALSE,193,535.8591,6784.878
95,FALSE,194,536.2236,6786.123
95,FALSE,195,536.6249,6787.455
95,FALSE,196,536.7415,6787.894
95,FALSE,197,536.6439,6788.461
95,FALSE,198,536.7441,6789.251
95,FALSE,199,536.7191,6790.33
95,FALSE,200,536.7192,6791.182
95,FALSE,201,536.4815,6792.06
95,FALSE,202,536.2313,6792.686
95,FALSE,203,535.8434,6793.275
95,FALSE,204,535.2053,6793.914
95,FALSE,205,534.6547,6793.977
95,FALSE,206,534.5545,6793.362
95,FALSE,207,534.4793,6792.434
95,FALSE,208,534.4543,6792.046
95,FALSE,209,534.7296,6792.083
95,FALSE,210,535.105,6792.008
95,FALSE,211,535.3302,6791.595
95,FALSE,212,535.3783,6791.228
95,FALSE,213,535.4553,6791.156
95,FALSE,214,535.3051,6790.291
95,FALSE,215,535.1298,6789.601
95,FALSE,216,534.9796,6788.962
95,FALSE,217,534.8669,6788.585
95,FALSE,218,534.6416,6788.422
95,FALSE,219,534.2288,6788.81
95,FALSE,220,533.9535,6789.349
95,FALSE,221,533.7408,6790.014
95,FALSE,222,533.428,6790.528
95,FALSE,223,532.9275,6790.928
95,FALSE,224,532.1517,6791.254
95,FALSE,225,531.4884,6791.266
95,FALSE,226,530.7001,6791.253
95,FALSE,227,530.2496,6791.064
95,FALSE,228,529.8491,6790.851
95,FALSE,229,529.3235,6790.599
95,FALSE,230,528.898,6790.461
95,FALSE,231,528.3481,6790.486
95,FALSE,232,528.6793,6791.229
95,FALSE,233,529.1583,6792.248
95,FALSE,234,528.7354,6791.763
95,FALSE,235,527.6718,6792.103
95,FALSE,236,526.408,6792.553
95,FALSE,237,525.0941,6792.991
95,FALSE,238,523.8803,6793.404
95,FALSE,239,522.7666,6793.867
95,FALSE,240,521.9407,6794.355
95,FALSE,241,521.4402,6794.806
95,FALSE,242,521.1024,6795.157
95,FALSE,243,520.9271,6794.48
95,FALSE,244,520.4515,6793.501
95,FALSE,245,520.051,6792.661
95,FALSE,246,519.2876,6791.682
95,FALSE,247,518.4616,6790.841
95,FALSE,248,517.8609,6790.302
95,FALSE,249,517.0599,6789.536
95,FALSE,250,516.3358,6788.819
95,FALSE,251,516.1333,6788.501
95,FALSE,252,515.7208,6788.194
95,FALSE,253,515.0951,6787.754
95,FALSE,254,514.6821,6786.989
95,FALSE,255,514.2441,6786.424
95,FALSE,256,513.6684,6785.772
95,FALSE,257,513.3805,6785.32
95,FALSE,258,513.1052,6785.007
95,FALSE,259,512.7923,6784.593
95,FALSE,260,512.5044,6784.091
95,FALSE,261,512.2041,6783.903
95,FALSE,262,511.8401,6783.67
95,FALSE,263,511.4908,6783.3
95,FALSE,264,510.815,6782.836
95,FALSE,265,510.0141,6782.547
95,FALSE,266,509.2287,6782.427
95,FALSE,267,508.6027,6782.882
95,FALSE,268,508.0345,6783.491
95,FALSE,269,507.0996,6784.572
95,FALSE,270,506.4036,6785.506
95,FALSE,271,505.6316,6786.539
95,FALSE,272,504.9733,6787.461
95,FALSE,273,504.0996,6788.681
95,FALSE,274,503.8944,6788.997
95,FALSE,275,503.9205,6789.2
95,FALSE,276,503.8579,6789.701
95,FALSE,277,503.858,6790.24
95,FALSE,278,503.9206,6791.03
95,FALSE,279,503.9332,6791.645
95,FALSE,280,504.0459,6792.297
95,FALSE,281,504.1336,6793.087
95,FALSE,282,504.2963,6793.789
95,FALSE,283,504.5967,6794.68
95,FALSE,284,504.847,6795.219
95,FALSE,285,505.1223,6795.62
95,FALSE,286,505.5479,6796.235
95,FALSE,287,505.8983,6796.775
95,FALSE,288,506.2488,6797.464
95,FALSE,289,506.8245,6798.33
95,FALSE,290,507.225,6798.857
95,FALSE,291,507.5754,6799.873
95,FALSE,292,507.7131,6800.525
95,FALSE,293,507.9509,6800.839
95,FALSE,294,508.2263,6801.115
95,FALSE,295,508.827,6801.692
95,FALSE,296,509.728,6802.194
95,FALSE,297,510.2661,6802.659
95,FALSE,298,511.0796,6803.111
95,FALSE,299,511.8805,6803.663
95,FALSE,300,513.1444,6804.316
95,FALSE,301,512.3978,6804.579
95,FALSE,302,511.823,6804.806
95,FALSE,303,510.9982,6805.098
95,FALSE,304,509.8241,6805.654
95,FALSE,305,508.3013,6806.6
95,FALSE,306,506.7918,6807.696
95,FALSE,307,505.1816,6808.705
95,FALSE,308,503.8977,6809.876
95,FALSE,309,502.7496,6810.645
95,FALSE,310,501.8647,6811.464
95,FALSE,311,501.2173,6812.243
95,FALSE,312,500.6329,6813.085
95,FALSE,313,500.1104,6813.789
95,FALSE,314,499.7891,6814.681
95,FALSE,315,499.3546,6815.459
95,FALSE,316,498.8578,6816.301
95,FALSE,317,498.4222,6816.854
95,FALSE,318,498.1868,6817.369
95,FALSE,319,497.5207,6816.795
95,FALSE,320,496.7701,6816.911
95,FALSE,321,496.4582,6817.125
95,FALSE,322,496.0818,6817.709
95,FALSE,323,496.0221,6817.827
95,FALSE,324,495.6623,6818.257
95,FALSE,325,495.3783,6819.097
95,FALSE,326,494.9813,6819.876
95,FALSE,327,494.4962,6820.542
95,FALSE,328,493.7232,6821.222
95,FALSE,329,493.4503,6821.525
95,FALSE,330,493.2436,6821.755
95,FALSE,331,492.8705,6822.173
95,FALSE,332,492.7374,6822.337
95,FALSE,333,492.3538,6822.775
95,FALSE,334,491.8301,6823.298
95,FALSE,335,491.5445,6823.8
95,FALSE,336,491.2972,6824.441
95,FALSE,337,491.1113,6824.843
95,FALSE,338,491.0129,6825.347
95,FALSE,339,490.5194,6825.667
95,FALSE,340,490.3309,6825.805
95,FALSE,341,490.2316,6826.801
95,FALSE,342,490.0886,6828.369
95,FALSE,343,489.8936,6829.51
95,FALSE,344,489.8124,6830.902
95,FALSE,345,489.593,6832.169
95,FALSE,346,489.4091,6833.01
95,FALSE,347,489.2626,6833.812
95,FALSE,348,489.1471,6833.863
95,FALSE,349,488.8826,6834.106
95,FALSE,350,488.4046,6835.044
95,FALSE,351,488.0586,6836.011
95,FALSE,352,487.737,6836.852
95,FALSE,353,487.4911,6837.818
95,FALSE,354,487.357,6838.596
95,FALSE,355,486.9985,6839.562
95,FALSE,356,486.5634,6840.216
95,FALSE,357,485.6529,6840.921
95,FALSE,358,485.1291,6841.35
95,FALSE,359,484.7438,6841.953
95,FALSE,360,484.6478,6842.843
95,FALSE,361,484.7007,6843.445
95,FALSE,362,484.8051,6844.359
95,FALSE,363,484.8253,6844.52
95,FALSE,364,484.909,6845.186
95,FALSE,365,484.7631,6846.102
95,FALSE,366,484.3789,6846.943
95,FALSE,367,484.169,6847.571
95,FALSE,368,483.9839,6848.136
95,FALSE,369,484.0885,6848.309
95,FALSE,370,483.9363,6848.675
95,FALSE,371,484.0272,6849.376
95,FALSE,372,484.1561,6850.191
95,FALSE,373,484.3234,6851.168
95,FALSE,374,484.5671,6852.445
95,FALSE,375,484.7593,6853.385
95,FALSE,376,485.0008,6854.174
95,FALSE,377,485.2937,6855.263
95,FALSE,378,485.536,6856.227
95,FALSE,379,485.6897,6856.966
95,FALSE,380,485.8306,6857.803
95,FALSE,381,485.7135,6857.819
95,FALSE,382,485.6342,6858.508
95,FALSE,383,485.5388,6859.537
95,FALSE,384,485.3932,6860.528
95,FALSE,385,485.3091,6861.28
95,FALSE,386,485.0445,6862.048
95,FALSE,387,485.0526,6862.158
95,FALSE,388,484.934,6862.544
95,FALSE,389,484.9169,6862.715
95,FALSE,390,484.8709,6862.877
95,FALSE,391,484.7926,6863.288
95,FALSE,392,484.6768,6863.673
95,FALSE,393,484.522,6863.65
95,FALSE,394,484.0445,6863.524
95,FALSE,395,483.7858,6863.455
95,FALSE,396,483.6008,6863.446
95,FALSE,397,483.7583,6864.307
95,FALSE,398,483.9895,6865.56
95,FALSE,399,484.1078,6866.775
95,FALSE,400,484.124,6867.577
95,FALSE,401,484.14,6868.329
95,FALSE,402,484.3081,6869.482
95,FALSE,403,484.3743,6870.271
95,FALSE,404,484.3887,6870.66
95,FALSE,405,484.0812,6871.154
95,FALSE,406,483.6606,6872.052
95,FALSE,407,483.0411,6872.824
95,FALSE,408,482.6084,6873.672
95,FALSE,409,481.949,6874.706
95,FALSE,410,481.3796,6875.465
95,FALSE,411,480.7347,6876.274
95,FALSE,412,480.1132,6877.271
95,FALSE,413,479.5428,6878.143
95,FALSE,414,479.1262,6878.578
95,FALSE,415,478.3965,6879.608
95,FALSE,416,478.2748,6880.348
95,FALSE,417,478.0676,6881.565
95,FALSE,418,477.8721,6882.606
95,FALSE,419,477.8891,6883.571
95,FALSE,420,478.0822,6884.724
95,FALSE,421,478.1637,6886.102
95,FALSE,422,477.9794,6886.843
95,FALSE,423,477.5951,6887.659
95,FALSE,424,477.3715,6888.036
95,FALSE,425,476.8239,6888.715
95,FALSE,426,476.6371,6888.929
95,FALSE,427,476.4117,6888.904
95,FALSE,428,476.3617,6888.796
95,FALSE,429,476.0353,6888.73
95,FALSE,430,475.8357,6888.869
95,FALSE,431,475.6746,6889.208
95,FALSE,432,475.5007,6889.51
95,FALSE,433,475.2269,6889.849
95,FALSE,434,474.959,6890.001
95,FALSE,435,474.8274,6890.076
95,FALSE,436,474.4379,6889.764
95,FALSE,437,473.9732,6889.44
95,FALSE,438,473.8087,6889.052
95,FALSE,439,473.6578,6888.903
95,FALSE,440,473.3572,6888.879
95,FALSE,441,472.8931,6888.667
95,FALSE,442,472.53,6888.656
95,FALSE,443,472.1048,6888.733
95,FALSE,444,471.7425,6888.897
95,FALSE,445,471.5684,6889.149
95,FALSE,446,471.4827,6889.55
95,FALSE,447,471.4096,6889.989
95,FALSE,448,471.3237,6890.353
95,FALSE,449,471.2009,6890.88
95,FALSE,450,471.0775,6891.269
95,FALSE,451,470.6921,6891.835
95,FALSE,452,470.4374,6891.081
95,FALSE,453,470.2043,6890.565
95,FALSE,454,469.9684,6890.375
95,FALSE,455,469.7591,6889.997
95,FALSE,456,469.6013,6889.444
95,FALSE,457,469.3946,6888.765
95,FALSE,458,469.2253,6888.112
95,FALSE,459,469.1071,6887.321
95,FALSE,460,469.0544,6886.835
95,FALSE,461,468.9913,6886.255
95,FALSE,462,468.9364,6885.737
95,FALSE,463,468.9373,6885.276
95,FALSE,464,468.8731,6884.874
95,FALSE,465,468.7832,6884.31
95,FALSE,466,468.6811,6883.821
95,FALSE,467,468.5311,6883.104
95,FALSE,468,468.3053,6881.749
95,FALSE,469,468.1127,6880.895
95,FALSE,470,468.0777,6880.606
95,FALSE,471,467.692,6878.948
95,FALSE,472,467.4476,6878.294
95,FALSE,473,467.3532,6877.641
95,FALSE,474,467.2448,6877.164
95,FALSE,475,467.0369,6876.623
95,FALSE,476,466.8068,6875.769
95,FALSE,477,466.5784,6874.714
95,FALSE,478,466.2227,6873.908
95,FALSE,479,465.9061,6872.928
95,FALSE,480,465.7864,6872.468
95,FALSE,481,465.5615,6872.286
95,FALSE,482,465.3273,6871.895
95,FALSE,483,464.9549,6871.578
95,FALSE,484,464.6246,6871.178
95,FALSE,485,464.4228,6870.934
95,FALSE,486,464.1919,6870.155
95,FALSE,487,463.9494,6869.958
95,FALSE,488,463.5834,6869.66
95,FALSE,489,463.0769,6868.941
95,FALSE,490,462.7322,6868.324
95,FALSE,491,462.4884,6867.595
95,FALSE,492,462.0442,6866.901
95,FALSE,493,461.6991,6866.321
95,FALSE,494,461.4193,6865.429
95,FALSE,495,461.2109,6864.938
95,FALSE,496,461.712,6864.843
95,FALSE,497,462.3125,6864.823
95,FALSE,498,462.8558,6864.813
95,FALSE,499,463.3188,6864.804
95,FALSE,500,463.6384,6864.798
95,FALSE,501,464.3918,6864.643
95,FALSE,502,464.6909,6864.582
95,FALSE,503,465.955,6864.468
95,FALSE,504,466.5745,6864.398
95,FALSE,505,466.8324,6863.908
95,FALSE,506,467.2048,6863.23
95,FALSE,507,467.6897,6862.514
95,FALSE,508,468.2617,6861.684
95,FALSE,509,468.7083,6860.818
95,FALSE,510,469.1783,6859.587
95,FALSE,511,469.9485,6858.318
95,FALSE,512,469.9147,6857.1
95,FALSE,513,469.9798,6856.977
95,FALSE,514,470.2268,6856.249
95,FALSE,515,470.4493,6855.634
95,FALSE,516,470.7341,6854.968
95,FALSE,517,470.9947,6854.466
95,FALSE,518,471.5045,6853.737
95,FALSE,519,471.965,6853.158
95,FALSE,520,472.5259,6852.655
95,FALSE,521,473.3386,6852.439
95,FALSE,522,474.1509,6852.147
95,FALSE,523,474.7493,6851.618
95,FALSE,524,475.0216,6850.953
95,FALSE,525,475.4564,6850.224
95,FALSE,526,475.7534,6849.484
95,FALSE,527,476.288,6848.692
95,FALSE,528,476.7966,6847.687
95,FALSE,529,477.1437,6846.971
95,FALSE,530,477.8032,6846.104
95,FALSE,531,478.3511,6845.487
95,FALSE,532,479.0483,6844.67
95,FALSE,533,479.392,6844.123
95,FALSE,534,479.5564,6843.565
95,FALSE,535,479.6923,6843.176
95,FALSE,536,479.941,6842.811
95,FALSE,537,480.4025,6842.458
95,FALSE,538,481.1537,6842.493
95,FALSE,539,481.929,6842.315
95,FALSE,540,482.2784,6842.075
95,FALSE,541,482.8397,6841.634
95,FALSE,542,483.2756,6841.156
95,FALSE,543,483.7861,6840.578
95,FALSE,544,484.2961,6839.886
95,FALSE,545,484.619,6839.333
95,FALSE,546,484.7654,6838.493
95,FALSE,547,484.8438,6837.945
95,FALSE,548,484.8624,6837.816
95,FALSE,549,484.8341,6837.126
95,FALSE,550,484.857,6836.65
95,FALSE,551,485.0533,6835.809
95,FALSE,552,485.4781,6835.62
95,FALSE,553,486.2649,6835.228
95,FALSE,554,486.6873,6834.549
95,FALSE,555,486.9956,6833.533
95,FALSE,556,487.1425,6832.818
95,FALSE,557,487.3027,6832.266
95,FALSE,558,487.3107,6831.3
95,FALSE,559,487.3699,6830.573
95,FALSE,560,487.3545,6829.946
95,FALSE,561,487.2134,6829.207
95,FALSE,562,486.9977,6828.581
95,FALSE,563,486.972,6828.444
95,FALSE,564,486.6318,6827.956
95,FALSE,565,486.1171,6827.645
95,FALSE,566,485.8696,6827.512
95,FALSE,567,485.9388,6826.981
95,FALSE,568,486.1841,6825.889
95,FALSE,569,486.5185,6825.124
95,FALSE,570,486.9161,6824.483
95,FALSE,571,487.5869,6823.364
95,FALSE,572,487.8221,6822.787
95,FALSE,573,488.0246,6822.059
95,FALSE,574,488.256,6821.895
95,FALSE,575,488.6373,6820.44
95,FALSE,576,489.0937,6818.971
95,FALSE,577,489.587,6817.377
95,FALSE,578,489.9672,6815.671
95,FALSE,579,490.5592,6813.751
95,FALSE,580,491.1513,6811.868
95,FALSE,581,491.3558,6810.088
95,FALSE,582,491.7584,6807.817
95,FALSE,583,491.947,6805.297
95,FALSE,584,491.8273,6803.768
95,FALSE,585,491.8844,6802.602
95,FALSE,586,491.7776,6801.148
95,FALSE,587,491.6468,6799.945
95,FALSE,588,491.3809,6799.295
95,FALSE,589,490.8389,6798.482
95,FALSE,590,490.3078,6797.331
95,FALSE,591,489.7368,6795.653
95,FALSE,592,489.1795,6794.264
95,FALSE,593,488.5213,6792.7
95,FALSE,594,487.6513,6791.324
95,FALSE,595,486.5683,6789.937
95,FALSE,596,485.5603,6788.512
95,FALSE,597,485.0308,6787.711
95,FALSE,598,484.3134,6786.874
95,FALSE,599,483.6205,6785.912
95,FALSE,600,482.8404,6785.05
95,FALSE,601,481.6836,6783.939
95,FALSE,602,480.8274,6782.876
95,FALSE,603,479.2824,6781.729
95,FALSE,604,477.4626,6780.708
95,FALSE,605,475.744,6779.913
95,FALSE,606,474.54,6779.428
95,FALSE,607,473.2484,6778.932
95,FALSE,608,472.9262,6778.834
95,FALSE,609,473.0746,6778.228
95,FALSE,610,473.1495,6777.485
95,FALSE,611,472.3723,6777.25
95,FALSE,612,471.6715,6777.024
95,FALSE,613,470.808,6776.722
95,FALSE,614,470.0697,6776.533
95,FALSE,615,469.2062,6776.144
95,FALSE,616,468.155,6775.792
95,FALSE,617,467.0538,6775.415
95,FALSE,618,466.0526,6775.013
95,FALSE,619,465.3643,6774.536
95,FALSE,620,464.3632,6774.059
95,FALSE,621,463.5998,6773.569
95,FALSE,622,462.5736,6772.841
95,FALSE,623,463.6748,6772.867
95,FALSE,624,465.3142,6773.558
95,FALSE,625,466.1777,6773.884
95,FALSE,626,467.3164,6774.462
95,FALSE,627,468.5428,6774.902
95,FALSE,628,469.8318,6775.166
95,FALSE,629,470.7328,6775.631
95,FALSE,630,471.2083,6775.644
95,FALSE,631,472.1719,6775.795
95,FALSE,632,472.9102,6775.846
95,FALSE,633,473.4691,6775.936
95,FALSE,634,473.5494,6775.413
95,FALSE,635,473.8961,6774.388
95,FALSE,636,474.0002,6773.917
95,FALSE,637,474.1695,6773.15
95,FALSE,638,474.4152,6772.225
95,FALSE,639,474.731,6771.349
95,FALSE,640,475.0562,6770.438
95,FALSE,641,475.4205,6769.785
95,FALSE,642,475.3123,6769.039
95,FALSE,643,475.187,6768.124
95,FALSE,644,475.0869,6767.622
95,FALSE,645,474.9992,6766.883
95,FALSE,646,474.9741,6766.281
95,FALSE,647,474.924,6765.679
95,FALSE,648,474.8865,6765.491
95,FALSE,649,474.7988,6765.039
95,FALSE,650,474.6987,6764.55
95,FALSE,651,474.6361,6763.835
95,FALSE,652,474.6235,6763.146
95,FALSE,653,474.5233,6762.418
95,FALSE,654,474.4732,6761.879
95,FALSE,655,474.373,6761.265
95,FALSE,656,474.2103,6760.725
95,FALSE,657,474.1478,6760.515
95,FALSE,658,474.1056,6760.373
95,FALSE,659,474.0726,6760.261
95,FALSE,660,473.9099,6759.898
95,FALSE,661,473.7097,6759.521
95,FALSE,662,473.4969,6759.145
95,FALSE,663,473.3105,6759.023
95,FALSE,664,473.1715,6758.932
95,FALSE,665,472.4582,6758.73
95,FALSE,666,471.5697,6758.379
95,FALSE,667,470.894,6758.378
95,FALSE,668,470.4435,6758.39
95,FALSE,669,470.0305,6758.428
95,FALSE,670,470.2557,6758.052
95,FALSE,671,470.3933,6757.663
95,FALSE,672,470.8188,6756.911
95,FALSE,673,471.532,6756.423
95,FALSE,674,472.3328,6756.298
95,FALSE,675,473.0086,6756.486
95,FALSE,676,473.6093,6756.838
95,FALSE,677,474.2976,6757.227
95,FALSE,678,474.623,6757.541
95,FALSE,679,474.764,6757.575
95,FALSE,680,475.0359,6757.642
95,FALSE,681,475.3863,6757.629
95,FALSE,682,475.8243,6757.617
95,FALSE,683,476.1747,6757.655
95,FALSE,684,476.5001,6757.593
95,FALSE,685,476.938,6757.656
95,FALSE,686,477.351,6757.719
95,FALSE,687,477.6523,6757.743
95,FALSE,688,477.9016,6757.957
95,FALSE,689,478.8527,6757.958
95,FALSE,690,479.566,6758.021
95,FALSE,691,480.4669,6758.022
95,FALSE,692,481.3407,6758.276
95,FALSE,693,481.4332,6758.958
95,FALSE,694,481.9186,6759.102
95,FALSE,695,482.5318,6758.977
95,FALSE,696,483.1825,6758.89
95,FALSE,697,484.1711,6758.765
95,FALSE,698,485.047,6758.352
95,FALSE,699,485.7227,6757.763
95,FALSE,700,486.0847,6757.23
95,FALSE,701,486.3358,6756.51
95,FALSE,702,486.5985,6756.034
95,FALSE,703,486.6735,6755.545
95,FALSE,704,486.7368,6755.349
95,FALSE,705,486.8112,6755.118
95,FALSE,706,487.1615,6754.354
95,FALSE,707,487.8247,6753.778
95,FALSE,708,488.663,6753.289
95,FALSE,709,489.8018,6752.776
95,FALSE,710,490.4025,6752.386
96,TRUE,1,470.6981,6885.016
96,TRUE,2,470.5868,6885.304
96,TRUE,3,470.4135,6885.731
96,TRUE,4,470.3653,6886.145
96,TRUE,5,470.3935,6886.822
96,TRUE,6,470.4205,6887.248
96,TRUE,7,470.1974,6887.738
96,TRUE,8,470.212,6888.176
96,TRUE,9,470.4146,6888.677
96,TRUE,10,470.704,6888.989
96,TRUE,11,471.1485,6889.225
96,TRUE,12,471.306,6889.008
96,TRUE,13,471.6247,6888.322
96,TRUE,14,472.2077,6887.437
96,TRUE,15,472.0353,6887.242
96,TRUE,16,472.1089,6886.928
96,TRUE,17,472.2074,6886.577
96,TRUE,18,472.4554,6886.062
96,TRUE,19,472.6043,6885.785
96,TRUE,20,472.4528,6885.485
96,TRUE,21,472.2513,6885.248
96,TRUE,22,471.9997,6884.973
96,TRUE,23,471.749,6884.899
96,TRUE,24,471.511,6884.849
96,TRUE,25,471.273,6884.825
96,TRUE,26,470.96,6884.814
97,TRUE,1,473.7017,6885.358
97,TRUE,2,473.3095,6885.868
97,TRUE,3,472.8786,6886.516
97,TRUE,4,472.8089,6886.612
97,TRUE,5,472.7733,6887.126
97,TRUE,6,472.9891,6887.777
97,TRUE,7,473.3658,6888.039
97,TRUE,8,473.6045,6888.213
97,TRUE,9,473.9176,6888.25
97,TRUE,10,474.1672,6888.073
97,TRUE,11,474.4038,6887.822
97,TRUE,12,474.4904,6887.596
97,TRUE,13,474.6269,6887.332
97,TRUE,14,474.7259,6887.093
97,TRUE,15,474.6618,6886.755
97,TRUE,16,474.435,6886.443
97,TRUE,17,474.4073,6885.879
97,TRUE,18,474.3803,6885.44
97,TRUE,19,474.2293,6885.265
97,TRUE,20,473.9242,6884.999
98,FALSE,1,352.9286,6883.312
98,FALSE,2,353.3367,6883.392
98,FALSE,3,353.3658,6883.629
98,FALSE,4,353.4502,6883.987
98,FALSE,5,353.708,6883.986
98,FALSE,6,354.0832,6883.871
98,FALSE,7,354.3094,6884.059
98,FALSE,8,354.4117,6884.522
98,FALSE,9,354.4144,6885.136
98,FALSE,10,353.8277,6885.54
98,FALSE,11,353.3524,6885.667
98,FALSE,12,352.9771,6885.744
98,FALSE,13,352.7829,6885.817
98,FALSE,14,352.7835,6885.772
98,FALSE,15,352.8123,6883.37
98,FALSE,16,352.8142,6883.22
99,FALSE,1,445.1075,6803.071
99,FALSE,2,444.8738,6803.974
99,FALSE,3,444.7426,6805.366
99,FALSE,4,444.5466,6806.295
99,FALSE,5,444.3135,6807.311
99,FALSE,6,444.3055,6808.289
99,FALSE,7,444.4369,6809.642
99,FALSE,8,444.5055,6810.574
99,FALSE,9,444.8429,6811.671
99,FALSE,10,445.4335,6812.768
99,FALSE,11,445.7041,6812.959
99,FALSE,12,446.2187,6813.258
99,FALSE,13,447.2713,6813.492
99,FALSE,14,447.7973,6813.54
99,FALSE,15,448.2624,6813.964
99,FALSE,16,448.2015,6814.341
99,FALSE,17,447.6541,6815.057
99,FALSE,18,446.931,6815.687
99,FALSE,19,446.6488,6816.916
99,FALSE,20,446.9638,6817.366
99,FALSE,21,447.5423,6817.941
99,FALSE,22,448.7711,6818.387
99,FALSE,23,449.7105,6818.522
99,FALSE,24,451.2397,6818.954
99,FALSE,25,451.8438,6819.654
99,FALSE,26,452.171,6820.016
99,FALSE,27,452.2863,6820.478
99,FALSE,28,452.2993,6820.705
99,FALSE,29,452.2068,6820.95
99,FALSE,30,452.0768,6821.295
99,FALSE,31,451.3568,6822.509
99,FALSE,32,450.8045,6823.24
99,FALSE,33,450.6073,6823.521
99,FALSE,34,450.1751,6824.117
99,FALSE,35,449.9008,6824.475
99,FALSE,36,449.3303,6825.605
99,FALSE,37,449.1428,6826.157
99,FALSE,38,448.909,6826.547
99,FALSE,39,448.6903,6827.09
99,FALSE,40,448.5048,6827.551
99,FALSE,41,448.3836,6827.639
99,FALSE,42,447.942,6828.569
99,FALSE,43,447.712,6830.262
99,FALSE,44,447.5539,6831.266
99,FALSE,45,447.4081,6832.206
99,FALSE,46,447.2883,6833.373
99,FALSE,47,447.2979,6834.037
99,FALSE,48,447.3068,6834.651
99,FALSE,49,447.4501,6835.867
99,FALSE,50,447.6916,6836.655
99,FALSE,51,447.9947,6837.231
99,FALSE,52,448.4587,6837.43
99,FALSE,53,449.0262,6838.317
99,FALSE,54,449.9194,6839.279
99,FALSE,55,450.7111,6839.941
99,FALSE,56,451.3906,6840.715
99,FALSE,57,451.2919,6841.016
99,FALSE,58,451.1266,6841.304
99,FALSE,59,451.0683,6841.406
99,FALSE,60,451.0193,6841.632
99,FALSE,61,450.8207,6841.983
99,FALSE,62,450.6576,6841.909
99,FALSE,63,450.3338,6842.274
99,FALSE,64,449.9978,6842.689
99,FALSE,65,449.7861,6842.94
99,FALSE,66,449.4243,6843.205
99,FALSE,67,449.1382,6843.594
99,FALSE,68,448.7588,6843.865
99,FALSE,69,448.627,6844.035
99,FALSE,70,448.3541,6844.563
99,FALSE,71,448.5085,6845.477
99,FALSE,72,448.6741,6846.091
99,FALSE,73,448.7897,6846.717
99,FALSE,74,448.7927,6847.369
99,FALSE,75,448.8202,6847.895
99,FALSE,76,448.8962,6848.083
99,FALSE,77,448.8491,6848.735
99,FALSE,78,448.8025,6849.487
99,FALSE,79,448.5697,6850.566
99,FALSE,80,448.5498,6851.682
99,FALSE,81,448.6675,6852.772
99,FALSE,82,448.735,6853.837
99,FALSE,83,448.741,6855.116
99,FALSE,84,448.8458,6856.118
99,FALSE,85,448.8622,6856.971
99,FALSE,86,448.9054,6858.186
99,FALSE,87,448.7219,6859.115
99,FALSE,88,448.7243,6859.62
99,FALSE,89,448.6839,6859.726
99,FALSE,90,448.7653,6860.368
99,FALSE,91,448.945,6861.32
99,FALSE,92,449.5508,6862.396
99,FALSE,93,450.2559,6863.283
99,FALSE,94,450.9999,6864.458
99,FALSE,95,451.6429,6865.446
99,FALSE,96,452.3498,6866.735
99,FALSE,97,452.7409,6867.372
99,FALSE,98,453.6043,6868.139
99,FALSE,99,453.6732,6868.804
99,FALSE,100,453.6893,6869.082
99,FALSE,101,453.7275,6869.744
99,FALSE,102,453.8071,6870.66
99,FALSE,103,453.9226,6871.751
99,FALSE,104,454.0148,6872.642
99,FALSE,105,454.2178,6873.747
99,FALSE,106,454.333,6874.876
99,FALSE,107,454.663,6875.757
99,FALSE,108,454.9546,6876.737
99,FALSE,109,455.1235,6877.44
99,FALSE,110,455.2055,6878.08
99,FALSE,111,455.5109,6878.91
99,FALSE,112,455.7178,6879.564
99,FALSE,113,455.8617,6880.267
99,FALSE,114,456.1157,6881.26
99,FALSE,115,456.4202,6882.19
99,FALSE,116,456.8475,6882.892
99,FALSE,117,456.3951,6883.366
99,FALSE,118,455.984,6883.794
99,FALSE,119,455.4604,6884.26
99,FALSE,120,454.8115,6884.713
99,FALSE,121,454.2225,6884.553
99,FALSE,122,453.5188,6883.979
99,FALSE,123,452.7398,6883.355
99,FALSE,124,452.1359,6882.705
99,FALSE,125,451.4689,6881.931
99,FALSE,126,450.513,6880.957
99,FALSE,127,449.6823,6879.982
99,FALSE,128,448.65,6878.72
99,FALSE,129,447.6943,6877.784
99,FALSE,130,447.0652,6877.084
99,FALSE,131,446.8649,6877.085
99,FALSE,132,446.5498,6876.61
99,FALSE,133,446.2221,6876.122
99,FALSE,134,445.6427,6875.347
99,FALSE,135,445.365,6874.859
99,FALSE,136,445.2282,6874.646
99,FALSE,137,444.9237,6874.172
99,FALSE,138,444.6466,6873.809
99,FALSE,139,444.0812,6873.36
99,FALSE,140,443.7283,6873.073
99,FALSE,141,443.6304,6873.312
99,FALSE,142,443.4289,6873.062
99,FALSE,143,442.9254,6872.462
99,FALSE,144,442.4333,6871.599
99,FALSE,145,442.2891,6870.208
99,FALSE,146,442.1969,6869.218
99,FALSE,147,442.2545,6868.153
99,FALSE,148,442.7637,6867.273
99,FALSE,149,443.4712,6865.967
99,FALSE,150,444.1563,6865.237
99,FALSE,151,445.0538,6864.431
99,FALSE,152,445.9003,6863.4
99,FALSE,153,446.9849,6862.443
99,FALSE,154,447.518,6861.729
99,FALSE,155,447.2922,6860.378
99,FALSE,156,447.2221,6859.958
99,FALSE,157,447.1087,6858.616
99,FALSE,158,446.9431,6857.536
99,FALSE,159,446.6891,6856.544
99,FALSE,160,446.6868,6855.378
99,FALSE,161,446.5851,6854.137
99,FALSE,162,446.3828,6852.956
99,FALSE,163,446.2161,6851.99
99,FALSE,164,446.2271,6851.728
99,FALSE,165,446.2482,6851.226
99,FALSE,166,446.2635,6850.862
99,FALSE,167,445.9608,6849.719
99,FALSE,168,445.7965,6849.013
99,FALSE,169,445.6715,6848.475
99,FALSE,170,445.0543,6846.126
99,FALSE,171,444.5899,6844.881
99,FALSE,172,444.39,6843.425
99,FALSE,173,444.317,6841.757
99,FALSE,174,444.1771,6840.591
99,FALSE,175,444.2135,6839.287
99,FALSE,176,444.2114,6838.097
99,FALSE,177,444.1686,6837.269
99,FALSE,178,444.1832,6836.838
99,FALSE,179,444.2193,6835.765
99,FALSE,180,444.4032,6834.723
99,FALSE,181,444.5614,6833.826
99,FALSE,182,444.5398,6833.681
99,FALSE,183,436.8944,6829.778
99,FALSE,184,435.7956,6830.384
99,FALSE,185,435.1019,6831.953
99,FALSE,186,432.3355,6830.724
99,FALSE,187,431.8293,6830.787
99,FALSE,188,431.605,6831.001
99,FALSE,189,431.3309,6831.291
99,FALSE,190,430.9314,6831.505
99,FALSE,191,430.5184,6831.532
99,FALSE,192,430.1664,6831.208
99,FALSE,193,429.9763,6830.707
99,FALSE,194,429.6112,6830.257
99,FALSE,195,428.8067,6829.52
99,FALSE,196,427.827,6828.822
99,FALSE,197,426.6343,6828.062
99,FALSE,198,425.7182,6827.564
99,FALSE,199,424.7645,6827.067
99,FALSE,200,423.5338,6826.206
99,FALSE,201,421.6146,6825.349
99,FALSE,202,420.5484,6824.877
99,FALSE,203,419.1818,6824.406
99,FALSE,204,418.1792,6824.146
99,FALSE,205,417.1384,6823.762
99,FALSE,206,416.2526,6823.21
99,FALSE,207,416.6054,6823.276
99,FALSE,208,416.284,6823.076
99,FALSE,209,416.1853,6822.887
99,FALSE,210,415.7662,6822.087
99,FALSE,211,416.0509,6821.397
99,FALSE,212,416.7228,6820.517
99,FALSE,213,417.2961,6819.975
99,FALSE,214,418.2063,6819.207
99,FALSE,215,418.8545,6818.603
99,FALSE,216,419.9155,6817.96
99,FALSE,217,420.902,6817.442
99,FALSE,218,421.8761,6816.949
99,FALSE,219,423.1247,6816.255
99,FALSE,220,424.3743,6815.774
99,FALSE,221,425.525,6815.581
99,FALSE,222,426.8374,6815.15
99,FALSE,223,427.8993,6814.707
99,FALSE,224,429.6117,6814.149
99,FALSE,225,430.8501,6813.956
99,FALSE,226,432.4141,6813.812
99,FALSE,227,433.1783,6813.935
99,FALSE,228,434.2923,6813.93
99,FALSE,229,435.6691,6813.888
99,FALSE,230,436.8069,6813.607
99,FALSE,231,438.7097,6813.625
99,FALSE,232,440.1187,6813.527
99,FALSE,233,440.3489,6813.493
99,FALSE,234,440.9736,6813.228
99,FALSE,235,441.5452,6812.984
99,FALSE,236,441.4944,6812.691
99,FALSE,237,441.4323,6812.042
99,FALSE,238,441.9046,6811.532
99,FALSE,239,442.213,6810.553
99,FALSE,240,442.4597,6809.762
99,FALSE,241,442.7688,6808.934
99,FALSE,242,443.0268,6807.88
99,FALSE,243,443.4475,6806.825
99,FALSE,244,443.7432,6805.796
99,FALSE,245,443.8523,6805.031
99,FALSE,246,444.0105,6804.065
99,FALSE,247,444.0456,6803.526
99,FALSE,248,444.3288,6802.51
99,FALSE,249,444.841,6802.282
100,FALSE,1,456.6353,6873.086
100,FALSE,2,456.8509,6873.687
100,FALSE,3,456.9036,6874.251
100,FALSE,4,456.8552,6874.615
100,FALSE,5,456.7695,6875.016
100,FALSE,6,456.6081,6875.305
100,FALSE,7,456.5355,6875.857
100,FALSE,8,456.4875,6876.308
100,FALSE,9,456.6914,6877.072
100,FALSE,10,456.6921,6877.222
100,FALSE,11,456.7935,6877.51
100,FALSE,12,456.7821,6877.749
100,FALSE,13,456.7712,6878.1
100,FALSE,14,456.6478,6878.464
100,FALSE,15,456.4463,6878.201
100,FALSE,16,456.2692,6877.813
100,FALSE,17,456.1673,6877.425
100,FALSE,18,455.8637,6876.749
100,FALSE,19,455.7363,6876.273
100,FALSE,20,455.6461,6875.71
100,FALSE,21,455.6429,6875.033
100,FALSE,22,455.7532,6874.518
100,FALSE,23,455.9132,6873.929
100,FALSE,24,456.0614,6873.502
100,FALSE,25,456.3086,6872.812
101,FALSE,1,439.7156,6874.016
101,FALSE,2,439.8672,6874.317
101,FALSE,3,440.2457,6874.954
101,FALSE,4,440.6493,6875.617
101,FALSE,5,440.9649,6876.193
101,FALSE,6,441.3434,6876.843
101,FALSE,7,441.4201,6877.181
101,FALSE,8,441.322,6877.608
101,FALSE,9,441.0582,6877.421
101,FALSE,10,440.4919,6876.771
101,FALSE,11,440.0895,6876.384
101,FALSE,12,440.0994,6875.807
101,FALSE,13,440.0224,6875.394
101,FALSE,14,439.6688,6874.731
101,FALSE,15,439.365,6874.005
101,FALSE,16,439.4264,6873.742
102,FALSE,1,432.3852,6872.415
102,FALSE,2,432.6888,6873.103
102,FALSE,3,432.8533,6873.479
102,FALSE,4,433.0692,6874.142
102,FALSE,5,433.2221,6874.731
102,FALSE,6,433.7398,6875.681
102,FALSE,7,434.143,6876.269
102,FALSE,8,434.3075,6876.644
102,FALSE,9,433.9825,6876.733
102,FALSE,10,433.4046,6876.297
102,FALSE,11,432.8886,6875.685
102,FALSE,12,432.5718,6874.859
102,FALSE,13,432.066,6873.77
102,FALSE,14,431.8735,6872.743
102,FALSE,15,432.1087,6872.165
103,FALSE,1,573.4146,6859.94
103,FALSE,2,573.7071,6860.929
103,FALSE,3,574.1105,6861.542
103,FALSE,4,574.5537,6862.631
103,FALSE,5,574.9238,6864.197
103,FALSE,6,575.0527,6865.011
103,FALSE,7,575.3221,6866.452
103,FALSE,8,575.4906,6867.717
103,FALSE,9,575.5831,6868.82
103,FALSE,10,575.5128,6869.899
103,FALSE,11,575.6553,6870.939
103,FALSE,12,575.7212,6871.678
103,FALSE,13,575.7483,6872.09
103,FALSE,14,575.0802,6871.614
103,FALSE,15,574.4719,6871.107
103,FALSE,16,574.1382,6870.901
103,FALSE,17,574.0738,6870.117
103,FALSE,18,574.0309,6868.926
103,FALSE,19,573.8752,6867.711
103,FALSE,20,573.7949,6866.558
103,FALSE,21,573.5638,6865.28
103,FALSE,22,573.3607,6864.666
103,FALSE,23,573.0691,6863.878
103,FALSE,24,572.7901,6863.089
103,FALSE,25,572.6358,6862.174
103,FALSE,26,572.7706,6861.522
103,FALSE,27,572.8421,6860.707
103,FALSE,28,572.8769,6860.092
103,FALSE,29,572.9751,6859.653
103,FALSE,30,573.0861,6859.289
104,FALSE,1,566.6723,6864.316
104,FALSE,2,567.1488,6864.477
104,FALSE,3,567.7379,6864.6
104,FALSE,4,568.3892,6864.623
104,FALSE,5,568.9404,6864.684
104,FALSE,6,569.0381,6864.843
104,FALSE,7,569.1927,6865.096
104,FALSE,8,569.1309,6865.285
104,FALSE,9,568.6561,6865.5
104,FALSE,10,568.2174,6865.426
104,FALSE,11,567.4536,6865.417
104,FALSE,12,566.8016,6865.231
104,FALSE,13,566.0984,6864.795
104,FALSE,14,565.721,6864.42
104,FALSE,15,566.0833,6864.231
105,FALSE,1,451.1145,6854.079
105,FALSE,2,451.643,6854.653
105,FALSE,3,452.4484,6855.578
105,FALSE,4,453.265,6856.227
105,FALSE,5,454.1721,6857.477
105,FALSE,6,455.3825,6859.352
105,FALSE,7,456.8529,6860.6
105,FALSE,8,457.5327,6861.437
105,FALSE,9,457.7364,6862.164
105,FALSE,10,458.0263,6862.601
105,FALSE,11,458.203,6862.914
105,FALSE,12,458.5311,6863.477
105,FALSE,13,458.4576,6863.815
105,FALSE,14,458.1818,6863.741
105,FALSE,15,457.6912,6863.217
105,FALSE,16,457.0113,6862.379
105,FALSE,17,455.9063,6861.619
105,FALSE,18,455.4665,6861.27
105,FALSE,19,455.2383,6860.656
105,FALSE,20,454.6581,6859.693
105,FALSE,21,454.3158,6858.767
105,FALSE,22,453.7364,6858.005
105,FALSE,23,452.8804,6856.955
105,FALSE,24,452.0752,6856.093
105,FALSE,25,451.1451,6855.27
105,FALSE,26,450.5287,6854.608
105,FALSE,27,450.4635,6854.056
106,FALSE,1,456.7431,6855.825
106,FALSE,2,457.2721,6856.524
106,FALSE,3,458.2291,6857.737
106,FALSE,4,458.5951,6858.387
106,FALSE,5,459.5653,6859.75
106,FALSE,6,460.372,6860.937
106,FALSE,7,460.3956,6861.71
106,FALSE,8,460.0356,6861.277
106,FALSE,9,459.6198,6860.69
106,FALSE,10,459.2919,6860.177
106,FALSE,11,458.5364,6859.227
106,FALSE,12,457.996,6858.765
106,FALSE,13,457.4801,6858.191
106,FALSE,14,457.2133,6857.327
106,FALSE,15,456.6705,6856.364
106,FALSE,16,456.4923,6855.725
107,FALSE,1,488.8036,6850.912
107,FALSE,2,489.0687,6851.4
107,FALSE,3,489.2459,6851.826
107,FALSE,4,489.1531,6852.212
107,FALSE,5,488.8244,6852.717
107,FALSE,6,488.5,6852.932
107,FALSE,7,488.2007,6853.171
107,FALSE,8,487.9125,6853.109
107,FALSE,9,487.5227,6852.735
107,FALSE,10,487.4697,6852.096
107,FALSE,11,487.6429,6851.669
107,FALSE,12,488.0165,6851.241
107,FALSE,13,488.3647,6850.751
108,FALSE,1,475.1028,6846.866
108,FALSE,2,475.1542,6847.142
108,FALSE,3,475.1179,6847.342
108,FALSE,4,475.0565,6847.681
108,FALSE,5,474.9821,6847.819
108,FALSE,6,474.7459,6848.171
108,FALSE,7,474.5214,6848.348
108,FALSE,8,474.0605,6848.851
108,FALSE,9,473.511,6849.116
108,FALSE,10,472.9741,6849.419
108,FALSE,11,472.5878,6849.784
108,FALSE,12,472.2644,6850.237
108,FALSE,13,471.8146,6850.426
108,FALSE,14,471.85,6849.962
108,FALSE,15,472.1856,6849.435
108,FALSE,16,472.7085,6848.818
108,FALSE,17,473.2191,6848.252
108,FALSE,18,473.8423,6847.686
108,FALSE,19,474.453,6847.094
108,FALSE,20,474.8398,6846.83
109,FALSE,1,570.0324,6845.661
109,FALSE,2,570.3336,6845.822
109,FALSE,3,570.4608,6846.261
109,FALSE,4,570.6879,6846.636
109,FALSE,5,570.7903,6847.124
109,FALSE,6,570.7494,6847.421
109,FALSE,7,570.5416,6847.539
109,FALSE,8,570.3284,6847.465
109,FALSE,9,570.1144,6847.202
109,FALSE,10,569.8752,6846.915
109,FALSE,11,569.5608,6846.628
109,FALSE,12,569.3348,6846.478
109,FALSE,13,569.1198,6846.003
109,FALSE,14,569.1174,6845.463
109,FALSE,15,569.4426,6845.387
109,FALSE,16,569.8181,6845.348
110,FALSE,1,475.7355,6845.635
110,FALSE,2,475.6737,6845.798
110,FALSE,3,475.4235,6845.825
110,FALSE,4,475.0478,6845.801
110,FALSE,5,474.6478,6845.915
110,FALSE,6,474.3107,6846.105
110,FALSE,7,473.9111,6846.307
110,FALSE,8,473.6725,6846.157
110,FALSE,9,473.8713,6845.83
110,FALSE,10,474.1209,6845.679
110,FALSE,11,474.7713,6845.564
110,FALSE,12,475.2844,6845.524
111,FALSE,1,475.3151,6844.045
111,FALSE,2,475.6165,6844.257
111,FALSE,3,476.0673,6844.28
111,FALSE,4,476.4804,6844.291
111,FALSE,5,476.5684,6844.379
111,FALSE,6,476.4813,6844.492
111,FALSE,7,476.294,6844.58
111,FALSE,8,475.9945,6844.782
111,FALSE,9,475.7325,6844.971
111,FALSE,10,475.4455,6845.173
111,FALSE,11,475.069,6844.973
111,FALSE,12,474.8791,6844.498
111,FALSE,13,474.8517,6843.984
111,FALSE,14,475.0134,6843.77
112,FALSE,1,567.226,6839.754
112,FALSE,2,567.4911,6840.242
112,FALSE,3,567.6932,6840.617
112,FALSE,4,567.8587,6841.218
112,FALSE,5,567.9987,6841.732
112,FALSE,6,568.1265,6842.308
112,FALSE,7,568.2291,6842.847
112,FALSE,8,568.3083,6843.217
112,FALSE,9,568.1439,6843.411
112,FALSE,10,567.893,6843.299
112,FALSE,11,567.6538,6842.999
112,FALSE,12,567.4386,6842.486
112,FALSE,13,567.3224,6841.722
112,FALSE,14,567.1941,6841.008
112,FALSE,15,566.9277,6840.244
112,FALSE,16,566.6998,6839.681
112,FALSE,17,566.9367,6839.467
113,FALSE,1,493.6788,6837.483
113,FALSE,2,494.0499,6837.692
113,FALSE,3,494.4139,6837.917
113,FALSE,4,494.7043,6838.442
113,FALSE,5,494.6443,6839.006
113,FALSE,6,494.1827,6839.334
113,FALSE,7,493.8338,6839.699
113,FALSE,8,493.2587,6839.839
113,FALSE,9,492.5303,6839.328
113,FALSE,10,492.4027,6838.814
113,FALSE,11,492.4384,6838.413
113,FALSE,12,492.6356,6837.748
113,FALSE,13,492.9597,6837.446
114,FALSE,1,473.2166,6835.51
114,FALSE,2,473.361,6835.654
114,FALSE,3,473.3244,6835.867
114,FALSE,4,473.0753,6836.144
114,FALSE,5,472.8006,6836.283
114,FALSE,6,472.3753,6836.347
114,FALSE,7,471.9365,6836.211
114,FALSE,8,471.7966,6835.735
114,FALSE,9,472.2214,6835.545
114,FALSE,10,472.872,6835.493
115,FALSE,1,459.9299,6822.255
115,FALSE,2,460.3958,6822.843
115,FALSE,3,461.0377,6823.605
115,FALSE,4,461.5916,6824.28
115,FALSE,5,462.3089,6825.104
115,FALSE,6,462.8366,6825.516
115,FALSE,7,463.4511,6825.752
115,FALSE,8,464.1154,6825.937
115,FALSE,9,464.6034,6825.898
115,FALSE,10,464.9797,6826.072
115,FALSE,11,465.6214,6826.771
115,FALSE,12,466.1129,6827.496
115,FALSE,13,466.6401,6827.808
115,FALSE,14,467.0658,6827.818
115,FALSE,15,467.8784,6827.59
115,FALSE,16,468.4281,6827.362
115,FALSE,17,468.7403,6827.21
115,FALSE,18,469.1264,6826.783
115,FALSE,19,469.0037,6827.322
115,FALSE,20,468.8548,6827.586
115,FALSE,21,468.731,6827.9
115,FALSE,22,468.5937,6827.988
115,FALSE,23,467.9947,6828.379
115,FALSE,24,467.232,6828.582
115,FALSE,25,466.4563,6828.673
115,FALSE,26,465.9152,6828.049
115,FALSE,27,465.5375,6827.586
115,FALSE,28,465.1218,6827.024
115,FALSE,29,464.7445,6826.637
115,FALSE,30,464.1178,6826.451
115,FALSE,31,463.4539,6826.366
115,FALSE,32,462.9655,6826.318
115,FALSE,33,462.4878,6825.893
115,FALSE,34,461.9093,6825.294
115,FALSE,35,461.3935,6824.744
115,FALSE,36,460.5383,6823.895
115,FALSE,37,460.073,6823.42
115,FALSE,38,459.8829,6822.932
115,FALSE,39,459.8309,6822.519
115,FALSE,40,459.3129,6821.48
116,FALSE,1,564.0904,6824.634
116,FALSE,2,564.2429,6825.147
116,FALSE,3,564.5826,6825.484
116,FALSE,4,564.6967,6825.797
116,FALSE,5,564.8012,6826.762
116,FALSE,6,564.8418,6827.439
116,FALSE,7,564.7696,6828.104
116,FALSE,8,564.647,6828.277
116,FALSE,9,564.4078,6828.394
116,FALSE,10,564.1693,6828.269
116,FALSE,11,564.0921,6827.806
116,FALSE,12,564.0389,6827.116
116,FALSE,13,563.9864,6826.59
116,FALSE,14,563.8958,6825.913
116,FALSE,15,563.7172,6825.187
116,FALSE,16,563.5645,6824.636
116,FALSE,17,563.7505,6824.234
117,FALSE,1,468.324399997875,6825.4510000002
117,FALSE,2,468.47009999821,6825.61900000075
117,FALSE,3,468.534899997874,6826.09500000017
117,FALSE,4,468.38559999862,6826.29700000113
117,FALSE,5,468.049399998653,6826.68599999798
117,FALSE,6,467.587999998038,6827.06399999921
117,FALSE,7,466.938400001885,6827.35499999788
117,FALSE,8,466.53730000069,6827.21899999834
117,FALSE,9,466.435300001575,6826.81799999872
117,FALSE,10,466.4087,6826.49199999887
117,FALSE,11,466.632300000847,6826.12800000195
117,FALSE,12,467.044100001483,6825.83800000192
117,FALSE,13,467.90589999872,6825.43400000212
118,FALSE,1,468.0749,6823.888
118,FALSE,2,467.9054,6824.114
118,FALSE,3,467.4534,6824.623
118,FALSE,4,467.1771,6824.822
118,FALSE,5,466.6907,6825.213
118,FALSE,6,466.3411,6825.414
118,FALSE,7,465.8784,6825.517
118,FALSE,8,465.665,6825.379
118,FALSE,9,465.9641,6825.09
118,FALSE,10,466.5133,6824.749
118,FALSE,11,467.2243,6824.22
118,FALSE,12,467.7977,6823.679
118,FALSE,13,467.9722,6823.626
119,FALSE,1,466.8165,6822.655
119,FALSE,2,467.0435,6823.018
119,FALSE,3,466.8821,6823.294
119,FALSE,4,466.608,6823.583
119,FALSE,5,466.3469,6823.973
119,FALSE,6,466.0982,6824.325
119,FALSE,7,465.7864,6824.577
119,FALSE,8,465.2367,6824.792
119,FALSE,9,464.8489,6824.856
119,FALSE,10,464.6106,6824.757
119,FALSE,11,464.6467,6824.443
119,FALSE,12,464.8574,6823.991
119,FALSE,13,465.0436,6823.652
119,FALSE,14,465.341,6822.999
119,FALSE,15,465.5906,6822.823
119,FALSE,16,465.9657,6822.733
119,FALSE,17,466.4158,6822.619
120,FALSE,1,604.5751,6805.17
120,FALSE,2,604.7251,6805.334
120,FALSE,3,604.7251,6810.422
120,FALSE,4,604.3883,6811
120,FALSE,5,604.136,6810.575
120,FALSE,6,603.9088,6810.162
120,FALSE,7,603.8301,6809.385
120,FALSE,8,603.8156,6808.946
120,FALSE,9,603.6806,6808.634
120,FALSE,10,603.7118,6808.119
120,FALSE,11,603.7593,6807.542
120,FALSE,12,603.8818,6806.94
120,FALSE,13,604.0302,6806.526
120,FALSE,14,604.166,6806.086
120,FALSE,15,604.3144,6805.672
120,FALSE,16,604.3993,6805.057
121,FALSE,1,604.1523,6800.219
121,FALSE,2,604.2679,6800.871
121,FALSE,3,604.4092,6801.672
121,FALSE,4,604.4123,6802.362
121,FALSE,5,604.2949,6802.665
121,FALSE,6,604.2136,6802.739
121,FALSE,7,603.9121,6802.514
121,FALSE,8,603.7347,6802.051
121,FALSE,9,603.4913,6800.836
121,FALSE,10,603.514,6800.309
121,FALSE,11,603.6375,6799.92
121,FALSE,12,603.9626,6799.819
122,FALSE,1,445.6387,6798.832
122,FALSE,2,445.7407,6799.233
122,FALSE,3,445.7431,6799.759
122,FALSE,4,445.508,6800.349
122,FALSE,5,445.2714,6800.613
122,FALSE,6,445.2093,6800.726
122,FALSE,7,444.9826,6800.426
122,FALSE,8,444.9925,6799.862
122,FALSE,9,445.1895,6799.147
122,FALSE,10,445.4754,6798.732
123,FALSE,1,540.3737,6796.853
123,FALSE,2,540.6991,6797.242
123,FALSE,3,540.9244,6797.831
123,FALSE,4,541.0121,6798.395
123,FALSE,5,540.9119,6798.721
123,FALSE,6,540.7493,6799.035
123,FALSE,7,540.3739,6798.784
123,FALSE,8,540.0988,6798.547
123,FALSE,9,539.3101,6797.955
123,FALSE,10,538.8471,6797.579
123,FALSE,11,538.5342,6797.039
123,FALSE,12,538.8596,6796.851
123,FALSE,13,539.3851,6796.902
123,FALSE,14,539.7605,6796.852
123,FALSE,15,540.0483,6796.84
124,FALSE,1,604.3848,6793.423
124,FALSE,2,604.5608,6793.585
124,FALSE,3,604.7251,6793.857
124,FALSE,4,604.7251,6797.595
124,FALSE,5,604.5433,6797.852
124,FALSE,6,604.4556,6798.036
124,FALSE,7,604.1029,6797.574
124,FALSE,8,603.9996,6796.885
124,FALSE,9,603.858,6796.02
124,FALSE,10,603.8303,6795.431
124,FALSE,11,603.8265,6794.579
124,FALSE,12,603.886,6793.889
124,FALSE,13,604.1341,6793.374
125,FALSE,1,403.2476,6795.854
125,FALSE,2,403.3752,6795.904
125,FALSE,3,403.5919,6795.891
125,FALSE,4,403.77,6795.801
125,FALSE,5,403.9481,6795.711
125,FALSE,6,404.241,6795.646
125,FALSE,7,404.4702,6795.569
125,FALSE,8,404.687,6795.619
125,FALSE,9,404.8145,6795.619
125,FALSE,10,405.0062,6795.771
125,FALSE,11,405.224,6796.114
125,FALSE,12,405.2886,6796.343
125,FALSE,13,405.2642,6796.662
125,FALSE,14,405.2143,6796.968
125,FALSE,15,405.1259,6797.224
125,FALSE,16,404.9862,6797.352
125,FALSE,17,404.7317,6797.48
125,FALSE,18,404.4897,6797.506
125,FALSE,19,404.1968,6797.597
125,FALSE,20,403.9162,6797.534
125,FALSE,21,403.6869,6797.56
125,FALSE,22,403.4321,6797.587
125,FALSE,23,403.1772,6797.6
125,FALSE,24,402.5436,6797.659
125,FALSE,25,402.5652,6795.265
126,FALSE,1,408.6562,6793.489
126,FALSE,2,408.7588,6793.667
126,FALSE,3,408.8618,6793.972
126,FALSE,4,408.9015,6794.393
126,FALSE,5,408.9408,6794.686
126,FALSE,6,408.9925,6794.902
126,FALSE,7,409.0444,6795.17
126,FALSE,8,409.1859,6795.539
126,FALSE,9,409.2633,6795.794
126,FALSE,10,408.9976,6796.368
126,FALSE,11,408.8329,6796.675
126,FALSE,12,408.5909,6796.714
126,FALSE,13,408.3608,6796.511
126,FALSE,14,408.1306,6796.282
126,FALSE,15,407.8619,6795.99
126,FALSE,16,407.5678,6795.698
126,FALSE,17,407.3118,6795.38
126,FALSE,18,407.1067,6795.062
126,FALSE,19,407.08,6794.693
126,FALSE,20,407.1423,6794.31
126,FALSE,21,407.422,6794.092
126,FALSE,22,407.5999,6793.951
126,FALSE,23,407.8924,6793.746
126,FALSE,24,407.9813,6793.644
126,FALSE,25,408.1592,6793.503
126,FALSE,26,408.299,6793.388
126,FALSE,27,408.4263,6793.349
127,FALSE,1,449.7218,6771.037
127,FALSE,2,450.4226,6771.239
127,FALSE,3,451.1734,6771.415
127,FALSE,4,452.0244,6771.591
127,FALSE,5,452.7393,6771.82
127,FALSE,6,452.8455,6771.814
127,FALSE,7,453.2258,6771.793
127,FALSE,8,453.939,6771.919
127,FALSE,9,453.8139,6772.257
127,FALSE,10,453.2634,6772.846
127,FALSE,11,452.5751,6772.983
127,FALSE,12,451.8869,6772.945
127,FALSE,13,451.3488,6772.769
127,FALSE,14,450.5228,6772.731
127,FALSE,15,450.1975,6772.868
127,FALSE,16,449.7721,6773.269
127,FALSE,17,449.6345,6773.821
127,FALSE,18,449.5344,6774.699
127,FALSE,19,449.4219,6775.639
127,FALSE,20,449.1467,6776.353
127,FALSE,21,449.0716,6776.917
127,FALSE,22,449.1343,6777.745
127,FALSE,23,449.1969,6778.46
127,FALSE,24,449.2595,6779.062
127,FALSE,25,449.3973,6780.353
127,FALSE,26,449.1721,6781.118
127,FALSE,27,448.9845,6782.071
127,FALSE,28,448.6592,6782.685
127,FALSE,29,448.6718,6783.876
127,FALSE,30,448.747,6784.691
127,FALSE,31,448.8221,6785.494
127,FALSE,32,448.7096,6786.221
127,FALSE,33,448.5094,6787.449
127,FALSE,34,448.3343,6788.54
127,FALSE,35,447.7213,6790.333
127,FALSE,36,447.3335,6791.912
127,FALSE,37,446.9833,6793.003
127,FALSE,38,446.6705,6794.244
127,FALSE,39,446.4454,6795.711
127,FALSE,40,446.1201,6796.262
127,FALSE,41,445.9824,6795.773
127,FALSE,42,445.9573,6795.021
127,FALSE,43,446.0824,6794.168
127,FALSE,44,446.2324,6793.103
127,FALSE,45,446.4952,6792.137
127,FALSE,46,446.7328,6791.21
127,FALSE,47,447.0456,6790.132
127,FALSE,48,447.1581,6788.853
127,FALSE,49,447.3331,6787.323
127,FALSE,50,447.5457,6785.605
127,FALSE,51,447.921,6784.502
127,FALSE,52,448.1587,6783.224
127,FALSE,53,448.1586,6782.12
127,FALSE,54,448.0583,6780.565
127,FALSE,55,448.2334,6779.613
127,FALSE,56,448.5086,6778.008
127,FALSE,57,448.5836,6777.356
127,FALSE,58,448.4209,6776.415
127,FALSE,59,448.3958,6775.262
127,FALSE,60,448.5208,6774.347
127,FALSE,61,448.4957,6773.632
127,FALSE,62,448.3079,6772.528
127,FALSE,63,448.2327,6771.525
127,FALSE,64,448.3392,6771.451
127,FALSE,65,448.5408,6771.493
127,FALSE,66,448.6746,6771.448
127,FALSE,67,448.7458,6771.338
127,FALSE,68,448.8208,6771.024
127,FALSE,69,448.9084,6770.811
127,FALSE,70,449.1837,6770.811
128,FALSE,1,405.4463,6788.107
128,FALSE,2,405.9718,6788.144
128,FALSE,3,406.685,6788.182
128,FALSE,4,407.0728,6788.484
128,FALSE,5,407.6458,6788.801
128,FALSE,6,407.6844,6788.903
128,FALSE,7,407.7361,6789.107
128,FALSE,8,407.6857,6789.285
128,FALSE,9,407.5464,6789.541
128,FALSE,10,407.4321,6789.656
128,FALSE,11,407.2286,6789.784
128,FALSE,12,407.0505,6789.887
128,FALSE,13,406.8724,6789.977
128,FALSE,14,406.6816,6790.079
128,FALSE,15,406.5799,6790.169
128,FALSE,16,406.4146,6790.284
128,FALSE,17,406.249,6790.31
128,FALSE,18,405.9561,6790.362
128,FALSE,19,405.7013,6790.414
128,FALSE,20,405.2682,6790.48
128,FALSE,21,405.1281,6790.506
128,FALSE,22,404.9114,6790.494
128,FALSE,23,404.5671,6790.444
128,FALSE,24,404.3889,6790.521
128,FALSE,25,404.1855,6790.675
128,FALSE,26,403.9058,6790.88
128,FALSE,27,403.7787,6790.957
128,FALSE,28,403.5498,6791.123
128,FALSE,29,403.3465,6791.29
128,FALSE,30,402.5963,6791.804
128,FALSE,31,402.609,6790.399
128,FALSE,32,403.2028,6790.27
128,FALSE,33,403.6483,6790.129
128,FALSE,34,403.9538,6790
128,FALSE,35,404.3483,6789.846
128,FALSE,36,404.7173,6789.666
128,FALSE,37,405.0102,6789.575
128,FALSE,38,405.2521,6789.511
128,FALSE,39,405.3535,6789.332
128,FALSE,40,405.2763,6789.116
128,FALSE,41,405.0716,6788.9
128,FALSE,42,404.9054,6788.76
128,FALSE,43,404.7903,6788.646
128,FALSE,44,404.6367,6788.455
128,FALSE,45,404.5598,6788.353
128,FALSE,46,404.2953,6788.231
128,FALSE,47,404.9584,6787.893
129,FALSE,1,515.6761,6706.479
129,FALSE,2,515.8638,6706.969
129,FALSE,3,516.1392,6707.608
129,FALSE,4,516.402,6708.223
129,FALSE,5,516.79,6708.787
129,FALSE,6,517.228,6709.553
129,FALSE,7,517.5034,6709.942
129,FALSE,8,517.9038,6710.005
129,FALSE,9,518.0675,6709.941
129,FALSE,10,517.7801,6709.27
129,FALSE,11,518.129,6708.839
129,FALSE,12,518.3042,6708.663
129,FALSE,13,518.4668,6708.475
129,FALSE,14,518.5669,6708.2
129,FALSE,15,518.6263,6708.046
129,FALSE,16,518.7966,6708.469
129,FALSE,17,519.0782,6709.186
129,FALSE,18,519.4579,6710.142
129,FALSE,19,519.8353,6711.374
129,FALSE,20,520.1777,6712.305
129,FALSE,21,520.6439,6713.374
129,FALSE,22,520.8992,6714.254
129,FALSE,23,521.265,6715.373
129,FALSE,24,521.6549,6716.604
129,FALSE,25,521.9733,6717.409
129,FALSE,26,522.1637,6718.564
129,FALSE,27,522.1995,6718.774
129,FALSE,28,522.6599,6720.002
129,FALSE,29,523.1481,6721.632
129,FALSE,30,523.5862,6722.962
129,FALSE,31,524.0368,6724.028
129,FALSE,32,524.8378,6725.583
129,FALSE,33,525.1132,6726.323
129,FALSE,34,525.2133,6726.474
129,FALSE,35,524.7378,6726.636
129,FALSE,36,524.2123,6726.811
129,FALSE,37,523.7618,6726.786
129,FALSE,38,523.4614,6726.711
129,FALSE,39,523.061,6726.698
129,FALSE,40,522.7458,6726.654
129,FALSE,41,522.7443,6726.17
129,FALSE,42,522.0974,6726.76
129,FALSE,43,521.7972,6727.549
129,FALSE,44,521.6971,6728.076
129,FALSE,45,521.7598,6728.966
129,FALSE,46,521.7723,6729.468
129,FALSE,47,521.9225,6730.107
129,FALSE,48,522.1603,6730.596
129,FALSE,49,522.5358,6730.923
129,FALSE,50,522.6252,6731.004
129,FALSE,51,522.6144,6732.163
129,FALSE,52,522.9238,6732.603
129,FALSE,53,523.1742,6732.955
129,FALSE,54,523.7123,6733.131
129,FALSE,55,524.3004,6733.068
129,FALSE,56,524.876,6732.868
129,FALSE,57,525.4016,6733.044
129,FALSE,58,525.9898,6733.559
129,FALSE,59,526.6155,6733.747
129,FALSE,60,527.8168,6733.297
129,FALSE,61,528.8929,6732.884
129,FALSE,62,530.3194,6732.208
129,FALSE,63,531.1453,6731.77
129,FALSE,64,533.3424,6729.849
129,FALSE,65,535.7734,6727.551
129,FALSE,66,536.9668,6726.402
129,FALSE,67,537.2762,6726.048
129,FALSE,68,537.3308,6725.92
129,FALSE,69,537.8246,6725.924
129,FALSE,70,538.0386,6725.763
129,FALSE,71,538.6172,6725.38
129,FALSE,72,539.3474,6724.822
129,FALSE,73,540.0028,6724.37
129,FALSE,74,540.4423,6723.452
129,FALSE,75,540.7676,6722.712
129,FALSE,76,541.0929,6722.211
129,FALSE,77,541.7561,6721.936
129,FALSE,78,542.7196,6721.523
129,FALSE,79,543.2201,6720.884
129,FALSE,80,543.633,6720.144
129,FALSE,81,543.8582,6719.405
129,FALSE,82,544.2836,6718.452
129,FALSE,83,545.0093,6718.014
129,FALSE,84,545.8102,6717.876
129,FALSE,85,546.5486,6718.429
129,FALSE,86,546.7989,6719.056
129,FALSE,87,547.097,6719.62
129,FALSE,88,547.3871,6720.147
129,FALSE,89,548.0504,6720.938
129,FALSE,90,548.9765,6721.791
129,FALSE,91,549.9902,6722.72
129,FALSE,92,550.5659,6723.397
129,FALSE,93,551.054,6724.087
129,FALSE,94,551.2043,6724.902
129,FALSE,95,551.1417,6725.492
129,FALSE,96,550.5787,6726.444
129,FALSE,97,549.903,6726.97
129,FALSE,98,549.5276,6727.421
129,FALSE,99,549.2398,6727.948
129,FALSE,100,549.3131,6728.195
129,FALSE,101,550.0986,6728.491
129,FALSE,102,550.7946,6728.68
129,FALSE,103,550.3537,6729.353
129,FALSE,104,550.0284,6730.268
129,FALSE,105,549.7031,6731.308
129,FALSE,106,549.5155,6732.098
129,FALSE,107,549.4154,6732.876
129,FALSE,108,549.4031,6733.778
129,FALSE,109,549.303,6734.38
129,FALSE,110,549.4031,6734.995
129,FALSE,111,549.3649,6735.975
129,FALSE,112,549.0234,6735.838
129,FALSE,113,547.7764,6735.376
129,FALSE,114,546.3169,6734.912
129,FALSE,115,545.5433,6734.692
129,FALSE,116,544.1706,6734.303
129,FALSE,117,542.4838,6734.088
129,FALSE,118,542.0353,6734.01
129,FALSE,119,541.2817,6734.474
129,FALSE,120,540.3307,6735.025
129,FALSE,121,539.5299,6735.626
129,FALSE,122,538.7541,6736.328
129,FALSE,123,537.8406,6737.33
129,FALSE,124,537.1399,6738.132
129,FALSE,125,536.3516,6738.946
129,FALSE,126,536.0764,6739.284
129,FALSE,127,535.4257,6739.635
129,FALSE,128,534.9252,6739.785
129,FALSE,129,534.312,6740.023
129,FALSE,130,534.0743,6740.198
129,FALSE,131,533.9159,6740.66
129,FALSE,132,533.2223,6741.374
129,FALSE,133,533.1233,6741.476
129,FALSE,134,532.5978,6742.053
129,FALSE,135,531.8721,6742.955
129,FALSE,136,530.9587,6743.932
129,FALSE,137,530.4707,6744.233
129,FALSE,138,529.9451,6744.684
129,FALSE,139,528.5938,6745.623
129,FALSE,140,527.9431,6746.212
129,FALSE,141,527.5927,6746.512
129,FALSE,142,527.1047,6747.064
129,FALSE,143,526.5792,6747.577
129,FALSE,144,526.4074,6747.889
129,FALSE,145,526.7313,6748.139
129,FALSE,146,526.8828,6748.237
129,FALSE,147,527.4774,6748.623
129,FALSE,148,527.9854,6749.154
129,FALSE,149,528.4572,6749.547
129,FALSE,150,528.8721,6749.992
129,FALSE,151,529.3825,6750.025
129,FALSE,152,529.6703,6750.088
129,FALSE,153,530.0958,6750.351
129,FALSE,154,530.5463,6750.627
129,FALSE,155,530.9718,6750.966
129,FALSE,156,531.4098,6751.355
129,FALSE,157,531.9104,6751.782
129,FALSE,158,532.3109,6752.309
129,FALSE,159,532.4861,6752.648
129,FALSE,160,532.386,6752.873
129,FALSE,161,532.0607,6752.861
129,FALSE,162,531.5726,6752.647
129,FALSE,163,531.022,6752.647
129,FALSE,164,530.6341,6752.684
129,FALSE,165,530.1961,6752.746
129,FALSE,166,529.5955,6753.147
129,FALSE,167,529.3077,6753.636
129,FALSE,168,529.2759,6753.983
129,FALSE,169,529.3203,6754.401
129,FALSE,170,529.4079,6754.877
129,FALSE,171,529.2078,6755.704
129,FALSE,172,528.7323,6756.594
129,FALSE,173,528.4196,6757.497
129,FALSE,174,528.0943,6758.713
129,FALSE,175,527.8817,6759.967
129,FALSE,176,527.7942,6761.045
129,FALSE,177,527.7818,6761.709
129,FALSE,178,527.8057,6762.583
129,FALSE,179,527.8194,6763.603
129,FALSE,180,527.7445,6764.781
129,FALSE,181,527.3317,6766.361
129,FALSE,182,526.7937,6767.802
129,FALSE,183,526.3433,6768.742
129,FALSE,184,525.6426,6769.971
129,FALSE,185,525.2423,6770.547
129,FALSE,186,524.8419,6771.011
129,FALSE,187,524.4039,6771.587
129,FALSE,188,523.9537,6772.041
129,FALSE,189,523.8408,6771.072
129,FALSE,190,523.8151,6770.675
129,FALSE,191,523.669,6769.698
129,FALSE,192,523.5785,6769.094
129,FALSE,193,523.5248,6768.053
129,FALSE,194,523.3049,6767.449
129,FALSE,195,523.0949,6765.667
129,FALSE,196,522.8331,6764.11
129,FALSE,197,522.6802,6762.968
129,FALSE,198,522.3823,6761.248
129,FALSE,199,521.9608,6759.339
129,FALSE,200,521.648,6757.894
129,FALSE,201,521.3729,6756.425
129,FALSE,202,520.9604,6754.942
129,FALSE,203,520.6603,6753.473
129,FALSE,204,520.4203,6752.292
129,FALSE,205,520.0154,6751.386
129,FALSE,206,519.7336,6750.706
129,FALSE,207,519.5802,6750.476
129,FALSE,208,519.3864,6751.202
129,FALSE,209,519.3818,6751.753
129,FALSE,210,519.3657,6752.179
129,FALSE,211,519.3214,6752.981
129,FALSE,212,519.2391,6753.832
129,FALSE,213,519.1333,6754.521
129,FALSE,214,519.0143,6755.284
129,FALSE,215,518.9582,6755.998
129,FALSE,216,518.9257,6756.888
129,FALSE,217,518.7818,6757.626
129,FALSE,218,518.7889,6758.24
129,FALSE,219,518.1834,6758.028
129,FALSE,220,517.7078,6757.902
129,FALSE,221,516.7442,6757.287
129,FALSE,222,515.6304,6756.283
129,FALSE,223,514.5291,6754.827
129,FALSE,224,513.4903,6753.836
129,FALSE,225,512.7315,6753.455
129,FALSE,226,512.8045,6752.985
129,FALSE,227,512.9991,6752.16
129,FALSE,228,513.2579,6751.134
129,FALSE,229,513.5468,6750.119
129,FALSE,230,513.1646,6749.623
129,FALSE,231,512.9018,6749.033
129,FALSE,232,512.6765,6748.557
129,FALSE,233,512.4262,6748.03
129,FALSE,234,512.2739,6747.516
129,FALSE,235,512.1883,6747.227
129,FALSE,236,512.0381,6746.425
129,FALSE,237,511.7878,6745.584
129,FALSE,238,511.6751,6745.346
129,FALSE,239,511.5499,6744.919
129,FALSE,240,510.9492,6743.816
129,FALSE,241,510.6363,6743.364
129,FALSE,242,510.2233,6742.937
129,FALSE,243,510.0436,6742.766
129,FALSE,244,509.6852,6742.448
129,FALSE,245,509.2096,6742.209
129,FALSE,246,508.8092,6742.109
129,FALSE,247,508.6826,6742.074
129,FALSE,248,508.4463,6742.008
129,FALSE,249,507.9833,6741.87
129,FALSE,250,507.3701,6741.781
129,FALSE,251,506.9446,6741.731
129,FALSE,252,506.3584,6741.651
129,FALSE,253,505.3053,6741.542
129,FALSE,254,504.0789,6741.603
129,FALSE,255,503.1905,6741.653
129,FALSE,256,502.4146,6741.677
129,FALSE,257,501.889,6741.677
129,FALSE,258,500.7503,6742.002
129,FALSE,259,499.6617,6742.44
129,FALSE,260,498.6356,6742.803
129,FALSE,261,497.4844,6743.566
129,FALSE,262,496.4708,6744.117
129,FALSE,263,495.9703,6744.43
129,FALSE,264,495.182,6744.969
129,FALSE,265,494.5438,6745.508
129,FALSE,266,494.1684,6745.783
129,FALSE,267,493.7287,6746.126
129,FALSE,268,493.793,6745.883
129,FALSE,269,493.9181,6745.332
129,FALSE,270,494.0182,6744.68
129,FALSE,271,494.1307,6743.99
129,FALSE,272,494.1807,6742.962
129,FALSE,273,494.5561,6742.611
129,FALSE,274,495.1317,6742.662
129,FALSE,275,495.3585,6742.734
129,FALSE,276,495.5261,6742.788
129,FALSE,277,495.9576,6742.713
129,FALSE,278,496.4707,6742.7
129,FALSE,279,497.0338,6742.438
129,FALSE,280,497.772,6741.962
129,FALSE,281,498.5854,6741.285
129,FALSE,282,499.3737,6740.872
129,FALSE,283,500.2371,6740.66
129,FALSE,284,500.8628,6740.598
129,FALSE,285,501.4218,6740.549
129,FALSE,286,505.6983,6739.773
129,FALSE,287,506.0309,6739.511
129,FALSE,288,506.4939,6739.173
129,FALSE,289,507.2196,6738.659
129,FALSE,290,508.133,6737.707
129,FALSE,291,509.0339,6736.492
129,FALSE,292,510.2101,6734.862
129,FALSE,293,511.3738,6733.66
129,FALSE,294,512.4248,6732.294
129,FALSE,295,513.1505,6731.178
129,FALSE,296,513.8511,6729.875
129,FALSE,297,514.6268,6728.308
129,FALSE,298,515.1023,6726.892
129,FALSE,299,515.4024,6725.011
129,FALSE,300,515.5274,6723.419
129,FALSE,301,515.1769,6722.039
129,FALSE,302,515.0017,6721.538
129,FALSE,303,514.7889,6721.124
129,FALSE,304,514.3759,6720.685
129,FALSE,305,513.9754,6720.271
129,FALSE,306,513.4498,6719.919
129,FALSE,307,513.0618,6719.292
129,FALSE,308,512.8114,6718.088
129,FALSE,309,513.0115,6716.684
129,FALSE,310,513.3743,6715.443
129,FALSE,311,513.6245,6714.051
129,FALSE,312,513.8997,6712.647
129,FALSE,313,514.1248,6710.892
129,FALSE,314,514.3498,6709.275
129,FALSE,315,514.6626,6707.946
129,FALSE,316,514.9253,6707.194
129,FALSE,317,515.113,6706.655
129,FALSE,318,515.2631,6706.467
130,TRUE,1,497.3989,6768.255
130,TRUE,2,497.0736,6768.455
130,TRUE,3,496.8484,6768.794
130,TRUE,4,496.6607,6769.182
130,TRUE,5,496.6858,6769.947
130,TRUE,6,496.6858,6770.185
130,TRUE,7,496.6734,6770.737
130,TRUE,8,496.6434,6770.995
130,TRUE,9,496.736,6771.076
130,TRUE,10,496.9738,6771.402
130,TRUE,11,497.5244,6771.578
130,TRUE,12,497.8998,6771.779
130,TRUE,13,498.3003,6771.942
130,TRUE,14,498.8948,6771.992
130,TRUE,15,499.0373,6772.004
130,TRUE,16,499.5642,6771.78
130,TRUE,17,499.6125,6771.567
130,TRUE,18,499.6517,6771.216
130,TRUE,19,499.539,6770.764
130,TRUE,20,499.3262,6770.087
130,TRUE,21,499.0383,6769.422
130,TRUE,22,498.7129,6768.858
130,TRUE,23,498.3375,6768.469
130,TRUE,24,497.9621,6768.255
131,FALSE,1,436.957,6745.53
131,FALSE,2,437.0696,6746.006
131,FALSE,3,437.1198,6746.771
131,FALSE,4,437.2574,6747.198
131,FALSE,5,437.3576,6747.749
131,FALSE,6,437.5953,6748.314
131,FALSE,7,438.1584,6748.64
131,FALSE,8,438.4711,6748.101
131,FALSE,9,438.7588,6747.424
131,FALSE,10,439.0089,6746.948
131,FALSE,11,439.3717,6746.496
131,FALSE,12,440.2225,6746.397
131,FALSE,13,440.5103,6747.174
131,FALSE,14,440.4854,6748.553
131,FALSE,15,440.4856,6749.506
131,FALSE,16,440.1979,6750.823
131,FALSE,17,439.8352,6751.763
131,FALSE,18,439.4099,6752.527
131,FALSE,19,439.0973,6753.267
131,FALSE,20,438.8972,6754.107
131,FALSE,21,438.9473,6755.16
131,FALSE,22,439.0225,6756.389
131,FALSE,23,438.91,6757.329
131,FALSE,24,438.6849,6758.194
131,FALSE,25,438.4474,6759.31
131,FALSE,26,438.3849,6760.251
131,FALSE,27,438.6478,6761.993
131,FALSE,28,439.0108,6763.448
131,FALSE,29,439.3113,6764.639
131,FALSE,30,439.5616,6765.58
131,FALSE,31,440.3153,6765.867
131,FALSE,32,440.7952,6766.091
131,FALSE,33,441.4874,6766.993
131,FALSE,34,442.0881,6767.458
131,FALSE,35,443.1143,6768.06
131,FALSE,36,444.153,6768.5
131,FALSE,37,445.2793,6768.752
131,FALSE,38,446.1052,6769.028
131,FALSE,39,447.0813,6769.292
131,FALSE,40,447.6081,6769.33
131,FALSE,41,447.6374,6769.681
131,FALSE,42,447.6457,6769.802
131,FALSE,43,447.6069,6770.221
131,FALSE,44,447.682,6770.685
131,FALSE,45,447.6946,6770.848
131,FALSE,46,446.8436,6770.784
131,FALSE,47,445.4921,6770.57
131,FALSE,48,444.3408,6770.356
131,FALSE,49,443.4774,6770.255
131,FALSE,50,442.226,6769.828
131,FALSE,51,440.9871,6769.689
131,FALSE,52,440.2738,6769.513
131,FALSE,53,439.2226,6769.424
131,FALSE,54,439.0224,6769.386
131,FALSE,55,438.5719,6769.273
131,FALSE,56,437.9712,6768.921
131,FALSE,57,437.3831,6768.607
131,FALSE,58,436.8199,6768.482
131,FALSE,59,436.3569,6768.594
131,FALSE,60,436.1317,6768.795
131,FALSE,61,435.7438,6768.957
131,FALSE,62,435.3934,6769.283
131,FALSE,63,435.0181,6769.797
131,FALSE,64,434.7053,6770.135
131,FALSE,65,434.0823,6770.856
131,FALSE,66,433.5444,6771.232
131,FALSE,67,432.9939,6771.445
131,FALSE,68,432.4559,6771.444
131,FALSE,69,431.9679,6771.055
131,FALSE,70,431.4277,6770.378
131,FALSE,71,430.8293,6769.864
131,FALSE,72,430.3789,6769.638
131,FALSE,73,429.5907,6769.387
131,FALSE,74,428.7399,6769.411
131,FALSE,75,428.1894,6769.536
131,FALSE,76,428.1355,6769.427
131,FALSE,77,427.8977,6769.277
131,FALSE,78,427.4347,6769.339
131,FALSE,79,427.0468,6769.652
131,FALSE,80,426.5463,6770.041
131,FALSE,81,426.1208,6770.203
131,FALSE,82,425.9581,6770.241
131,FALSE,83,425.6328,6770.378
131,FALSE,84,425.2824,6770.416
131,FALSE,85,425.3666,6770.542
131,FALSE,86,424.8695,6770.904
131,FALSE,87,424.3314,6771.067
131,FALSE,88,423.7308,6771.242
131,FALSE,89,423.2803,6771.354
131,FALSE,90,422.9049,6771.379
131,FALSE,91,422.7673,6771.592
131,FALSE,92,422.4544,6771.918
131,FALSE,93,421.9539,6771.73
131,FALSE,94,421.4533,6771.503
131,FALSE,95,421.2531,6771.328
131,FALSE,96,421.0176,6771.32
131,FALSE,97,421.8339,6770.423
131,FALSE,98,422.647,6769.533
131,FALSE,99,423.5492,6768.825
131,FALSE,100,423.2666,6768.506
131,FALSE,101,423.4367,6768.326
131,FALSE,102,423.6304,6767.982
131,FALSE,103,423.8353,6767.478
131,FALSE,104,423.7782,6767.008
131,FALSE,105,423.7226,6766.55
131,FALSE,106,423.1846,6765.822
131,FALSE,107,422.5089,6765.195
131,FALSE,108,421.6455,6764.58
131,FALSE,109,421.3326,6763.427
131,FALSE,110,421.883,6762.725
131,FALSE,111,423.3467,6761.672
131,FALSE,112,424.4851,6760.72
131,FALSE,113,424.8854,6760.281
131,FALSE,114,425.4821,6760.353
131,FALSE,115,425.7326,6760.429
131,FALSE,116,425.8698,6760.493
131,FALSE,117,426.3405,6760.712
131,FALSE,118,426.5133,6760.772
131,FALSE,119,426.6745,6760.144
131,FALSE,120,427.0247,6759.442
131,FALSE,121,427.2749,6758.828
131,FALSE,122,427.6376,6758.251
131,FALSE,123,427.8882,6757.786
131,FALSE,124,428.0629,6757.462
131,FALSE,125,428.6133,6756.559
131,FALSE,126,428.9636,6755.933
131,FALSE,127,429.1387,6755.569
131,FALSE,128,429.7267,6755.682
131,FALSE,129,429.9645,6756.071
131,FALSE,130,430.0646,6756.71
131,FALSE,131,430.1523,6757.4
131,FALSE,132,430.1648,6757.839
131,FALSE,133,430.0898,6758.478
131,FALSE,134,429.8898,6759.105
131,FALSE,135,429.7397,6759.745
131,FALSE,136,429.5646,6760.346
131,FALSE,137,429.4896,6760.923
131,FALSE,138,429.2422,6761.756
131,FALSE,139,429.7441,6761.934
131,FALSE,140,430.3967,6762.097
131,FALSE,141,430.9421,6762.234
131,FALSE,142,431.5418,6762.47
131,FALSE,143,431.7918,6761.94
131,FALSE,144,431.9293,6761.363
131,FALSE,145,432.1169,6760.799
131,FALSE,146,432.3045,6759.909
131,FALSE,147,433.03,6759.27
131,FALSE,148,433.7306,6759.007
131,FALSE,149,434.6064,6758.92
131,FALSE,150,435.3446,6758.995
131,FALSE,151,436.1703,6759.071
131,FALSE,152,436.9335,6758.833
131,FALSE,153,437.3463,6758.344
131,FALSE,154,437.4463,6757.554
131,FALSE,155,437.2085,6756.626
131,FALSE,156,436.733,6756.35
131,FALSE,157,436.3952,6756.012
131,FALSE,158,436.1699,6755.61
131,FALSE,159,436.0448,6755.021
131,FALSE,160,435.9195,6754.268
131,FALSE,161,435.7068,6753.504
131,FALSE,162,435.2063,6752.826
131,FALSE,163,434.6933,6752.914
131,FALSE,164,434.0428,6753.064
131,FALSE,165,433.3733,6753.108
131,FALSE,166,433.7151,6752.756
131,FALSE,167,433.8277,6752.329
131,FALSE,168,433.9175,6752.036
131,FALSE,169,433.9299,6751.308
131,FALSE,170,433.9674,6750.418
131,FALSE,171,433.8922,6749.678
131,FALSE,172,433.9547,6748.688
131,FALSE,173,434.1422,6747.886
131,FALSE,174,434.4174,6747.572
131,FALSE,175,434.8303,6746.946
131,FALSE,176,435.1304,6746.482
131,FALSE,177,435.4557,6746.081
131,FALSE,178,435.9561,6745.793
131,FALSE,179,436.3189,6745.492
132,FALSE,1,550.3554,6749.452
132,FALSE,2,550.781,6750.055
132,FALSE,3,551.0814,6750.694
132,FALSE,4,551.5444,6751.622
132,FALSE,5,551.6821,6752.011
132,FALSE,6,551.9324,6752.45
132,FALSE,7,552.1202,6752.802
132,FALSE,8,552.4831,6753.165
132,FALSE,9,552.8586,6753.68
132,FALSE,10,553.3843,6754.257
132,FALSE,11,553.7597,6754.709
132,FALSE,12,553.9704,6754.879
132,FALSE,13,554.1904,6754.903
132,FALSE,14,555.0637,6755.125
132,FALSE,15,555.9382,6755.196
132,FALSE,16,556.8813,6755.408
132,FALSE,17,557.1635,6755.815
132,FALSE,18,557.5014,6756.267
132,FALSE,19,558.3149,6756.618
132,FALSE,20,558.5401,6756.882
132,FALSE,21,559.5413,6756.908
132,FALSE,22,559.8666,6756.632
132,FALSE,23,560.0793,6756.244
132,FALSE,24,560.3796,6756.018
132,FALSE,25,560.6799,6755.83
132,FALSE,26,560.9301,6755.467
132,FALSE,27,561.2429,6754.966
132,FALSE,28,561.2429,6754.752
132,FALSE,29,561.4181,6754.113
132,FALSE,30,561.7434,6753.9
132,FALSE,31,562.319,6753.888
132,FALSE,32,562.6944,6753.763
132,FALSE,33,563.0573,6753.625
132,FALSE,34,563.5909,6753.601
132,FALSE,35,563.8457,6754.228
132,FALSE,36,564.4464,6755.206
132,FALSE,37,565.4477,6756.398
132,FALSE,38,566.136,6757.189
132,FALSE,39,566.4364,6757.791
132,FALSE,40,566.524,6758.192
132,FALSE,41,566.7493,6759.007
132,FALSE,42,566.9246,6759.635
132,FALSE,43,567.0051,6759.82
132,FALSE,44,567.0498,6759.923
132,FALSE,45,567.3376,6760.325
132,FALSE,46,567.5955,6760.568
132,FALSE,47,567.4023,6761.044
132,FALSE,48,567.3262,6761.232
132,FALSE,49,567.082,6762.019
132,FALSE,50,566.7368,6762.919
132,FALSE,51,566.2666,6763.829
132,FALSE,52,565.9337,6764.754
132,FALSE,53,565.5475,6765.657
132,FALSE,54,565.3033,6766.854
132,FALSE,55,565.0454,6767.82
132,FALSE,56,565.0063,6767.966
132,FALSE,57,564.5816,6769.404
132,FALSE,58,564.4211,6770.005
132,FALSE,59,564.0974,6770.177
132,FALSE,60,563.7471,6770.415
132,FALSE,61,563.0338,6770.39
132,FALSE,62,562.4957,6770.464
132,FALSE,63,561.7699,6770.389
132,FALSE,64,561.2068,6770.3
132,FALSE,65,560.8188,6769.711
132,FALSE,66,561.0565,6769.272
132,FALSE,67,561.5069,6768.859
132,FALSE,68,562.0325,6768.683
132,FALSE,69,562.4204,6768.935
132,FALSE,70,562.8459,6769.161
132,FALSE,71,563.3465,6769.337
132,FALSE,72,563.8596,6769.161
132,FALSE,73,563.8845,6768.61
132,FALSE,74,563.7218,6768.284
132,FALSE,75,563.3964,6767.769
132,FALSE,76,563.0925,6767.463
132,FALSE,77,562.8583,6767.117
132,FALSE,78,562.1074,6766.088
132,FALSE,79,561.1311,6764.695
132,FALSE,80,560.2175,6763.328
132,FALSE,81,559.8296,6762.638
132,FALSE,82,559.4343,6762.049
132,FALSE,83,559.3576,6761.914
132,FALSE,84,559.1412,6761.534
132,FALSE,85,558.8533,6761.133
132,FALSE,86,558.5029,6760.543
132,FALSE,87,557.9773,6759.903
132,FALSE,88,557.4642,6759.439
132,FALSE,89,556.8259,6758.937
132,FALSE,90,556.2328,6758.465
132,FALSE,91,556.1089,6758.392
132,FALSE,92,555.9764,6758.24
132,FALSE,93,555.4869,6758.071
132,FALSE,94,555.0489,6757.882
132,FALSE,95,554.5358,6757.719
132,FALSE,96,553.9476,6757.242
132,FALSE,97,553.422,6757.028
132,FALSE,98,552.7588,6756.915
132,FALSE,99,552.2583,6756.977
132,FALSE,100,551.595,6757.089
132,FALSE,101,551.3823,6757.39
132,FALSE,102,551.1696,6757.804
132,FALSE,103,550.9819,6758.267
132,FALSE,104,550.9694,6758.706
132,FALSE,105,550.932,6759.358
132,FALSE,106,550.9696,6759.797
132,FALSE,107,551.0948,6760.336
132,FALSE,108,551.0698,6760.713
132,FALSE,109,551.1073,6761.189
132,FALSE,110,550.9698,6761.753
132,FALSE,111,550.7069,6762.029
132,FALSE,112,550.0938,6761.715
132,FALSE,113,549.6307,6761.175
132,FALSE,114,549.2678,6760.485
132,FALSE,115,548.7421,6759.645
132,FALSE,116,548.4543,6759.269
132,FALSE,117,548.1914,6759.256
132,FALSE,118,547.6158,6759.381
132,FALSE,119,547.0528,6759.631
132,FALSE,120,546.5647,6759.718
132,FALSE,121,545.8389,6759.806
132,FALSE,122,545.2918,6759.805
132,FALSE,123,545.0303,6758.904
132,FALSE,124,544.913,6757.988
132,FALSE,125,544.6821,6757.208
132,FALSE,126,544.5122,6756.457
132,FALSE,127,544.7624,6756.181
132,FALSE,128,545.2504,6755.73
132,FALSE,129,545.6508,6755.517
132,FALSE,130,546.3266,6755.38
132,FALSE,131,546.6019,6755.129
132,FALSE,132,546.7378,6754.781
132,FALSE,133,546.8766,6754.774
132,FALSE,134,546.8645,6753.75
132,FALSE,135,546.5516,6753.186
132,FALSE,136,546.2638,6752.671
132,FALSE,137,546.0134,6751.819
132,FALSE,138,545.9344,6751.393
132,FALSE,139,546.2636,6751.468
132,FALSE,140,546.6324,6751.542
132,FALSE,141,546.9894,6751.606
132,FALSE,142,547.3899,6751.845
132,FALSE,143,547.6527,6751.883
132,FALSE,144,547.8404,6751.971
132,FALSE,145,548.2784,6751.908
132,FALSE,146,548.6413,6751.57
132,FALSE,147,548.8414,6751.169
132,FALSE,148,549.0917,6750.705
132,FALSE,149,549.2543,6750.254
132,FALSE,150,549.4795,6749.677
132,FALSE,151,549.5921,6749.351
132,FALSE,152,550.0176,6749.189
133,FALSE,1,534.7273,6765.627
133,FALSE,2,535.0151,6766.054
133,FALSE,3,535.6033,6766.543
133,FALSE,4,536.2039,6766.456
133,FALSE,5,536.8296,6766.381
133,FALSE,6,537.0298,6766.569
133,FALSE,7,536.6419,6766.995
133,FALSE,8,536.0413,6767.371
133,FALSE,9,535.253,6767.496
133,FALSE,10,534.8275,6767.169
133,FALSE,11,533.9264,6766.517
133,FALSE,12,533.3758,6766.353
133,FALSE,13,533.1181,6766.131
133,FALSE,14,533.0379,6766.027
133,FALSE,15,533.6886,6765.614
133,FALSE,16,534.3018,6765.489
