"x0","y0","x1","y1"
559.701,7100.7,560.7629,7100.798
560.7629,7100.798,561.8374,7100.871
561.8374,7100.871,562.4998,7100.889
562.4998,7100.889,562.4998,7100.889
562.4998,7100.889,563.0268,7100.669
563.0268,7100.669,563.641,7100.474
563.641,7100.474,564.4794,7100.382
564.4794,7100.382,565.2176,7100.313
565.2176,7100.313,566.0554,7100.284
566.0554,7100.284,566.7685,7100.228
560.8619,7099.433,561.9876,7099.368
561.9876,7099.368,563.3883,7099.318
563.3883,7099.318,564.6648,7099.155
564.6648,7099.155,565.8163,7099.003
565.8163,7099.003,566.5654,7099.11
569.8182,7097.361,571.1909,7097.649
571.1909,7097.649,572.3765,7097.899
572.3765,7097.899,573.5363,7098.248
573.5363,7098.248,574.7976,7098.398
574.7976,7098.398,575.6946,7098.77
575.6946,7098.77,576.4922,7099.066
564.6072,7097.099,566.1169,7097.451
566.1169,7097.451,567.4003,7097.965
567.4003,7097.965,569.0571,7098.657
569.0571,7098.657,570.1517,7099.319
570.1517,7099.319,571.0226,7099.816
571.0226,7099.816,572.1429,7100.391
572.1429,7100.391,573.0523,7100.776
573.0523,7100.776,574.0614,7101.186
574.0614,7101.186,575.0216,7101.484
631.6937,7096.852,629.9747,7097.588
629.9747,7097.588,629.1607,7097.756
629.1607,7097.756,627.932,7098.17
627.932,7098.17,626.5655,7098.621
626.5655,7098.621,625.1105,7099.184
625.1105,7099.184,624.2353,7099.201
624.2353,7099.201,623.3966,7099.319
543.6556,7095.473,544.8801,7095.547
544.8801,7095.547,545.6286,7095.729
545.6286,7095.729,546.6657,7095.802
546.6657,7095.802,547.8763,7096.051
547.8763,7096.051,548.9007,7096.136
629.469,7093.823,630.1579,7093.666
630.1579,7093.666,630.7355,7093.371
630.7355,7093.371,631.5881,7093.078
631.5881,7093.078,632.6164,7092.711
632.6164,7092.711,633.1566,7092.403
633.1566,7092.403,634.0481,7091.935
634.0481,7091.935,634.7005,7091.666
634.7005,7091.666,635.0644,7091.506
541.6201,7092.244,543.5731,7091.924
543.5731,7091.924,544.3372,7091.743
544.3372,7091.743,545.7889,7091.569
545.7889,7091.569,546.5792,7091.251
546.5792,7091.251,547.6914,7091.299
547.6914,7091.299,547.6914,7091.299
547.6914,7091.299,548.4674,7091.193
545.6594,7090.615,546.5734,7090.461
546.5734,7090.461,547.8373,7090.31
547.8373,7090.31,548.8759,7090.207
548.8759,7090.207,549.7895,7090.09
549.7895,7090.09,550.6156,7089.972
550.6156,7089.972,551.6036,7089.932
619.4288,7095.458,619.9698,7095.049
619.9698,7095.049,620.8106,7094.669
620.8106,7094.669,621.2267,7094.259
621.2267,7094.259,621.7817,7093.675
621.7817,7093.675,622.5346,7093.344
622.5346,7093.344,623.6056,7092.364
623.6056,7092.364,624.6749,7091.571
624.6749,7091.571,625.3681,7090.913
625.3681,7090.913,625.9607,7090.317
625.9607,7090.317,626.6166,7089.634
626.6166,7089.634,627.0081,7089.161
627.0081,7089.161,627.436,7088.827
569.7036,7091.706,570.0438,7091.396
570.0438,7091.396,571.0504,7090.628
571.0504,7090.628,571.9177,7090.072
571.9177,7090.072,572.8851,7089.517
572.8851,7089.517,573.4381,7089.172
573.4381,7089.172,574.2421,7088.715
563.3684,7089.854,564.3576,7089.663
564.3576,7089.663,566.2968,7089.493
566.2968,7089.493,567.7592,7089.532
567.7592,7089.532,567.7592,7089.532
567.7592,7089.532,569.0844,7089.532
569.0844,7089.532,570.9601,7089.474
570.9601,7089.474,572.438,7089.162
572.438,7089.162,573.4276,7088.933
573.4276,7088.933,574.2421,7088.715
642.4682,7097.091,643.0603,7096.558
643.0603,7096.558,643.5678,7095.672
643.5678,7095.672,644.2502,7094.814
644.2502,7094.814,645.3374,7093.383
645.3374,7093.383,646.1224,7092.224
646.1224,7092.224,646.8439,7091.166
646.8439,7091.166,647.4404,7090.118
647.4404,7090.118,648.2741,7089.111
648.2741,7089.111,648.8078,7088.088
622.6448,7089.196,623.4967,7088.978
623.4967,7088.978,625.0358,7088.817
625.0358,7088.817,626.0885,7088.513
626.0885,7088.513,627.1774,7088.361
627.1774,7088.361,628.1178,7088.044
628.1178,7088.044,629.0691,7087.902
629.0691,7087.902,630.0454,7087.761
630.0454,7087.761,631.1615,7087.358
537.5714,7090.539,538.5096,7090.485
538.5096,7090.485,539.9485,7090.336
539.9485,7090.336,541.3633,7090.086
541.3633,7090.086,543.7163,7089.782
543.7163,7089.782,544.881,7089.53
544.881,7089.53,547.0468,7089.174
547.0468,7089.174,548.9893,7088.628
548.9893,7088.628,550.2543,7088.352
550.2543,7088.352,552.6787,7088.463
552.6787,7088.463,552.6787,7088.463
552.6787,7088.463,553.7177,7088.297
553.7177,7088.297,555.8548,7088.38
555.8548,7088.38,555.8548,7088.38
555.8548,7088.38,557.9836,7087.961
557.9836,7087.961,559.1615,7087.646
559.1615,7087.646,561.0034,7087.149
561.0034,7087.149,562.0168,7087.071
562.0168,7087.071,563.1814,7086.831
563.1814,7086.831,564.6708,7086.632
564.6708,7086.632,565.7203,7086.717
565.7203,7086.717,565.7203,7086.717
565.7203,7086.717,567.1838,7086.618
567.1838,7086.618,568.3217,7086.591
568.3217,7086.591,570.4606,7086.461
570.4606,7086.461,571.9134,7086.149
571.9134,7086.149,573.004,7085.808
573.004,7085.808,574.2321,7085.456
574.2321,7085.456,574.3254,7085.407
574.3254,7085.407,574.3775,7085.379
574.3775,7085.379,574.9479,7085.074
586.6813,7085.761,587.2856,7085.266
587.2856,7085.266,587.8143,7084.832
587.8143,7084.832,588.4804,7084.424
588.4804,7084.424,589.2945,7084.244
589.2945,7084.244,590.1579,7084.152
590.1579,7084.152,590.7703,7084.183
590.7703,7084.183,591.4565,7084.34
591.4565,7084.34,591.4565,7084.34
591.4565,7084.34,592.1316,7084.333
592.1316,7084.333,592.9302,7084.516
592.9302,7084.516,593.9168,7084.638
593.9168,7084.638,594.6918,7084.658
594.6918,7084.658,595.2034,7084.763
591.0303,7082.994,591.6919,7083.113
591.6919,7083.113,592.678,7083.298
592.678,7083.298,593.5018,7083.456
593.5018,7083.456,594.3502,7083.652
594.3502,7083.652,595.1119,7083.76
595.1119,7083.76,595.6868,7083.778
588.4804,7084.424,589.3468,7083.969
589.3468,7083.969,589.9636,7083.473
589.9636,7083.473,590.5168,7083.115
590.5168,7083.115,591.0303,7082.994
592.8969,7082.535,593.9586,7082.658
593.9586,7082.658,594.7071,7082.841
594.7071,7082.841,595.8319,7082.889
595.8319,7082.889,595.8319,7082.889
595.8319,7082.889,596.7071,7082.885
596.7071,7082.885,597.5686,7083.006
597.5686,7083.006,598.531,7083.04
598.531,7083.04,599.3811,7083.048
592.4979,7082.478,592.8969,7082.535
591.0303,7082.994,591.4952,7082.723
591.4952,7082.723,592.4979,7082.478
587.8778,7083.24,588.8049,7083.011
588.8049,7083.011,589.5691,7082.818
589.5691,7082.818,590.4709,7082.613
590.4709,7082.613,591.4969,7082.522
591.4969,7082.522,592.1478,7082.428
592.1478,7082.428,592.4979,7082.478
562.0168,7087.071,562.8641,7087.405
562.8641,7087.405,564.4873,7087.646
564.4873,7087.646,565.9357,7087.848
565.9357,7087.848,567.6605,7087.901
567.6605,7087.901,569.5608,7087.907
569.5608,7087.907,569.5608,7087.907
569.5608,7087.907,570.7001,7087.704
570.7001,7087.704,572.0903,7087.404
572.0903,7087.404,573.7819,7086.956
573.7819,7086.956,574.8738,7086.452
574.8738,7086.452,575.7148,7086.059
575.7148,7086.059,576.4674,7085.753
576.4674,7085.753,577.2978,7085.134
577.2978,7085.134,578.3401,7084.58
578.3401,7084.58,579.1704,7083.973
579.1704,7083.973,579.8501,7083.428
579.8501,7083.428,580.6786,7083.022
580.6786,7083.022,581.4215,7082.403
581.4215,7082.403,581.8743,7082.081
581.8743,7082.081,582.4659,7081.598
574.9479,7085.074,575.7624,7084.856
575.7624,7084.856,576.1887,7084.71
576.1887,7084.71,576.8415,7084.39
576.8415,7084.39,577.4316,7084.095
577.4316,7084.095,578.3476,7083.69
578.3476,7083.69,578.876,7083.306
578.876,7083.306,579.5786,7083.012
579.5786,7083.012,580.6969,7082.346
580.6969,7082.346,581.5755,7081.928
581.5755,7081.928,582.4659,7081.598
574.2421,7088.715,575.1195,7088.435
575.1195,7088.435,576.7129,7087.761
576.7129,7087.761,578.0063,7087.096
578.0063,7087.096,578.7371,7086.426
578.7371,7086.426,579.9176,7085.785
579.9176,7085.785,580.9748,7084.955
580.9748,7084.955,582.2206,7084.002
582.2206,7084.002,583.5928,7082.874
583.5928,7082.874,584.5626,7082.031
584.5626,7082.031,584.9158,7081.658
584.9158,7081.658,585.2703,7081.135
585.2703,7081.135,585.8739,7080.715
560.6334,7086.557,561.3979,7086.326
561.3979,7086.326,562.7758,7086.013
562.7758,7086.013,564.5893,7085.93
564.5893,7085.93,565.7275,7085.865
565.7275,7085.865,567.1899,7085.904
567.1899,7085.904,568.6024,7085.917
568.6024,7085.917,568.6024,7085.917
568.6024,7085.917,570.1294,7085.706
570.1294,7085.706,571.206,7085.541
571.206,7085.541,572.1208,7085.286
572.1208,7085.286,573.2739,7084.933
573.2739,7084.933,573.7028,7084.486
573.7028,7084.486,574.7331,7083.869
574.7331,7083.869,575.8397,7083.115
575.8397,7083.115,577.1327,7082.488
577.1327,7082.488,577.9256,7081.856
577.9256,7081.856,578.6411,7081.524
578.6411,7081.524,579.2948,7081.091
579.2948,7081.091,579.9866,7080.596
579.9866,7080.596,581.7553,7079.886
581.7553,7079.886,582.5693,7079.731
582.5693,7079.731,583.4334,7079.551
583.4334,7079.551,583.6826,7079.507
628.6404,7079.475,627.7766,7079.617
627.7766,7079.617,626.0601,7080.052
626.0601,7080.052,625.1954,7080.295
625.1954,7080.295,624.3812,7080.487
624.3812,7080.487,623.9157,7080.834
623.9157,7080.834,623.2127,7081.178
623.2127,7081.178,622.7228,7081.45
622.7228,7081.45,622.2326,7081.758
622.2326,7081.758,621.6785,7082.242
574.3775,7085.379,575.1766,7084.65
575.1766,7084.65,576.5193,7084.061
576.5193,7084.061,577.7133,7083.308
577.7133,7083.308,578.8571,7082.579
578.8571,7082.579,579.6369,7082.035
579.6369,7082.035,580.8169,7081.457
580.8169,7081.457,581.5339,7080.937
581.5339,7080.937,582.4127,7080.506
582.4127,7080.506,583.1927,7079.925
583.1927,7079.925,583.9092,7079.468
583.6826,7079.507,583.9092,7079.468
582.4659,7081.598,582.9185,7081.301
582.9185,7081.301,583.6234,7080.731
583.6234,7080.731,584.1275,7080.259
584.1275,7080.259,584.5944,7079.75
584.5944,7079.75,585.0483,7079.303
585.0483,7079.303,585.4898,7078.831
585.4898,7078.831,585.7683,7078.42
585.7683,7078.42,585.8588,7078.32
583.9092,7079.468,584.6855,7079.016
584.6855,7079.016,585.1931,7078.677
585.1931,7078.677,585.8588,7078.32
585.8588,7078.32,586.0118,7078.15
586.0118,7078.15,586.1722,7077.972
597.4686,7075.634,598.0449,7075.476
598.0449,7075.476,598.8341,7075.296
598.8341,7075.296,599.9848,7075.231
599.9848,7075.231,600.911,7075.102
600.911,7075.102,601.9485,7075.125
601.9485,7075.125,602.8604,7075.208
602.8604,7075.208,603.7466,7075.38
603.7466,7075.38,604.6201,7075.563
604.6201,7075.563,605.1434,7075.781
596.7093,7073.759,597.824,7073.519
597.824,7073.519,599.1383,7073.331
599.1383,7073.331,600.3634,7073.33
600.3634,7073.33,601.6132,7073.379
601.6132,7073.379,602.8986,7073.654
602.8986,7073.654,604.1471,7073.842
604.1471,7073.842,605.0824,7074.126
605.0824,7074.126,606.1669,7074.5
606.1669,7074.5,606.7652,7074.706
606.7652,7074.706,607.3993,7075.113
607.3993,7075.113,608.0974,7075.358
587.8778,7083.24,588.3444,7082.756
588.3444,7082.756,589.1773,7081.849
589.1773,7081.849,589.7818,7081.328
589.7818,7081.328,590.6167,7080.17
590.6167,7080.17,591.2114,7079.323
591.2114,7079.323,591.9347,7078.064
591.9347,7078.064,592.3668,7077.228
592.3668,7077.228,592.9008,7076.18
592.9008,7076.18,593.4309,7075.583
593.4309,7075.583,593.8628,7074.773
593.8628,7074.773,594.8729,7073.604
594.8729,7073.604,595.6422,7072.809
595.6422,7072.809,596.1469,7072.262
596.1469,7072.262,596.7013,7071.753
596.7013,7071.753,597.3899,7071.635
597.3899,7071.635,598.5649,7071.658
598.5649,7071.658,598.5649,7071.658
598.5649,7071.658,599.8401,7071.658
599.8401,7071.658,601.0136,7071.844
601.0136,7071.844,602.2867,7072.094
602.2867,7072.094,603.4838,7072.456
603.4838,7072.456,604.7443,7072.719
604.7443,7072.719,605.6663,7073.079
605.6663,7073.079,606.5008,7073.45
606.5008,7073.45,607.2109,7073.745
607.2109,7073.745,608.0969,7073.929
596.7013,7071.753,597.4073,7071.058
597.4073,7071.058,597.9363,7070.599
597.9363,7070.599,599.3037,7070.035
599.3037,7070.035,600.6699,7069.622
600.6699,7069.622,601.8722,7069.37
601.8722,7069.37,602.6243,7069.139
602.6243,7069.139,603.5496,7069.11
603.5496,7069.11,604.3006,7069.004
604.3006,7069.004,605.089,7068.912
605.089,7068.912,605.8524,7068.818
586.1722,7077.972,586.6514,7077.475
586.6514,7077.475,587.5084,7076.669
587.5084,7076.669,588.251,7076.074
588.251,7076.074,588.6918,7075.689
588.6918,7075.689,589.4873,7074.769
589.4873,7074.769,590.3476,7073.561
590.3476,7073.561,590.6799,7072.7
590.6799,7072.7,591.4631,7071.742
591.4631,7071.742,591.8229,7070.592
591.8229,7070.592,592.7706,7069.41
592.7706,7069.41,593.2755,7068.838
593.2755,7068.838,594.1209,7067.918
594.1209,7067.918,595.2899,7067.165
595.2899,7067.165,596.3319,7066.661
596.3319,7066.661,597.4099,7066.32
597.4099,7066.32,598.6503,7065.993
598.6503,7065.993,599.9021,7065.804
599.9021,7065.804,601.1036,7065.64
601.1036,7065.64,602.7911,7065.681
602.7911,7065.681,602.7911,7065.681
602.7911,7065.681,604.1798,7065.556
604.1798,7065.556,606.1542,7065.662
606.1542,7065.662,608.2414,7065.732
608.2414,7065.732,609.352,7065.968
609.352,7065.968,609.352,7065.968
609.352,7065.968,609.8023,7065.947
652.8923,7063.407,653.6378,7063.953
653.6378,7063.953,655.0286,7065.069
655.0286,7065.069,655.9958,7065.993
655.9958,7065.993,657.2369,7067.07
657.2369,7067.07,658.2423,7067.932
658.2423,7067.932,659.3966,7068.921
659.3966,7068.921,660.7629,7069.962
660.7629,7069.962,661.4314,7070.745
661.4314,7070.745,662.3728,7071.769
662.3728,7071.769,663.9,7073.012
663.9,7073.012,664.6931,7073.847
664.6931,7073.847,665.3872,7074.555
665.3872,7074.555,666.0056,7075.338
666.0056,7075.338,666.5624,7076.02
666.5624,7076.02,667.0424,7076.915
620.0092,7060.866,621.1179,7061.328
621.1179,7061.328,623.0219,7062.374
623.0219,7062.374,624.7775,7063.218
624.7775,7063.218,626.7567,7064.227
626.7567,7064.227,628.4986,7065.221
628.4986,7065.221,629.6799,7065.959
629.6799,7065.959,631.6455,7067.106
631.6455,7067.106,633.2248,7068.098
633.2248,7068.098,635.6263,7069.449
635.6263,7069.449,637.2441,7070.317
637.2441,7070.317,639.3207,7071.64
639.3207,7071.64,641.5983,7072.852
641.5983,7072.852,642.9169,7073.617
642.9169,7073.617,643.9131,7074.09
643.9131,7074.09,644.9332,7074.689
644.9332,7074.689,646.0041,7075.188
646.0041,7075.188,647.0128,7075.661
647.0128,7075.661,648.0708,7076.198
648.0708,7076.198,648.5811,7076.478
648.5811,7076.478,649.1281,7076.834
650.0358,7060.179,650.1436,7060.26
650.0358,7060.179,650.3726,7061.265
650.3726,7061.265,651.3182,7063.279
651.3182,7063.279,652.0084,7064.439
652.0084,7064.439,652.7366,7065.561
652.7366,7065.561,653.7251,7066.925
653.7251,7066.925,655.0104,7068.679
655.0104,7068.679,656.3216,7070.333
656.3216,7070.333,657.3487,7071.584
657.3487,7071.584,658.1251,7072.908
658.1251,7072.908,658.7924,7075.308
658.7924,7075.308,659.5549,7076.794
659.5549,7076.794,660.0443,7078.053
660.0443,7078.053,661.1787,7079.918
661.1787,7079.918,661.9037,7081.404
661.9037,7081.404,662.5547,7082.777
662.5547,7082.777,663.4526,7084.515
663.4526,7084.515,663.6916,7085.821
663.6916,7085.821,663.7315,7087.012
663.7315,7087.012,663.8017,7089.056
663.8017,7089.056,664.0775,7090.438
664.0775,7090.438,664.3281,7091.844
664.3281,7091.844,664.8758,7093.604
664.8758,7093.604,665.3636,7095.063
665.3636,7095.063,666.5439,7097.405
666.5439,7097.405,666.9843,7098.55
666.9843,7098.55,667.6124,7099.659
667.6124,7099.659,668.031,7100.428
523.9369,7063.385,524.5559,7062.639
524.5559,7062.639,525.1487,7062.018
525.1487,7062.018,525.7173,7061.309
525.7173,7061.309,526.3861,7060.575
526.3861,7060.575,527.3579,7059.494
527.3579,7059.494,527.8987,7059.11
527.8987,7059.11,528.6174,7058.39
527.5094,7056.361,526.9222,7057.797
526.9222,7057.797,526.5169,7058.42
526.5169,7058.42,526.2235,7059.107
526.2235,7059.107,525.817,7059.868
525.817,7059.868,525.4876,7060.379
524.6934,7058.203,525.2721,7057.782
525.2721,7057.782,525.9761,7057.312
525.9761,7057.312,526.5668,7056.954
526.5668,7056.954,527.0063,7056.72
527.0063,7056.72,527.5094,7056.361
527.5094,7056.361,528.3261,7055.88
528.3261,7055.88,528.8665,7055.547
528.8665,7055.547,530.0869,7054.631
530.0869,7054.631,531.3585,7053.577
531.3585,7053.577,532.2036,7052.695
532.2036,7052.695,532.7586,7052.111
532.7586,7052.111,533.5029,7051.329
533.5029,7051.329,534.2366,7050.308
660.5689,7050.054,660.8918,7050.308
660.8918,7050.308,661.2766,7050.637
660.5689,7050.054,660.3324,7051.418
660.3324,7051.418,660.175,7052.281
660.175,7052.281,659.9788,7053.308
659.9788,7053.308,659.8202,7054.321
659.8202,7054.321,659.7563,7055.963
659.7563,7055.963,659.6483,7056.902
659.6483,7056.902,659.6337,7058.632
659.6337,7058.632,659.7959,7060.15
659.7959,7060.15,659.8234,7061.329
659.8234,7061.329,660.1128,7062.585
660.1128,7062.585,660.2171,7063.551
660.2171,7063.551,659.9904,7065.229
659.9904,7065.229,659.7552,7066.43
659.7552,7066.43,659.3362,7067.19
659.3362,7067.19,659.3362,7067.19
659.3362,7067.19,658.1116,7067.116
658.1116,7067.116,657.3182,7066.332
657.3182,7066.332,656.6242,7065.611
656.6242,7065.611,655.8924,7064.914
655.8924,7064.914,655.1853,7064.268
655.1853,7064.268,654.1718,7062.892
654.1718,7062.892,653.7784,7062.112
653.7784,7062.112,653.2626,7061.016
653.2626,7061.016,652.4858,7059.743
652.4858,7059.743,652.1058,7058.849
652.1058,7058.849,651.7758,7057.956
651.7758,7057.956,651.1475,7056.86
651.1475,7056.86,650.6684,7055.865
650.6684,7055.865,650.2546,7054.532
650.2546,7054.532,649.5904,7053.247
649.5904,7053.247,649.0864,7052.227
649.0864,7052.227,648.6803,7051.471
648.6803,7051.471,648.1749,7050.614
648.1749,7050.614,647.5676,7049.994
647.5676,7049.994,647.3677,7049.98
647.3677,7049.98,647.5553,7051.448
647.5553,7051.448,647.8713,7052.517
647.8713,7052.517,648.2953,7054.125
648.2953,7054.125,648.6086,7055.507
648.6086,7055.507,649.0351,7056.815
649.0351,7056.815,649.4471,7058.36
649.4471,7058.36,649.971,7059.97
649.971,7059.97,650.0358,7060.179
650.1249,7046.22,650.7084,7046.702
650.7084,7046.702,651.2039,7047.246
651.2039,7047.246,652.1599,7048.032
652.1599,7048.032,652.7188,7048.463
652.7188,7048.463,653.3398,7048.946
653.3398,7048.946,653.998,7049.466
653.998,7049.466,654.6439,7049.961
654.6439,7049.961,655.1526,7050.417
655.1526,7050.417,655.6739,7050.86
661.1668,7044.406,661.4012,7044.784
661.4012,7044.784,661.8094,7045.29
661.1668,7044.406,660.9191,7045.607
660.9191,7045.607,660.8623,7046.409
660.8623,7046.409,660.9574,7046.986
660.9574,7046.986,660.8736,7048.026
660.8736,7048.026,660.7677,7048.727
660.7677,7048.727,660.6506,7049.265
660.6506,7049.265,660.6721,7049.679
660.6721,7049.679,660.5689,7050.054
607.0372,7044.06,607.3061,7044.79
607.3061,7044.79,607.6289,7046.523
607.6289,7046.523,608.0555,7047.818
608.0555,7047.818,608.5422,7049.402
608.5422,7049.402,608.9918,7050.935
608.9918,7050.935,609.2945,7052.091
609.2945,7052.091,609.6733,7053.123
609.6733,7053.123,609.9132,7054.328
609.9132,7054.328,610.4053,7055.261
660.5365,7043.548,660.9325,7044.028
660.9325,7044.028,661.1668,7044.406
649.389,7043.067,649.9988,7043.399
649.9988,7043.399,651.6684,7044.066
651.6684,7044.066,652.7404,7044.44
652.7404,7044.44,654.5221,7045.158
654.5221,7045.158,655.033,7045.351
655.033,7045.351,655.6422,7045.746
655.6422,7045.746,656.4622,7046.355
656.4622,7046.355,657.1561,7047.089
657.1561,7047.089,658.1249,7047.837
658.1249,7047.837,658.9308,7048.622
658.9308,7048.622,659.7111,7049.494
659.7111,7049.494,660.183,7049.862
660.183,7049.862,660.5689,7050.054
660.7326,7041.068,661.1261,7041.836
661.1261,7041.836,661.5944,7042.63
661.5944,7042.63,661.8998,7043.473
661.8998,7043.473,662.1951,7044.04
662.1951,7044.04,662.5868,7045.021
662.5868,7045.021,662.8816,7045.651
662.8816,7045.651,663.2609,7046.62
660.7326,7041.068,660.7153,7041.632
660.7153,7041.632,660.7078,7042.509
660.7078,7042.509,660.59,7043.135
660.59,7043.135,660.5365,7043.548
660.2154,7040.123,660.4244,7040.551
660.4244,7040.551,660.7326,7041.068
597.0366,7038.062,597.6707,7038.469
597.6707,7038.469,598.3932,7038.777
598.3932,7038.777,599.3136,7039.337
599.3136,7039.337,600.3213,7039.923
600.3213,7039.923,600.7815,7040.203
600.7815,7040.203,601.1419,7040.457
597.0192,7037.982,597.0366,7038.062
596.0786,7037.514,596.5517,7037.744
596.5517,7037.744,597.0192,7037.982
658.0793,7036.981,658.7948,7038.116
658.7948,7038.116,659.4376,7038.975
659.4376,7038.975,660.0564,7039.72
660.0564,7039.72,660.2154,7040.123
596.2669,7035.936,596.6233,7036.667
596.6233,7036.667,596.8681,7037.283
596.8681,7037.283,597.0192,7037.982
652.4338,7034.873,653.3146,7035.683
653.3146,7035.683,654.4312,7036.696
654.4312,7036.696,655.5973,7037.76
655.5973,7037.76,656.4898,7038.659
656.4898,7038.659,657.3317,7039.632
657.3317,7039.632,657.7284,7040.024
657.7284,7040.024,658.3845,7040.795
658.3845,7040.795,659.0028,7041.603
659.0028,7041.603,659.8704,7042.489
659.8704,7042.489,660.3531,7043.07
660.3531,7043.07,660.5365,7043.548
627.2317,7034.711,627.8172,7034.954
627.8172,7034.954,628.9513,7035.379
628.9513,7035.379,629.8733,7035.751
629.8733,7035.751,630.6339,7035.984
630.6339,7035.984,631.2436,7036.315
631.2436,7036.315,632.1904,7036.713
632.1904,7036.713,632.788,7037.007
632.788,7037.007,633.4364,7037.213
633.4364,7037.213,633.9466,7037.494
647.4888,7032.733,647.9611,7033.05
647.9611,7033.05,648.4548,7033.807
648.4548,7033.807,649.0361,7034.552
649.0361,7034.552,649.5184,7035.171
649.5184,7035.171,650.2131,7035.804
650.2131,7035.804,650.598,7036.121
650.598,7036.121,650.9554,7036.726
650.9554,7036.726,651.3024,7037.093
647.4888,7032.733,647.3481,7034.587
647.3481,7034.587,647.3854,7036.079
647.3854,7036.079,647.0929,7038.144
647.0929,7038.144,646.881,7039.546
646.881,7039.546,646.7238,7041.864
646.7238,7041.864,646.7151,7044.371
646.7151,7044.371,646.8489,7047.769
646.8489,7047.769,647.1004,7049.062
647.1004,7049.062,647.3677,7049.98
634.7693,7030.394,635.0036,7030.773
635.0036,7030.773,635.4855,7031.441
635.4855,7031.441,635.6814,7031.932
634.7693,7030.394,634.4002,7031.168
634.4002,7031.168,634.4383,7032.572
634.4383,7032.572,634.6908,7033.753
634.6908,7033.753,634.9789,7035.172
634.9789,7035.172,635.344,7036.341
635.344,7036.341,636.2838,7037.566
636.2838,7037.566,637.0993,7038.702
637.0993,7038.702,637.5791,7039.609
637.5791,7039.609,638.3456,7040.632
638.3456,7040.632,639.174,7041.717
639.174,7041.717,639.9555,7042.439
639.9555,7042.439,640.4832,7043.61
640.4832,7043.61,641.1479,7044.832
641.1479,7044.832,641.6005,7046.015
641.6005,7046.015,642.1651,7047.248
642.1651,7047.248,642.4935,7048.33
642.4935,7048.33,642.7093,7049.422
642.7093,7049.422,643.0586,7050.992
643.0586,7050.992,643.436,7052.187
643.436,7052.187,644.2467,7053.887
644.2467,7053.887,644.7869,7055.057
644.7869,7055.057,645.5044,7055.954
645.5044,7055.954,646.0847,7056.812
646.0847,7056.812,646.7294,7057.445
646.7294,7057.445,647.4116,7058.091
647.4116,7058.091,648.0561,7058.748
648.0561,7058.748,648.7766,7059.282
648.7766,7059.282,649.4852,7059.765
649.4852,7059.765,650.0358,7060.179
588.7539,7029.974,589.8727,7030.724
589.8727,7030.724,590.6296,7031.396
590.6296,7031.396,591.5724,7032.257
591.5724,7032.257,592.1306,7032.789
592.1306,7032.789,592.9493,7033.536
592.9493,7033.536,593.7439,7034.195
593.7439,7034.195,594.4271,7034.703
594.4271,7034.703,595.0975,7035.261
595.0975,7035.261,595.6943,7035.655
595.6943,7035.655,596.2669,7035.936
588.7539,7029.974,589.0966,7030.842
589.0966,7030.842,589.4976,7032.2
589.4976,7032.2,589.774,7033.519
589.774,7033.519,590.0028,7034.549
590.0028,7034.549,590.234,7035.303
590.234,7035.303,590.4523,7036.095
590.4523,7036.095,590.5678,7037.224
590.5678,7037.224,590.7344,7038.216
590.7344,7038.216,590.9147,7039.07
590.9147,7039.07,590.9332,7039.835
590.9332,7039.835,590.9257,7040.725
590.9257,7040.725,590.9033,7041.89
590.9033,7041.89,590.8982,7042.492
590.8982,7042.492,590.8453,7042.842
634.4098,7027.082,634.6803,7027.611
634.6803,7027.611,634.8404,7027.901
634.4098,7027.082,634.307,7027.407
634.307,7027.407,634.2627,7028.208
634.2627,7028.208,634.1419,7029.185
634.1652,7026.44,634.3743,7026.843
634.3743,7026.843,634.4098,7027.082
662.6981,7025.981,662.6094,7027.585
662.6094,7027.585,662.3464,7029.124
662.3464,7029.124,662.0463,7030.613
662.0463,7030.613,661.5938,7032.376
661.5938,7032.376,660.9524,7034.288
660.9524,7034.288,660.4109,7036.239
660.4109,7036.239,660.2481,7037.741
660.2481,7037.741,660.2141,7038.807
660.2141,7038.807,660.2154,7040.123
573.8254,7022.764,574.6824,7023.424
574.6824,7023.424,575.7663,7023.873
575.7663,7023.873,576.8503,7024.297
576.8503,7024.297,577.9106,7024.57
577.9106,7024.57,579.5701,7024.949
579.5701,7024.949,580.9285,7025.463
580.9285,7025.463,582.5604,7026.155
582.5604,7026.155,584.0036,7026.971
584.0036,7026.971,585.1491,7027.534
585.1491,7027.534,586.2077,7028.007
586.2077,7028.007,587.5399,7028.659
587.5399,7028.659,588.3081,7029.469
588.3081,7029.469,588.7539,7029.974
573.8254,7022.764,573.7291,7023.791
573.7291,7023.791,573.4215,7024.691
573.4215,7024.691,573.3153,7025.417
573.3153,7025.417,573.0721,7026.091
573.0721,7026.091,572.8657,7026.841
572.8657,7026.841,572.6212,7027.666
572.6212,7027.666,572.3296,7028.14
572.3296,7028.14,572.1495,7028.74
664.1648,7021.069,663.4199,7021.927
663.4199,7021.927,662.5461,7023.26
662.5461,7023.26,661.6725,7024.555
661.6725,7024.555,661.0261,7025.59
661.0261,7025.59,660.1991,7027.287
660.1991,7027.287,659.3988,7028.796
659.3988,7028.796,658.9889,7029.958
658.9889,7029.958,658.4521,7031.344
658.4521,7031.344,658.2521,7032.809
658.2521,7032.809,658.0914,7034.073
658.0914,7034.073,657.9038,7035.563
657.9038,7035.563,657.9966,7036.404
657.9966,7036.404,658.0793,7036.981
570.1682,7020.599,570.6267,7021.079
570.6267,7021.079,571.2988,7021.437
571.2988,7021.437,572.1334,7021.783
572.1334,7021.783,572.5681,7022.125
572.5681,7022.125,573.3888,7022.647
573.3888,7022.647,573.8254,7022.764
570.1682,7020.599,570.0266,7021.074
570.0266,7021.074,569.8572,7021.887
569.8572,7021.887,569.7278,7022.412
569.7278,7022.412,569.4118,7022.823
569.4118,7022.823,569.1443,7023.409
569.1443,7023.409,569.0397,7023.947
569.0397,7023.947,568.8334,7024.685
570.2743,7019.873,570.1682,7020.599
665.2393,7019.675,664.6967,7020.272
664.6967,7020.272,664.1648,7021.069
566.7624,7018.495,567.2091,7018.665
567.2091,7018.665,567.8059,7019.06
567.8059,7019.06,568.4784,7019.367
568.4784,7019.367,569.4124,7019.789
569.4124,7019.789,569.9973,7020.108
569.9973,7020.108,570.1682,7020.599
566.7624,7018.495,566.772,7018.611
566.772,7018.611,566.8418,7019.226
566.8418,7019.226,566.7249,7019.739
566.7267,7018.059,566.7624,7018.495
562.9523,7016.444,563.3996,7016.774
563.3996,7016.774,564.0345,7017.094
564.0345,7017.094,564.6816,7017.438
564.6816,7017.438,565.3669,7017.721
565.3669,7017.721,566.0391,7018.065
566.0391,7018.065,566.4115,7018.37
566.4115,7018.37,566.7624,7018.495
562.9523,7016.444,563.0309,7017.498
563.0309,7017.498,562.9633,7018.099
562.9633,7018.099,562.9344,7018.563
562.9344,7018.563,562.8924,7019.089
562.8924,7019.089,562.7643,7019.464
633.1916,7015.926,633.3468,7016.793
633.3468,7016.793,633.3894,7017.658
633.3894,7017.658,633.4308,7018.674
633.4308,7018.674,633.4883,7019.276
633.4883,7019.276,633.5558,7020.154
633.5558,7020.154,633.4978,7021.106
633.4978,7021.106,633.5769,7022.097
633.5769,7022.097,633.5559,7023.087
633.5559,7023.087,633.5617,7023.89
633.5617,7023.89,633.8148,7025.008
633.8148,7025.008,633.9608,7025.473
633.9608,7025.473,634.1675,7026.164
634.1675,7026.164,634.1652,7026.44
672.3389,7015.405,671.6197,7016.188
671.6197,7016.188,670.8644,7016.807
670.8644,7016.807,669.9215,7017.425
669.9215,7017.425,668.716,7018.053
668.716,7018.053,667.4988,7018.593
667.4988,7018.593,666.4448,7019.047
666.4448,7019.047,665.8918,7019.393
665.8918,7019.393,665.2393,7019.675
562.9136,7015.115,562.9333,7015.742
562.9333,7015.742,563.0299,7016.144
563.0299,7016.144,562.9523,7016.444
535.4333,7013.804,535.6914,7014.333
535.6914,7014.333,535.9996,7014.85
535.9996,7014.85,536.7286,7015.859
536.7286,7015.859,537.3856,7016.517
537.3856,7016.517,537.7816,7016.997
537.7816,7016.997,538.4256,7017.718
538.4256,7017.718,539.2302,7018.666
539.2302,7018.666,539.851,7019.173
539.851,7019.173,540.7951,7019.884
540.7951,7019.884,541.489,7020.617
541.489,7020.617,542.4577,7021.378
542.4577,7021.378,543.2151,7021.987
543.2151,7021.987,544.11,7022.61
544.11,7022.61,545.1419,7023.284
545.1419,7023.284,545.5648,7023.551
545.5648,7023.551,546.1376,7023.82
670.0153,7012.261,669.3716,7012.97
669.3716,7012.97,667.8933,7014.824
667.8933,7014.824,666.8431,7016.293
666.8431,7016.293,666.0841,7017.351
666.0841,7017.351,665.1344,7018.771
665.1344,7018.771,664.5769,7019.656
664.5769,7019.656,664.1648,7021.069
548.2597,7010.903,549.2196,7011.226
549.2196,7011.226,550.4041,7011.601
550.4041,7011.601,551.7385,7011.989
551.7385,7011.989,553.0974,7012.441
553.0974,7012.441,554.1179,7012.977
554.1179,7012.977,555.3273,7013.377
555.3273,7013.377,556.7358,7013.866
556.7358,7013.866,558.3311,7014.445
558.3311,7014.445,559.2533,7014.792
559.2533,7014.792,560.0001,7015.188
560.0001,7015.188,560.7846,7015.546
560.7846,7015.546,561.6813,7015.956
561.6813,7015.956,562.6148,7016.441
562.6148,7016.441,562.9523,7016.444
548.2597,7010.903,547.9183,7011.313
547.9183,7011.313,547.6838,7011.313
548.8644,7010.358,548.5248,7010.605
548.5248,7010.605,548.2597,7010.903
644.6901,7008.902,645.2313,7009.948
645.2313,7009.948,646.0183,7011.497
646.0183,7011.497,646.9091,7012.608
646.9091,7012.608,647.7106,7013.919
647.7106,7013.919,648.3514,7015.016
648.3514,7015.016,649.3335,7017.144
649.3335,7017.144,650.0848,7018.48
650.0848,7018.48,650.8214,7020.078
650.8214,7020.078,651.1266,7020.946
651.1266,7020.946,651.697,7022.97
651.697,7022.97,651.8613,7024.237
651.8613,7024.237,652.0704,7026.12
652.0704,7026.12,652.4809,7027.841
652.4809,7027.841,653.1152,7029.702
653.1152,7029.702,653.595,7030.622
653.595,7030.622,654.4216,7031.92
654.4216,7031.92,655.3734,7033.195
655.3734,7033.195,656.3004,7034.458
656.3004,7034.458,656.9639,7035.83
656.9639,7035.83,658.0793,7036.981
617.3674,7006.702,616.9352,7007.551
616.9352,7007.551,616.3641,7008.548
616.3641,7008.548,615.9839,7009.159
615.9839,7009.159,615.4546,7009.668
615.4546,7009.668,614.949,7010.315
614.949,7010.315,614.3951,7010.761
614.3951,7010.761,613.9546,7011.12
613.9546,7011.12,613.5513,7011.492
677.766,7006.393,676.9218,7007.174
676.9218,7007.174,674.9838,7008.673
674.9838,7008.673,674.0898,7009.429
674.0898,7009.429,672.9178,7010.534
672.9178,7010.534,671.5949,7011.737
671.5949,7011.737,670.3454,7013.129
670.3454,7013.129,668.9583,7014.533
668.9583,7014.533,667.7836,7015.963
667.7836,7015.963,667.0361,7017.122
667.0361,7017.122,666.138,7018.367
666.138,7018.367,665.7191,7019.115
665.7191,7019.115,665.2393,7019.675
569.4509,7006.39,567.9337,7006.914
567.9337,7006.914,567.0549,7007.345
567.0549,7007.345,565.9857,7008.124
565.9857,7008.124,565.0931,7008.705
565.0931,7008.705,563.4998,7009.38
563.4998,7009.38,562.5454,7009.872
562.5454,7009.872,561.6399,7010.503
561.6399,7010.503,561.0627,7010.761
561.0627,7010.761,560.3326,7011.355
560.3326,7011.355,560.1309,7011.542
575.8648,7006.324,576.5142,7006.406
576.5142,7006.406,576.9259,7006.51
574.8652,7006.265,575.4901,7006.283
575.4901,7006.283,575.8648,7006.324
574.8652,7006.265,574.8701,7007.168
574.8701,7007.168,574.8701,7008.634
574.8701,7008.634,574.7717,7009.924
574.7717,7009.924,574.6864,7011.139
574.6864,7011.139,574.5073,7013.093
574.5073,7013.093,574.4593,7014.334
574.4593,7014.334,574.2268,7015.222
574.2268,7015.222,574.1774,7016.625
574.1774,7016.625,574.05,7018.379
574.05,7018.379,573.9276,7019.543
573.9276,7019.543,574.0448,7020.472
574.0448,7020.472,574.0229,7021.575
574.0229,7021.575,573.864,7022.626
573.864,7022.626,573.8254,7022.764
569.4509,7006.39,570.2641,7006.322
570.2641,7006.322,571.1024,7006.23
571.1024,7006.23,572.0036,7006.113
572.0036,7006.113,573.0531,7006.185
573.0531,7006.185,573.9907,7006.194
573.9907,7006.194,574.8652,7006.265
555.7896,7006.023,554.4836,7006.7
554.4836,7006.7,553.8286,7007.283
553.8286,7007.283,552.5984,7007.873
552.5984,7007.873,551.3541,7008.664
551.3541,7008.664,549.9982,7009.34
549.9982,7009.34,549.2428,7009.96
549.2428,7009.96,548.8644,7010.358
586.3133,7005.207,586.9962,7005.752
586.9962,7005.752,587.9903,7006.476
587.9903,7006.476,589.2074,7007.415
589.2074,7007.415,589.8904,7007.961
589.8904,7007.961,591.307,7008.977
591.307,7008.977,591.9915,7009.347
591.9915,7009.347,592.6621,7009.879
534.5464,7004.87,535.0934,7005.227
535.0934,7005.227,535.9028,7005.61
535.9028,7005.61,536.8494,7006.02
536.8494,7006.02,538.1701,7006.559
538.1701,7006.559,538.8301,7006.866
538.8301,7006.866,540.2001,7007.481
540.2001,7007.481,541.6081,7008.033
541.6081,7008.033,542.8291,7008.521
542.8291,7008.521,543.9749,7009.033
543.9749,7009.033,545.022,7009.394
545.022,7009.394,546.1939,7009.781
546.1939,7009.781,546.9549,7009.976
546.9549,7009.976,548.0527,7010.25
548.0527,7010.25,548.59,7010.28
548.59,7010.28,548.8644,7010.358
575.5218,7004.015,575.8791,7004.632
575.8791,7004.632,575.8587,7005.572
575.8587,7005.572,575.8796,7006.061
575.8796,7006.061,575.8648,7006.324
575.5218,7004.015,574.8181,7004.447
574.8181,7004.447,574.2023,7004.83
574.2023,7004.83,573.5121,7005.124
573.5121,7005.124,572.7461,7005.531
572.7461,7005.531,571.7939,7005.772
571.7939,7005.772,570.4296,7005.973
570.4296,7005.973,569.4509,7006.39
577.2315,7002.903,576.5529,7003.31
576.5529,7003.31,576.2754,7003.608
576.2754,7003.608,575.5218,7004.015
603.7401,7000.845,604.6108,7001.368
604.6108,7001.368,605.3948,7001.801
605.3948,7001.801,606.2915,7002.198
606.2915,7002.198,607.0253,7002.644
607.0253,7002.644,607.9993,7002.791
607.9993,7002.791,609.2076,7003.304
609.2076,7003.304,610.1307,7003.538
631.9357,7000.359,632.5646,7001.38
632.5646,7001.38,633.4073,7003.732
633.4073,7003.732,634.4094,7006.449
634.4094,7006.449,635.3389,7008.889
635.3389,7008.889,636.2251,7012.019
636.2251,7012.019,637.6691,7015.693
637.6691,7015.693,640.2503,7019.44
640.2503,7019.44,641.2029,7020.627
641.2029,7020.627,642.6766,7022.271
642.6766,7022.271,644.0016,7023.775
644.0016,7023.775,645.076,7025.339
645.076,7025.339,645.8521,7026.7
645.8521,7026.7,646.7734,7028.627
646.7734,7028.627,647.1876,7029.909
647.1876,7029.909,647.4021,7031.152
647.4021,7031.152,647.4888,7032.733
581.3442,6999.996,582.6124,7000.81
582.6124,7000.81,583.4423,7001.733
583.4423,7001.733,584.4694,7002.971
584.4694,7002.971,585.21,7004.093
585.21,7004.093,585.9647,7005.028
585.9647,7005.028,586.8441,7006.002
586.8441,7006.002,587.9821,7007.441
587.9821,7007.441,589.0092,7008.679
589.0092,7008.679,589.9862,7009.942
589.9862,7009.942,590.9862,7011.431
590.9862,7011.431,591.5063,7012.025
591.5063,7012.025,592.4573,7013.4
592.4573,7013.4,592.9028,7013.931
592.9028,7013.931,593.5709,7014.752
581.3442,6999.996,582.0335,7001.268
582.0335,7001.268,582.6738,7002.427
582.6738,7002.427,583.2871,7003.812
583.2871,7003.812,583.5533,7004.867
583.5533,7004.867,584.0833,7005.762
584.0833,7005.762,584.4763,7006.593
584.4763,7006.593,585.0255,7008.166
585.0255,7008.166,585.3608,7009.911
585.3608,7009.911,585.7392,7010.993
585.7392,7010.993,585.9924,7012.098
585.9924,7012.098,586.0474,7012.976
586.0474,7012.976,586.5226,7014.435
586.5226,7014.435,587.2731,7015.871
587.2731,7015.871,588.0246,7017.181
588.0246,7017.181,588.8626,7018.606
588.8626,7018.606,589.2908,7019.713
589.2908,7019.713,590.0299,7021.011
590.0299,7021.011,590.5294,7022.558
590.5294,7022.558,591.2899,7024.282
591.2899,7024.282,591.9291,7025.579
591.9291,7025.579,592.4311,7026.825
592.4311,7026.825,592.9356,7027.77
592.9356,7027.77,593.363,7028.977
593.363,7028.977,593.8399,7030.235
593.8399,7030.235,594.5284,7031.608
594.5284,7031.608,595.0923,7032.929
595.0923,7032.929,595.4721,7033.836
595.4721,7033.836,595.8655,7034.629
595.8655,7034.629,596.1711,7035.447
596.1711,7035.447,596.2669,7035.936
625.2063,6996.334,625.4764,6996.913
625.4764,6996.913,625.7439,6997.806
625.7439,6997.806,625.9606,6998.786
625.9606,6998.786,626.2292,6999.553
626.2292,6999.553,626.4842,7000.445
626.4842,7000.445,626.8133,7001.439
626.8133,7001.439,626.9811,7002.292
626.9811,7002.292,627.297,7003.373
627.297,7003.373,627.4391,7004.302
627.4391,7004.302,627.8264,7005.81
627.8264,7005.81,628.1447,7006.616
628.1447,7006.616,628.3763,7007.307
628.3763,7007.307,628.8193,7008.151
628.8193,7008.151,629.5481,7009.186
629.5481,7009.186,630.478,7010.097
630.478,7010.097,631.6343,7010.848
631.6343,7010.848,632.8301,7011.36
632.8301,7011.36,633.9503,7011.947
633.9503,7011.947,634.6958,7012.493
634.6958,7012.493,635.5765,7013.317
635.5765,7013.317,635.984,7013.909
635.984,7013.909,636.2495,7015.04
636.2495,7015.04,636.3532,7016.082
636.3532,7016.082,636.2316,7017.158
636.2316,7017.158,636.0852,7018.197
636.0852,7018.197,635.9898,7019.137
635.9898,7019.137,635.6511,7020.751
635.6511,7020.751,635.4402,7022.027
635.4402,7022.027,635.0422,7023.264
635.0422,7023.264,634.9217,7024.203
634.9217,7024.203,634.6645,7025.053
634.6645,7025.053,634.5327,7025.854
634.5327,7025.854,634.1652,7026.44
625.2063,6996.334,625.397,6997.439
625.397,6997.439,625.4363,6998.705
625.4363,6998.705,625.9114,7000.177
625.9114,7000.177,626.2501,7001.508
626.2501,7001.508,626.5514,7002.84
626.5514,7002.84,626.8028,7004.159
626.8028,7004.159,627.3296,7005.43
627.3296,7005.43,627.9648,7007.19
627.9648,7007.19,628.5394,7008.713
628.5394,7008.713,629.0929,7009.796
629.0929,7009.796,629.8944,7011.107
629.8944,7011.107,630.2994,7012.001
630.2994,7012.001,630.8024,7013.134
630.8024,7013.134,631.3306,7014.242
631.3306,7014.242,631.6056,7015.711
631.6056,7015.711,631.9798,7017.294
631.9798,7017.294,632.044,7018.573
632.044,7018.573,632.2465,7019.753
632.2465,7019.753,632.3113,7020.957
632.3113,7020.957,632.3876,7022.287
632.3876,7022.287,632.4799,7023.19
632.4799,7023.19,632.5699,7024.382
632.5699,7024.382,632.835,7025.55
632.835,7025.55,633.2764,7026.57
633.2764,7026.57,633.6169,7027.701
633.6169,7027.701,633.8583,7028.719
633.8583,7028.719,634.4732,7029.928
634.4732,7029.928,634.7693,7030.394
630.2588,6996.131,631.1253,6997.142
631.1253,6997.142,632.4724,6998.985
632.4724,6998.985,633.6375,7000.174
633.6375,7000.174,634.7559,7000.974
634.7559,7000.974,635.7113,7001.823
635.7113,7001.823,636.8183,7002.498
636.8183,7002.498,638.0616,7003.299
638.0616,7003.299,639.1689,7003.936
639.1689,7003.936,640.0888,7004.559
640.0888,7004.559,641.0826,7005.308
641.0826,7005.308,642.1131,7006.145
642.1131,7006.145,642.8824,7006.829
642.8824,7006.829,643.7998,7007.74
643.7998,7007.74,644.3821,7008.373
644.3821,7008.373,644.6901,7008.902
630.2588,6996.131,630.6974,6997.476
630.6974,6997.476,631.2606,6998.886
631.2606,6998.886,631.9357,7000.359
587.4457,6995.49,586.7803,6995.822
586.7803,6995.822,586.0514,6996.267
586.0514,6996.267,585.3112,6996.573
585.3112,6996.573,584.6704,6996.956
585.8816,6991.214,585.2886,6991.86
585.2886,6991.86,584.7856,6992.206
584.7856,6992.206,584.331,6992.741
584.331,6992.741,583.7531,6993.074
572.1676,6991.172,572.7856,6992.005
572.7856,6992.005,573.8753,6993.244
573.8753,6993.244,575.2028,6994.447
575.2028,6994.447,576.2694,6995.448
576.2694,6995.448,577.5974,6996.601
577.5974,6996.601,578.6153,6997.45
578.6153,6997.45,579.9193,6998.478
579.9193,6998.478,580.6256,6999.224
580.6256,6999.224,581.3442,6999.996
572.1676,6991.172,572.4953,6992.341
572.4953,6992.341,572.8844,6993.623
572.8844,6993.623,573.1499,6994.754
573.1499,6994.754,573.5378,6996.187
573.5378,6996.187,573.8368,6997.794
573.8368,6997.794,574.1648,6998.925
574.1648,6998.925,574.6243,7000.76
574.6243,7000.76,574.9415,7001.678
574.9415,7001.678,575.2103,7002.42
575.2103,7002.42,575.4178,7003.011
575.4178,7003.011,575.5218,7004.015
637.7856,6988.656,638.0154,6989.56
638.0154,6989.56,638.7839,6991.824
638.7839,6991.824,639.4179,6993.723
639.4179,6993.723,640.1887,6995.71
640.1887,6995.71,640.5503,6997.306
640.5503,6997.306,641.0353,6999.078
641.0353,6999.078,641.7153,7001.453
641.7153,7001.453,642.2146,7003.012
642.2146,7003.012,642.7152,7004.434
642.7152,7004.434,643.0835,7005.227
643.0835,7005.227,643.3159,7005.831
643.3159,7005.831,643.6967,7006.636
643.6967,7006.636,644.1274,7007.443
644.1274,7007.443,644.4464,7008.16
644.4464,7008.16,644.6901,7008.902
624.5811,6984.533,625.1208,6985.766
625.1208,6985.766,625.7324,6987.351
625.7324,6987.351,626.6189,6988.964
626.6189,6988.964,627.34,6990.914
627.34,6990.914,627.9636,6992.562
627.9636,6992.562,628.6398,6993.91
628.6398,6993.91,629.1049,6995.092
629.1049,6995.092,629.7529,6996.803
629.7529,6996.803,630.5159,6998.239
630.5159,6998.239,631.1068,6999.323
631.1068,6999.323,631.9357,7000.359
624.5811,6984.533,624.7842,6985.65
624.7842,6985.65,624.6897,6986.477
624.6897,6986.477,624.6261,6988.081
624.6261,6988.081,624.5648,6989.421
624.5648,6989.421,624.5416,6990.675
624.5416,6990.675,624.5915,6992.167
624.5915,6992.167,624.7784,6993.71
624.7784,6993.71,625.0014,6995.43
625.0014,6995.43,625.2063,6996.334
577.3729,6978.824,577.3133,6979.952
577.3133,6979.952,577.3038,6981.08
577.3038,6981.08,577.3811,6982.284
577.3811,6982.284,577.3676,6983.876
577.3676,6983.876,577.4303,6985.33
577.4303,6985.33,577.6944,6986.624
577.6944,6986.624,578.0837,6987.894
578.0837,6987.894,578.4476,6989.201
578.4476,6989.201,578.8768,6990.195
578.8768,6990.195,579.2304,6991.251
579.2304,6991.251,580.0796,6992.839
580.0796,6992.839,580.5713,6993.834
580.5713,6993.834,580.9382,6994.79
580.9382,6994.79,581.6645,6996.125
581.6645,6996.125,582.1299,6997.27
582.1299,6997.27,582.473,6998.088
582.473,6998.088,582.93,6998.744
582.93,6998.744,583.2645,6999.099
408.7575,6978.081,408.7891,6978.758
408.7891,6978.758,408.8332,6979.435
408.8332,6979.435,408.9488,6980.514
408.9488,6980.514,408.8805,6981.178
408.8805,6981.178,408.8115,6981.917
408.8115,6981.917,408.807,6982.43
408.807,6982.43,408.7528,6982.919
408.7528,6982.919,408.6753,6983.194
405.0873,6974.45,405.0329,6974.95
405.0329,6974.95,404.9168,6975.35
404.9168,6975.35,404.8883,6975.751
404.8883,6975.751,404.809,6976.239
620.2247,6973.411,621.1605,6975.099
621.1605,6975.099,621.9101,6976.635
621.9101,6976.635,622.4569,6978.496
622.4569,6978.496,623.0808,6980.119
623.0808,6980.119,623.9351,6982.571
623.9351,6982.571,624.5811,6984.533
403.208,6971.963,403.1891,6972.702
403.1891,6972.702,403.146,6973.341
403.146,6973.341,403.0772,6974.055
403.0772,6974.055,403.0354,6974.543
403.0354,6974.543,402.88,6975.156
402.88,6975.156,402.7752,6975.694
400.2948,6971.873,400.0501,6972.686
400.0501,6972.686,399.944,6973.374
399.944,6973.374,399.4736,6974.247
399.4736,6974.247,399.2289,6975.06
399.2289,6975.06,399.0983,6975.698
399.0983,6975.698,398.878,6976.573
398.878,6976.573,398.6991,6977.01
398.6991,6977.01,398.5803,6977.723
398.5803,6977.723,398.5012,6978.186
398.5012,6978.186,398.4594,6978.675
573.6618,6968.26,573.8687,6968.926
573.8687,6968.926,574.0736,6969.83
574.0736,6969.83,574.4872,6971.175
574.4872,6971.175,574.8404,6972.282
574.8404,6972.282,575.4775,6973.817
575.4775,6973.817,575.9689,6974.837
575.9689,6974.837,576.3972,6975.932
576.3972,6975.932,576.7268,6976.875
576.7268,6976.875,577.0698,6977.706
577.0698,6977.706,577.3017,6978.372
577.3017,6978.372,577.3729,6978.824
618.4641,6967.252,619.5769,6968.704
619.5769,6968.704,620.5124,6970.43
620.5124,6970.43,621.4833,6972.42
621.4833,6972.42,621.8621,6973.451
621.8621,6973.451,622.5329,6975.425
622.5329,6975.425,623.5488,6978.005
623.5488,6978.005,624.2318,6980.017
624.2318,6980.017,625.3263,6982.158
625.3263,6982.158,625.977,6983.568
625.977,6983.568,626.6901,6984.991
626.6901,6984.991,627.5379,6986.729
627.5379,6986.729,628.2525,6987.977
628.2525,6987.977,628.7883,6989.661
628.7883,6989.661,629.2681,6992.06
629.2681,6992.06,629.4563,6993.453
629.4563,6993.453,629.8451,6994.786
629.8451,6994.786,630.2588,6996.131
549.0606,6953.224,549.4136,6954.356
549.4136,6954.356,549.9033,6955.589
549.9033,6955.589,550.5674,6956.874
550.5674,6956.874,551.3046,6958.397
551.3046,6958.397,552.8507,6960.367
552.8507,6960.367,553.1068,6961.134
553.1068,6961.134,554.0581,6962.459
554.0581,6962.459,555.2705,6963.975
555.2705,6963.975,555.5908,6964.542
555.5908,6964.542,556.3186,6965.69
556.3186,6965.69,557.5331,6966.955
557.5331,6966.955,558.2993,6968.002
558.2993,6968.002,559.0767,6969.213
559.0767,6969.213,559.7043,6970.397
559.7043,6970.397,560.5551,6971.784
560.5551,6971.784,561.4812,6973.147
561.4812,6973.147,562.0464,6974.318
562.0464,6974.318,562.7498,6975.402
562.7498,6975.402,563.7661,6976.452
563.7661,6976.452,564.494,6977.587
564.494,6977.587,565.3211,6978.836
565.3211,6978.836,566.1109,6980.047
566.1109,6980.047,566.8876,6981.345
566.8876,6981.345,567.8246,6982.896
567.8246,6982.896,568.3396,6984.079
568.3396,6984.079,569.3003,6985.78
569.3003,6985.78,569.6524,6987.025
569.6524,6987.025,570.765,6988.502
570.765,6988.502,571.5516,6990.101
571.5516,6990.101,572.1676,6991.172
511.052,6951.969,511.1847,6952.522
511.1847,6952.522,511.5991,6953.767
511.5991,6953.767,511.9149,6954.835
511.9149,6954.835,512.2953,6955.666
512.2953,6955.666,512.4148,6956.306
512.4148,6956.306,512.4846,6956.908
512.4846,6956.908,512.7002,6958.001
512.7002,6958.001,512.8434,6958.779
512.8434,6958.779,512.9871,6959.52
512.9871,6959.52,513.081,6960.223
513.081,6960.223,513.0601,6961.175
513.0601,6961.175,512.9907,6961.964
512.9907,6961.964,513.0847,6962.654
513.0847,6962.654,513.0793,6963.281
513.0793,6963.281,513.1745,6963.833
513.1745,6963.833,513.1202,6964.321
513.1202,6964.321,513.2275,6964.924
591.9375,6940.428,592.2272,6941.646
592.2272,6941.646,592.7769,6943.168
592.7769,6943.168,593.3651,6944.578
593.3651,6944.578,594.1015,6946.189
594.1015,6946.189,595.0489,6947.991
595.0489,6947.991,596.186,6949.531
596.186,6949.531,597.5251,6950.847
597.5251,6950.847,598.8656,6951.988
598.8656,6951.988,600.559,6952.793
600.559,6952.793,602.5004,6953.84
602.5004,6953.84,603.7681,6954.729
603.7681,6954.729,605.0853,6955.669
605.0853,6955.669,606.7226,6957.188
606.7226,6957.188,608.2219,6958.769
608.2219,6958.769,609.2603,6960.171
609.2603,6960.171,610.5483,6961.599
610.5483,6961.599,611.799,6963.015
611.799,6963.015,612.9607,6964.605
612.9607,6964.605,613.9627,6965.868
613.9627,6965.868,615.2261,6967.259
615.2261,6967.259,616.3161,6968.448
616.3161,6968.448,617.4052,6969.761
617.4052,6969.761,618.4299,6971.288
618.4299,6971.288,619.3084,6972.362
619.3084,6972.362,620.2247,6973.411
618.4641,6967.252,617.3173,6965.632
617.3173,6965.632,615.7657,6963.462
615.7657,6963.462,614.3017,6961.731
614.3017,6961.731,612.5498,6958.821
612.5498,6958.821,611.3235,6956.739
611.3235,6956.739,610.1221,6954.469
610.1221,6954.469,608.7456,6951.822
608.7456,6951.822,607.9197,6950.167
607.9197,6950.167,606.9812,6948.461
606.9812,6948.461,605.9676,6946.442
605.9676,6946.442,604.8913,6944.172
604.8913,6944.172,603.9403,6942.028
603.9403,6942.028,602.9766,6939.896
602.9766,6939.896,601.6877,6937.274
601.6877,6937.274,600.7867,6935.456
600.7867,6935.456,600.2986,6934.49
600.2986,6934.49,600.1735,6934.152
599.7624,6933.181,601.0424,6934.095
601.0424,6934.095,602.5693,6935.376
602.5693,6935.376,603.8606,6936.416
603.8606,6936.416,604.8227,6937.954
604.8227,6937.954,605.8368,6939.267
605.8368,6939.267,607.1954,6941.223
607.1954,6941.223,607.8584,6942.646
607.8584,6942.646,608.5084,6944.131
608.5084,6944.131,609.6891,6946.436
609.6891,6946.436,610.2013,6947.958
610.2013,6947.958,611.0728,6949.859
611.0728,6949.859,611.5759,6950.979
611.5759,6950.979,612.3999,6952.591
612.3999,6952.591,613.2758,6953.978
613.2758,6953.978,614.0177,6954.938
614.0177,6954.938,614.7321,6956.198
614.7321,6956.198,615.7044,6958.013
615.7044,6958.013,616.5129,6959.976
616.5129,6959.976,617.0092,6961.898
617.0092,6961.898,617.3765,6962.817
617.3765,6962.817,617.7148,6964.199
617.7148,6964.199,618.1796,6965.419
618.1796,6965.419,618.4194,6966.625
618.4194,6966.625,618.4641,6967.252
519.0761,6932.516,519.007,6933.268
519.007,6933.268,519.0153,6933.757
519.0153,6933.757,519.0357,6934.283
519.0357,6934.283,518.9298,6934.947
518.9298,6934.947,518.9621,6935.548
518.9621,6935.548,519.0078,6936.038
519.0617,6932.417,519.6233,6932.872
519.6233,6932.872,520.0201,6933.265
520.0201,6933.265,520.6162,6933.746
520.6162,6933.746,521.3217,6934.593
521.3217,6934.593,521.8797,6935.137
521.8797,6935.137,522.3746,6935.756
522.3746,6935.756,522.9948,6936.338
522.9948,6936.338,523.8902,6936.923
523.8902,6936.923,524.4618,6937.342
524.4618,6937.342,525.1075,6937.874
525.1075,6937.874,525.8051,6938.194
525.8051,6938.194,526.3521,6938.575
526.3521,6938.575,526.8626,6938.83
519.0617,6932.417,519.0761,6932.516
519.0475,6931.501,519.0054,6932.027
519.0054,6932.027,519.0617,6932.417
519.2013,6926.777,519.179,6927.905
519.179,6927.905,519.1579,6928.882
519.1579,6928.882,519.2016,6929.61
519.2016,6929.61,519.108,6930.298
519.108,6930.298,519.1493,6931.301
519.1493,6931.301,519.0475,6931.501
519.215,6926.639,519.2013,6926.777
525.9991,6924.584,526.2277,6925.614
526.2277,6925.614,526.3177,6926.768
526.3177,6926.768,526.395,6927.934
526.395,6927.934,526.4594,6929.151
526.4594,6929.151,526.5128,6930.204
526.5128,6930.204,526.4812,6930.956
526.4812,6930.956,526.4744,6931.733
526.4744,6931.733,526.3779,6932.747
526.3779,6932.747,526.1966,6933.472
526.1966,6933.472,526.2634,6934.413
526.2634,6934.413,526.0968,6934.875
526.0968,6934.875,526.1187,6935.226
580.674,6924.114,580.7546,6924.929
580.7546,6924.929,580.8562,6926.222
580.8562,6926.222,580.9204,6927.501
580.9204,6927.501,580.8323,6929.042
580.8323,6929.042,580.9073,6930.522
580.9073,6930.522,580.9164,6932.402
580.9164,6932.402,580.61,6934.63
580.61,6934.63,580.5904,6936.937
580.5904,6936.937,580.541,6939.819
580.541,6939.819,580.4127,6941.686
580.4127,6941.686,580.4391,6943.002
580.4391,6943.002,580.3511,6944.531
580.3511,6944.531,580.2922,6945.583
580.2922,6945.583,580.318,6946.962
580.318,6946.962,580.2325,6948.202
580.2325,6948.202,580.2191,6949.782
580.2191,6949.782,580.0086,6951.021
580.0086,6951.021,579.8969,6952.399
579.8969,6952.399,579.5451,6954.087
579.5451,6954.087,579.3831,6955.502
579.3831,6955.502,579.1114,6956.578
579.1114,6956.578,578.8993,6958.005
578.8993,6958.005,578.6457,6959.908
578.6457,6959.908,578.4538,6961.899
578.4538,6961.899,578.5906,6963.455
578.5906,6963.455,578.6879,6965.261
578.6879,6965.261,578.5744,6966.852
578.5744,6966.852,578.5494,6968.331
578.5494,6968.331,578.5246,6969.784
578.5246,6969.784,578.5061,6970.486
578.5061,6970.486,578.1413,6972.225
578.1413,6972.225,577.9782,6973.778
577.9782,6973.778,577.6911,6975.204
577.6911,6975.204,577.3621,6977.144
577.3621,6977.144,577.3729,6978.824
574.7298,6929.248,575.2101,6928.625
575.2101,6928.625,575.8024,6928.067
575.8024,6928.067,576.8466,6927.287
576.8466,6927.287,577.7903,6926.581
577.7903,6926.581,578.6819,6926.101
578.6819,6926.101,579.7901,6925.159
579.7901,6925.159,580.1306,6924.811
580.1306,6924.811,580.4949,6924.601
580.4949,6924.601,580.674,6924.114
580.6904,6923.65,580.674,6924.114
588.7717,6923.049,589.2391,6923.956
589.2391,6923.956,589.7919,6925.102
589.7919,6925.102,590.768,6926.465
590.768,6926.465,591.4346,6927.474
591.4346,6927.474,592.9099,6928.93
592.9099,6928.93,594.7505,6930.075
594.7505,6930.075,596.1958,6930.665
596.1958,6930.665,597.5015,6931.48
597.5015,6931.48,598.5334,6932.154
598.5334,6932.154,599.5403,6932.84
599.5403,6932.84,599.7624,6933.181
589.9456,6920.24,590.4507,6921.122
590.4507,6921.122,591.0939,6921.943
591.0939,6921.943,591.7489,6922.839
591.7489,6922.839,592.231,6923.483
592.231,6923.483,592.7134,6924.089
592.7134,6924.089,593.1834,6924.683
593.1834,6924.683,593.5543,6925.175
593.5543,6925.175,594.136,6925.87
594.136,6925.87,594.3598,6926.023
582.4435,6917.412,583.0896,6919.361
583.0896,6919.361,583.5044,6920.568
583.5044,6920.568,584.0314,6921.814
584.0314,6921.814,584.4215,6922.996
584.4215,6922.996,584.8497,6924.103
584.8497,6924.103,585.5723,6925.877
585.5723,6925.877,586.1481,6927.262
586.1481,6927.262,586.7513,6928.37
586.7513,6928.37,587.5759,6929.907
587.5759,6929.907,588.6363,6931.66
588.6363,6931.66,589.4494,6933.071
589.4494,6933.071,590.3378,6934.459
590.3378,6934.459,591.5489,6936.112
591.5489,6936.112,592.5136,6937.35
592.5136,6937.35,593.5517,6938.776
593.5517,6938.776,594.9004,6940.418
594.9004,6940.418,595.9769,6941.744
595.9769,6941.744,597.0666,6942.983
597.0666,6942.983,598.0187,6944.22
598.0187,6944.22,599.0211,6945.433
599.0211,6945.433,599.8751,6946.444
599.8751,6946.444,600.8917,6947.457
600.8917,6947.457,602.3421,6948.912
602.3421,6948.912,603.8675,6950.368
603.8675,6950.368,605.069,6951.683
605.069,6951.683,606.2189,6953.185
606.2189,6953.185,607.6308,6954.765
607.6308,6954.765,609.0308,6956.27
609.0308,6956.27,610.0561,6957.721
610.0561,6957.721,610.6738,6958.592
610.6738,6958.592,611.8587,6960.396
611.8587,6960.396,613.1093,6961.824
613.1093,6961.824,614.3339,6963.365
614.3339,6963.365,615.4685,6965.205
615.4685,6965.205,616.4682,6966.732
616.4682,6966.732,617.7029,6968.561
617.7029,6968.561,618.7124,6970.413
618.7124,6970.413,619.2653,6971.546
619.2653,6971.546,619.8794,6972.843
619.8794,6972.843,620.2247,6973.411
582.4435,6917.412,582.1868,6918.199
582.1868,6918.199,581.8923,6919.024
581.8923,6919.024,581.6223,6919.911
581.6223,6919.911,581.3763,6920.899
581.3763,6920.899,581.0646,6922.287
581.0646,6922.287,580.8328,6923.075
580.8328,6923.075,580.674,6924.114
511.5551,6917.294,511.8746,6917.948
511.8746,6917.948,512.3937,6918.655
512.3937,6918.655,512.9134,6919.287
512.9134,6919.287,514.0029,6920.563
514.0029,6920.563,514.4229,6921.155
514.4229,6921.155,515.0168,6921.888
515.0168,6921.888,515.7108,6922.621
515.7108,6922.621,516.0938,6923.164
516.0938,6923.164,516.6888,6923.771
516.6888,6923.771,517.2952,6924.504
517.2952,6924.504,517.991,6925.024
517.991,6925.024,518.5111,6925.618
518.5111,6925.618,518.8436,6926.21
518.8436,6926.21,519.215,6926.639
591.2919,6916.266,591.5986,6916.959
591.5986,6916.959,592.2529,6917.943
592.2529,6917.943,593.0554,6919.129
593.0554,6919.129,593.6467,6920.175
593.6467,6920.175,594.314,6921.096
594.314,6921.096,594.9065,6921.991
594.9065,6921.991,595.2773,6922.496
395.4561,6915.904,395.2162,6916.165
395.2162,6916.165,394.8859,6916.751
394.8859,6916.751,394.4662,6917.549
394.4662,6917.549,393.984,6918.347
393.984,6918.347,393.2628,6919.293
393.2628,6919.293,392.6037,6920.302
392.6037,6920.302,392.1616,6920.799
392.1616,6920.799,391.7824,6921.259
400.2814,6914.733,400.0399,6915.169
400.0399,6915.169,399.836,6915.606
399.836,6915.606,399.4541,6916.38
399.4541,6916.38,399.2613,6916.967
399.2613,6916.967,398.9297,6917.703
398.9297,6917.703,398.8245,6918.292
398.8245,6918.292,398.6202,6918.778
579.6103,6913.913,579.9169,6914.605
579.9169,6914.605,580.4766,6916.428
580.4766,6916.428,580.7377,6918.073
580.7377,6918.073,580.6634,6919.463
580.6634,6919.463,580.6894,6920.817
580.6894,6920.817,580.6654,6922.171
580.6654,6922.171,580.6904,6923.65
591.8081,6912.887,592.2761,6913.719
592.2761,6913.719,592.8068,6914.538
592.8068,6914.538,593.3008,6915.258
593.3008,6915.258,593.6713,6915.8
475.8873,6907.162,477.1341,6907.612
477.1341,6907.612,478.6297,6908.202
478.6297,6908.202,480.3998,6908.871
480.3998,6908.871,481.9199,6909.524
481.9199,6909.524,483.7525,6910.193
483.7525,6910.193,485.4475,6910.873
485.4475,6910.873,486.6681,6911.448
486.6681,6911.448,488.4996,6912.242
488.4996,6912.242,489.8558,6913.044
489.8558,6913.044,491.4003,6913.773
491.4003,6913.773,493.3675,6914.781
493.3675,6914.781,494.7628,6915.408
494.7628,6915.408,496.2337,6915.961
496.2337,6915.961,497.7278,6916.727
497.7278,6916.727,499.7192,6917.836
499.7192,6917.836,501.2877,6918.677
501.2877,6918.677,503.5278,6919.939
503.5278,6919.939,505.4313,6921.085
505.4313,6921.085,507.745,6922.522
507.745,6922.522,509.5165,6924.456
509.5165,6924.456,510.272,6925.303
510.272,6925.303,511.1138,6926.289
511.1138,6926.289,512.7175,6927.394
512.7175,6927.394,514.3086,6928.512
514.3086,6928.512,515.4417,6929.086
515.4417,6929.086,516.3618,6929.696
516.3618,6929.696,517.2949,6930.256
517.2949,6930.256,518.265,6930.88
518.265,6930.88,518.9733,6931.4
383.3913,6906.856,382.5202,6907.788
382.5202,6907.788,382.1054,6908.022
382.1054,6908.022,381.4501,6908.592
381.4501,6908.592,380.9209,6909.039
380.9209,6909.039,380.2892,6909.772
380.2892,6909.772,379.8107,6910.144
379.8107,6910.144,379.3553,6910.729
379.3553,6910.729,378.9116,6911.414
378.9116,6911.414,378.3949,6911.86
378.3949,6911.86,378.1671,6912.172
378.1671,6912.172,377.9639,6912.521
581.4068,6904.014,581.4068,6905.494
581.4068,6905.494,581.4828,6906.848
581.4828,6906.848,581.4911,6908.816
581.4911,6908.816,581.5414,6910.258
581.5414,6910.258,581.6416,6911.713
581.6416,6911.713,581.8274,6913.395
581.8274,6913.395,581.9055,6914.511
581.9055,6914.511,582.1563,6915.892
582.1563,6915.892,582.3982,6916.86
582.3982,6916.86,582.4435,6917.412
581.6026,6903.039,581.5986,6903.515
581.5986,6903.515,581.4068,6904.014
472.4971,6901.553,472.3423,6902.09
472.3423,6902.09,472.2253,6902.603
472.2253,6902.603,472.0589,6903.028
472.0589,6903.028,471.8938,6903.315
374.0408,6900.628,373.6995,6901.038
373.6995,6901.038,373.4329,6901.487
373.4329,6901.487,373.0545,6901.859
373.0545,6901.859,372.7005,6902.295
372.7005,6902.295,372.1214,6902.728
372.1214,6902.728,371.7805,6903.101
371.7805,6903.101,371.2515,6903.522
371.2515,6903.522,370.9359,6903.858
370.9359,6903.858,370.3827,6904.191
370.3827,6904.191,369.8399,6904.762
369.8399,6904.762,369.5005,6904.96
369.5005,6904.96,369.0717,6905.369
398.0656,6899.234,397.9499,6899.596
397.9499,6899.596,397.7175,6900.421
397.7175,6900.421,397.4611,6901.146
397.4611,6901.146,397.2534,6902.008
397.2534,6902.008,397.0738,6902.533
397.0738,6902.533,396.8806,6903.171
396.8806,6903.171,396.6994,6903.871
396.6994,6903.871,396.4816,6904.458
396.4816,6904.458,396.4014,6905.046
396.4014,6905.046,396.2715,6905.609
396.2715,6905.609,396.1302,6906.034
391.2994,6896.388,390.9093,6896.66
390.9093,6896.66,390.3174,6897.131
390.3174,6897.131,390.0773,6897.417
390.0773,6897.417,389.5988,6897.789
389.5988,6897.789,389.0323,6898.21
389.0323,6898.21,388.6419,6898.519
575.2852,6895.414,575.8948,6895.732
575.8948,6895.732,576.7283,6896.166
576.7283,6896.166,577.3123,6896.547
577.3123,6896.547,577.9585,6896.966
577.9585,6896.966,578.5781,6897.573
578.5781,6897.573,578.9229,6898.165
578.9229,6898.165,579.1922,6898.832
579.1922,6898.832,579.4374,6899.385
579.4374,6899.385,579.6568,6900.026
579.6568,6900.026,580.001,6900.693
580.001,6900.693,580.3211,6901.26
580.3211,6901.26,580.6414,6901.789
580.6414,6901.789,581.0491,6902.344
581.0491,6902.344,581.5322,6902.837
581.5322,6902.837,581.6026,6903.039
387.3713,6895.074,387.0805,6895.434
387.0805,6895.434,386.5248,6896.056
386.5248,6896.056,385.7678,6896.813
385.7678,6896.813,385.236,6897.56
385.236,6897.56,384.8438,6898.071
384.8438,6898.071,384.1984,6898.93
384.1984,6898.93,383.8205,6899.239
383.8205,6899.239,383.5028,6899.825
383.5028,6899.825,383.2614,6900.249
517.9988,6894.079,518.0072,6894.555
518.0072,6894.555,517.9715,6895.77
517.9715,6895.77,517.7781,6896.433
517.7781,6896.433,517.7435,6897.536
517.7435,6897.536,517.687,6898.274
517.687,6898.274,517.6048,6899.088
517.6048,6899.088,517.6323,6900.242
517.6323,6900.242,517.5596,6901.407
517.5596,6901.407,517.6022,6902.259
517.6022,6902.259,517.5211,6902.948
517.5211,6902.948,517.5885,6903.826
517.5885,6903.826,517.5557,6904.715
517.5557,6904.715,517.5853,6905.618
517.5853,6905.618,517.6624,6906.81
517.6624,6906.81,517.6037,6907.812
517.6037,6907.812,517.6073,6908.827
517.6073,6908.827,517.6865,6909.78
517.6865,6909.78,517.6289,6910.645
517.6289,6910.645,517.8333,6911.586
517.8333,6911.586,518.0613,6912.691
518.0613,6912.691,518.2646,6913.759
518.2646,6913.759,518.3537,6915.013
518.3537,6915.013,518.4463,6915.866
518.4463,6915.866,518.6388,6916.733
518.6388,6916.733,518.729,6917.861
518.729,6917.861,518.9427,6919.167
518.9427,6919.167,519.0603,6920.02
519.0603,6920.02,519.0226,6921.474
519.0226,6921.474,519.1536,6923.656
519.1536,6923.656,519.2171,6924.973
519.2171,6924.973,519.1852,6925.762
519.1852,6925.762,519.215,6926.639
571.4149,6894.03,571.9102,6894.599
571.9102,6894.599,572.7159,6895.409
572.7159,6895.409,573.6717,6896.22
573.6717,6896.22,574.3553,6896.69
574.3553,6896.69,575.6494,6897.404
575.6494,6897.404,576.7093,6897.74
576.7093,6897.74,577.1826,6897.945
577.1826,6897.945,577.8171,6898.302
577.8171,6898.302,578.1863,6898.995
578.1863,6898.995,578.4909,6899.938
578.4909,6899.938,578.9599,6900.657
578.9599,6900.657,579.3903,6901.501
579.3903,6901.501,579.7218,6902.219
579.7218,6902.219,580.3769,6903.102
580.3769,6903.102,580.9594,6903.697
580.9594,6903.697,581.4068,6904.014
376.3868,6891.212,376.522,6891.476
376.522,6891.476,376.7186,6891.879
376.7186,6891.879,376.9404,6892.257
376.9404,6892.257,377.0618,6892.684
377.0618,6892.684,377.2961,6893.062
377.2961,6893.062,377.5047,6893.516
377.5047,6893.516,377.527,6893.829
377.527,6893.829,377.7483,6894.27
377.7483,6894.27,377.8208,6894.559
470.2043,6890.565,470.4374,6891.081
470.4374,6891.081,470.7667,6892.049
470.7667,6892.049,471.1093,6892.917
471.1093,6892.917,471.2029,6893.645
471.2029,6893.645,471.4941,6894.675
471.4941,6894.675,471.6374,6895.454
471.6374,6895.454,471.8271,6896.646
471.8271,6896.646,471.9664,6897.876
471.9664,6897.876,472.2078,6898.881
472.2078,6898.881,472.2999,6899.784
472.2999,6899.784,472.2807,6900.548
472.2807,6900.548,472.4522,6900.963
472.4522,6900.963,472.4971,6901.553
376.1681,6889.041,375.8006,6889.589
375.8006,6889.589,375.4333,6890.112
375.4333,6890.112,375.1158,6890.673
375.1158,6890.673,374.6979,6891.259
374.6979,6891.259,374.3421,6891.907
374.3421,6891.907,374.1009,6892.318
583.0694,6887.784,583.5005,6888.553
583.5005,6888.553,583.9204,6889.159
583.9204,6889.159,584.2915,6889.626
584.2915,6889.626,584.552,6889.867
583.0694,6887.784,582.9449,6889.2
582.9449,6889.2,582.9568,6890.754
582.9568,6890.754,582.9537,6892.597
582.9537,6892.597,582.8199,6895.103
582.8199,6895.103,582.7892,6897.258
582.7892,6897.258,582.5748,6898.949
582.5748,6898.949,582.2634,6900.287
582.2634,6900.287,581.9667,6901.375
581.9667,6901.375,581.8073,6902.489
581.8073,6902.489,581.6026,6903.039
364.1527,6887.213,363.9487,6887.662
363.9487,6887.662,363.6441,6888.173
363.6441,6888.173,363.3896,6888.672
363.3896,6888.672,363.1865,6889.009
363.1865,6889.009,362.9707,6889.383
396.8273,6884.946,396.7728,6885.447
396.7728,6885.447,396.6418,6886.135
396.6418,6886.135,396.4083,6887.086
396.4083,6887.086,396.1885,6887.911
396.1885,6887.911,395.9184,6888.761
395.9184,6888.761,395.7092,6889.812
395.7092,6889.812,395.3384,6890.736
395.3384,6890.736,394.9795,6891.735
394.9795,6891.735,394.6189,6892.922
394.6189,6892.922,394.1448,6894.221
394.1448,6894.221,393.5063,6895.732
393.5063,6895.732,393.224,6896.544
393.224,6896.544,392.6008,6897.742
392.6008,6897.742,392.301,6899.13
392.301,6899.13,392.2023,6900.407
392.2023,6900.407,392.0717,6901.033
392.0717,6901.033,392.0144,6901.872
392.0144,6901.872,391.7571,6902.684
391.7571,6902.684,391.4616,6903.584
391.4616,6903.584,390.9365,6904.996
390.9365,6904.996,390.6899,6906.021
390.6899,6906.021,390.1617,6907.796
390.1617,6907.796,390.2077,6908.247
390.2077,6908.247,389.9127,6909.097
389.9127,6909.097,389.6147,6910.272
389.6147,6910.272,389.4696,6911.136
389.4696,6911.136,389.1495,6911.985
389.1495,6911.985,388.8138,6913.198
388.8138,6913.198,388.5561,6914.06
388.5561,6914.06,388.0894,6915.936
388.0894,6915.936,387.8785,6917.175
387.8785,6917.175,387.5915,6918.538
387.5915,6918.538,387.2384,6920.302
387.2384,6920.302,386.4514,6923.052
386.4514,6923.052,386.1377,6924.604
386.1377,6924.604,385.737,6926.091
385.737,6926.091,385.4099,6927.743
385.4099,6927.743,385.0895,6928.63
385.0895,6928.63,384.7683,6929.604
384.7683,6929.604,384.4475,6930.541
384.4475,6930.541,384.1364,6931.792
384.1364,6931.792,383.8365,6933.193
383.8365,6933.193,383.4621,6934.53
383.4621,6934.53,383.1648,6935.631
383.1648,6935.631,383.0453,6936.432
383.0453,6936.432,382.8611,6937.47
382.8611,6937.47,382.7048,6938.183
368.2808,6884.243,367.8262,6884.753
367.8262,6884.753,367.5963,6885.302
367.5963,6885.302,367.1524,6886
367.1524,6886,366.8465,6886.661
366.8465,6886.661,366.4788,6887.234
366.4788,6887.234,366.1217,6888.021
366.1217,6888.021,365.7278,6888.731
365.7278,6888.731,365.5348,6889.344
365.5348,6889.344,365.1795,6889.93
365.1795,6889.93,365.0372,6890.48
365.0372,6890.48,364.9215,6890.83
364.9215,6890.83,364.7683,6891.192
475.5928,6883.19,475.5663,6883.796
475.5663,6883.796,475.3801,6885.06
475.3801,6885.06,475.3579,6886.176
475.3579,6886.176,475.2459,6887.541
475.2459,6887.541,475.0582,6888.98
475.0582,6888.98,474.9208,6890.395
474.9208,6890.395,474.7872,6891.372
474.7872,6891.372,474.677,6892.536
474.677,6892.536,474.4398,6893.913
474.4398,6893.913,474.1434,6894.913
474.1434,6894.913,473.9353,6895.826
473.9353,6895.826,473.7772,6896.752
473.7772,6896.752,473.5058,6897.752
473.5058,6897.752,473.2221,6898.727
473.2221,6898.727,472.9624,6899.828
472.9624,6899.828,472.7552,6900.64
472.7552,6900.64,472.4971,6901.553
475.5928,6883.19,475.2438,6883.493
475.2438,6883.493,474.6751,6884.164
474.6751,6884.164,474.0949,6884.723
474.0949,6884.723,473.7017,6885.358
473.7017,6885.358,473.3095,6885.868
473.3095,6885.868,472.8786,6886.516
472.8786,6886.516,472.2077,6887.437
472.2077,6887.437,471.6247,6888.322
471.6247,6888.322,471.306,6889.008
471.306,6889.008,470.7997,6889.706
470.7997,6889.706,470.5953,6890.192
470.5953,6890.192,470.2043,6890.565
475.5975,6883.082,475.5928,6883.19
475.773,6883.034,475.5928,6883.19
353.2005,6882.511,353.2841,6882.963
353.2841,6882.963,353.3658,6883.629
353.3658,6883.629,353.4502,6883.993
353.4502,6883.993,353.5595,6884.37
353.5595,6884.37,353.6441,6884.709
353.6441,6884.709,353.5793,6884.972
580.3263,6882.506,581.3031,6883.782
581.3031,6883.782,581.7576,6884.726
581.7576,6884.726,582.2736,6885.796
582.2736,6885.796,582.849,6887.243
582.849,6887.243,583.0694,6887.784
362.9768,6881.524,362.5354,6881.946
362.5354,6881.946,361.8678,6882.492
361.8678,6882.492,361.4757,6882.989
361.4757,6882.989,360.8571,6883.648
360.8571,6883.648,360.2013,6884.281
360.2013,6884.281,359.6211,6884.84
513.7905,6878.914,514.829,6880.005
514.829,6880.005,516.781,6882.088
516.781,6882.088,519.0333,6884.572
519.0333,6884.572,520.9978,6886.742
520.9978,6886.742,522.9122,6888.937
522.9122,6888.937,524.8893,6891.245
524.8893,6891.245,526.641,6893.227
526.641,6893.227,528.08,6895.158
528.08,6895.158,529.5691,6897.015
529.5691,6897.015,531.1081,6898.796
531.1081,6898.796,532.3469,6900.188
532.3469,6900.188,533.0601,6901.167
562.6348,6876.774,563.351,6877.822
563.351,6877.822,564.4491,6879.549
564.4491,6879.549,565.2539,6880.472
565.2539,6880.472,566.2268,6882.211
566.2268,6882.211,566.8821,6883.069
566.8821,6883.069,567.4751,6883.902
567.4751,6883.902,568.1143,6885.187
568.1143,6885.187,568.6936,6886.17
568.6936,6886.17,569.5673,6887.82
569.5673,6887.82,570.3067,6889.081
570.3067,6889.081,570.7731,6890.101
570.7731,6890.101,571.4506,6891.298
571.4506,6891.298,572.2014,6892.684
572.2014,6892.684,572.6173,6893.766
572.6173,6893.766,573.3338,6894.788
573.3338,6894.788,574.1019,6895.61
574.1019,6895.61,575.2455,6896.385
575.2455,6896.385,576.0786,6896.92
576.0786,6896.92,576.5019,6897.124
576.5019,6897.124,576.8632,6897.278
580.2435,6874.558,580.6415,6874.8
580.6415,6874.8,581.0903,6874.955
581.0903,6874.955,581.4251,6875.271
581.4251,6875.271,581.8974,6875.602
581.8974,6875.602,582.5453,6875.871
582.5453,6875.871,583.1055,6876.14
580.2435,6874.558,580.2526,6874.96
580.2526,6874.96,580.2573,6875.887
580.2573,6875.887,580.2996,6876.79
580.2996,6876.79,580.2068,6877.416
580.2068,6877.416,580.2999,6878.232
580.2999,6878.232,580.3309,6878.997
580.3309,6878.997,580.1838,6880.136
580.1838,6880.136,580.2522,6880.914
580.2522,6880.914,580.2583,6881.679
580.2583,6881.679,580.3263,6882.506
579.6085,6874.252,580.2435,6874.558
465.7864,6872.468,465.9061,6872.928
465.9061,6872.928,466.2227,6873.908
466.2227,6873.908,466.5784,6874.714
466.5784,6874.714,466.8068,6875.769
466.8068,6875.769,467.0369,6876.623
467.0369,6876.623,467.2448,6877.164
467.2448,6877.164,467.3532,6877.641
467.3532,6877.641,467.4476,6878.294
467.4476,6878.294,467.692,6878.948
467.692,6878.948,468.0777,6880.606
468.0777,6880.606,468.1127,6880.895
468.1127,6880.895,468.3053,6881.749
468.3053,6881.749,468.5311,6883.104
468.5311,6883.104,468.7832,6884.31
468.7832,6884.31,468.9373,6885.276
468.9373,6885.276,468.9913,6886.255
468.9913,6886.255,469.1071,6887.321
469.1071,6887.321,469.2253,6888.112
469.2253,6888.112,469.3946,6888.765
469.3946,6888.765,469.6013,6889.444
469.6013,6889.444,469.7591,6889.997
469.7591,6889.997,469.9684,6890.375
469.9684,6890.375,470.2043,6890.565
464.8338,6872.554,465.1594,6872.507
465.1594,6872.507,465.5472,6872.498
465.5472,6872.498,465.7864,6872.468
476.6926,6872.263,477.2929,6872.269
477.2929,6872.269,477.8055,6872.286
477.8055,6872.286,478.6808,6872.307
478.6808,6872.307,479.3306,6872.363
479.3306,6872.363,479.8425,6872.468
479.8425,6872.468,480.2918,6872.572
480.2918,6872.572,480.2918,6872.572
480.2918,6872.572,480.5297,6872.537
476.6202,6872.248,476.6926,6872.263
476.6202,6872.248,476.637,6872.902
476.637,6872.902,476.6303,6873.667
476.6303,6873.667,476.5363,6874.405
476.5363,6874.405,476.3281,6875.331
476.3281,6875.331,476.2331,6876.182
476.2331,6876.182,476.1498,6877.134
476.1498,6877.134,476.1298,6877.986
476.1298,6877.986,475.9351,6878.799
475.9351,6878.799,475.9549,6879.401
475.9549,6879.401,475.859,6880.352
475.859,6880.352,475.8017,6881.192
475.8017,6881.192,475.6329,6881.892
475.6329,6881.892,475.8263,6882.671
475.8263,6882.671,475.5975,6883.082
472.0223,6872.189,472.0371,6872.609
472.0371,6872.609,471.8942,6873.222
471.8942,6873.222,471.9015,6873.823
471.9015,6873.823,471.9221,6874.325
471.9221,6874.325,471.8535,6875.013
471.8535,6875.013,471.7968,6875.777
471.7968,6875.777,471.6293,6876.34
471.6293,6876.34,471.3867,6876.914
471.3867,6876.914,471.1338,6877.225
471.1338,6877.225,470.9668,6877.738
470.9668,6877.738,470.725,6878.212
470.725,6878.212,470.6343,6878.574
470.6343,6878.574,470.5037,6879.212
470.5037,6879.212,470.4002,6879.6
470.4002,6879.6,470.4599,6879.926
476.6183,6872.175,476.6202,6872.248
465.7864,6872.468,466.2859,6872.405
466.2859,6872.405,466.9367,6872.348
466.9367,6872.348,467.7001,6872.293
467.7001,6872.293,468.4382,6872.275
468.4382,6872.275,469.1641,6872.206
469.1641,6872.206,470.2023,6872.191
470.2023,6872.191,470.8903,6872.172
470.8903,6872.172,471.8908,6872.181
471.8908,6872.181,472.0223,6872.189
472.0223,6872.189,472.6167,6872.125
472.6167,6872.125,473.179,6872.181
473.179,6872.181,473.179,6872.181
473.179,6872.181,473.8549,6872.112
473.8549,6872.112,474.706,6872.044
474.706,6872.044,475.4923,6872.227
475.4923,6872.227,475.4923,6872.227
475.4923,6872.227,476.3306,6872.185
476.3306,6872.185,476.6202,6872.248
573.8128,6870.7,574.4719,6871.107
574.4719,6871.107,575.0802,6871.614
575.0802,6871.614,576.0619,6872.313
576.0619,6872.313,577.2327,6872.838
577.2327,6872.838,578.1283,6873.373
578.1283,6873.373,578.9114,6873.894
578.9114,6873.894,579.5218,6874.163
579.5218,6874.163,579.6085,6874.252
573.8128,6870.7,574.3499,6872.234
574.3499,6872.234,575.6054,6874.552
575.6054,6874.552,576.3316,6875.9
576.3316,6875.9,577.0216,6877.098
577.0216,6877.098,577.811,6878.359
577.811,6878.359,578.503,6879.318
578.503,6879.318,579.0323,6880.301
579.0323,6880.301,579.6629,6881.121
579.6629,6881.121,580.0932,6881.978
580.0932,6881.978,580.3263,6882.506
486.0543,6867.199,485.5694,6868.297
485.5694,6868.297,485.1516,6868.883
485.1516,6868.883,484.8338,6869.469
484.8338,6869.469,484.5507,6870.381
484.5507,6870.381,484.0812,6871.154
484.0812,6871.154,483.6606,6872.052
483.6606,6872.052,483.0411,6872.824
483.0411,6872.824,482.6084,6873.672
482.6084,6873.672,481.949,6874.706
481.949,6874.706,481.3796,6875.465
481.3796,6875.465,480.7347,6876.274
480.7347,6876.274,480.1132,6877.271
480.1132,6877.271,479.5428,6878.143
479.5428,6878.143,479.1262,6878.578
479.1262,6878.578,478.4172,6879.574
478.4172,6879.574,477.9232,6880.284
477.9232,6880.284,477.1385,6881.342
477.1385,6881.342,476.5201,6881.988
476.5201,6881.988,476.3279,6882.512
476.3279,6882.512,475.773,6883.034
453.6134,6865.632,453.6895,6866.936
453.6895,6866.936,453.5809,6867.913
453.5809,6867.913,453.6732,6868.804
453.6732,6868.804,453.7275,6869.744
453.7275,6869.744,453.8071,6870.66
453.8071,6870.66,453.9226,6871.751
453.9226,6871.751,454.0148,6872.642
454.0148,6872.642,454.2178,6873.747
454.2178,6873.747,454.333,6874.876
454.333,6874.876,454.663,6875.757
454.663,6875.757,454.9546,6876.737
454.9546,6876.737,455.1235,6877.44
455.1235,6877.44,455.2055,6878.08
455.2055,6878.08,455.5109,6878.91
455.5109,6878.91,455.7178,6879.564
455.7178,6879.564,455.8617,6880.267
455.8617,6880.267,456.1157,6881.26
456.1157,6881.26,456.4202,6882.19
456.4202,6882.19,456.8275,6882.808
456.8275,6882.808,457.0205,6883.624
457.0205,6883.624,457.302,6884.329
457.302,6884.329,457.6103,6884.833
461.2109,6864.938,461.4193,6865.429
461.4193,6865.429,461.6991,6866.321
461.6991,6866.321,462.0442,6866.901
462.0442,6866.901,462.4884,6867.595
462.4884,6867.595,462.7322,6868.324
462.7322,6868.324,463.0769,6868.941
463.0769,6868.941,463.5834,6869.66
463.5834,6869.66,464.1919,6870.155
464.1919,6870.155,464.4228,6870.934
464.4228,6870.934,464.9549,6871.578
464.9549,6871.578,465.3273,6871.895
465.3273,6871.895,465.5615,6872.286
465.5615,6872.286,465.7864,6872.468
461.2109,6864.938,460.4984,6864.894
460.4984,6864.894,459.5601,6864.935
459.5601,6864.935,458.8084,6865.079
458.8084,6865.079,458.2081,6865.086
458.2081,6865.086,458.2081,6865.086
458.2081,6865.086,457.7331,6865.056
457.7331,6865.056,457.0823,6865.1
457.0823,6865.1,457.0823,6865.1
457.0823,6865.1,456.5073,6865.07
475.3576,6863.315,475.3671,6863.653
475.3671,6863.653,475.4376,6864.18
475.4376,6864.18,475.4201,6864.744
475.4201,6864.744,475.578,6865.284
475.578,6865.284,475.6963,6866.063
475.6963,6866.063,475.7539,6866.615
475.7539,6866.615,475.9712,6867.519
475.9712,6867.519,476.1645,6868.298
476.1645,6868.298,476.3078,6869.076
476.3078,6869.076,476.4541,6869.504
476.4541,6869.504,476.5869,6870.044
476.5869,6870.044,476.6315,6870.671
476.6315,6870.671,476.664,6871.248
476.664,6871.248,476.6717,6871.799
476.6717,6871.799,476.6183,6872.175
475.3576,6863.315,474.5061,6863.432
474.5061,6863.432,473.9305,6863.464
473.9305,6863.464,473.4788,6863.636
473.4788,6863.636,473.0528,6863.719
473.0528,6863.719,472.4393,6863.801
472.4393,6863.801,472.4393,6863.801
472.4393,6863.801,471.7516,6863.782
471.7516,6863.782,471.0753,6863.889
471.0753,6863.889,470.2731,6864.095
470.2731,6864.095,469.0712,6864.234
469.0712,6864.234,467.8944,6864.373
467.8944,6864.373,467.8944,6864.373
467.8944,6864.373,466.9816,6864.352
466.9816,6864.352,465.955,6864.468
465.955,6864.468,464.6909,6864.582
464.6909,6864.582,463.6384,6864.798
463.6384,6864.798,462.3125,6864.823
462.3125,6864.823,461.712,6864.843
461.712,6864.843,461.2109,6864.938
478.911,6863.134,478.1613,6863.052
478.1613,6863.052,477.7235,6863.061
477.7235,6863.061,477.2098,6863.169
477.2098,6863.169,476.5341,6863.213
476.5341,6863.213,475.9957,6863.283
475.9957,6863.283,475.5704,6863.291
475.5704,6863.291,475.3576,6863.315
487.6695,6864.118,486.7834,6863.909
486.7834,6863.909,486.2839,6863.817
486.2839,6863.817,485.6718,6863.736
485.6718,6863.736,485.0716,6863.731
485.0716,6863.731,484.522,6863.65
484.522,6863.65,483.7858,6863.455
483.7858,6863.455,483.1607,6863.425
483.1607,6863.425,482.3487,6863.317
482.3487,6863.317,481.7737,6863.286
481.7737,6863.286,481.1985,6863.268
481.1985,6863.268,480.5121,6863.112
480.5121,6863.112,479.6237,6863.154
479.6237,6863.154,479.6237,6863.154
479.6237,6863.154,479.1869,6863.049
479.1869,6863.049,478.911,6863.134
479.7553,6858.116,479.6893,6858.517
479.6893,6858.517,479.6348,6859.018
479.6348,6859.018,479.5289,6859.693
479.5289,6859.693,479.4364,6860.257
479.4364,6860.257,479.3816,6860.808
479.3816,6860.808,479.1883,6861.458
479.1883,6861.458,479.0583,6862.02
479.0583,6862.02,478.9644,6862.746
478.9644,6862.746,478.911,6863.134
482.5588,6857.938,482.5823,6858.055
482.5588,6857.938,482.3582,6857.94
482.3582,6857.94,481.7698,6858.01
481.7698,6858.01,481.0685,6858.116
481.0685,6858.116,481.0685,6858.116
481.0685,6858.116,480.4192,6857.997
480.4192,6857.997,479.7553,6858.116
487.5386,6857.637,487.1257,6857.658
487.1257,6857.658,486.625,6857.704
486.625,6857.704,485.7862,6857.809
485.7862,6857.809,485.3854,6857.868
485.3854,6857.868,485.3854,6857.868
485.3854,6857.868,484.9983,6857.801
484.9983,6857.801,484.3601,6857.846
484.3601,6857.846,484.3601,6857.846
484.3601,6857.846,483.8101,6857.816
483.8101,6857.816,483.1587,6857.935
483.1587,6857.935,482.5588,6857.938
562.0729,6857.503,562.7285,6858.324
562.7285,6858.324,563.2594,6859.118
563.2594,6859.118,563.6909,6859.824
563.6909,6859.824,564.3348,6860.57
564.3348,6860.57,565.127,6861.492
565.127,6861.492,565.7966,6862.138
565.7966,6862.138,566.0069,6862.403
562.0729,6857.503,562.5107,6858.948
562.5107,6858.948,563.2933,6861.024
563.2933,6861.024,564.0012,6863.049
564.0012,6863.049,564.6516,6864.484
564.6516,6864.484,565.3981,6866.384
565.3981,6866.384,566.4529,6868.788
566.4529,6868.788,567.3484,6870.814
567.3484,6870.814,568.3444,6872.779
568.3444,6872.779,568.9991,6873.713
568.9991,6873.713,569.7461,6875.55
569.7461,6875.55,570.6329,6877.125
570.6329,6877.125,571.8659,6879.155
571.8659,6879.155,572.7286,6880.63
572.7286,6880.63,573.4426,6881.94
573.4426,6881.94,573.959,6882.961
573.959,6882.961,574.6851,6884.321
574.6851,6884.321,575.1289,6885.065
575.1289,6885.065,575.7562,6886.274
575.7562,6886.274,576.4595,6887.371
576.4595,6887.371,577.0657,6888.129
577.0657,6888.129,577.7071,6889.151
577.7071,6889.151,578.5218,6890.387
578.5218,6890.387,579.3733,6891.698
579.3733,6891.698,579.9754,6892.932
579.9754,6892.932,580.4659,6894.065
580.4659,6894.065,580.7599,6894.782
580.7599,6894.782,580.93,6895.361
479.7553,6858.116,479.3808,6858.038
479.3808,6858.038,478.6175,6858.081
478.6175,6858.081,478.6175,6858.081
478.6175,6858.081,477.8048,6858.061
477.8048,6858.061,477.2671,6858.043
477.2671,6858.043,476.8167,6858.064
476.8167,6858.064,475.9036,6858.081
475.9036,6858.081,475.9036,6858.081
475.9036,6858.081,474.8791,6857.958
474.8791,6857.958,474.1667,6857.902
474.1667,6857.902,473.3793,6857.844
473.3793,6857.844,472.8174,6857.739
472.8174,6857.739,472.0052,6857.656
472.0052,6857.656,471.3441,6857.462
471.3441,6857.462,470.7947,6857.356
470.7947,6857.356,470.2834,6857.189
470.2834,6857.189,469.5221,6857.006
469.5221,6857.006,468.7603,6856.886
468.7603,6856.886,468.211,6856.768
468.211,6856.768,467.4489,6856.674
467.4489,6856.674,466.8117,6856.605
466.8117,6856.605,466.2489,6856.6
466.2489,6856.6,465.7501,6856.432
465.7501,6856.432,465.2748,6856.44
465.2748,6856.44,465.2748,6856.44
465.2748,6856.44,465.0497,6856.438
483.6939,6846.772,483.3638,6847.346
483.3638,6847.346,483.1188,6848.183
483.1188,6848.183,482.9637,6848.758
482.9637,6848.758,482.8067,6849.559
482.8067,6849.559,482.6502,6850.285
482.6502,6850.285,482.5562,6851.023
482.5562,6851.023,482.5273,6851.474
482.5273,6851.474,482.445,6852.301
482.445,6852.301,482.3392,6852.964
482.3392,6852.964,482.2705,6853.665
482.2705,6853.665,482.4272,6854.343
482.4272,6854.343,482.4098,6854.895
482.4098,6854.895,482.4032,6855.659
482.4032,6855.659,482.3606,6856.235
482.3606,6856.235,482.4292,6856.976
482.4292,6856.976,482.4504,6857.402
482.4504,6857.402,482.5588,6857.938
483.6939,6846.772,483.3693,6846.719
483.3693,6846.719,482.8564,6846.727
482.8564,6846.727,482.4309,6846.761
482.4309,6846.761,482.4309,6846.761
482.4309,6846.761,482.0811,6846.72
482.0811,6846.72,481.656,6846.703
481.656,6846.703,481.2187,6846.649
481.2187,6846.649,480.8315,6846.595
480.8315,6846.595,480.4809,6846.642
480.4809,6846.642,480.4809,6846.642
480.4809,6846.642,480.0812,6846.589
480.0812,6846.589,479.5682,6846.609
478.5394,6844.118,478.8645,6844.133
478.8645,6844.133,478.8645,6844.133
478.8645,6844.133,479.4023,6844.126
479.4023,6844.126,480.0774,6844.157
480.0774,6844.157,480.5523,6844.199
480.5523,6844.199,480.5523,6844.199
480.5523,6844.199,481.1652,6844.192
481.1652,6844.192,481.6407,6844.159
481.6407,6844.159,482.1659,6844.164
482.1659,6844.164,482.7162,6844.169
482.7162,6844.169,483.2162,6844.199
483.2162,6844.199,483.2162,6844.199
483.2162,6844.199,483.792,6844.141
483.792,6844.141,484.0796,6844.144
484.0796,6844.144,484.0796,6844.144
484.0796,6844.144,484.3928,6844.084
485.0542,6842.824,484.9245,6843.35
484.9245,6843.35,484.9696,6843.914
484.9696,6843.914,484.8656,6844.364
484.8656,6844.364,484.7491,6844.814
484.7491,6844.814,484.4943,6845.351
484.4943,6845.351,484.2771,6845.875
484.2771,6845.875,483.9986,6846.261
483.9986,6846.261,483.7328,6846.622
483.7328,6846.622,483.6939,6846.772
553.3969,6835.334,553.9626,6836.43
553.9626,6836.43,554.6403,6837.602
554.6403,6837.602,555.6396,6839.178
555.6396,6839.178,556.2893,6840.701
556.2893,6840.701,557.3863,6842.554
557.3863,6842.554,558.0397,6843.638
558.0397,6843.638,558.8914,6844.925
558.8914,6844.925,559.4498,6846.898
559.4498,6846.898,559.9968,6848.734
559.9968,6848.734,560.2428,6850.691
560.2428,6850.691,560.5159,6852.399
560.5159,6852.399,560.9041,6853.794
560.9041,6853.794,561.3401,6855.453
561.3401,6855.453,561.7546,6856.697
561.7546,6856.697,562.0729,6857.503
490.1664,6833.146,489.6631,6833.492
489.6631,6833.492,489.1471,6833.863
489.1471,6833.863,488.605,6834.36
488.605,6834.36,488.1004,6834.856
488.1004,6834.856,487.5968,6835.228
487.5968,6835.228,487.0801,6835.687
487.0801,6835.687,486.5891,6836.058
486.5891,6836.058,486.1221,6836.543
486.1221,6836.543,485.643,6836.977
485.643,6836.977,485.277,6837.362
485.277,6837.362,485.0486,6837.736
485.0486,6837.736,484.7331,6838.059
484.7331,6838.059,484.3426,6838.381
492.3685,6824.455,491.9788,6824.677
491.9788,6824.677,491.4494,6825.149
491.4494,6825.149,491.1106,6825.284
491.1106,6825.284,490.5194,6825.667
490.5194,6825.667,489.9782,6826.063
489.9782,6826.063,489.3242,6826.483
489.3242,6826.483,488.8203,6826.892
488.8203,6826.892,488.2158,6827.375
488.2158,6827.375,487.6627,6827.696
487.6627,6827.696,487.3222,6828.018
487.3222,6828.018,486.868,6828.465
486.868,6828.465,486.3518,6828.862
486.3518,6828.862,485.9864,6829.172
485.9864,6829.172,485.621,6829.481
485.621,6829.481,485.1653,6830.104
485.1653,6830.104,484.7617,6830.501
484.7617,6830.501,484.533,6830.9
484.533,6830.9,484.2553,6831.198
416.3423,6822.861,417.0546,6822.93
417.0546,6822.93,417.4659,6823.097
417.4659,6823.097,417.4659,6823.097
417.4659,6823.097,418.2914,6823.079
418.2914,6823.079,419.6546,6823.092
419.6546,6823.092,420.3289,6823.211
420.3289,6823.211,421.4909,6823.335
421.4909,6823.335,422.3879,6823.731
422.3879,6823.731,423.4347,6824.167
423.4347,6824.167,424.2561,6824.626
424.2561,6824.626,424.9533,6824.984
424.9533,6824.984,425.4623,6825.414
425.4623,6825.414,426.5195,6826.088
426.5195,6826.088,427.18,6826.358
427.18,6826.358,427.7913,6826.539
427.7913,6826.539,428.6135,6826.897
428.6135,6826.897,429.2616,6827.154
429.2616,6827.154,429.9233,6827.286
429.9233,6827.286,430.6843,6827.506
430.6843,6827.506,431.1451,6827.736
431.1451,6827.736,431.631,6827.941
431.631,6827.941,432.2043,6828.172
432.2043,6828.172,432.6774,6828.414
432.6774,6828.414,433.2748,6828.746
433.2748,6828.746,433.847,6829.102
487.2144,6822.709,487.0034,6822.989
487.0034,6822.989,486.8519,6823.151
487.2144,6822.709,487.8182,6822.784
487.8182,6822.784,487.8182,6822.784
487.8182,6822.784,488.5446,6822.665
488.5446,6822.665,489.4694,6822.737
489.4694,6822.737,489.4694,6822.737
489.4694,6822.737,490.1828,6822.68
490.1828,6822.68,491.008,6822.713
491.008,6822.713,493.0582,6822.807
599.7108,6819.687,599.8496,6821.017
599.8496,6821.017,600.0732,6822.661
600.0732,6822.661,600.3854,6824.168
600.3854,6824.168,600.7461,6825.864
600.7461,6825.864,600.9929,6827.722
600.9929,6827.722,601.3804,6829.217
601.3804,6829.217,601.7141,6831.138
601.7141,6831.138,602.164,6832.634
602.164,6832.634,602.3525,6834.002
602.3525,6834.002,602.6273,6835.509
602.6273,6835.509,602.8921,6836.715
602.8921,6836.715,603.2294,6838.222
603.2294,6838.222,603.6951,6839.329
603.6951,6839.329,604.0668,6841.201
604.0668,6841.201,604.4193,6842.382
604.4193,6842.382,604.6215,6843.6
604.6215,6843.6,604.8254,6844.617
604.8254,6844.617,604.8703,6845.232
604.8703,6845.232,604.889,6845.972
491.4486,6819.521,490.9706,6819.83
490.9706,6819.83,490.3917,6820.251
490.3917,6820.251,489.8503,6820.659
489.8503,6820.659,489.2832,6821.156
489.2832,6821.156,488.0246,6822.059
488.0246,6822.059,487.6095,6822.331
487.6095,6822.331,487.2144,6822.709
580.1296,6817.146,580.3093,6818.076
580.3093,6818.076,580.541,6818.755
580.541,6818.755,580.6736,6819.345
580.6736,6819.345,580.7079,6819.721
580.1296,6817.146,580.0724,6817.998
580.0724,6817.998,580.0427,6820.029
580.0427,6820.029,579.7523,6821.843
579.7523,6821.843,579.3252,6823.557
579.3252,6823.557,578.8993,6825.132
578.8993,6825.132,578.4962,6826.971
578.4962,6826.971,578.2185,6828.761
578.2185,6828.761,578.1194,6830.126
578.1194,6830.126,578.0529,6832.069
578.0529,6832.069,577.9888,6833.735
577.9888,6833.735,577.9979,6835.616
577.9979,6835.616,578.0704,6837.384
578.0704,6837.384,578.2174,6839.215
578.2174,6839.215,578.602,6841.049
578.602,6841.049,578.7504,6842.718
578.7504,6842.718,578.8847,6844.574
578.8847,6844.574,579.1434,6846.507
579.1434,6846.507,579.4407,6848.302
579.4407,6848.302,579.6666,6849.671
579.6666,6849.671,580.1498,6851.668
580.1498,6851.668,580.5239,6853.251
580.5239,6853.251,580.6529,6854.255
580.6529,6854.255,580.5592,6856.473
580.5592,6856.473,580.5579,6858.103
580.5579,6858.103,580.4036,6860.082
580.4036,6860.082,580.2614,6862.111
580.2614,6862.111,580.2463,6863.891
580.2463,6863.891,580.1213,6865.369
580.1213,6865.369,579.9755,6867.824
579.9755,6867.824,579.9228,6869.617
579.9228,6869.617,579.8203,6871.396
579.8203,6871.396,579.8712,6872.762
579.8712,6872.762,579.6608,6873.989
579.6608,6873.989,579.6085,6874.252
577.4633,6810.164,577.4438,6810.991
577.4438,6810.991,577.4213,6812.169
577.4213,6812.169,577.3933,6813.999
577.3933,6813.999,577.0664,6815.701
577.0664,6815.701,576.8639,6817.467
576.8639,6817.467,576.7419,6818.581
576.7419,6818.581,576.4828,6819.657
576.4828,6819.657,576.0708,6821.069
576.0708,6821.069,575.7613,6822.182
575.7613,6822.182,575.3112,6823.669
575.3112,6823.669,574.9781,6824.619
574.9781,6824.619,574.6459,6825.456
574.6459,6825.456,574.2576,6827.031
574.2576,6827.031,573.8604,6828.168
573.8604,6828.168,573.5479,6829.632
573.5479,6829.632,573.3111,6831.021
573.3111,6831.021,573.1888,6832.186
573.1888,6832.186,572.9691,6833.024
572.9691,6833.024,572.7696,6834.451
572.7696,6834.451,572.774,6835.404
572.774,6835.404,572.7749,6836.77
572.7749,6836.77,572.6134,6838.122
572.6134,6838.122,572.6054,6839.075
572.6054,6839.075,572.6221,6840.053
572.6221,6840.053,572.5563,6840.441
578.7152,6808.484,579.2189,6809.529
579.2189,6809.529,579.8814,6811.014
579.8814,6811.014,580.4706,6812.311
580.4706,6812.311,581.1099,6813.583
581.1099,6813.583,581.7481,6814.98
581.7481,6814.98,582.4129,6816.203
582.4129,6816.203,582.7941,6816.946
582.7941,6816.946,583.2734,6817.928
583.2734,6817.928,583.4959,6818.218
577.3326,6806.415,577.6587,6807.759
577.6587,6807.759,578.0736,6808.954
578.0736,6808.954,578.4972,6810.613
578.4972,6810.613,578.9454,6812.309
578.9454,6812.309,579.3219,6813.616
579.3219,6813.616,579.6139,6814.559
579.6139,6814.559,579.8816,6815.427
579.8816,6815.427,579.9248,6816.229
579.9248,6816.229,580.1296,6817.146
500.2184,6801.467,500.2291,6802.244
500.2291,6802.244,500.0233,6802.894
500.0233,6802.894,499.6399,6803.83
499.6399,6803.83,499.4345,6804.442
499.4345,6804.442,499.1287,6805.091
499.1287,6805.091,498.8469,6805.853
498.8469,6805.853,498.4133,6806.814
498.4133,6806.814,498.008,6807.387
498.008,6807.387,497.9046,6807.774
497.9046,6807.774,497.5859,6808.461
497.5859,6808.461,497.1927,6809.096
497.1927,6809.096,497.0888,6809.534
497.0888,6809.534,496.8978,6809.921
496.8978,6809.921,496.7439,6810.358
440.0669,6794.291,439.8323,6795.379
439.8323,6795.379,439.712,6796.256
439.712,6796.256,439.6903,6797.308
439.6903,6797.308,439.5569,6798.26
439.5569,6798.26,439.5457,6799.55
439.5457,6799.55,439.6128,6800.453
439.6128,6800.453,439.9336,6802.387
439.9336,6802.387,440.127,6803.153
440.127,6803.153,440.3401,6804.534
440.3401,6804.534,440.5809,6805.601
440.5809,6805.601,440.867,6807.208
440.867,6807.208,441.0515,6808.99
441.0515,6808.99,441.1793,6810.106
441.1793,6810.106,441.3683,6811.374
441.3683,6811.374,441.4944,6812.691
441.4944,6812.691,441.6968,6813.859
441.6968,6813.859,441.9068,6815.59
441.9068,6815.59,442.0565,6817.07
442.0565,6817.07,442.1363,6817.949
442.1363,6817.949,442.1993,6819.328
442.1993,6819.328,442.2528,6820.369
442.2528,6820.369,442.3926,6821.536
442.3926,6821.536,442.5914,6823.117
442.5914,6823.117,442.6568,6824.22
442.6568,6824.22,443.0198,6825.615
443.0198,6825.615,443.1859,6826.644
443.1859,6826.644,443.5619,6827.989
443.5619,6827.989,443.9522,6829.12
443.9522,6829.12,444.2847,6831.141
444.2847,6831.141,444.4078,6832.797
444.4078,6832.797,444.5614,6833.826
444.5614,6833.826,444.2193,6835.765
444.2193,6835.765,444.1686,6837.269
444.1686,6837.269,444.2114,6838.097
444.2114,6838.097,444.2135,6839.287
444.2135,6839.287,444.1771,6840.591
444.1771,6840.591,444.317,6841.757
444.317,6841.757,444.39,6843.425
444.39,6843.425,444.5899,6844.881
444.5899,6844.881,445.0543,6846.126
445.0543,6846.126,445.6715,6848.475
445.6715,6848.475,445.9608,6849.719
445.9608,6849.719,446.2635,6850.862
446.2635,6850.862,446.2161,6851.99
446.2161,6851.99,446.3828,6852.956
446.3828,6852.956,446.5851,6854.137
446.5851,6854.137,446.6868,6855.378
446.6868,6855.378,446.6891,6856.544
446.6891,6856.544,446.9431,6857.536
446.9431,6857.536,447.1087,6858.616
447.1087,6858.616,447.2221,6859.958
447.2221,6859.958,447.543,6861.879
447.543,6861.879,447.9411,6863.549
447.9411,6863.549,448.3293,6864.919
448.3293,6864.919,448.519,6866.111
448.519,6866.111,448.7463,6867.292
448.7463,6867.292,448.9969,6868.673
448.9969,6868.673,449.2144,6869.54
449.2144,6869.54,449.5847,6871.536
449.5847,6871.536,449.788,6872.603
449.788,6872.603,449.9175,6873.519
449.9175,6873.519,449.9988,6874.234
449.9988,6874.234,450.0583,6874.586
529.1583,6792.248,529.5879,6793.18
529.5879,6793.18,530.7587,6795.172
530.7587,6795.172,531.4595,6796.57
531.4595,6796.57,532.3235,6797.881
532.3235,6797.881,533.9032,6800.303
533.9032,6800.303,535.1509,6802.07
535.1509,6802.07,536.4874,6803.687
536.4874,6803.687,537.2648,6804.897
537.2648,6804.897,538.2914,6806.198
538.2914,6806.198,538.8358,6806.868
538.8358,6806.868,539.6654,6807.816
539.6654,6807.816,540.9523,6809.382
540.9523,6809.382,542.1883,6811.061
542.1883,6811.061,542.8666,6812.158
542.8666,6812.158,544.2391,6813.951
544.2391,6813.951,545.3391,6815.453
545.3391,6815.453,546.6121,6817.182
546.6121,6817.182,547.5999,6818.633
547.5999,6818.633,548.5016,6819.933
548.5016,6819.933,549.6378,6821.573
549.6378,6821.573,550.9216,6823.515
550.9216,6823.515,552.5621,6826.138
552.5621,6826.138,553.8943,6828.256
553.8943,6828.256,555.0174,6829.984
555.0174,6829.984,555.8066,6831.27
555.8066,6831.27,557.3371,6833.604
557.3371,6833.604,558.7698,6835.66
558.7698,6835.66,559.9902,6837.703
559.9902,6837.703,561.4213,6839.96
561.4213,6839.96,562.3796,6841.949
562.3796,6841.949,563.3568,6844.666
563.3568,6844.666,564.4938,6847.685
564.4938,6847.685,565.4918,6850.891
565.4918,6850.891,566.554,6853.897
566.554,6853.897,567.5794,6856.827
567.5794,6856.827,568.5208,6859.331
568.5208,6859.331,569.7624,6861.812
569.7624,6861.812,570.8448,6863.915
570.8448,6863.915,571.9385,6866.157
571.9385,6866.157,572.9678,6868.624
572.9678,6868.624,573.5298,6870.158
573.5298,6870.158,573.8128,6870.7
496.0548,6791.89,496.1899,6792.179
496.1899,6792.179,496.6106,6792.697
496.6106,6792.697,496.8814,6793.189
496.8814,6793.189,497.1528,6793.617
497.1528,6793.617,497.5106,6794.184
497.5106,6794.184,497.969,6794.678
497.969,6794.678,498.3026,6795.144
498.3026,6795.144,498.7238,6795.599
498.7238,6795.599,499.0708,6795.966
499.0708,6795.966,499.406,6796.258
496.0548,6791.89,495.7157,6792.062
495.7157,6792.062,495.349,6792.523
495.349,6792.523,495.0709,6792.858
495.0709,6792.858,494.8423,6793.257
494.8423,6793.257,494.6267,6793.594
494.6267,6793.594,494.3739,6793.905
496.3828,6791.58,496.2069,6791.666
496.2069,6791.666,496.0548,6791.89
499.5092,6788.738,498.8296,6789.221
498.8296,6789.221,498.3516,6789.542
498.3516,6789.542,497.8728,6789.939
497.8728,6789.939,497.4561,6790.399
497.4561,6790.399,496.6857,6791.257
496.6857,6791.257,496.3828,6791.58
520.081,6786.46,520.113,6787.112
520.113,6787.112,520.3208,6787.665
520.3208,6787.665,520.3777,6788.33
519.9809,6786.065,520.2546,6786.624
520.2546,6786.624,520.6364,6787.305
520.6364,6787.305,520.9937,6787.922
520.9937,6787.922,521.4009,6788.553
521.4009,6788.553,521.7217,6789.057
521.7217,6789.057,522.0795,6789.625
522.0795,6789.625,522.3765,6789.979
522.3765,6789.979,522.7467,6790.559
522.7467,6790.559,523.3154,6791.304
523.3154,6791.304,523.649,6791.77
519.9809,6786.065,520.081,6786.46
524.8643,6785.552,525.2694,6786.433
525.2694,6786.433,525.6507,6787.176
525.6507,6787.176,526.0577,6787.832
526.0577,6787.832,526.3533,6788.361
526.3533,6788.361,526.9088,6789.194
526.9088,6789.194,527.3421,6789.699
527.3421,6789.699,527.7125,6790.242
527.7125,6790.242,528.0694,6790.91
528.0694,6790.91,528.4649,6791.452
528.4649,6791.452,529.1583,6792.248
526.2923,6785.227,526.6069,6786.458
526.6069,6786.458,527.1097,6787.616
527.1097,6787.616,527.758,6789.302
527.758,6789.302,528.3481,6790.486
528.3481,6790.486,528.6793,6791.229
528.6793,6791.229,529.1583,6792.248
522.1559,6785.025,522.4878,6785.693
522.4878,6785.693,522.8317,6786.423
522.8317,6786.423,523.2758,6787.129
523.2758,6787.129,523.5461,6787.683
523.5461,6787.683,523.9907,6788.327
523.9907,6788.327,524.1991,6788.817
524.1991,6788.817,524.5693,6789.385
526.2923,6785.227,526.8856,6784.556
526.8856,6784.556,527.7157,6783.962
527.7157,6783.962,528.5473,6783.205
528.5473,6783.205,529.6175,6782.3
529.6175,6782.3,530.4346,6781.781
530.4346,6781.781,531.0144,6781.21
531.0144,6781.21,531.7058,6780.765
531.7058,6780.765,532.3974,6780.295
532.3974,6780.295,532.7496,6780.048
511.8727,6779.353,511.2789,6780.036
511.2789,6780.036,510.5965,6780.845
510.5965,6780.845,510.0028,6781.516
510.0028,6781.516,509.4208,6782.288
509.4208,6782.288,508.6027,6782.882
508.6027,6782.882,508.0345,6783.491
508.0345,6783.491,507.0996,6784.572
507.0996,6784.572,506.4036,6785.506
506.4036,6785.506,505.6316,6786.539
505.6316,6786.539,504.9733,6787.461
504.9733,6787.461,504.0996,6788.681
504.0996,6788.681,503.5418,6789.54
503.5418,6789.54,502.7435,6790.736
502.7435,6790.736,502.4227,6791.661
502.4227,6791.661,501.9743,6792.885
501.9743,6792.885,501.4215,6794.597
501.4215,6794.597,501.1845,6795.961
501.1845,6795.961,501.0407,6798.103
501.0407,6798.103,500.7948,6799.053
500.7948,6799.053,500.4433,6800.629
500.4433,6800.629,500.2184,6801.467
493.3496,6778.015,493.6068,6778.644
493.6068,6778.644,494.1118,6779.526
494.1118,6779.526,494.7672,6780.385
494.7672,6780.385,495.2235,6781.116
495.2235,6781.116,495.9408,6782.037
495.9408,6782.037,496.6336,6782.909
496.6336,6782.909,497.1152,6783.615
497.1152,6783.615,497.7227,6784.222
497.7227,6784.222,498.204,6784.966
498.204,6784.966,498.5869,6785.509
498.5869,6785.509,499.0084,6785.939
493.3496,6778.015,493.4923,6778.856
493.4923,6778.856,493.7218,6779.798
493.7218,6779.798,493.8911,6780.452
493.8911,6780.452,494.0353,6781.13
494.0353,6781.13,494.3757,6782.249
494.3757,6782.249,494.6558,6783.116
494.6558,6783.116,494.7745,6783.844
494.7745,6783.844,495.1148,6784.975
495.1148,6784.975,495.4016,6786.494
495.4016,6786.494,495.6905,6787.788
495.6905,6787.788,495.88,6789.006
495.88,6789.006,496.0978,6789.835
496.0978,6789.835,496.2158,6790.651
496.2158,6790.651,496.3361,6791.191
496.3361,6791.191,496.3828,6791.58
519.7073,6775.964,519.6002,6776.803
519.6002,6776.803,519.4896,6778.055
519.4896,6778.055,519.4955,6778.833
519.4955,6778.833,519.461,6779.948
519.461,6779.948,519.4538,6780.8
519.4538,6780.8,519.4833,6781.741
519.4833,6781.741,519.4266,6782.542
519.4266,6782.542,519.5325,6783.321
519.5325,6783.321,519.7361,6784.376
519.7361,6784.376,519.7795,6785.153
519.7795,6785.153,519.96,6785.982
519.96,6785.982,519.9809,6786.065
532.6884,6773.98,532.7818,6774.758
532.7818,6774.758,533.1471,6775.915
533.1471,6775.915,533.4248,6777.071
533.4248,6777.071,533.6047,6777.975
533.6047,6777.975,533.8335,6779.005
533.8335,6779.005,534.1481,6780.237
534.1481,6780.237,534.5641,6781.318
534.5641,6781.318,534.9791,6782.501
534.9791,6782.501,535.4825,6783.583
535.4825,6783.583,535.8591,6784.878
535.8591,6784.878,536.2236,6786.123
536.2236,6786.123,536.6249,6787.455
536.6249,6787.455,536.9156,6788.548
536.9156,6788.548,537.2052,6789.792
537.2052,6789.792,537.4971,6790.747
537.4971,6790.747,537.7298,6791.326
509.4477,6772.048,508.9645,6772.959
508.9645,6772.959,508.4551,6774.007
508.4551,6774.007,507.9735,6774.729
507.9735,6774.729,507.6663,6775.541
507.6663,6775.541,506.9678,6776.75
506.9678,6776.75,506.4477,6777.598
506.4477,6777.598,506.2528,6778.423
506.2528,6778.423,505.7063,6779.421
505.7063,6779.421,505.1318,6780.769
505.1318,6780.769,504.5853,6781.767
504.5853,6781.767,503.8874,6782.913
503.8874,6782.913,503.4784,6783.912
503.4784,6783.912,502.9317,6784.935
502.9317,6784.935,502.6263,6785.534
502.6263,6785.534,502.282,6786.295
502.282,6786.295,501.991,6786.681
523.5248,6768.053,523.5785,6769.094
523.5785,6769.094,523.8151,6770.675
523.8151,6770.675,523.9998,6772.495
523.9998,6772.495,524.1223,6774.263
524.1223,6774.263,524.3838,6775.858
524.3838,6775.858,524.5483,6777.113
524.5483,6777.113,524.637,6778.442
524.637,6778.442,525.01,6780.163
525.01,6780.163,525.2728,6781.607
525.2728,6781.607,525.4879,6782.775
525.4879,6782.775,525.814,6784.132
525.814,6784.132,526.1068,6784.987
526.1068,6784.987,526.2923,6785.227
422.5261,6767.846,423.2212,6768.454
423.2212,6768.454,423.6794,6768.972
423.6794,6768.972,424.2372,6769.541
424.2372,6769.541,424.6839,6769.946
424.6839,6769.946,425.0942,6770.226
425.0942,6770.226,425.3666,6770.542
490.5937,6767.086,490.5993,6767.863
490.5993,6767.863,490.6311,6768.527
490.6311,6768.527,490.6482,6769.43
490.6482,6769.43,491.1333,6771.164
491.1333,6771.164,491.4648,6771.869
491.4648,6771.869,491.8039,6773.138
491.8039,6773.138,492.168,6774.407
492.168,6774.407,492.4223,6775.362
492.4223,6775.362,492.9132,6776.432
492.9132,6776.432,493.2181,6777.325
493.2181,6777.325,493.3496,6778.015
490.5937,6767.086,490.1294,6768.686
490.1294,6768.686,489.9704,6769.712
489.9704,6769.712,489.8152,6770.299
489.8152,6770.299,489.7451,6771.164
489.7451,6771.164,489.6379,6771.977
489.6379,6771.977,489.4303,6772.84
489.4303,6772.84,489.3228,6773.691
489.3228,6773.691,489.1399,6774.58
489.1399,6774.58,488.9822,6775.456
488.9822,6775.456,488.7272,6776.017
488.7272,6776.017,488.5481,6776.467
422.8179,6763.086,423.4419,6763.229
423.4419,6763.229,424.1401,6763.487
424.1401,6763.487,424.6005,6763.754
424.6005,6763.754,425.2481,6764.061
425.2481,6764.061,425.9585,6764.343
425.9585,6764.343,426.8064,6764.639
426.8064,6764.639,427.4785,6765.009
427.4785,6765.009,428.1261,6765.328
428.1261,6765.328,428.5864,6765.608
428.5864,6765.608,429.3218,6765.891
429.3218,6765.891,429.7828,6766.083
525.0513,6760.521,525.5499,6760.746
525.5499,6760.746,525.9503,6761.11
525.9503,6761.11,526.3507,6761.423
526.3507,6761.423,526.9012,6761.812
526.9012,6761.812,527.4893,6762.327
527.4893,6762.327,528.2025,6762.904
528.2025,6762.904,528.7155,6763.305
528.7155,6763.305,529.2911,6763.795
529.2911,6763.795,529.6539,6764.071
525.0513,6760.521,524.9041,6761.66
524.9041,6761.66,524.7718,6762.524
524.7718,6762.524,524.6154,6763.275
524.6154,6763.275,524.4453,6764.176
524.4453,6764.176,524.3011,6764.964
524.3011,6764.964,524.0825,6765.676
524.0825,6765.676,523.8254,6766.514
523.8254,6766.514,523.7301,6767.428
523.7301,6767.428,523.5248,6768.053
424.3086,6759.941,424.9692,6760.198
424.9692,6760.198,425.73,6760.443
425.73,6760.443,426.3405,6760.712
426.3405,6760.712,427.4876,6761.111
427.4876,6761.111,428.3225,6761.457
428.3225,6761.457,429.0209,6761.677
429.0209,6761.677,429.7441,6761.934
429.7441,6761.934,430.9421,6762.234
430.9421,6762.234,431.8519,6762.593
431.8519,6762.593,432.675,6762.864
432.675,6762.864,433.311,6763.07
433.311,6763.07,433.8105,6763.163
433.8105,6763.163,434.8591,6763.385
434.8591,6763.385,435.5059,6763.792
435.5059,6763.792,436.6519,6764.317
436.6519,6764.317,437.8109,6764.791
437.8109,6764.791,438.8322,6765.277
438.8322,6765.277,439.4929,6765.521
439.4929,6765.521,440.3153,6765.867
440.3153,6765.867,441.2495,6766.302
441.2495,6766.302,441.7959,6766.746
441.7959,6766.746,442.4681,6767.103
481.3407,6758.276,481.4582,6759.142
481.4582,6759.142,481.6986,6760.26
481.6986,6760.26,481.9545,6761.027
481.9545,6761.027,482.1589,6761.969
482.1589,6761.969,482.4149,6762.723
482.4149,6762.723,482.6464,6763.427
482.6464,6763.427,482.8663,6764.031
482.8663,6764.031,483.0734,6764.66
483.0734,6764.66,483.3674,6765.364
483.3674,6765.364,483.4772,6765.678
481.3407,6758.276,480.9848,6758.937
480.9848,6758.937,480.6033,6759.648
480.6033,6759.648,480.3584,6760.486
480.3584,6760.486,479.8361,6761.571
479.8361,6761.571,479.164,6762.63
479.164,6762.63,478.8826,6763.355
478.8826,6763.355,478.5635,6764.091
478.5635,6764.091,478.1323,6764.764
478.1323,6764.764,477.6628,6765.549
477.6628,6765.549,477.2548,6766.435
477.2548,6766.435,476.8868,6767.046
476.8868,6767.046,476.455,6767.794
476.455,6767.794,476.1359,6768.531
476.1359,6768.531,475.6406,6769.391
475.6406,6769.391,475.0562,6770.438
475.0562,6770.438,474.7485,6771.3
474.7485,6771.3,474.4152,6772.225
474.4152,6772.225,474.1695,6773.15
474.1695,6773.15,473.8961,6774.388
473.8961,6774.388,473.5494,6775.413
473.5494,6775.413,473.4035,6776.364
473.4035,6776.364,473.1704,6777.277
473.1704,6777.277,473.0746,6778.228
473.0746,6778.228,472.906,6778.916
472.906,6778.916,472.7486,6779.754
472.7486,6779.754,472.7305,6780.393
472.7305,6780.393,472.5975,6781.295
472.5975,6781.295,472.5434,6781.77
569.0342,6757.362,568.8187,6757.711
568.8187,6757.711,568.5012,6758.297
568.5012,6758.297,568.1311,6759.184
568.1311,6759.184,567.9264,6759.733
567.9264,6759.733,567.6199,6760.508
567.6199,6760.508,567.3262,6761.232
567.3262,6761.232,567.082,6762.019
567.082,6762.019,566.7368,6762.919
566.7368,6762.919,566.2666,6763.829
566.2666,6763.829,565.9337,6764.754
565.9337,6764.754,565.6263,6765.616
565.6263,6765.616,565.3033,6766.854
565.3033,6766.854,565.0063,6767.966
565.0063,6767.966,564.5816,6769.404
564.5816,6769.404,564.2976,6770.467
564.2976,6770.467,564.0159,6771.241
564.0159,6771.241,563.7709,6772.129
563.7709,6772.129,563.6773,6772.855
563.6773,6772.855,563.7236,6773.282
546.0142,6754.914,546.7905,6754.771
546.7905,6754.771,547.4404,6754.79
547.4404,6754.79,547.4404,6754.79
547.4404,6754.79,548.4289,6754.686
548.4289,6754.686,549.3798,6754.607
549.3798,6754.607,550.3174,6754.604
550.3174,6754.604,551.1306,6754.536
551.1306,6754.536,552.1547,6754.659
552.1547,6754.659,553.1787,6754.794
553.1787,6754.794,554.1904,6754.903
554.1904,6754.903,555.0637,6755.125
555.0637,6755.125,555.9382,6755.196
555.9382,6755.196,556.8493,6755.38
482.9468,6753.391,482.7894,6754.216
482.7894,6754.216,482.4054,6755.228
482.4054,6755.228,482.1963,6756.254
482.1963,6756.254,481.852,6757.015
481.852,6757.015,481.4694,6757.864
481.4694,6757.864,481.3407,6758.276
519.3657,6752.179,519.3214,6752.981
519.3214,6752.981,519.2391,6753.832
519.2391,6753.832,519.1333,6754.521
519.1333,6754.521,519.0143,6755.284
519.0143,6755.284,518.9582,6755.998
518.9582,6755.998,518.9257,6756.888
518.9257,6756.888,518.7818,6757.626
518.7818,6757.626,518.7893,6758.228
518.7893,6758.228,518.7707,6758.942
518.7707,6758.942,518.8126,6759.907
541.9864,6750.74,542.3582,6751.132
542.3582,6751.132,542.7382,6752.025
542.7382,6752.025,543.2308,6752.908
543.2308,6752.908,543.6593,6753.977
543.6593,6753.977,544.1118,6755.16
544.1118,6755.16,544.4514,6756.391
544.4514,6756.391,544.6821,6757.208
544.6821,6757.208,544.913,6757.988
544.913,6757.988,545.0303,6758.904
545.0303,6758.904,545.2854,6759.771
545.2854,6759.771,545.4769,6760.788
545.4769,6760.788,545.6062,6761.755
545.6062,6761.755,545.6783,6762.106
519.5802,6750.476,519.7336,6750.706
519.7336,6750.706,520.0154,6751.386
520.0154,6751.386,520.4203,6752.292
520.4203,6752.292,520.6603,6753.473
520.6603,6753.473,520.9604,6754.942
520.9604,6754.942,521.3729,6756.425
521.3729,6756.425,521.648,6757.894
521.648,6757.894,521.9608,6759.339
521.9608,6759.339,522.3823,6761.248
522.3823,6761.248,522.6802,6762.968
522.6802,6762.968,522.8331,6764.11
522.8331,6764.11,523.0949,6765.667
523.0949,6765.667,523.3049,6767.449
523.3049,6767.449,523.5248,6768.053
519.5802,6750.476,519.3864,6751.202
519.3864,6751.202,519.3818,6751.753
519.3818,6751.753,519.3657,6752.179
525.7373,6747.416,526.2221,6747.746
526.2221,6747.746,526.7313,6748.139
526.7313,6748.139,527.4774,6748.623
527.4774,6748.623,527.9854,6749.154
527.9854,6749.154,528.4572,6749.547
528.4572,6749.547,528.9528,6750.078
528.9528,6750.078,529.3249,6750.42
525.7373,6747.416,525.5832,6747.903
525.5832,6747.903,525.3624,6748.879
525.3624,6748.879,525.2556,6749.68
525.2556,6749.68,525.2112,6750.494
525.2112,6750.494,525.2151,6751.51
525.2151,6751.51,525.1824,6752.424
525.1824,6752.424,525.2626,6753.278
525.2626,6753.278,525.366,6754.357
525.366,6754.357,525.3193,6755.447
525.3193,6755.447,525.3852,6756.525
525.3852,6756.525,525.251,6757.602
525.251,6757.602,525.2929,6758.555
525.2929,6758.555,525.1971,6759.545
525.1971,6759.545,525.0782,6760.296
525.0782,6760.296,525.0513,6760.521
519.3657,6752.179,519.2817,6751.752
519.2817,6751.752,519.237,6751.125
519.237,6751.125,519.006,6750.333
519.006,6750.333,518.8982,6749.768
518.8982,6749.768,518.7648,6749.266
518.7648,6749.266,518.5948,6748.663
518.5948,6748.663,518.3618,6748.109
518.3618,6748.109,518.1904,6747.669
518.1904,6747.669,517.9426,6747.391
523.0616,6745.987,523.6095,6746.242
523.6095,6746.242,524.2318,6746.562
524.2318,6746.562,524.8548,6746.818
524.8548,6746.818,525.4644,6747.162
525.4644,6747.162,525.7373,6747.416
490.7936,6745.643,490.5567,6746.981
490.5567,6746.981,490.4454,6748.271
490.4454,6748.271,490.3469,6749.524
490.3469,6749.524,490.3147,6750.351
490.3147,6750.351,490.305,6751.454
490.305,6751.454,490.4204,6752.558
490.4204,6752.558,490.5973,6753.788
490.5973,6753.788,490.8768,6754.718
490.8768,6754.718,490.93,6755.783
490.93,6755.783,491.0717,6756.75
491.0717,6756.75,491.2248,6757.829
491.2248,6757.829,491.326,6759.134
491.326,6759.134,491.2266,6760.486
491.2266,6760.486,491.1172,6761.563
491.1172,6761.563,491.0954,6762.616
491.0954,6762.616,491.038,6763.467
491.038,6763.467,490.9285,6764.544
490.9285,6764.544,490.8708,6765.421
490.8708,6765.421,490.6499,6766.372
490.6499,6766.372,490.5937,6767.086
533.9848,6740.704,534.4849,6740.734
534.4849,6740.734,535.1091,6740.877
535.1091,6740.877,535.6836,6740.983
535.6836,6740.983,536.1455,6741.087
536.1455,6741.087,536.7441,6741.306
536.7441,6741.306,537.1684,6741.422
537.1684,6741.422,537.5918,6741.639
537.5918,6741.639,537.7913,6741.716
527.5679,6740.709,528.1819,6740.589
528.1819,6740.589,528.6449,6740.556
528.6449,6740.556,529.2701,6740.587
529.2701,6740.587,529.2701,6740.587
529.2701,6740.587,529.9459,6740.543
529.9459,6740.543,530.6596,6740.461
530.6596,6740.461,531.2976,6740.454
531.2976,6740.454,532.0603,6740.486
532.0603,6740.486,532.0603,6740.486
532.0603,6740.486,532.7234,6740.467
532.7234,6740.467,533.1729,6740.572
533.1729,6740.572,533.9848,6740.704
524.0228,6735.401,524.5708,6735.694
524.5708,6735.694,525.1061,6735.987
525.1061,6735.987,525.6051,6736.155
525.6051,6736.155,526.1525,6736.498
526.1525,6736.498,526.9751,6736.856
526.9751,6736.856,527.7351,6737.201
527.7351,6737.201,528.2327,6737.532
528.2327,6737.532,528.8057,6737.813
528.8057,6737.813,529.6029,6738.208
529.6029,6738.208,530.5613,6738.768
530.5613,6738.768,531.2704,6739.226
531.2704,6739.226,531.8928,6739.595
531.8928,6739.595,532.5037,6739.826
532.5037,6739.826,533.1263,6740.158
533.1263,6740.158,533.9848,6740.704
524.0228,6735.401,523.6167,6736.099
523.6167,6736.099,523.1214,6736.985
523.1214,6736.985,522.6507,6737.92
522.6507,6737.92,522.217,6738.919
522.217,6738.919,521.6827,6739.98
521.6827,6739.98,521.048,6741.077
521.048,6741.077,520.8262,6742.165
520.8262,6742.165,520.2004,6743.689
520.2004,6743.689,519.9781,6744.827
519.9781,6744.827,519.7558,6745.966
519.7558,6745.966,519.7955,6747.195
519.7955,6747.195,519.6351,6748.421
519.6351,6748.421,519.5778,6749.273
519.5778,6749.273,519.5442,6750.301
519.5442,6750.301,519.5802,6750.476
522.6027,6734.711,523.0137,6734.928
523.0137,6734.928,523.5368,6735.196
523.5368,6735.196,524.0228,6735.401
516.9288,6734.134,516.7468,6734.947
516.7468,6734.947,516.4397,6735.772
516.4397,6735.772,516.0557,6736.808
516.0557,6736.808,515.66,6737.745
515.66,6737.745,515.1999,6738.906
515.1999,6738.906,514.8533,6739.956
514.8533,6739.956,514.4801,6741.193
514.4801,6741.193,513.9813,6742.493
513.9813,6742.493,513.4718,6743.578
513.4718,6743.578,513.1498,6744.678
513.1498,6744.678,512.8679,6745.478
512.8679,6745.478,512.5478,6746.353
512.5478,6746.353,512.4038,6747.116
512.4038,6747.116,512.2496,6747.591
512.2496,6747.591,512.1329,6748.078
516.9288,6734.134,516.1193,6735.192
516.1193,6735.192,515.538,6735.901
515.538,6735.901,514.9325,6736.497
514.9325,6736.497,514.339,6737.169
514.339,6737.169,513.3678,6738.125
513.3678,6738.125,512.5114,6738.807
512.5114,6738.807,511.8808,6739.415
511.8808,6739.415,510.9617,6740.134
510.9617,6740.134,510.5084,6740.481
510.5084,6740.481,509.8403,6741.102
509.8403,6741.102,509.1988,6741.522
509.1988,6741.522,508.7316,6742.044
508.7316,6742.044,508.5053,6742.18
519.7721,6733.671,520.4083,6733.877
520.4083,6733.877,520.9313,6734.157
520.9313,6734.157,521.617,6734.427
521.617,6734.427,522.2029,6734.658
522.2029,6734.658,522.6027,6734.711
538.215,6733.655,538.2208,6733.811
538.2208,6733.811,539.0836,6733.844
539.0836,6733.844,539.8215,6733.851
539.8215,6733.851,541.4971,6733.916
541.4971,6733.916,542.4838,6734.088
542.4838,6734.088,544.1706,6734.303
544.1706,6734.303,545.5433,6734.692
545.5433,6734.692,546.3169,6734.912
546.3169,6734.912,547.7764,6735.376
547.7764,6735.376,549.0234,6735.838
549.0234,6735.838,549.9209,6736.197
549.9209,6736.197,550.5812,6736.517
550.5812,6736.517,551.3045,6736.774
519.4736,6730.51,519.1649,6731.509
519.1649,6731.509,518.8064,6732.496
518.8064,6732.496,518.4222,6733.558
518.4222,6733.558,517.9856,6734.895
517.9856,6734.895,517.7896,6735.884
517.7896,6735.884,517.3293,6737.07
517.3293,6737.07,517.0968,6737.946
517.0968,6737.946,516.5319,6739.658
516.5319,6739.658,516.2102,6740.733
516.2102,6740.733,515.7754,6741.857
515.7754,6741.857,515.566,6742.945
515.566,6742.945,515.0788,6744.357
515.0788,6744.357,514.7319,6745.445
514.7319,6745.445,514.408,6746.77
514.408,6746.77,514.123,6747.933
514.123,6747.933,513.7372,6749.183
513.7372,6749.183,513.5284,6750.209
513.5284,6750.209,513.2579,6751.134
513.2579,6751.134,512.9991,6752.16
512.9991,6752.16,512.8045,6752.985
512.8045,6752.985,512.6722,6753.836
512.6722,6753.836,512.4912,6754.536
512.4912,6754.536,512.3497,6754.999
512.3497,6754.999,512.1696,6755.586
519.4736,6730.51,518.8274,6731.481
518.8274,6731.481,518.2068,6732.403
518.2068,6732.403,517.6115,6733.275
517.6115,6733.275,517.1563,6733.86
517.1563,6733.86,516.9288,6734.134
520.7111,6727.638,520.2646,6728.674
520.2646,6728.674,519.8827,6729.46
519.8827,6729.46,519.6522,6730.098
519.6522,6730.098,519.4736,6730.51
552.9926,6729.432,552.3189,6729.225
552.3189,6729.225,551.5333,6728.942
551.5333,6728.942,550.7351,6728.659
550.7351,6728.659,550.0986,6728.491
550.0986,6728.491,549.3131,6728.195
549.3131,6728.195,548.4516,6728
548.4516,6728,547.4406,6727.752
547.4406,6727.752,546.1426,6727.415
546.1426,6727.415,545.1938,6727.193
545.1938,6727.193,543.7708,6726.842
543.7708,6726.842,542.8212,6726.721
542.8212,6726.721,541.8225,6726.486
541.8225,6726.486,540.7355,6726.339
540.7355,6726.339,539.7861,6726.192
539.7861,6726.192,538.9238,6726.097
538.9238,6726.097,538.2489,6726.041
538.2489,6726.041,537.8246,6725.924
537.8246,6725.924,537.3308,6725.92
537.3308,6725.92,537.4577,6726.41
537.4577,6726.41,537.6622,6727.376
537.6622,6727.376,537.7813,6728.079
537.7813,6728.079,537.8507,6728.757
537.8507,6728.757,537.97,6729.435
537.97,6729.435,538.0896,6730.088
538.0896,6730.088,538.1104,6730.589
538.1104,6730.589,538.119,6731.053
537.3308,6725.92,537.2743,6725.919
537.2743,6725.919,536.6244,6725.851
536.6244,6725.851,536.0997,6725.771
522.6295,6724.133,522.6976,6724.961
522.6976,6724.961,522.717,6725.626
522.717,6725.626,522.7491,6726.265
522.7491,6726.265,522.7428,6727.004
522.7428,6727.004,522.7237,6727.794
522.7237,6727.794,522.7684,6728.421
522.7684,6728.421,522.7238,6729.26
522.7238,6729.26,522.6656,6730.225
522.6656,6730.225,522.6208,6731.089
522.6208,6731.089,522.6249,6732.079
522.6249,6732.079,522.5177,6732.931
522.5177,6732.931,522.5598,6733.871
522.5598,6733.871,522.5803,6734.398
522.5803,6734.398,522.6027,6734.711
522.6295,6724.133,522.2483,6724.832
522.2483,6724.832,521.7662,6725.642
521.7662,6725.642,521.4239,6726.178
521.4239,6726.178,521.0937,6726.777
521.0937,6726.777,520.8642,6727.288
520.8642,6727.288,520.7111,6727.638
551.5259,6716.484,551.0467,6716.943
551.0467,6716.943,550.3039,6717.513
550.3039,6717.513,549.5865,6718.033
549.5865,6718.033,548.8814,6718.578
548.8814,6718.578,548.1647,6719.023
548.1647,6719.023,547.5993,6719.319
547.5993,6719.319,546.8576,6719.763
546.8576,6719.763,546.0408,6720.207
546.0408,6720.207,544.9596,6720.849
544.9596,6720.849,544.0165,6721.442
544.0165,6721.442,543.4498,6721.901
543.4498,6721.901,542.7704,6722.359
542.7704,6722.359,541.9398,6722.965
541.9398,6722.965,541.1719,6723.535
541.1719,6723.535,540.3161,6724.154
540.3161,6724.154,539.3474,6724.822
539.3474,6724.822,538.6172,6725.38
538.6172,6725.38,538.0386,6725.763
538.0386,6725.763,537.8246,6725.924
532.0273,6713.288,532.1483,6713.778
532.1483,6713.778,532.404,6714.595
532.404,6714.595,532.5116,6715.185
532.5116,6715.185,532.7676,6715.977
532.7676,6715.977,533.1958,6717.122
533.1958,6717.122,533.6004,6718.078
533.6004,6718.078,534.2259,6719.55
534.2259,6719.55,534.5353,6719.941
534.5353,6719.941,534.8658,6720.796
534.8658,6720.796,536.1252,6722.75
536.1252,6722.75,536.5541,6723.807
536.5541,6723.807,536.9346,6724.663
536.9346,6724.663,537.2397,6725.568
537.2397,6725.568,537.3308,6725.92
517.1174,6707.351,517.3627,6707.93
517.3627,6707.93,517.5574,6708.571
517.5574,6708.571,517.7767,6709.262
517.7767,6709.262,518.0589,6709.917
518.0589,6709.917,518.291,6710.571
518.291,6710.571,518.4605,6711.236
518.4605,6711.236,518.5669,6711.964
518.5669,6711.964,518.8478,6712.769
518.8478,6712.769,519.1039,6713.548
519.1039,6713.548,519.2364,6714.151
519.2364,6714.151,519.2659,6715.104
519.2659,6715.104,519.2976,6715.794
519.2976,6715.794,519.2524,6716.708
519.2524,6716.708,519.2824,6717.598
519.2824,6717.598,519.3881,6718.414
519.3881,6718.414,519.5314,6719.217
519.5314,6719.217,519.687,6720.046
519.687,6720.046,519.7805,6720.824
519.7805,6720.824,519.9109,6721.677
519.9109,6721.677,520.0555,6722.33
520.0555,6722.33,520.0629,6722.932
520.0629,6722.932,520.0668,6723.96
520.0668,6723.96,520.1367,6724.562
520.1367,6724.562,520.2308,6725.265
520.2308,6725.265,520.3134,6725.855
520.3134,6725.855,520.3955,6726.507
520.3955,6726.507,520.4413,6727.009
520.4413,6727.009,520.7111,6727.638
515.493,6699.742,515.6754,6700.357
515.6754,6700.357,515.8719,6700.798
515.8719,6700.798,516.0308,6701.238
516.0308,6701.238,516.1776,6701.628
516.1776,6701.628,516.4965,6702.37
516.4965,6702.37,516.8637,6703.326
516.8637,6703.326,517.1567,6704.181
517.1567,6704.181,517.5357,6705.212
517.5357,6705.212,517.8054,6705.866
517.8054,6705.866,518.0627,6706.508
518.0627,6706.508,518.4168,6707.526
518.4168,6707.526,518.7966,6708.469
518.7966,6708.469,519.0782,6709.186
519.0782,6709.186,519.4579,6710.142
519.4579,6710.142,519.8353,6711.374
519.8353,6711.374,520.1777,6712.305
520.1777,6712.305,520.6439,6713.374
520.6439,6713.374,520.8992,6714.254
520.8992,6714.254,521.265,6715.373
521.265,6715.373,521.6549,6716.604
521.6549,6716.604,521.9733,6717.409
521.9733,6717.409,522.1637,6718.564
522.1637,6718.564,522.3544,6719.681
522.3544,6719.681,522.4214,6720.634
522.4214,6720.634,522.5772,6721.438
522.5772,6721.438,522.6179,6722.541
522.6179,6722.541,522.612,6723.243
522.612,6723.243,522.6435,6723.958
522.6435,6723.958,522.6295,6724.133
